"View Credit Memo","Преглед на кредитното известие"
"Issue Credit Memo","Издаване на кредитно известие"
"Approve","Одобряване"
"Approve this withdrawal request?","Да се одобри ли тази заявка за отказ?"
"Deny","Отхвърляне"
"Legal reason for denial (min 10 chars):","Правно основание за отхвърляне (мин. 10 знака):"
"Cancel Request","Отказ на заявка"
"Cancel this withdrawal? Add an optional note for the customer (visible in their cancellation email):","Да се анулира ли този отказ? Добавете незадължителна бележка за клиента (видима в имейла за анулиране):"
"Resend Receipt","Повторно изпращане на разписка"
"Send the receipt email again? The customer will receive another copy.","Да се изпрати ли отново имейлът с разписка? Клиентът ще получи ново копие."
"Withdrawal Request #%1","Заявка за отказ #%1"
"Request Details","Детайли на заявката"
"Information","Информация"
"Reason for Denial","Причина за отхвърляне"
"Customer Cancellation Note","Бележка от клиента при анулиране"
"Cancellation Note","Бележка при анулиране"
"Status-Change Note","Бележка при промяна на статус"
"Code","Код"
"Label","Етикет"
"Add Reason","Добавяне на причина"
"In progress","В процес"
"Refund issued","Възстановяването е извършено"
"Denied","Отхвърлено"
"Cancelled","Отказано"
"Pending","Изчакващо"
"This is a transactional email about your order.","Това е транзакционен имейл относно вашата поръчка."
"Reason for denial","Причина за отхвърляне"
"Your cancellation note","Вашата бележка при анулиране"
"Note from our team","Бележка от нашия екип"
"EU right of withdrawal","Право на отказ по ЕС"
"Withdrawal right pending delivery","Право на отказ — изчаква доставка"
"Withdrawal window has ended","Срокът за отказ е изтекъл"
"Not eligible for withdrawal","Не подлежи на отказ"
"Withdrawal already requested","Заявка за отказ вече е подадена"
"You can withdraw from this contract any time — the 14-day deadline begins counting once the order is delivered.","Можете да се откажете от този договор по всяко време — 14-дневният срок започва да тече след доставката на поръчката."
"Your 14-day withdrawal window will begin once this order is delivered.","Вашият 14-дневен срок за отказ ще започне да тече, след като поръчката бъде доставена."
"The 14-day window for withdrawing from this contract has ended.","14-дневният срок за отказ от този договор е изтекъл."
"This order is not eligible for withdrawal under EU consumer law (Art. 16 Directive 2011/83/EU).","Тази поръчка не подлежи на отказ съгласно потребителското право на ЕС (чл. 16 от Директива 2011/83/ЕС)."
"A withdrawal request for this order has been submitted. See the request details below.","За тази поръчка е подадена заявка за отказ. Вижте детайлите на заявката по-долу."
"This order contains a perishable item that cannot be returned (food with short shelf life, fresh flowers, etc.).","Тази поръчка съдържа бързоразвалящ се артикул, който не може да бъде върнат (храни с кратък срок на годност, свежи цветя и др.)."
"This order contains a custom-made or personalised item that cannot be returned.","Тази поръчка съдържа артикул, изработен по индивидуална поръчка или персонализиран, който не може да бъде върнат."
"This order contains a sealed hygiene item. You keep the right of withdrawal only while the seal stays intact — once unsealed after delivery, the right is lost.","Тази поръчка съдържа запечатан хигиенен артикул. Запазвате правото на отказ, само докато пломбата е цяла — след нейното нарушаване след доставка правото отпада."
"This order contains a sealed audio / video / software item. You keep the right of withdrawal only while the seal stays intact — once unsealed after delivery, the right is lost.","Тази поръчка съдържа запечатан аудио / видео / софтуерен артикул. Запазвате правото на отказ, само докато пломбата е цяла — след нейното нарушаване след доставка правото отпада."
"This order contains digital content. Once you start using or downloading the content, you lose the right of withdrawal (you consented to this at checkout).","Тази поръчка съдържа цифрово съдържание. След като започнете да използвате или изтегляте съдържанието, губите правото на отказ (за което сте дали съгласие при оформянето на поръчката)."
"%1 item(s) · Refund %2","%1 артикул(а) · Възстановяване %2"
"Awaiting confirmation","Изчаква потвърждение"
"Cancel withdrawal %1? Your refund will not be processed.","Да се анулира ли отказ %1? Възстановяването няма да бъде обработено."
"Submitted","Подадено"
"Approved","Одобрено"
"Fully returned","Напълно върнато"
"Return requested","Поискан е връщане"
"Not eligible","Не подлежи"
"Partially requested","Частично поискано"
"— Select a reason —","— Изберете причина —"
"Other","Друго"
"The refund will be issued using your original payment method within 5-7 business days after we receive your return.","Възстановяването ще бъде извършено по първоначалния ви метод на плащане в рамките на 5-7 работни дни след получаване на върнатата пратка."
"Withdrawal right lost (Art. 16(m) CRD) — digital performance started on %1.","Правото на отказ е загубено (чл. 16(м) ДПП) — изпълнението на цифровото съдържание е започнало на %1."
"Request #%1 not found.","Заявка #%1 не е намерена."
"Receipt email re-queued for request #%1. Delivery will retry asynchronously.","Имейлът с разписка за заявка #%1 е поставен повторно в опашката. Доставката ще бъде опитана отново асинхронно."
"Failed to queue receipt resend: %1","Неуспешно поставяне в опашка за повторно изпращане на разписка: %1"
"Note text is empty.","Текстът на бележката е празен."
"Note added to request #%1.","Бележката е добавена към заявка #%1."
"Request #%1 approved.","Заявка #%1 е одобрена."
"Request #%1 cancelled.","Заявка #%1 е анулирана."
"Request #%1 denied.","Заявка #%1 е отхвърлена."
"Invalid request id.","Невалиден идентификатор на заявка."
"Unable to open temporary file for CSV export.","Не може да бъде отворен временен файл за CSV експорт."
"Withdrawal Requests","Заявки за отказ"
"%1 requests queued for acceptance.","%1 заявки са поставени в опашка за приемане."
"%1 request(s) approved.","%1 заявка(и) са одобрени."
"%1 request(s) failed. First errors: %2","%1 заявка(и) са с грешка. Първи грешки: %2"
"Note added to %1 request(s).","Бележката е добавена към %1 заявка(и)."
"Underlying order #%1 not found.","Свързаната поръчка #%1 не е намерена."
"Order #%1 has no invoice yet — Magento requires an invoice before a credit memo can be created. Open an invoice first (Sales → Orders → #%1 → Invoice button), then return here to refund.","Поръчка #%1 все още няма фактура — Magento изисква фактура, преди да бъде създадено кредитно известие. Първо създайте фактура (Sales → Orders → #%1 → бутон Invoice), след което се върнете тук за възстановяване."
"No items recorded on this withdrawal request — the credit memo will open with default invoice qtys; please adjust manually.","Няма записани артикули за тази заявка за отказ — кредитното известие ще бъде отворено с количествата по подразбиране от фактурата; моля, коригирайте ги ръчно."
"Pre-filled credit memo for withdrawal #%1 — review the qtys + shipping refund below, then click Refund Online or Refund Offline.","Предварително попълнено кредитно известие за отказ #%1 — прегледайте количествата и възстановяването на доставка по-долу, след което натиснете Refund Online или Refund Offline."
"Some items are no longer eligible. Please reload and try again.","Някои артикули вече не подлежат. Моля, презаредете и опитайте отново."
"We could not process your request. Please try again.","Не можахме да обработим вашата заявка. Моля, опитайте отново."
"Item","Артикул"
"We could not find a matching order for that email.","Не намерихме съответстваща поръчка за този имейл."
"Withdraw from a contract","Отказ от договор"
"Withdrawal not found.","Отказът не е намерен."
"This withdrawal can no longer be cancelled online. Contact us if you need help.","Този отказ вече не може да бъде анулиран онлайн. Свържете се с нас, ако имате нужда от помощ."
"Withdrawal #%1 cancelled.","Отказ #%1 е анулиран."
"Please fill in all required fields.","Моля, попълнете всички задължителни полета."
"%1 item(s) were excluded from the withdrawal because the seal is broken (Art. 16(e)/(i) Directive 2011/83/EU).","%1 артикул(а) са изключени от отказа поради нарушена пломба (чл. 16(д)/(и) от Директива 2011/83/ЕС)."
"Please select at least one item to withdraw.","Моля, изберете поне един артикул за отказ."
"One or more items are no longer available for withdrawal. Please refresh and try again.","Един или повече артикули вече не са налични за отказ. Моля, опреснете страницата и опитайте отново."
"None of the selected items are eligible for withdrawal.","Нито един от избраните артикули не подлежи на отказ."
"Hash mismatch for quote item %1","Несъответствие на хеш за артикул от количка %1"
"Requested qty %1 exceeds remaining %2 for order item %3","Заявеното количество %1 надвишава оставащото %2 за артикул от поръчка %3"
"No delivery confirmation recorded for this order yet.","За тази поръчка все още няма записано потвърждение за доставка."
"No eligible items selected for withdrawal","Не са избрани допустими артикули за отказ"
"Physical goods","Физически стоки"
"Digital content (non-tangible)","Цифрово съдържание (нематериално)"
"Digital service (SaaS / subscription)","Цифрова услуга (SaaS / абонамент)"
"Financial services (Enterprise tier)","Финансови услуги (план Enterprise)"
"Downloadable products","Продукти за изтегляне"
"Virtual products","Виртуални продукти"
"Bundles containing digital children","Комплекти, съдържащи цифрови артикули"
"Custom attribute flag","Флаг за персонализиран атрибут"
"locale_inheritance.xml missing at %1","locale_inheritance.xml липсва на %1"
"locale_inheritance.xml unreadable at %1","locale_inheritance.xml не може да бъде прочетен на %1"
"locale_inheritance.xml failed XSD validation: %1","locale_inheritance.xml не премина XSD валидация: %1"
"Original payment method","Първоначален метод на плащане"
"This is your durable-medium receipt for the withdrawal (Art. 11a(4) Directive 2011/83/EU).","Това е вашата разписка на траен носител за отказа (чл. 11а(4) от Директива 2011/83/ЕС)."
"This email is a notification about your withdrawal request.","Този имейл е известие относно вашата заявка за отказ."
"5–7 business days","5–7 работни дни"
"This is a confirmation that your withdrawal request has been recorded.","Това е потвърждение, че вашата заявка за отказ е регистрирана."
"MageMe EU Withdrawal is installed but not enabled. Review the compliance checklist and configure the module before enabling: <a href=""%1"">Stores → Configuration → MageMe Extensions → EU Withdrawal</a>.","MageMe EU Withdrawal е инсталиран, но не е активиран. Прегледайте контролния списък за съответствие и конфигурирайте модула, преди да го активирате: <a href=""%1"">Stores → Configuration → MageMe Extensions → EU Withdrawal</a>."
"Delivery confirmation status is not configured. Set Stores → Configuration → MageMe Extensions → EU Withdrawal → Withdrawal Period → Delivery Confirmation Statuses.","Статусът за потвърждение на доставка не е конфигуриран. Задайте Stores → Configuration → MageMe Extensions → EU Withdrawal → Withdrawal Period → Delivery Confirmation Statuses."
"No Annex I source found for locale %1 along chain %2","Не е намерен източник за Приложение I за локал %1 по веригата %2"
"Annex I source for locale %1 is malformed","Източникът за Приложение I за локал %1 е с невалиден формат"
"Missing merchant variables for Annex I rendering: %1","Липсват променливи на търговеца за рендиране на Приложение I: %1"
"Receipt hash mismatch for request %1","Несъответствие на хеша на разписката за заявка %1"
"Request %1 not found.","Заявка %1 не е намерена."
"Denying a withdrawal request requires a legal basis of at least 10 characters.","За отхвърляне на заявка за отказ е необходимо правно основание с поне 10 знака."
"Withdrawal request cannot transition from ""%1"" to ""%2"".","Заявката за отказ не може да премине от „%1“ към „%2“."
"Request %1 is not in pending_confirm state.","Заявка %1 не е в състояние pending_confirm."
"Withdrawal request #%1 does not exist.","Заявка за отказ #%1 не съществува."
"No digital items on order %1","Няма цифрови артикули в поръчка %1"
"This is your durable-medium copy of the waiver you signed at checkout (Art. 11a(4) Directive 2011/83/EU).","Това е вашето копие на траен носител на съгласието, което подписахте при оформяне на поръчката (чл. 11а(4) от Директива 2011/83/ЕС)."
"Waived","Отказано"
"Waiver email render failed: %1","Неуспешно рендиране на имейла за съгласие: %1"
"Digital content waiver text has changed — please reload checkout.","Текстът за съгласие при цифрово съдържание е променен — моля, презаредете оформянето на поръчката."
"Digital content waiver is incomplete for item %1.","Съгласието за цифрово съдържание е непълно за артикул %1."
"bad","лошо"
"smtp down","smtp down"
"smtp","smtp"
"down","недостъпно"
"No shipment found for order 42.","Не е намерена пратка за поръчка 42."
"View","Преглед"
"Withdrawal & Customer Information","Информация за отказа и клиента"
"Request # %1","Заявка № %1"
"Request Status","Статус на заявка"
"Submitted At","Подадено на"
"Confirmed At","Потвърдено на"
"Related Order","Свързана поръчка"
"Jurisdiction","Юрисдикция"
"Contract Type","Тип договор"
"Receipt Status","Статус на разписката"
"%1 attempt(s)","%1 опит(а)"
"Receipt Error","Грешка при разписка"
"Customer Information","Информация за клиента"
"Customer Name","Име на клиента"
"Email","Имейл"
"Locale","Език"
"Items Selected for Withdrawal","Артикули, избрани за отказ"
"Product","Продукт"
"Price","Цена"
"Qty","Кол."
"Subtotal","Междинна сума"
"Refund","Възстановяване"
"Reason","Причина"
"Eligibility","Допустимост"
"No items associated with this request.","Няма артикули, свързани с тази заявка."
"SKU","SKU"
"Ordered","Поръчани"
"Withdrawing","За отказ"
"Refund Total","Сума за възстановяване"
"Notes for this Request","Бележки за тази заявка"
"Internal notes — visible to admin staff only. Not sent to the customer.","Вътрешни бележки — видими само за администраторите. Не се изпращат на клиента."
"Comment","Коментар"
"Add internal note (max 2000 chars)","Добавяне на вътрешна бележка (макс. 2000 знака)"
"Submit Comment","Изпращане на коментар"
"No comments added yet.","Все още няма добавени коментари."
" by %1"," от %1"
"Refund Totals","Общи стойности за възстановяване"
"Items Subtotal","Междинна сума на артикулите"
"Shipping Refund","Възстановяване на доставка"
"Total Refund","Общо възстановяване"
"Changes have been made to this section that have not been saved.","В този раздел са направени промени, които не са запазени."
"This tab contains invalid data. Please resolve this before saving.","Този раздел съдържа невалидни данни. Моля, отстранете ги преди запазване."
"Contact us","Свържете се с нас"
"Returns","Връщания"
"FAQs","Често задавани въпроси"
"All rights reserved.","Всички права запазени."
"Returned items","Върнати артикули"
"No image","Няма изображение"
"Item status","Статус на артикула"
"Withdrawal options for this order","Опции за отказ за тази поръчка"
"You can return this order until %1.","Можете да върнете тази поръчка до %1."
"(Art. 11a Directive 2011/83/EU)","(чл. 11а от Директива 2011/83/ЕС)"
"Submit a withdrawal request to start the refund process.","Подайте заявка за отказ, за да започнете процеса по възстановяване."
"(Art. 9(2)(b) Directive 2011/83/EU)","(чл. 9(2)(б) от Директива 2011/83/ЕС)"
"Start withdrawal","Започване на отказ"
"Your withdrawal requests","Вашите заявки за отказ"
"Submitted %1","Подадено %1"
"Show items","Показване на артикули"
"Cancel withdrawal","Отказ на отказа"
"Qty %1","Количество %1"
"Receipt details","Детайли на потвърждението"
"Receipt number","Номер на разписка"
"Order number","Номер на поръчката"
"Confirmed","Потвърдено"
"Consumer","Потребител"
"Refund total","Обща сума за възстановяване"
"Merchant","Търговец"
"Legal basis","Правно основание"
"SKU %1","SKU %1"
"Shipping refund","Възстановяване на доставка"
"Tax refund","Възстановяване на данък"
"Total refund","Общо възстановяване"
"Digital content — Art. 16(m) notice","Цифрово съдържание — известие по чл. 16(м)"
"By placing the order you agreed to begin performance of the digital content before the end of the withdrawal period and acknowledged that, once performance has begun, the right of withdrawal no longer applies. This notice is shown for your records.","С извършването на поръчката се съгласихте изпълнението на цифровото съдържание да започне преди изтичането на срока за отказ и потвърдихте, че след започване на изпълнението правото на отказ отпада. Това известие се показва за вашите записи."
"Existing withdrawals for this order","Съществуващи откази за тази поръчка"
"You can cancel a withdrawal here until it is approved.","Можете да анулирате отказ оттук, докато не бъде одобрен."
"Request #%1","Заявка #%1"
"SKU: %1","SKU: %1"
"Estimated refund: %1 %2","Очаквано възстановяване: %1 %2"
"Cancel this withdrawal","Отказ на този отказ"
"Are you sure? This cannot be undone.","Сигурни ли сте? Това действие не може да бъде отменено."
"Yes, cancel","Да, отказ"
"Keep it","Запазване"
"That order does not belong to your account. Please select one of your own orders.","Тази поръчка не принадлежи на вашия акаунт. Моля, изберете една от собствените си поръчки."
"Select items to return","Изберете артикули за връщане"
"Choose all items or only some of them. Set the return quantity for each item you want to withdraw.","Изберете всички или само някои артикули. Задайте количеството за връщане за всеки артикул, който искате да откажете."
"You have 14 days from the day you received your order to withdraw from the contract without giving a reason.","Имате 14 дни от деня на получаване на поръчката, за да се откажете от договора без да посочвате причина."
"Back to order search","Обратно към търсенето"
"Cancel","Отказ"
"Continue to review","Продължете към преглед"
"Review and confirm","Преглед и потвърждение"
"Order #%1","Поръчка #%1"
"Placed on %1","Поръчано на %1"
"Awaiting delivery","Изчаква доставка"
"Delivered on %1","Доставено на %1"
"Total","Общо"
"Return shipping","Доставка при връщане"
"View return policy","Преглед на политиката за връщане"
"Refund method","Метод на възстановяване"
"Refund will be issued to your original payment method.","Възстановяването ще бъде извършено по първоначалния ви метод на плащане."
"Return summary","Обобщение на връщането"
"Shipping & Handling","Доставка и обработка"
"Tax","Данък"
"Back to items","Обратно към артикулите"
"Submit return request","Изпрати заявка за връщане"
"Your return request has been submitted!","Заявката ви за връщане беше изпратена!"
"We've emailed you a notification with your return details and a prepaid return label (if applicable). You have 14 days from the delivery date to send your items back.","Изпратихме ви имейл с известие, съдържащо детайлите на връщането и предплатен етикет за връщане (ако е приложимо). Имате 14 дни от датата на доставка да изпратите артикулите обратно."
"Return request number","Номер на заявката за връщане"
"Copy request number","Копиране на номера на заявката"
"Copied!","Копирано!"
"Confirmation email sent","Изпратен е потвърдителен имейл"
"We've sent the details to","Изпратихме детайлите на"
"What happens next?","Какво следва?"
"Pack your items securely","Опаковайте артикулите си надеждно"
"Send them back using the provided instructions","Върнете ги, като следвате предоставените инструкции"
"We'll inspect your return","Ще прегледаме връщането ви"
"Your refund will be issued to your original payment method","Възстановяването ще бъде извършено по първоначалния ви метод на плащане"
"Need more help?","Нужна ли е допълнителна помощ?"
"View my returns","Виж моите връщания"
"Contact support","Свържи се с поддръжката"
"Purchased","Купени"
"Returned","Върнати"
"Decrease quantity","Намали количеството"
"Increase quantity","Увеличи количеството"
"Has the hygiene seal been broken after delivery?","Нарушена ли е хигиенната пломба след доставката?"
"Has the original software / media seal been broken after delivery?","Нарушена ли е оригиналната пломба на софтуера / носителя след доставката?"
"No, the seal is intact","Не, пломбата е цяла"
"Refund possible — return the unopened package.","Възможно е възстановяване — върнете неотворения пакет."
"Yes, the seal is broken","Да, пломбата е нарушена"
"This item cannot be returned (Art. 16(e) Directive 2011/83/EU).","Този артикул не може да бъде върнат (чл. 16(д) от Директива 2011/83/ЕС)."
"This item cannot be returned (Art. 16(i) Directive 2011/83/EU).","Този артикул не може да бъде върнат (чл. 16(и) от Директива 2011/83/ЕС)."
"Once you confirm the seal is broken, this item is excluded from the withdrawal request and the quantity will be reset to zero.","След като потвърдите, че пломбата е нарушена, този артикул се изключва от заявката за отказ и количеството се нулира."
"Reason for return (optional)","Причина за връщане (по избор)"
"Tell us more (optional, max 500 chars)","Споделете повече (по избор, макс. 500 знака)"
"Already returned.","Вече върнато."
"awaiting admin review","очаква преглед от администратор"
"awaiting confirmation","очаква потвърждение"
"Request %1 %2 (%3 item%4).","Заявка %1 %2 (%3 артикул%4)."
"Return request awaiting review.","Заявката за връщане очаква преглед."
"Cancel request","Отказ на заявка"
"Under EU consumer law, you may withdraw from most contracts within 14 days without giving a reason.","Съгласно потребителското право на ЕС можете да се откажете от повечето договори в рамките на 14 дни без посочване на причина."
"Read your full pre-contract rights (Art. 6)","Прочетете пълните си преддоговорни права (чл. 6)"
"Under Art. 6 of Directive 2011/83/EU (as amended by Directive (EU) 2023/2673), before you placed this order the seller informed you — or made available — the following information:","Съгласно чл. 6 от Директива 2011/83/ЕС (изменена с Директива (ЕС) 2023/2673), преди да направите тази поръчка, продавачът ви е предоставил — или е направил достъпна — следната информация:"
"The main characteristics of the goods or services.","Основните характеристики на стоките или услугите."
"The identity and contact details of the trader.","Самоличността и данните за контакт на търговеца."
"The total price including all taxes and any delivery costs.","Общата цена, включваща всички данъци и евентуални разходи за доставка."
"The arrangements for payment, delivery and performance, and complaint-handling.","Условията за плащане, доставка и изпълнение, както и за разглеждане на жалби."
"Your right of withdrawal: under Art. 9 you have 14 days to withdraw from this distance contract without giving a reason. For physical goods, the 14-day period starts on the day you (or a third party nominated by you) take physical possession of the goods. For services and digital content, different starting dates apply (Art. 9(2)(a)/(c)).","Вашето право на отказ: съгласно чл. 9 разполагате с 14 дни да се откажете от този договор от разстояние, без да посочвате причина. За физически стоки 14-дневният срок започва да тече от деня, в който вие (или посочено от вас трето лице) получите физическо владение на стоките. За услуги и цифрово съдържание се прилагат различни начални дати (чл. 9(2)(а)/(в))."
"Exceptions: the right does not apply to certain goods and services listed in Art. 16 (e.g., custom-made goods, sealed hygiene items once unsealed, digital content whose performance has begun with your prior express consent and acknowledgement that you lose the withdrawal right).","Изключения: правото не се прилага за определени стоки и услуги, изброени в чл. 16 (напр. стоки по индивидуална поръчка, запечатани хигиенни артикули след нарушаване на пломбата, цифрово съдържание, чието изпълнение е започнало с вашето предварително изрично съгласие и потвърждение, че губите правото на отказ)."
"The legal guarantee of conformity for goods applies under Art. 5 of Directive 2019/771, in addition to the right of withdrawal.","Законовата гаранция за съответствие на стоките се прилага съгласно чл. 5 от Директива 2019/771, в допълнение към правото на отказ."
"Delivery: %1","Доставка: %1"
"Total paid","Платено общо"
"Pick an order to withdraw from","Изберете поръчка, от която да се откажете"
"Select a recent order to start your withdrawal.","Изберете скорошна поръчка, за да започнете отказа."
"Select","Избор"
"Withdrawal progress","Прогрес на отказа"
"title","заглавие"
"subtitle","подзаглавие"
"Items to return","Артикули за връщане"
"0 items","0 артикула"
"Refund summary","Обобщение на възстановяването"
"No items in this order are currently eligible for withdrawal.","В тази поръчка в момента няма артикули, които подлежат на отказ."
"Each line is either already being processed, pending confirmation, or has been fully withdrawn. Check the existing requests section above for status or to cancel.","Всеки ред или вече се обработва, или очаква потвърждение, или е напълно отказан. Вижте раздела със съществуващи заявки по-горе за статус или анулиране."
"No items selected yet. Use the + button next to an item to add it to your return.","Все още няма избрани артикули. Използвайте бутона + до даден артикул, за да го добавите към връщането."
"Find your order","Намерете вашата поръчка"
"Enter the details you used during checkout to start a return or withdrawal.","Въведете данните, използвани при плащането, за да започнете връщане или отказ."
"We could not find an order matching that email. Double-check your order number and email address.","Не намерихме поръчка, отговаряща на този имейл. Моля, проверете отново номера на поръчката и имейл адреса."
"e.g. 12345","напр. 12345"
"You can find this in your order confirmation email.","Можете да го намерите в имейла за потвърждение на поръчката."
"Email address","Имейл адрес"
"you@example.com","you@example.com"
"Must match the email used for the order.","Трябва да съвпада с имейла, използван за поръчката."
"Find my order","Намери моята поръчка"
"You have the right to withdraw from your purchase within 14 days of receiving your order, without giving any reason.","Имате право да се откажете от покупката си в рамките на 14 дни от получаване на поръчката, без да посочвате причина."
"Need help finding your order?","Нуждаете се от помощ за намиране на поръчката?"
"Select an order","Избор на поръчка"
"Choose an order from your history to start a return or withdrawal.","Изберете поръчка от вашата история, за да започнете връщане или отказ."
"You don't have any orders eligible for withdrawal. The 14-day withdrawal window runs from the day you received your order.","Нямате поръчки, които подлежат на отказ. 14-дневният срок за отказ започва да тече от деня, в който сте получили поръчката си."
"View all my orders","Преглед на всички мои поръчки"
"items","артикули"
"Select order","Избери поръчка"
"No recent withdrawal","Няма скорошен отказ"
"We could not find a recent withdrawal in this session. If you have just submitted one, please check your inbox for the confirmation email.","Не намерихме скорошен отказ в тази сесия. Ако току-що сте подали заявка, моля, проверете входящата си кутия за имейла за потвърждение."
"Start a new withdrawal","Започване на нов отказ"
"Withdrawal #%1 submitted","Отказ #%1 е подаден"
"Related order:","Свързана поръчка:"
"Items","Артикули"
"Items included in this withdrawal","Артикули, включени в този отказ"
"Line Total","Общо за реда"
"What happens next","Какво следва"
"You will receive a receipt email with the full withdrawal statement and integrity hash within a few minutes.","В рамките на няколко минути ще получите имейл с разписка, съдържаща пълното изявление за отказ и хеш за цялост."
"The 14-day window under Art. 9 CRD is locked to the moment you confirmed the withdrawal — nothing further is required from you to preserve the right.","14-дневният срок съгласно чл. 9 от ДПП се фиксира към момента на потвърждаване на отказа — не е необходимо нищо повече от ваша страна, за да запазите правото."
"The final refund is determined after we receive the returned items (Art. 14(2)) and is issued to the original payment method. Expect the funds within 14 days of receipt.","Окончателната сума за възстановяване се определя, след като получим върнатите артикули (чл. 14(2)), и се изплаща по първоначалния метод на плащане. Очаквайте средствата в рамките на 14 дни от получаването."
"Back to Withdrawals","Обратно към откази"
"Verzichtsbestätigung digitaler Inhalte — Bestellung %increment_id","Потвърждение за отказ от право при цифрово съдържание — Поръчка %increment_id"
"Sehr geehrte/r %name,","Уважаеми/а %name,"
"Dies ist die Bestätigung auf einem dauerhaften Datenträger Ihrer ausdrücklichen Einwilligung zum Beginn der Ausführung folgender digitaler Inhalte sowie Ihrer Bestätigung, dass Sie dadurch Ihr Widerrufsrecht verlieren (Art. 16(m) VRL).","Това е потвърждение на траен носител на вашето изрично съгласие за започване на изпълнението на следните цифрови съдържания, както и на потвърждението ви, че по този начин губите правото си на отказ (чл. 16(м) от ДПП)."
"Durch den Verzicht abgedeckte digitale Inhalte","Цифрови съдържания, обхванати от съгласието"
"Ihre ausdrückliche Einwilligung","Вашето изрично съгласие"
"Eingewilligt am:","Съгласие дадено на:"
"Ihre Bestätigung zum Verlust des Widerrufsrechts","Вашето потвърждение за загуба на правото на отказ"
"Bestätigt am:","Потвърдено на:"
"Verzichtsreferenz:","Референция на съгласието:"
"Rechtsgrundlage: Art. 16(m) Verbraucherrechterichtlinie 2011/83/EU.","Правно основание: чл. 16(м) от Директивата за правата на потребителите 2011/83/ЕС."
"Digital content waiver confirmation — Order %1","Потвърждение за отказ от право при цифрово съдържание — Поръчка %1"
"Dear %name,","Уважаеми/а %name,"
"This is the durable-medium confirmation of your express consent to begin performance of the following digital items, and your acknowledgment that by doing so you lose your right of withdrawal (Art. 16(m) CRD).","Това е потвърждение на траен носител на вашето изрично съгласие за започване на изпълнението на следните цифрови артикули, както и на потвърждението ви, че по този начин губите правото си на отказ (чл. 16(м) от ДПП)."
"Digital items covered by this waiver","Цифрови артикули, обхванати от това съгласие"
"Your express consent","Твоето изрично съгласие"
"Consented at:","Съгласие дадено на:"
"Your acknowledgment of loss of withdrawal right","Твоето потвърждение за загуба на правото на отказ"
"Acknowledged at:","Потвърдено на:"
"Waiver reference:","Референция на съгласието:"
"Legal basis: Art. 16(m) Consumer Rights Directive 2011/83/EU.","Правно основание: чл. 16, буква „м“ от Директива 2011/83/ЕС за правата на потребителите."
"Digitaalisen sisällön luopumisvahvistus — Tilaus %increment_id","Потвърждение за отказ от право при цифрово съдържание — Поръчка %increment_id"
"Hyvä %name,","Уважаеми/а %name,"
"Tämä on pysyvällä tietovälineellä annettu vahvistus nimenomaisesta suostumuksestasi aloittaa seuraavien digitaalisten sisältöjen toimitus sekä vahvistuksestasi, että menetät peruuttamisoikeutesi (KSL 6:16).","Това е потвърждение на траен носител на вашето изрично съгласие за започване на доставката на следните цифрови съдържания, както и на потвърждението ви, че губите правото си на отказ (чл. 6:16 от Закона за защита на потребителите на Финландия)."
"Luopumisen kattamat digitaaliset sisällöt","Цифрови съдържания, обхванати от съгласието"
"Nimenomainen suostumuksesi","Вашето изрично съгласие"
"Suostuttu:","Съгласие дадено на:"
"Vahvistuksesi peruuttamisoikeuden menettämisestä","Вашето потвърждение за загуба на правото на отказ"
"Vahvistettu:","Потвърдено на:"
"Luopumisen viite:","Референция на съгласието:"
"Oikeusperusta: KSL 6:16 / Art. 16(m) kuluttajanoikeusdirektiivi 2011/83/EU.","Правно основание: чл. 6:16 от Закона за защита на потребителите на Финландия / чл. 16(м) от Директивата за правата на потребителите 2011/83/ЕС."
"Confirmation de renonciation au contenu numérique — Commande %increment_id","Потвърждение за отказ от право при цифрово съдържание — Поръчка %increment_id"
"Cher/Chère %name,","Уважаеми/а %name,"
"Ceci est la confirmation sur un support durable de votre consentement exprès à commencer l'exécution des contenus numériques suivants, et de votre reconnaissance que vous perdez ainsi votre droit de rétractation (Art. L. 221-28 Code consommation).","Това е потвърждение на траен носител на вашето изрично съгласие за започване на изпълнението на следните цифрови съдържания, както и на потвърждението ви, че по този начин губите правото си на отказ (чл. L. 221-28 от Кодекса за защита на потребителите на Франция)."
"Contenus numériques couverts par la présente renonciation","Цифрови съдържания, обхванати от настоящото съгласие"
"Votre consentement exprès","Вашето изрично съгласие"
"Consenti le :","Съгласие дадено на:"
"Votre reconnaissance de la perte du droit de rétractation","Вашето потвърждение за загуба на правото на отказ"
"Reconnu le :","Потвърдено на:"
"Référence de renonciation :","Референция на съгласието:"
"Base légale : Art. L. 221-28 Code consommation / Art. 16(m) Directive 2011/83/UE.","Правно основание: чл. L. 221-28 от Кодекса за защита на потребителите на Франция / чл. 16(м) от Директива 2011/83/ЕС."
"Bevestiging afstand digitale inhoud — Bestelling %increment_id","Потвърждение за отказ от право при цифрово съдържание — Поръчка %increment_id"
"Beste %name,","Уважаеми/а %name,"
"Dit is de bevestiging op een duurzame gegevensdrager van uw uitdrukkelijke toestemming om te beginnen met de levering van de volgende digitale inhoud, en uw erkenning dat u daardoor uw herroepingsrecht verliest (Art. 6:230s BW).","Това е потвърждение на траен носител на вашето изрично съгласие за започване на доставката на следните цифрови съдържания, както и на потвърждението ви, че по този начин губите правото си на отказ (чл. 6:230s от Гражданския кодекс на Нидерландия)."
"Onder deze afstand vallende digitale items","Цифрови артикули, обхванати от настоящото съгласие"
"Uw uitdrukkelijke toestemming","Вашето изрично съгласие"
"Toestemming verleend op:","Съгласие дадено на:"
"Uw erkenning van verlies van herroepingsrecht","Вашето потвърждение за загуба на правото на отказ"
"Erkend op:","Потвърдено на:"
"Afstandreferentie:","Референция на съгласието:"
"Rechtsgrondslag: Art. 6:230s BW / Art. 16(m) Richtlijn 2011/83/EU.","Правно основание: чл. 6:230s от Гражданския кодекс на Нидерландия / чл. 16(м) от Директива 2011/83/ЕС."
"[EU Withdrawal] Receipt send failed — request #%request_id","[EU Withdrawal] Неуспешно изпращане на разписка — заявка #%request_id"
"The receipt email for withdrawal request #%request_id has failed to send permanently.","Имейлът с разписка за заявка за отказ #%request_id окончателно не успя да бъде изпратен."
"Inspect the <code>mm_eu_withdrawal_request.receipt_last_error</code> column for the last error message, and the <code>mm_eu_withdrawal_request.receipt_send_attempts</code> column for the retry count.","Проверете колоната <code>mm_eu_withdrawal_request.receipt_last_error</code> за последното съобщение за грешка и колоната <code>mm_eu_withdrawal_request.receipt_send_attempts</code> за броя опити."
"You can requeue the send from the admin grid after resolving the underlying issue.","Можете да поставите изпращането обратно в опашката от административната таблица, след като отстраните основния проблем."
"Your refund is on its way — Withdrawal #%1","Възстановяването ти е на път — Отказ #%1"
"Your refund is on its way","Възстановяването ти е на път"
"Hi %name, we've approved your withdrawal request and started the refund process.","Здравей, %name, одобрихме заявката ти за отказ и започнахме процеса по възстановяване."
"View refund details","Виж детайлите за възстановяването"
"Withdrawal number","Номер на отказа"
"Approved on","Одобрено на"
"Estimated arrival","Очаквано получаване"
"Status","Статус"
"Your refund will be issued to your original payment method within 5–7 business days. You'll see it on your card or bank statement once it lands.","Сумата ще бъде върната по първоначалния ти начин на плащане в рамките на 5–7 работни дни. Ще я видиш в извлечението на картата или банковата сметка, щом постъпи."
"Need help?","Нуждаеш се от помощ?"
"Reply to this email or contact us at","Отговори на това писмо или се свържи с нас на"
"Your withdrawal was cancelled — Withdrawal #%1","Отказът ти беше анулиран — Отказ #%1"
"Your withdrawal was cancelled","Отказът ти беше анулиран"
"Hi %name, we've cancelled your withdrawal request.","Здравей, %name, анулирахме заявката ти за отказ."
"Submit a new request","Подай нова заявка"
"Cancelled request","Анулирана заявка"
"Cancelled on","Анулирано на"
"Refund requested","Заявена сума за възстановяване"
"If this was unexpected, you can submit a new withdrawal request as long as your 14-day window is still open. Reach out if you need help — we're happy to clarify.","Ако това е било неочаквано, можеш да подадеш нова заявка за отказ, докато 14-дневният ти срок все още е активен. Свържи се с нас, ако имаш нужда от помощ — с радост ще ти обясним."
"Cancellation confirmed — Withdrawal #%1","Анулирането е потвърдено — Отказ #%1"
"Cancellation confirmed","Анулирането е потвърдено"
"Hi %name, your withdrawal request has been cancelled as you asked.","Здравей, %name, заявката ти за отказ беше анулирана, както пожела."
"Back to my orders","Обратно към моите поръчки"
"Cancelled by","Анулирано от"
"You","Вие"
"Your order remains active and there's no further action needed. If you change your mind, you can start a new withdrawal request any time within your 14-day window.","Поръчката ти остава активна и не се изискват допълнителни действия. Ако промениш решението си, можеш да започнеш нова заявка за отказ по всяко време в рамките на 14-дневния срок."
"Update on your withdrawal request — Withdrawal #%1","Актуализация на заявката ти за отказ — Отказ #%1"
"We can't process this withdrawal","Не можем да обработим този отказ"
"Hi %name, after reviewing your withdrawal request we're unable to approve it.","Здравей, %name, след преглед на заявката ти за отказ не можем да я одобрим."
"Request details","Детайли на заявката"
"Reviewed on","Прегледано на"
"Decision","Решение"
"Reason from our team","Причина от нашия екип"
"If you'd like to discuss this decision, our team is here to help. Reply to this email or use the button above.","Ако искаш да обсъдиш това решение, екипът ни е насреща. Отговори на това писмо или използвай бутона по-горе."
"Your withdrawal request has been submitted — Order #%1","Заявката ти за отказ беше подадена — Поръчка #%1"
"Your return request has been submitted","Заявката ти за връщане беше подадена"
"Hi %name, we've received your return request and are currently reviewing it. You'll hear back when we've inspected your return and processed your refund.","Здравей, %name, получихме заявката ти за връщане и я преглеждаме. Ще получиш отговор, след като прегледаме връщането и обработим възстановяването."
"Return number","Номер на връщането"
"Requested on","Заявено на"
"We'll inspect your return and notify you once approved. Refunds are issued to your original payment method within 5–7 business days after approval.","Ще прегледаме връщането ти и ще те уведомим след одобрение. Възстановяванията се извършват по първоначалния начин на плащане в рамките на 5–7 работни дни след одобрение."
"If you have any questions, our customer service team is here to help.","Ако имаш въпроси, екипът ни за обслужване на клиенти е насреща."
"Visit our help center","Посети нашия център за помощ"
"If you did not initiate this request, contact us immediately at","Ако не си подавал тази заявка, свържи се с нас незабавно на"
"Withdrawal receipt — Order #%1","Потвърждение за отказ — Поръчка #%1"
"Withdrawal receipt","Потвърждение за отказ"
"Hi %name, this email is your durable-medium proof of withdrawal under Art. 11a Directive 2011/83/EU. Keep it for your records.","Здравей, %name, това писмо е твоето доказателство за отказ на траен носител съгласно чл. 11а от Директива 2011/83/ЕС. Запази го за свои нужди."
"Submitted on","Подадено на"
"Your %store_name order confirmation","Потвърждение за вашата поръчка от %store_name"
"%customer_name,","%customer_name,"
"Thank you for your order from %store_name.","Благодарим ви за поръчката от %store_name."
"Once your package ships we will send you a tracking number.","След като пратката бъде изпратена, ще ви изпратим номер за проследяване."
"You can check the status of your order by <a href=""%account_url"">logging into your account</a>.","Можете да проверите статуса на поръчката си, като <a href=""%account_url"">влезете в профила си</a>."
"If you have questions about your order, you can email us at <a href=""mailto:%store_email"">%store_email</a>","Ако имате въпроси относно поръчката си, можете да ни пишете на <a href=""mailto:%store_email"">%store_email</a>"
"or call us at <a href=""tel:%store_phone"">%store_phone</a>","или да ни се обадите на <a href=""tel:%store_phone"">%store_phone</a>"
"Our hours are <span class=""no-link"">%store_hours</span>.","Нашето работно време е <span class=""no-link"">%store_hours</span>."
"Your Order <span class=""no-link"">#%increment_id</span>","Вашата поръчка <span class=""no-link"">#%increment_id</span>"
"Placed on <span class=""no-link"">%created_at</span>","Направена на <span class=""no-link"">%created_at</span>"
"Billing Info","Данни за фактуриране"
"Shipping Info","Данни за доставка"
"Payment Method","Метод на плащане"
"Shipping Method","Метод на доставка"
"%name,","%name,"
"Once your package ships we will send an email with a link to track your order.","След като пратката бъде изпратена, ще ви изпратим имейл с връзка за проследяване на поръчката."
"Your %store_name order has shipped","Вашата поръчка от %store_name беше изпратена"
"Your shipping confirmation is below. Thank you again for your business.","Потвърждението за доставка е по-долу. Благодарим ви още веднъж за избора."
"Your Shipment #%shipment_id for Order #%order_id","Вашата пратка #%shipment_id за поръчка #%order_id"
"Your digital content waiver is on file","Твоето съгласие за цифрово съдържание е записано"
"Hi %name, you've consented to immediate digital delivery of the items below — this is your durable-medium copy of that consent (Art. 11a(4) CRD).","Здравей, %name, ти даде съгласие за незабавна цифрова доставка на посочените по-долу артикули — това е твоето копие на съгласието на траен носител (чл. 11а(4) от Директивата за правата на потребителите)."
"View order","Виж поръчката"
"Consented at","Съгласие дадено на"
"Acknowledged at","Потвърдено на"
"Keep this email as your durable-medium record. The merchant has stored the SHA-256 hash of the legal text you accepted:","Запази това писмо като свой запис на траен носител. Търговецът е съхранил SHA-256 хеша на правния текст, който си приел:"
"Digital content waiver","Отказ от право за цифрово съдържание"
"We need your explicit consent before you can buy this digital item — please read both points carefully.","Нуждаем се от изричното ви съгласие, преди да можете да закупите тази цифрова стока — моля, прочетете внимателно и двете точки."
"We log this consent with your IP and timestamp for our audit record.","Записваме това съгласие с вашия IP адрес и времеви маркер за нашия одитен запис."
"Continue","Продължи"
"Waiver could not be saved. Please retry.","Съгласието не можа да бъде запазено. Моля, опитайте отново."
"Enable for EU Withdrawal Lookup Form","Активиране за формуляра за справка по отказ от ЕС"
"MageMe Extensions","MageMe разширения"
"EU Withdrawal","Отказ по ЕС"
"General","Общи"
"Enable Module","Активиране на модула"
"Activates frontend and cron jobs. Default: disabled. Complete the manual setup checklist before enabling.","Активира функционалността във витрината и cron заданията. По подразбиране: изключено. Завършете контролния списък за ръчна настройка, преди да активирате."
"Request Number Prefix","Префикс на номера на заявката"
"Optional prefix prepended to the withdrawal request increment ID in customer-facing UI (e.g. ""RR-"" renders as ""RR-000000022""). Leave blank to show the plain padded number.","Незадължителен префикс, добавян пред инкременталния идентификатор на заявката за отказ в потребителския интерфейс (напр. „RR-“ се извежда като „RR-000000022“). Оставете празно, за да се показва само номерът."
"Default Contract Type","Тип договор по подразбиране"
"Frontend Route","Маршрут във витрината"
"URL prefix used by the customer-facing withdrawal flow (e.g. <code>withdraw-contract</code> renders as <code>/withdraw-contract/...</code>). Lowercase letters, digits, dashes and underscores only.","URL префикс, използван от потребителския процес за отказ (напр. <code>withdraw-contract</code> се извежда като <code>/withdraw-contract/...</code>)."
"Withdrawal Period","Срок за отказ"
"Delivery Confirmation Statuses","Статуси за потвърждение на доставка"
"Pick one or more order statuses whose <em>transition</em> means the customer received the goods in your fulfillment workflow. The 14-day withdrawal window starts on the timestamp of the order's <em>earliest</em> transition into <em>any</em> of the selected statuses (Art. 9(2)(b) Directive 2011/83/EU). Multi-select supports merchants who use several ""delivered""-type statuses (e.g. <code>delivered</code> + <code>complete</code> + <code>delivered_partial</code>). Until the order reaches any of them, the right of withdrawal is open with no fixed deadline.","Изберете един или повече статуси на поръчка, чийто <em>преход</em> означава, че клиентът е получил стоките във вашия процес на изпълнение. 14-дневният срок за отказ започва да тече от момента на <em>най-ранния</em> преход на поръчката към <em>някой</em> от избраните статуси (чл. 9(2)(б) от Директива 2011/83/ЕС). Множественият избор е предвиден за търговци, които използват няколко статуса от тип „доставено“ (напр. <code>delivered</code> + <code>complete</code> + <code>delivered_partial</code>). Докато поръчката не достигне някой от тях, правото на отказ е отворено без фиксиран краен срок."
"Eligibility Rules (Art. 16 CRD Presets)","Правила за допустимост (предварителни настройки по чл. 16 CRD)"
"Art. 16(c) Custom-Made Goods","Чл. 16(в) Стоки по индивидуална поръчка"
"Excludes products made to customer specifications or clearly personalised (e.g. engraved jewellery, made-to-measure clothing). <strong>Requires</strong> product attribute <code>is_custom_made = true</code>. If enabled, orders containing such items cannot be withdrawn — customers will see this when attempting to start withdrawal.","Изключва продукти, изработени по спецификация на клиента или ясно персонализирани (напр. гравирани бижута, дрехи по мярка). <strong>Изисква</strong> продуктов атрибут <code>is_custom_made = true</code>. Ако е активирано, от поръчки, съдържащи такива артикули, не може да се прави отказ — клиентите ще видят това при опит за започване на отказ."
"Art. 16(d) Perishable Goods","Чл. 16(г) Бързоразвалящи се стоки"
"Excludes goods that can deteriorate or expire rapidly (fresh food, cut flowers, short-shelf-life pharmaceuticals). <strong>Requires</strong> product attribute <code>is_perishable = true</code>. Do not enable for all categories — apply it only to truly perishable SKUs, otherwise you will unlawfully deny valid withdrawals.","Изключва стоки, които могат бързо да се развалят или да изтекат (свежи храни, рязани цветя, лекарства с кратък срок на годност). <strong>Изисква</strong> продуктов атрибут <code>is_perishable = true</code>. Не активирайте за всички категории — прилагайте го само за наистина бързоразвалящи се SKU, в противен случай неправомерно ще отказвате валидни откази."
"Art. 16(e) Sealed Hygiene / Health","Чл. 16(д) Запечатани хигиенни / здравни стоки"
"Excludes sealed hygiene or health items <strong>only if the seal has been broken after delivery</strong> (cosmetics, intimate apparel, sealed medical supplies). <strong>Requires</strong> product attribute <code>is_sealed_hygiene = true</code>. The exclusion depends on a seal-check at the time of withdrawal (workflow in phase-04) — a sealed, unopened return remains eligible.","Изключва запечатани хигиенни или здравни артикули <strong>само ако пломбата е нарушена след доставка</strong> (козметика, интимно облекло, запечатани медицински консумативи). <strong>Изисква</strong> продуктов атрибут <code>is_sealed_hygiene = true</code>. Изключването зависи от проверка на пломбата към момента на отказа (процес в phase-04) — запечатано, неотворено връщане остава допустимо."
"Art. 16(i) Sealed Audio / Video / Software","Чл. 16(и) Запечатано аудио / видео / софтуер"
"Excludes sealed audio recordings, video recordings, or sealed computer software <strong>only if the seal has been broken after delivery</strong>. <strong>Requires</strong> product attribute <code>is_sealed_av = true</code>. Same seal-check logic as Art. 16(e). Does not apply to streaming / digital-download content — use Art. 16(m) for those.","Изключва запечатани аудиозаписи, видеозаписи или запечатан компютърен софтуер <strong>само ако пломбата е нарушена след доставка</strong>. <strong>Изисква</strong> продуктов атрибут <code>is_sealed_av = true</code>. Същата логика на проверка на пломбата като при чл. 16(д). Не се прилага за стрийминг / съдържание за цифрово изтегляне — за тях използвайте чл. 16(м)."
"Digital Content (Art. 16(m))","Цифрово съдържание (чл. 16(м))"
"Detection","Откриване"
"Enable Digital Content Detection","Активиране на откриване на цифрово съдържание"
"Master switch for Art. 16(m) digital-content detection. When off, no product is recognised as digital, the checkout waiver step is not required, and the preset always allows withdrawal.","Главен превключвател за откриване на цифрово съдържание по чл. 16(м). Когато е изключен, никой продукт не се разпознава като цифров, стъпката за съгласие при поръчка не се изисква и настройката винаги допуска отказ."
"Detection Strategies","Стратегии за откриване"
"Which product-type heuristics trigger the digital-content waiver gate. Downloadable + virtual are safe defaults; bundle_contains_digital inspects bundle children; custom_attribute reads the EAV flag configured below.","Кои евристики за тип продукт задействат стъпката за съгласие при цифрово съдържание. Downloadable + virtual са безопасни стойности по подразбиране; bundle_contains_digital проверява дъщерните артикули в комплект; custom_attribute чете EAV флага, конфигуриран по-долу."
"Custom Attribute Code","Код на персонализиран атрибут"
"EAV attribute code used <strong>only</strong> when <em>Custom attribute flag</em> is picked in <em>Detection strategies</em> above. Default: <code>is_digital_content</code> (boolean attribute, 1 = digital). Ignored otherwise.","Код на EAV атрибут, използван <strong>само</strong> когато <em>Флаг за персонализиран атрибут</em> е избран в <em>Стратегии за откриване</em> по-горе. По подразбиране: <code>is_digital_content</code> (булев атрибут, 1 = цифров). Иначе се игнорира."
"Checkout Step + Email","Стъпка при поръчка + имейл"
"Enable Checkout Waiver Step","Активиране на стъпка за съгласие при поръчка"
"When on, carts that contain a detected digital item render the 2-checkbox waiver step at checkout. Has no effect unless <em>Detection → Enable digital content detection</em> is also on.","Когато е включено, количките, съдържащи открит цифров артикул, извеждат стъпката за съгласие с 2 чекбокса при оформяне на поръчката. Няма ефект, ако <em>Откриване → Активиране на откриване на цифрово съдържание</em> също не е включено."
"Merchant BCC Address for Confirmation Emails","Адрес за скрито копие на търговеца за имейли за потвърждение"
"Optional. Blind-copies the waiver-confirmation email to a merchant audit address. Leave blank to skip.","По избор. Изпраща скрито копие на имейла за потвърждение на съгласието на одитен адрес на търговеца. Оставете празно, за да пропуснете."
"Mark Virtual-Only Items as Performance-Started on Confirmation","Маркиране на изцяло виртуални артикули като започнато изпълнение при потвърждение"
"Virtual products have no download trigger. When on, the waiver confirmation email's dispatch counts as performance-start for virtual-only items.","Виртуалните продукти нямат тригер за изтегляне. Когато е включено, изпращането на имейла за потвърждение на съгласието се счита за начало на изпълнението за изцяло виртуални артикули (граница I-6)."
"Confirmation Email Identity","Подател на имейла за потвърждение"
"Per-Locale Waiver Text Overrides","Замествания на текст на съгласие по локал"
"English (en_US)","Английски (en_US)"
"Consent Text","Текст на съгласие"
"Right-Loss Acknowledgment Text","Текст за потвърждение за загуба на право"
"German (de_DE)","Немски (de_DE)"
"Finnish (fi_FI)","Финландски (fi_FI)"
"Dutch (nl_NL)","Нидерландски (nl_NL)"
"French (fr_FR)","Френски (fr_FR)"
"Italian (it_IT)","Италиански (it_IT)"
"Spanish (es_ES)","Испански (es_ES)"
"Polish (pl_PL)","Полски (pl_PL)"
"Portuguese (pt_PT)","Португалски (pt_PT)"
"Danish (da_DK)","Датски (da_DK)"
"Swedish (sv_SE)","Шведски (sv_SE)"
"German — Austria (de_AT)","Немски — Австрия (de_AT)"
"Swedish — Finland (sv_FI)","Шведски — Финландия (sv_FI)"
"Dutch — Belgium (nl_BE)","Нидерландски — Белгия (nl_BE)"
"French — Belgium (fr_BE)","Френски — Белгия (fr_BE)"
"German — Belgium (de_BE)","Немски — Белгия (de_BE)"
"French — Luxembourg (fr_LU)","Френски — Люксембург (fr_LU)"
"Pre-Contract Information (Art. 6(1)(h))","Преддоговорна информация (чл. 6(1)(з))"
"Enable Pre-Contract Disclosure","Активиране на преддоговорна информация"
"Master kill-switch. Disabled = block does not render and no display events are recorded. Disabling exposes the merchant to Art. 10 (12 month + 14 day extended withdrawal period). Default: enabled.","Главен превключвател за изключване. Изключено = блокът не се извежда и не се записват събития за показване. Изключването излага търговеца на риск по чл. 10 (удължен срок за отказ от 12 месеца + 14 дни). По подразбиране: активирано."
"Withdrawal Period (Days)","Срок за отказ (дни)"
"Default 14 days per Art. 9(2). Extension allowed (e.g. 30, 100). Reduction below 14 is illegal — the field validates >=14 only when the module is enabled.","По подразбиране 14 дни съгласно чл. 9(2). Допуска се удължаване (напр. 30, 100). Намаляването под 14 е незаконно — полето валидира >=14 само когато модулът е активиран."
"Return Address","Адрес за връщане"
"Where consumers send goods back. Leave empty to fall back to the store address from Stores → Configuration → General → General → Store Information.","Адрес, на който потребителите връщат стоките. Оставете празно, за да се използва адресът от Магазини → Конфигурация → Общи → Общи → Информация за магазина."
"Display In Checkout","Показване при поръчка"
"Annex I Overrides Per Locale","Замествания на Приложение I по локал"
"Bulgarian (bg_BG)","Български (bg_BG)"
"Czech (cs_CZ)","Чешки (cs_CZ)"
"Greek (el_GR)","Гръцки (el_GR)"
"Estonian (et_EE)","Естонски (et_EE)"
"Croatian (hr_HR)","Хърватски (hr_HR)"
"Hungarian (hu_HU)","Унгарски (hu_HU)"
"Lithuanian (lt_LT)","Литовски (lt_LT)"
"Latvian (lv_LV)","Латвийски (lv_LV)"
"Romanian (ro_RO)","Румънски (ro_RO)"
"Slovak (sk_SK)","Словашки (sk_SK)"
"Slovenian (sl_SI)","Словенски (sl_SI)"
"Frontend","Витрина"
"Buttons","Бутони"
"Step 1 Button Label","Етикет на бутон стъпка 1"
"<strong>⚠ Legal warning.</strong> Art. 11a(2) CRD requires the literal text ""withdraw from contract here"" <em>or a corresponding unambiguous formulation</em>. The default value (""Withdraw from contract here"") is the Directive's verbatim phrase. Per-locale translations are counsel-signed. <strong>Do not override unless you have received written advice from qualified consumer-law counsel in the target jurisdiction.</strong> Every override is recorded in the audit log.","<strong>⚠ Правно предупреждение (пропуск #4).</strong> Чл. 11а(2) от ДПП изисква буквалния текст „откажете се от договора тук“ <em>или съответстваща недвусмислена формулировка</em>. Стойността по подразбиране („Withdraw from contract here“) е буквалният израз от Директивата. Per-locale translations are counsel-signed. <strong>Не променяйте, освен ако сте получили писмен съвет от квалифициран консултант по потребителско право в съответната юрисдикция.</strong> Всяка промяна се записва в одитния журнал."
"Step 2 Button Label (Confirmation)","Етикет на бутон стъпка 2 (потвърждение)"
"<strong>⚠ Legal warning.</strong> This is the label on the final confirmation button. Default (""Confirm withdrawal"") is counsel-signed. Per-locale translations are counsel-signed. Override only with written legal advice; overrides are audit-logged.","<strong>⚠ Правно предупреждение (пропуск #4).</strong> Това е етикетът на бутона за окончателно потвърждение. Стойността по подразбиране („Confirm withdrawal“) е одобрена от юристи. Per-locale translations are counsel-signed. Променяйте само въз основа на писмен правен съвет; промените се записват в одитния журнал."
"Placements","Разположения"
"Show Footer Link","Показване на връзка във футъра"
"Show in My Account","Показване в „Моят профил“"
"Return Reasons","Причини за връщане"
"Reasons","Причини"
"List of reasons offered to the customer in the per-item dropdown. <strong>Code</strong> is the machine value (lowercase, snake_case, max 32 chars); <strong>Label</strong> is the visible text. Empty grid hides the dropdown entirely.","Списък с причини, предлагани на клиента в падащото меню за всеки артикул. <strong>Код</strong> е машинната стойност, която се записва в базата данни (малки букви, snake_case, макс. 32 знака); <strong>Етикет</strong> е видимият текст. Празната таблица скрива падащото меню изцяло."
"Enable ""Other"" with Free Text","Активиране на „Друго“ със свободен текст"
"When enabled, an ""Other"" option appears in the dropdown that reveals a free-text field (max 500 chars).","Когато е активирано, в падащото меню се появява опция „Друго“, която показва поле за свободен текст (макс. 500 знака)."
"Review Step","Стъпка за преглед"
"Return Shipping Notice","Известие за връщане на пратка"
"Text shown on the Review & Confirm step (step 3). Example: ""You'll receive a prepaid shipping label in the confirmation email."" or ""Return shipping costs are paid by the customer."" Leave blank to hide the row.","Текст, показван на стъпка „Преглед и потвърждение“ (стъпка 3). Пример: „Ще получите предплатен етикет за доставка в имейла за потвърждение.“ или „Разходите за обратна доставка са за сметка на клиента.“ Оставете празно, за да скриете реда."
"Return Policy URL","URL на политиката за връщане"
"Optional link rendered next to the shipping notice (""View return policy""). Accepts absolute URLs or relative paths like ""return-policy"".","Незадължителна връзка, извеждана до известието за доставка („Преглед на политиката за връщане“). Приема абсолютни URL адреси или относителни пътища като „return-policy“."
"Customer Notifications","Известия до клиента"
"All customer-facing emails sent by the module. Each email can be enabled/disabled, assigned a custom template (Marketing → Email Templates), and BCC'd to a merchant address. The shared <em>Branding</em> subgroup at the bottom controls the layout (USP strip, social links) used by every email below.","Всички имейли към клиенти, изпращани от модула. Всеки имейл може да бъде активиран/изключен, да му бъде зададен персонализиран шаблон (Marketing → Email Templates) и да бъде изпращано скрито копие на адрес на търговеца. Споделената подгрупа <em>Брандиране</em> в долната част контролира оформлението (USP лента, връзки към социални мрежи), използвано от всеки от имейлите по-долу."
"1. Submission Confirmation Email","1. Имейл за потвърждение на подаването"
"Enabled","Активирано"
"Email Template","Имейл шаблон"
"BCC Merchant","Скрито копие до търговеца"
"Comma-separated. Leave blank to disable.","Разделени със запетая. Оставете празно за изключване."
"2. Approval Email","2. Имейл за одобрение"
"3. Denial Email","3. Имейл за отхвърляне"
"4. Cancellation Email (Admin-Initiated)","4. Имейл за отказ (иницииран от администратор)"
"5. Cancellation Email (Customer Self-Cancel)","5. Имейл за отказ (самостоятелен отказ от клиента)"
"6. Receipt Email (Durable Medium — Art. 11a(4))","6. Имейл с разписка (траен носител — чл. 11a(4))"
"Legally required durable-medium confirmation. Cannot be fully disabled (Art. 11a(4) Directive 2011/83/EU). Disabling here only stops the sender — the receipt is still generated and stored.","Законово изисквано потвърждение на траен носител. Не може да бъде напълно изключено (чл. 11а(4) от Директива 2011/83/ЕС). Изключването тук само спира изпращача — разписката продължава да се генерира и съхранява."
"Send Email","Изпращане на имейл"
"Comma-separated.","Разделени със запетая."
"Delivery Retry Attempts","Опити за повторно доставяне"
"Number of delivery attempts before a receipt is flagged as undelivered.","Number of delivery attempts before a receipt is flagged as undelivered."
"DLQ Alert Recipient","Получател на сигнали от DLQ"
"Notified when a receipt fails permanently. Falls back to Store Email Addresses → General Contact.","Уведомява се при окончателен неуспех при разписка. По подразбиране се използва Store Email Addresses → General Contact."
"7. Digital Waiver Confirmation Email (Art. 11a(4))","7. Имейл за потвърждение на цифровото съгласие (чл. 11a(4))"
"Durable-medium copy of the customer's Art. 16(m) waiver, sent immediately after checkout when a digital item is in cart. Required by Art. 11a(4) Directive 2011/83/EU — keeps a tamper-evident record of the legal text the customer accepted.","Копие на траен носител на съгласието на клиента по чл. 16(м), изпращано непосредствено след оформяне на поръчката, когато в количката има цифров артикул. Изисквано от чл. 11а(4) от Директива 2011/83/ЕС — поддържа защитен от подправяне запис на правния текст, приет от клиента, заедно със SHA-256 хеш за верификация на хеш-веригата."
"Comma-separated. Receives a copy of every confirmation for audit purposes.","Разделени със запетая. Получава копие на всяко потвърждение за одитни цели."
"Branding (Shared by All Emails Above)","Брандиране (споделено за всички имейли по-горе)"
"Optional decoration of the customer-facing emails. Empty fields hide their respective rows. Brand wordmark, logo, support email, and store address are read from the standard Magento configuration tree (Stores → Configuration → General + Design → Transactional Emails).","Незадължително оформление на имейлите към клиенти. Празните полета скриват съответните редове. Логото на марката, логото, имейлът за поддръжка и адресът на магазина се четат от стандартното дърво на конфигурацията на Magento (Stores → Configuration → General + Design → Transactional Emails)."
"USP Strip — Item 1","USP лента — елемент 1"
"Icon","Икона"
"Title","Заглавие"
"Subtitle","Подзаглавие"
"USP Strip — Item 2","USP лента — елемент 2"
"USP Strip — Item 3","USP лента — елемент 3"
"Social Links","Връзки към социални мрежи"
"Instagram URL","URL на Instagram"
"X / Twitter URL","URL на X / Twitter"
"Facebook URL","URL на Facebook"
"YouTube URL","URL на YouTube"
"Privacy & Retention","Поверителност и съхранение"
"Two-stage GDPR data lifecycle for the <code>mm_eu_withdrawal_request</code> table. Withdrawal requests carry both <em>personally identifiable</em> data (customer name, email, IP, user agent, admin notes, denial reasons) and a content hash that is the Art. 11a(4) <em>durable-medium</em> legal proof. The two have different mandatory retention periods, so we store them on the same row and age them out separately.","Двуетапен GDPR жизнен цикъл на данните за таблицата <code>mm_eu_withdrawal_request</code>. Заявките за отказ съдържат както <em>лични</em> данни (име на клиент, имейл, IP, потребителски агент, бележки на администратор, причини за отхвърляне), така и хеш на съдържанието, който представлява правно доказателство на <em>траен носител</em> по чл. 11а(4). Двете имат различни задължителни срокове на съхранение, затова ги съхраняваме в един и същ ред и ги изтриваме поотделно."
"PII Retention (days)","Срок на съхранение на PII (дни)"
"How long the <strong>personally identifiable columns</strong> stay on a row before the daily cron <strong>nullifies</strong> them: <code>customer_name</code>, <code>customer_email</code>, <code>customer_ip</code>, <code>user_agent</code>, <code>denial_reason</code>, <code>admin_note</code>. The row itself stays — only PII is wiped. Counted from the row's <code>created_at</code>.<br/><br/>
                        <strong>Default: 730 days (2 years).</strong> This is the floor — GDPR Art. 5(1)(e) (""storage limitation"") balanced against the statute of limitations for consumer-rights claims in most EU member states (1–2 years). Range: 730–3650 days.","Колко дълго <strong>колоните с лични данни</strong> остават в реда, преди ежедневният cron да ги <strong>нулира</strong>: <code>customer_name</code>, <code>customer_email</code>, <code>customer_ip</code>, <code>user_agent</code>, <code>denial_reason</code>, <code>admin_note</code>. Самият ред остава — изтриват се само личните данни. Брои се от <code>created_at</code> на реда.<br/><br/>
                        <strong>По подразбиране: 730 дни (2 години).</strong> Това е минималният праг — GDPR чл. 5(1)(д) („ограничение на съхранението“) балансиран срещу давността за претенции по потребителски права в повечето държави членки на ЕС (1–2 години). Диапазон: 730–3650 дни."
"Hash Retention (days)","Срок на съхранение на хешове (дни)"
"How long the <strong>content hash</strong> (Art. 11a(4) durable-medium proof) stays. After PII has been wiped above, the row keeps only the SHA-256 hash + receipt timestamps until this period expires; then the cron <strong>deletes the whole row</strong>.<br/><br/>
                        <strong>Default: 2190 days (6 years).</strong> Matches the longest commercial-records retention obligation in EU member states (typically 6 years for accounting / VAT). Must be ≥ PII Retention. Range: 2190–3650 days.","Колко дълго <strong>хешът на съдържанието</strong> (доказателство на траен носител по чл. 11а(4)) остава. След като личните данни са изтрити по-горе, в реда остават само SHA-256 хешът и времевите маркери на разписката, докато този срок изтече; след това cron <strong>изтрива целия ред</strong>.<br/><br/>
                        <strong>По подразбиране: 2190 дни (6 години).</strong> Съответства на най-дългото задължение за съхранение на търговски документи в държавите членки на ЕС (обикновено 6 години за счетоводство / ДДС). Трябва да бъде ≥ срока за съхранение на личните данни. Диапазон: 2190–3650 дни."
"Append-only audit log of all withdrawal lifecycle events (GDPR Art. 5(2) accountability).
                    Personal data (IP, user agent, customer actor ID) is automatically nullified after the retention period.
                    The audit rows themselves are never deleted — only anonymised.","Само добавящ одитен журнал на всички събития от жизнения цикъл на отказите (отчетност по GDPR чл. 5(2)).
                    Личните данни (IP, потребителски агент, идентификатор на клиента) се нулират автоматично след изтичане на срока на съхранение.
                    Самите одитни редове никога не се изтриват — само се анонимизират."
"Order #","Поръчка №"
"Contract","Договор"
"Submitter","Подател"
"Withdrawal submitted","Отказът е подаден"
"Right of Withdrawal — Required Information","Право на отказ — Задължителна информация"
"Before placing your order, please review the conditions, time limit, and procedures for exercising your 14-day right of withdrawal. This information forms part of your contract.","Преди да направите поръчка, моля прегледайте условията, срока и процедурите за упражняване на вашето 14-дневно право на отказ. Тази информация е част от вашия договор."
"Conditions, Time Limit and Procedures for Withdrawal","Условия, срок и процедури за отказ"
"Start Online Return","Започнете онлайн връщане"
"Download Model Withdrawal Form (Annex I(B))","Изтегли образец на формуляр за отказ (Анекс I(Б))"
"Withdrawal Information v%1 — Issued %2","Информация за отказ v%1 — издадено %2"
"You'll receive a prepaid shipping label in the confirmation email.","Ще получите предплатен етикет за доставка в имейла за потвърждение."
"← Back to order search","← Назад към търсене на поръчка"
"← Back to items","← Назад към артикулите"
"Find order","Намери поръчка"
"Enter your order number and email","Въведете номер на поръчка и имейл"
"Select items","Избери артикули"
"Choose items to return (partial withdrawal)","Изберете артикули за връщане (частичен отказ)"
"Review & confirm","Преглед и потвърждение"
"Review your return details and confirm","Прегледайте детайлите за връщане и потвърдете"
"Request submitted","Заявката е изпратена"
"We'll confirm your request by email","Ще потвърдим вашата заявка по имейл"
"I expressly consent to begin performance of the digital content before the withdrawal period expires.","Изрично давам съгласие за започване на изпълнението на цифровото съдържание преди изтичането на срока за отказ."
"I acknowledge that by giving this consent I lose my right of withdrawal once performance has begun (Art. 16(m) CRD).","Запознат съм, че с даване на това съгласие губя правото си на отказ от момента на започване на изпълнението (чл. 16(м) ДПП)."
"Withdrawals","Откази"
"Minimum %1 characters required.","Изискват се минимум %1 знака."
"Failed to add note.","Неуспешно добавяне на бележка."
"Network error while adding note.","Мрежова грешка при добавяне на бележка."
"Exported Evidence","Експортирано"
"Pending Confirm","Очаква потвърждение"
"Sent","Изпратено"
"Failed Permanent","Трайна неуспешност"
"Failed Retry","Временна неуспешност"
"Eligible","Допустимо"
"Excluded","Изключено"
"Action","Действие"
"From","От"
"To","Към"
"Admin Id","ID на администратор"
"Order Id","ID на поръчка"
"Request Id","ID на заявка"
"Item Count","Брой артикули"
"Rules Fired","Задействани правила"
"Topic","Тема"
"Message Id","ID на съобщение"
"Email To Hash","Хеш на имейла"
"Attempts","Опити"
"Viewed At","Прегледано на"
"Referrer Host","Хост на препращащия"
"Enable \Other\"" with Free Text""","Активиране на „Друго“ със свободен текст"
"Optional legal template — not required to use; you can also exercise the right of withdrawal by any unequivocal statement.","Незадължителен правен образец — използването му не е задължително; правото на отказ може да се упражни и с всяко еднозначно изявление."
"Right of withdrawal","Право на отказ"
"You have 14 days from the day you receive your order to withdraw without giving any reason — full refund to your original payment method.","Имате 14 дни от деня, в който получите поръчката си, да се откажете без да посочвате причина — пълно възстановяване по първоначалния ви метод на плащане."
"Some items may be excluded by law (perishable goods, custom-made items, sealed hygiene or audio/video products). We'll show you exactly what's eligible on the next page.","Някои артикули може да са изключени по закон (бързоразвалящи се стоки, артикули по индивидуална поръчка, запечатани хигиенни или аудио/видео продукти). На следващата страница ще ви покажем точно кои подлежат."
"Direct link — no login or account password required.","Директна връзка — не се изискват вход или парола за акаунта."
"Art. 16(m) CRD exclusion — digital content where the customer has (1) given express prior consent to begin performance and (2) acknowledged that they lose the withdrawal right. Two switches: the <em>Detection</em> subgroup decides what counts as digital (master switch), the <em>Checkout step + Email</em> subgroup renders the 2-checkbox waiver UX and dispatches the confirmation email. Both must be ON for the feature to work end-to-end. Use this only for <strong>one-time digital purchases</strong> (ebooks, software installers, music files, games). Do <strong>not</strong> enable it for ongoing digital <strong>subscriptions or services</strong> (SaaS, streaming, hosted software) — EU case law (CJEU Sky, C-641/19) requires a different consent flow for those.","Art. 16(m) CRD exclusion — digital content where the customer has (1) given express prior consent to begin performance and (2) acknowledged that they lose the withdrawal right. Two switches: the <em>Detection</em> subgroup decides what counts as digital (master switch), the <em>Checkout step + Email</em> subgroup renders the 2-checkbox waiver UX and dispatches the confirmation email. Both must be ON for the feature to work end-to-end. Use this only for <strong>one-time digital purchases</strong> (ebooks, software installers, music files, games). Do <strong>not</strong> enable it for ongoing digital <strong>subscriptions or services</strong> (SaaS, streaming, hosted software) — EU case law (CJEU Sky, C-641/19) requires a different consent flow for those."
"Customer-facing UX for the withdrawal flow. Subgroups: <em>Buttons</em> (legal-critical labels), <em>Placements</em> (where to surface the link), <em>Return Reasons</em> (per-item dropdown), <em>Review Step</em> (content on step 3 of the flow).","UX, насочен към клиента, за процеса на отказ. Подгрупи: <em>Бутони</em> (надписи с правно значение), <em>Разположения</em> (къде да се покаже връзката), <em>Причини за връщане</em> (падащо меню за всеки артикул), <em>Стъпка за преглед</em> (съдържание на стъпка 3 от процеса)."
"Disable only if you deliver the durable-medium confirmation through a different channel.","Деактивирайте само ако доставяте потвърждението на траен носител по различен канал."
"Disable only if you deliver the receipt through a different durable medium (postal mail, customer account download, etc.).","Деактивирайте само ако доставяте разписката чрез друг траен носител (поща, изтегляне от клиентския акаунт и т.н.)."
"Empty fields fall through to the locale baseline. Any override value becomes part of the SHA-256 hash stored per consent event — changing a field after customers have consented does <strong>not</strong> retroactively invalidate prior consents.","Празните полета се връщат към базовите стойности от the locale baseline за съответния локал/юрисдикция. Всяка презаписана стойност става част от SHA-256 хеша, който се записва за всяко събитие на съгласие — промяна на поле, след като клиентите вече са дали съгласие, <strong>не</strong> анулира със задна дата предишните съгласия."
"Mandatory pre-contractual disclosure of the right of withdrawal. Displayed on the checkout payment step. Each display is logged forensically (Art. 10 defence). Snapshot of the rendered text is stored immutably (Art. 6(5)). <strong>Counsel review recommended before customising any Annex I text.</strong>","Задължително преддоговорно информиране за правото на отказ. Показва се на стъпката за плащане при оформяне на поръчка. Всяко показване се регистрира съдебномедицински (защита по чл. 10). Снимка на изобразения текст се съхранява неизменно (чл. 6(5)). <strong>Препоръчва се правен преглед преди персонализирането на текста на Приложение I.</strong>"
"Off = block hidden but display events still recorded server-side via predispatch fallback. Use only for sandbox testing. Default: on.","Изкл. = блокът е скрит, но събитията на показване продължават да се записват от страна на сървъра чрез предварително изпращан резерв. Използвайте само за тестване в sandbox. По подразбиране: вкл."
"Optional URLs rendered as round monogram badges in the email footer. Leave blank to hide.","Незадължителни URL адреси, изобразявани като кръгли значки с монограм в долния колонтитул на имейла. Оставете празно, за да скриете."
"Sent when a customer cancels their own pending withdrawal.","Изпраща се, когато клиент анулира собствен висящ отказ."
"Sent when a customer completes the withdrawal form.","Изпраща се, когато клиент попълни формуляра за отказ."
"Sent when an admin approves a withdrawal request.","Изпраща се, когато администратор одобри заявка за отказ."
"Sent when an admin cancels a withdrawal request on the customer's behalf.","Изпраща се, когато администратор анулира заявка за отказ от името на клиента."
"Sent when an admin denies a withdrawal request.","Изпраща се, когато администратор отхвърли заявка за отказ."
"These presets exclude specific product categories from the 14-day withdrawal right, per Art. 16 CRD. Each rule is OFF by default — enable only after confirming the corresponding product attribute is set correctly on your catalog.","Тези предварителни настройки изключват определени продуктови категории от 14-дневното право на отказ съгласно чл. 16 ДПП. Всяко правило е ИЗКЛ. по подразбиране — активирайте едва след като проверите, че съответният продуктов атрибут е настроен правилно в каталога ви."
"e.g. ""EU orders above €50""","напр. „Поръчки от ЕС над 50 €“"
"e.g. ""Free delivery""","напр. „Безплатна доставка“"
"Qty: ","Кол.: "
"Submission failed. Please try again.","Изпращането не бе успешно. Моля, опитайте отново."
"Network error. Please try again.","Мрежова грешка. Моля, опитайте отново."
"Invalid server response.","Невалиден отговор от сървъра."
"Admin Notifications","Известия за администратор"
"Internal alerts to your team. Independent of the per-email <em>BCC Merchant</em> checkboxes under <em>Customer Notifications</em> below — if you enable both, you will receive two emails per request.","Вътрешни известия за вашия екип. Независими от чекбоксовете <em>BCC до търговеца</em> в <em>Известия за клиенти</em> по-долу — ако активирате и двете, ще получавате по два имейла на заявка."
"1. New Request Alert","1. Известие за нова заявка"
"Sent the moment a customer completes the two-step withdrawal flow.","Изпраща се в момента, в който клиент завърши двустъпковия процес на отказ."
"Recipient Email(s)","Имейл(и) на получателя"
"BCC","BCC"
"New Withdrawal Request","Нова заявка за отказ"
"A new withdrawal request was just submitted.","Току-що беше подадена нова заявка за отказ."
"Request:","Заявка:"
"Order:","Поръчка:"
"Customer:","Клиент:"
"Refund Total:","Обща сума на възстановяване:"
"[Withdrawal] New request %request_increment_id · Order #%order_increment_id · %refund_total","[Отказ] Нова заявка %request_increment_id · Поръчка #%order_increment_id · %refund_total"
"Anonymised","Анонимизирано"
"Audit","Одит"
"Cancel Order","Откажи поръчката"
"Confirmation Email (Art. 11a(4))","Имейл за потвърждение (чл. 11а(4))"
"Detection (Art. 16(m))","Откриване (чл. 16(м))"
"Digital Waiver (Art. 16(m))","Цифрово отказване (чл. 16(м))"
"Email Identity","Идентичност на изпращача"
"ID","ИД"
"Integrity hash","Хеш за цялост"
"Pre-Contract Proof","Доказателство преди договор"
"Verify this receipt","Проверка на потвърждението"
"Withdrawal Window","Период за отказ"
"This SHA-256 hash uniquely identifies your withdrawal record. Verify it at any time using the button above.","Този SHA-256 хеш уникално идентифицира вашия запис за отказ. Можете да го проверите по всяко време с бутона по-горе."
"Digital content waiver confirmation — Order %increment_id","Потвърждение на отказ за цифрово съдържание — Поръчка %increment_id"
"Comma-separated. Each recipient receives a separate email rendered in their own admin locale (looked up via the admin user's interface_locale; fallback to general/locale/code). Invalid addresses dropped silently.","Разделени със запетая. Всеки получател получава отделен имейл, изобразен в собствения му административен език (взет от interface_locale на администратора; резервно — general/locale/code). Невалидните адреси се пропускат без съобщение."
"Art. 16(m) CRD digital-content detection. Determines what counts as digital content for eligibility purposes. The actual checkout-step waiver UI and email lives in the next section ""Digital Waiver"".","Откриване на цифрово съдържание по чл. 16(м) ДЗПС. Определя кое се счита за цифрово съдържание за целите на допустимостта. Самият UI за стъпка на отказ при поръчка и съответният имейл се намират в следващия раздел „Цифрово отказване“."
"Art. 16(m) CRD exclusion — digital content where the customer has (1) given express prior consent to begin performance and (2) acknowledged that they lose the withdrawal right. Two switches control this feature end-to-end: the <em>Detection</em> subgroup under <em>Eligibility Rules</em> decides what counts as digital (master switch); this section renders the 2-checkbox waiver UX at checkout and dispatches the Art. 11a(4) confirmation email. Both must be ON for the feature to work end-to-end. Per-locale text overrides below. Use this only for <strong>one-time digital purchases</strong> (ebooks, software installers, music files, games). Do <strong>not</strong> enable it for ongoing digital <strong>subscriptions or services</strong> (SaaS, streaming, hosted software) — EU case law (CJEU Sky, C-641/19) requires a different consent flow for those.","Изключение по чл. 16(м) ДЗПС — цифрово съдържание, при което клиентът (1) изрично е дал съгласие за започване на изпълнението и (2) е приел загубата на правото на отказ. Двата ключа контролират функцията изцяло: подгрупата <em>Откриване</em> в <em>Правила за допустимост</em> решава какво е цифрово (главен ключ); тази секция показва UI с 2 чекбокса при поръчка и изпраща потвърдителен имейл по чл. 11а(4). И двете трябва да са ВКЛЮЧЕНИ. Преводи на текста по локал по-долу. Използвайте само за <strong>еднократни цифрови покупки</strong> (електронни книги, инсталатори, музикални файлове, игри). <strong>Не</strong> включвайте за продължаващи цифрови <strong>абонаменти или услуги</strong> (SaaS, стрийминг, хостинг) — съдебната практика на ЕС (CJEU Sky, C-641/19) изисква различен поток за съгласие."
"Defines <strong>when</strong> the 14-day withdrawal right starts running (the delivery trigger, Art. 9(2)(b)) and <strong>how long</strong> it lasts in days (Art. 9(2)). Together these control the period each order's withdrawal is open.","Определя <strong>кога</strong> започва 14-дневното право на отказ (тригер за доставка, чл. 9(2)(б)) и <strong>колко</strong> дни продължава (чл. 9(2)). Заедно те контролират периода на отказ за всяка поръчка."
"Default 14 days per Art. 9(2). Extension allowed (e.g. 30, 100). Reduction below 14 is illegal — the field validates 14-3650 only.","По подразбиране 14 дни по чл. 9(2). Разрешено е удължаване (напр. 30, 100). Намаление под 14 е незаконно — полето валидира само 14-3650."
"When on, carts that contain a detected digital item render the 2-checkbox waiver step at checkout. Has no effect unless <em>Eligibility Rules → Detection → Enable Digital Content Detection</em> is also on.","Когато е включено, кошниците с открит цифров артикул показват стъпката за отказ с 2 чекбокса на поръчката. Няма ефект, освен ако <em>Правила за допустимост → Откриване → Активиране на откриване на цифрово съдържание</em> също е включено."
"Optional. Comma-separated. Blind-copies the waiver-confirmation email to a merchant audit address. Leave blank to skip.","По избор. Разделени със запетая. Изпраща скрито копие на имейла за потвърждение на отказа на одиторски адрес на търговеца. Оставете празно, за да пропуснете."
"<strong>⚠ Legal warning.</strong> Art. 11a(2) CRD requires the literal text ""withdraw from contract here"" <em>or a corresponding unambiguous formulation</em>. The default value (""Withdraw from contract here"") is the Directive's verbatim phrase; Per-locale translations are counsel-signed. <strong>Do not override unless you have received written advice from qualified consumer-law counsel in the target jurisdiction.</strong> Every override is recorded in the audit log.","<strong>⚠ Правно предупреждение.</strong> Чл. 11а(2) ДЗПС изисква буквалния текст „откажете се от договор тук“ <em>или съответна еднозначна формулировка</em>. Стойността по подразбиране („Откажете се от договор тук“) е дословната фраза от Директивата; Преводите по локал са подписани от юрист. <strong>Не подменяйте, освен ако не сте получили писмен съвет от квалифициран потребителско-правен адвокат в съответната юрисдикция.</strong> Всяка подмяна се записва в одиторския дневник."
"<strong>⚠ Legal warning.</strong> This is the label on the final confirmation button. Default (""Confirm withdrawal"") is counsel-signed; Per-locale translations are counsel-signed. Override only with written legal advice; overrides are audit-logged.","<strong>⚠ Правно предупреждение.</strong> Това е надписът на крайния бутон за потвърждение. По подразбиране („Потвърди отказа“) е подписано от юрист; Преводите по локал са подписани от юрист. Подменяйте само с писмен правен съвет; подмените се записват в одиторския дневник."
"Cancel the linked order? No payment has been captured, so there is nothing to refund — the order will be cancelled in Magento.","Да се откаже свързаната поръчка? Не е извършено плащане, така че няма какво да се възстанови — поръчката ще бъде отказана в Magento."
"Two-stage GDPR data lifecycle. Withdrawal requests carry both <em>personally identifiable</em> data (customer name, email, IP, user agent, admin notes, denial reasons) and a content hash that is the Art. 11a(4) <em>durable-medium</em> legal proof. The two have different mandatory retention periods and are aged out separately.","Двустъпков GDPR жизнен цикъл на данните. Заявките за отказ съдържат както <em>лични данни</em> (име на клиента, имейл, IP, потребителски агент, бележки на админ, причини за отказ), така и хеш на съдържанието, който е правно доказателство по чл. 11а(4) на <em>траен носител</em>. Двете имат различни задължителни срокове за съхранение и се изчистват отделно."
"How long the <strong>personally identifiable fields</strong> (customer name, email, IP, user agent, denial reason, admin note) are kept before they are nullified by the daily privacy cron. The withdrawal record itself stays — only PII is wiped. Counted from the record's creation date.<br/><br/>
                        <strong>Default: 730 days (2 years).</strong> This is the floor — GDPR Art. 5(1)(e) (""storage limitation"") balanced against the statute of limitations for consumer-rights claims in most EU member states (1–2 years). Range: 730–3650 days.","Колко дълго се запазват <strong>лично идентифицируемите полета</strong> (име, имейл, IP, потребителски агент, причина за отказ, бележка на администратор), преди да бъдат изчистени от ежедневния cron за поверителност. Самият запис за отказ остава — само PII се изтрива. Брои се от датата на създаване на записа.<br/><br/>
                        <strong>По подразбиране: 730 дни (2 години).</strong> Това е минимумът — чл. 5(1)(д) от GDPR („ограничение за съхранение“), балансиран с давностните срокове за искове по потребителски права в повечето държави на ЕС (1–2 години). Диапазон: 730–3650 дни."
"How long the <strong>content hash</strong> (Art. 11a(4) durable-medium proof) is retained. After PII has been wiped, the record keeps only the hash and receipt timestamps until this period expires; then the record is deleted entirely.<br/><br/>
                        <strong>Default: 2190 days (6 years).</strong> Matches the longest commercial-records retention obligation in EU member states (typically 6 years for accounting / VAT). Must be ≥ PII Retention. Range: 2190–3650 days.","Колко дълго се запазва <strong>хешът на съдържанието</strong> (доказателство на траен носител по чл. 11а(4)). След като PII е изтрит, записът съдържа само хеш и часови щампи на потвърждението до изтичането на този период; след това записът се изтрива напълно.<br/><br/>
                        <strong>По подразбиране: 2190 дни (6 години).</strong> Съответства на най-дългото задължение за съхранение на търговски записи в държави членки на ЕС (обикновено 6 години за счетоводство / ДДС). Трябва да бъде ≥ Срок за PII. Диапазон: 2190–3650 дни."
"Append-only audit log of all withdrawal lifecycle events (GDPR Art. 5(2) accountability). Personal data (IP, user agent, customer actor ID) is automatically nullified after the retention period. The audit log itself stays — only PII is wiped.","Append-only одиторски дневник на всички събития от жизнения цикъл на отказите (отчетност по чл. 5(2) GDPR). Личните данни (IP, потребителски агент, ID на клиента-актьор) автоматично се нулират след срока за съхранение. Самият одиторски дневник остава — изтриват се само PII."
