"View Credit Memo","Zobrazit dobropis"
"Issue Credit Memo","Vystavit dobropis"
"Approve","Schválit"
"Approve this withdrawal request?","Schválit tuto žádost o odstoupení?"
"Deny","Zamítnout"
"Legal reason for denial (min 10 chars):","Právní důvod zamítnutí (min. 10 znaků):"
"Cancel Request","Zrušit žádost"
"Cancel this withdrawal? Add an optional note for the customer (visible in their cancellation email):","Zrušit toto odstoupení? Přidejte volitelnou poznámku pro zákazníka (zobrazí se v jeho e-mailu o zrušení):"
"Resend Receipt","Odeslat potvrzení znovu"
"Send the receipt email again? The customer will receive another copy.","Odeslat e-mail s potvrzením znovu? Zákazník obdrží další kopii."
"Withdrawal Request #%1","Žádost o odstoupení #%1"
"Request Details","Detaily žádosti"
"Information","Informace"
"Reason for Denial","Důvod zamítnutí"
"Customer Cancellation Note","Poznámka zákazníka ke zrušení"
"Cancellation Note","Poznámka ke zrušení"
"Status-Change Note","Poznámka ke změně stavu"
"Code","Kód"
"Label","Štítek"
"Add Reason","Přidat důvod"
"In progress","Probíhá"
"Refund issued","Refundace vystavena"
"Denied","Zamítnuto"
"Cancelled","Zrušeno"
"Pending","Čeká"
"This is a transactional email about your order.","Toto je transakční e-mail týkající se vaší objednávky."
"Reason for denial","Důvod zamítnutí"
"Your cancellation note","Vaše poznámka ke zrušení"
"Note from our team","Poznámka od našeho týmu"
"EU right of withdrawal","Právo na odstoupení dle EU"
"Withdrawal right pending delivery","Právo na odstoupení čeká na doručení"
"Withdrawal window has ended","Lhůta pro odstoupení vypršela"
"Not eligible for withdrawal","Nelze odstoupit"
"Withdrawal already requested","Žádost o odstoupení již odeslána"
"You can withdraw from this contract any time — the 14-day deadline begins counting once the order is delivered.","Od této smlouvy můžete odstoupit kdykoli — 14denní lhůta začíná běžet okamžikem doručení objednávky."
"Your 14-day withdrawal window will begin once this order is delivered.","Vaše 14denní lhůta pro odstoupení začne běžet okamžikem doručení této objednávky."
"The 14-day window for withdrawing from this contract has ended.","14denní lhůta pro odstoupení od této smlouvy vypršela."
"This order is not eligible for withdrawal under EU consumer law (Art. 16 Directive 2011/83/EU).","Tuto objednávku nelze odstoupit podle spotřebitelského práva EU (čl. 16 směrnice 2011/83/EU)."
"A withdrawal request for this order has been submitted. See the request details below.","Pro tuto objednávku byla odeslána žádost o odstoupení. Detaily žádosti viz níže."
"This order contains a perishable item that cannot be returned (food with short shelf life, fresh flowers, etc.).","Tato objednávka obsahuje rychle se kazící zboží, které nelze vrátit (potraviny s krátkou trvanlivostí, čerstvé květiny apod.)."
"This order contains a custom-made or personalised item that cannot be returned.","Tato objednávka obsahuje zboží vyrobené na míru nebo personalizované, které nelze vrátit."
"This order contains a sealed hygiene item. You keep the right of withdrawal only while the seal stays intact — once unsealed after delivery, the right is lost.","Tato objednávka obsahuje zapečetěné hygienické zboží. Právo na odstoupení vám zůstává zachováno pouze po dobu neporušenosti pečeti — po jejím porušení po doručení toto právo zaniká."
"This order contains a sealed audio / video / software item. You keep the right of withdrawal only while the seal stays intact — once unsealed after delivery, the right is lost.","Tato objednávka obsahuje zapečetěné audio / video / softwarové zboží. Právo na odstoupení vám zůstává zachováno pouze po dobu neporušenosti pečeti — po jejím porušení po doručení toto právo zaniká."
"This order contains digital content. Once you start using or downloading the content, you lose the right of withdrawal (you consented to this at checkout).","Tato objednávka obsahuje digitální obsah. Jakmile začnete obsah používat nebo stahovat, ztrácíte právo na odstoupení (s tímto jste souhlasili při placení)."
"%1 item(s) · Refund %2","%1 položek · Refundace %2"
"Awaiting confirmation","Čeká na potvrzení"
"Cancel withdrawal %1? Your refund will not be processed.","Zrušit odstoupení %1? Vaše vrácení peněz nebude zpracováno."
"Submitted","Odesláno"
"Approved","Schváleno"
"Fully returned","Plně vráceno"
"Return requested","Vrácení požadováno"
"Not eligible","Nezpůsobilé"
"Partially requested","Částečně požadováno"
"— Select a reason —","— Vyberte důvod —"
"Other","Jiné"
"The refund will be issued using your original payment method within 5-7 business days after we receive your return.","Vrácení peněz proběhne původním způsobem platby do 5-7 pracovních dnů od přijetí vašeho vrácení."
"Withdrawal right lost (Art. 16(m) CRD) — digital performance started on %1.","Právo na odstoupení zaniklo (čl. 16 písm. m) směrnice o spotřebitelských právech) — plnění digitálního obsahu zahájeno dne %1."
"Request #%1 not found.","Žádost č. %1 nebyla nalezena."
"Receipt email re-queued for request #%1. Delivery will retry asynchronously.","E-mail s potvrzením byl znovu zařazen do fronty pro žádost č. %1. Doručení bude opakováno asynchronně."
"Failed to queue receipt resend: %1","Nepodařilo se zařadit opětovné odeslání potvrzení do fronty: %1"
"Note text is empty.","Text poznámky je prázdný."
"Note added to request #%1.","Poznámka přidána k žádosti č. %1."
"Request #%1 approved.","Žádost č. %1 schválena."
"Request #%1 cancelled.","Žádost č. %1 zrušena."
"Request #%1 denied.","Žádost č. %1 zamítnuta."
"Invalid request id.","Neplatné ID žádosti."
"Unable to open temporary file for CSV export.","Nelze otevřít dočasný soubor pro export CSV."
"Withdrawal Requests","Žádosti o odstoupení"
"%1 requests queued for acceptance.","%1 žádostí zařazeno do fronty ke schválení."
"%1 request(s) approved.","%1 žádostí schváleno."
"%1 request(s) failed. First errors: %2","%1 žádostí selhalo. První chyby: %2"
"Note added to %1 request(s).","Poznámka přidána k %1 žádostem."
"Underlying order #%1 not found.","Nadřazená objednávka č. %1 nebyla nalezena."
"Order #%1 has no invoice yet — Magento requires an invoice before a credit memo can be created. Open an invoice first (Sales → Orders → #%1 → Invoice button), then return here to refund.","Objednávka č. %1 dosud nemá fakturu — Magento vyžaduje fakturu před vytvořením dobropisu. Nejprve vystavte fakturu (Tržby → Objednávky → č. %1 → tlačítko Faktura), poté se sem vraťte pro vrácení peněz."
"No items recorded on this withdrawal request — the credit memo will open with default invoice qtys; please adjust manually.","K této žádosti o odstoupení nejsou evidovány žádné položky — dobropis se otevře s výchozím množstvím z faktury; upravte jej prosím ručně."
"Pre-filled credit memo for withdrawal #%1 — review the qtys + shipping refund below, then click Refund Online or Refund Offline.","Předvyplněný dobropis pro odstoupení č. %1 — zkontrolujte níže množství a refundaci dopravy, poté klikněte na Vrátit online nebo Vrátit offline."
"Some items are no longer eligible. Please reload and try again.","Některé položky již nejsou způsobilé. Načtěte stránku znovu a zkuste to prosím znovu."
"We could not process your request. Please try again.","Vaši žádost se nepodařilo zpracovat. Zkuste to prosím znovu."
"Item","Položka"
"We could not find a matching order for that email.","Pro tento e-mail jsme nenalezli odpovídající objednávku."
"Withdraw from a contract","Odstoupit od smlouvy"
"Withdrawal not found.","Odstoupení nebylo nalezeno."
"This withdrawal can no longer be cancelled online. Contact us if you need help.","Toto odstoupení již nelze zrušit online. V případě potřeby pomoci nás kontaktujte."
"Withdrawal #%1 cancelled.","Odstoupení č. %1 zrušeno."
"Please fill in all required fields.","Vyplňte prosím všechna povinná pole."
"%1 item(s) were excluded from the withdrawal because the seal is broken (Art. 16(e)/(i) Directive 2011/83/EU).","%1 položek bylo z odstoupení vyloučeno, protože pečeť je porušena (čl. 16 písm. e)/i) směrnice 2011/83/EU)."
"Please select at least one item to withdraw.","Vyberte prosím alespoň jednu položku k odstoupení."
"One or more items are no longer available for withdrawal. Please refresh and try again.","Jedna nebo více položek již není k dispozici pro odstoupení. Aktualizujte stránku a zkuste to prosím znovu."
"None of the selected items are eligible for withdrawal.","Žádná z vybraných položek není způsobilá k odstoupení."
"Hash mismatch for quote item %1","Neshoda hashe pro položku nabídky %1"
"Requested qty %1 exceeds remaining %2 for order item %3","Požadované množství %1 přesahuje zbývajících %2 pro položku objednávky %3"
"No delivery confirmation recorded for this order yet.","Pro tuto objednávku zatím není evidováno žádné potvrzení doručení."
"No eligible items selected for withdrawal","Nebyly vybrány žádné položky způsobilé k odstoupení"
"Physical goods","Fyzické zboží"
"Digital content (non-tangible)","Digitální obsah (nehmotný)"
"Digital service (SaaS / subscription)","Digitální služba (SaaS / předplatné)"
"Financial services (not supported)","Finanční služby (nepodporováno)"
"Downloadable products","Stahovatelné produkty"
"Virtual products","Virtuální produkty"
"Bundles containing digital children","Balíčky obsahující digitální podpoložky"
"Custom attribute flag","Příznak vlastního atributu"
"locale_inheritance.xml missing at %1","Chybí soubor locale_inheritance.xml v %1"
"locale_inheritance.xml unreadable at %1","Soubor locale_inheritance.xml v %1 nelze číst"
"locale_inheritance.xml failed XSD validation: %1","Soubor locale_inheritance.xml neprošel validací XSD: %1"
"Original payment method","Původní platební metoda"
"This is your durable-medium receipt for the withdrawal (Art. 11a(4) Directive 2011/83/EU).","Toto je vaše potvrzení o odstoupení na trvalém nosiči (čl. 11a odst. 4 směrnice 2011/83/EU)."
"This email is a notification about your withdrawal request.","Tento e-mail je oznámením o vaší žádosti o odstoupení."
"5–7 business days","5–7 pracovních dnů"
"This is a confirmation that your withdrawal request has been recorded.","Toto je potvrzení, že vaše žádost o odstoupení byla zaevidována."
"MageMe EU Withdrawal is installed but not enabled. Review the compliance checklist and configure the module before enabling: <a href=""%1"">Stores → Configuration → MageMe Extensions → EU Withdrawal</a>.","Modul MageMe EU Withdrawal je nainstalován, ale není povolen. Před jeho povolením si projděte kontrolní seznam shody a nastavte modul: <a href=""%1"">Obchody → Konfigurace → Rozšíření MageMe → EU odstoupení od smlouvy</a>."
"Delivery confirmation status is not configured. Set Stores → Configuration → MageMe Extensions → EU Withdrawal → Withdrawal Period → Delivery Confirmation Statuses.","Stav potvrzení doručení není nakonfigurován. Nastavte v Obchody → Konfigurace → Rozšíření MageMe → EU odstoupení od smlouvy → Lhůta pro odstoupení → Stavy potvrzení doručení."
"No Annex I source found for locale %1 along chain %2","Pro jazyk %1 nebyl v řetězci %2 nalezen zdroj přílohy I"
"Annex I source for locale %1 is malformed","Zdroj přílohy I pro jazyk %1 je poškozen"
"Missing merchant variables for Annex I rendering: %1","Chybí proměnné obchodníka pro vykreslení přílohy I: %1"
"Receipt hash mismatch for request %1","Neshoda hashe potvrzení pro žádost %1"
"Request %1 not found.","Žádost %1 nebyla nalezena."
"Denying a withdrawal request requires a legal basis of at least 10 characters.","Zamítnutí žádosti o odstoupení vyžaduje právní zdůvodnění o délce alespoň 10 znaků."
"Withdrawal request cannot transition from ""%1"" to ""%2"".","Žádost o odstoupení nelze převést z „%1“ na „%2“."
"Request %1 is not in pending_confirm state.","Žádost %1 není ve stavu pending_confirm."
"Withdrawal request #%1 does not exist.","Žádost o odstoupení č. %1 neexistuje."
"No digital items on order %1","Žádné digitální položky v objednávce %1"
"This is your durable-medium copy of the waiver you signed at checkout (Art. 11a(4) Directive 2011/83/EU).","Toto je vaše kopie souhlasu na trvalém nosiči, který jste podepsal/a při placení (čl. 11a odst. 4 směrnice 2011/83/EU)."
"Waived","Vzdáno"
"Waiver email render failed: %1","Vykreslení e-mailu se souhlasem selhalo: %1"
"Digital content waiver text has changed — please reload checkout.","Text souhlasu s digitálním obsahem se změnil — načtěte prosím pokladnu znovu."
"Digital content waiver is incomplete for item %1.","Souhlas s digitálním obsahem je u položky %1 neúplný."
"bad","chybný"
"smtp down","smtp down"
"smtp","smtp"
"down","nedostupný"
"No shipment found for order 42.","Pro objednávku 42 nebyla nalezena žádná zásilka."
"View","Zobrazit"
"Withdrawal & Customer Information","Informace o odstoupení a zákazníkovi"
"Request # %1","Žádost č. %1"
"Request Status","Stav žádosti"
"Submitted At","Odesláno"
"Related Order","Související objednávka"
"Jurisdiction","Jurisdikce"
"Contract Type","Typ smlouvy"
"Receipt Status","Stav potvrzení"
"%1 attempt(s)","%1 pokusů"
"Receipt Error","Chyba potvrzení"
"Customer Information","Informace o zákazníkovi"
"Customer Name","Jméno zákazníka"
"Email","E-mail"
"Locale","Jazyk"
"Items Selected for Withdrawal","Položky vybrané k odstoupení"
"Product","Produkt"
"Price","Cena"
"Qty","Množ."
"Subtotal","Mezisoučet"
"Refund","Refundace"
"Reason","Důvod"
"Eligibility","Způsobilost"
"No items associated with this request.","K této žádosti nejsou přiřazeny žádné položky."
"SKU","SKU"
"Ordered","Objednáno"
"Withdrawing","Odstupuje se"
"Refund Total","Celkem k vrácení"
"Notes for this Request","Poznámky k této žádosti"
"Internal notes — visible to admin staff only. Not sent to the customer.","Interní poznámky — viditelné pouze pro pracovníky administrace. Zákazníkovi se neodesílají."
"Comment","Komentář"
"Add internal note (max 2000 chars)","Přidat interní poznámku (max. 2000 znaků)"
"Submit Comment","Odeslat komentář"
"No comments added yet.","Zatím nebyly přidány žádné komentáře."
" by %1"," od %1"
"Refund Totals","Souhrn refundace"
"Items Subtotal","Mezisoučet položek"
"Shipping Refund","Refundace dopravy"
"Total Refund","Celková refundace"
"Changes have been made to this section that have not been saved.","V této sekci byly provedeny neuložené změny."
"This tab contains invalid data. Please resolve this before saving.","Tato karta obsahuje neplatná data. Před uložením je prosím opravte."
"Contact us","Kontaktujte nás"
"Returns","Vrácení"
"FAQs","Časté dotazy"
"All rights reserved.","Všechna práva vyhrazena."
"Returned items","Vrácené položky"
"No image","Bez obrázku"
"Item status","Stav položky"
"Withdrawal options for this order","Možnosti odstoupení pro tuto objednávku"
"You can return this order until %1.","Tuto objednávku můžete vrátit do %1."
"(Art. 11a Directive 2011/83/EU)","(čl. 11a směrnice 2011/83/EU)"
"Submit a withdrawal request to start the refund process.","Pro zahájení procesu vrácení peněz odešlete žádost o odstoupení."
"(Art. 9(2)(b) Directive 2011/83/EU)","(čl. 9 odst. 2 písm. b) směrnice 2011/83/EU)"
"Start withdrawal","Zahájit odstoupení"
"Your withdrawal requests","Vaše žádosti o odstoupení"
"Submitted %1","Odesláno %1"
"Show items","Zobrazit položky"
"Cancel withdrawal","Zrušit odstoupení"
"Qty %1","Množství %1"
"Receipt details","Detaily potvrzení"
"Receipt number","Číslo potvrzení"
"Order number","Číslo objednávky"
"Consumer","Spotřebitel"
"Refund total","Celková částka k vrácení"
"Merchant","Prodejce"
"Legal basis","Právní základ"
"SKU %1","SKU %1"
"Shipping refund","Refundace dopravy"
"Tax refund","Refundace daně"
"Total refund","Celkové vrácení peněz"
"Digital content — Art. 16(m) notice","Digitální obsah — informace dle čl. 16 písm. m)"
"By placing the order you agreed to begin performance of the digital content before the end of the withdrawal period and acknowledged that, once performance has begun, the right of withdrawal no longer applies. This notice is shown for your records.","Zadáním objednávky jste souhlasil/a se zahájením plnění digitálního obsahu před uplynutím lhůty pro odstoupení a vzal/a jste na vědomí, že po zahájení plnění se právo na odstoupení již neuplatní. Tato informace se zobrazuje pro vaše záznamy."
"Existing withdrawals for this order","Stávající odstoupení pro tuto objednávku"
"You can cancel a withdrawal here until it is approved.","Odstoupení zde můžete zrušit do doby jeho schválení."
"Request #%1","Žádost #%1"
"SKU: %1","SKU: %1"
"Estimated refund: %1 %2","Odhadovaná refundace: %1 %2"
"Cancel this withdrawal","Zrušit toto odstoupení"
"Are you sure? This cannot be undone.","Jste si jisti? Tuto akci nelze vrátit zpět."
"Yes, cancel","Ano, zrušit"
"Keep it","Ponechat"
"Select items to return","Vyberte položky k vrácení"
"Choose all items or only some of them. Set the return quantity for each item you want to withdraw.","Vyberte všechny položky nebo jen některé. Nastavte množství k vrácení u každé položky, od které chcete odstoupit."
"You have 14 days from the day you received your order to withdraw from the contract without giving a reason.","Od okamžiku obdržení objednávky máte 14 dní na odstoupení od smlouvy bez udání důvodu."
"Back to order search","Zpět na vyhledávání objednávek"
"Cancel","Zrušit"
"Continue to review","Pokračovat na kontrolu"
"Review and confirm","Zkontrolovat a potvrdit"
"Order #%1","Objednávka #%1"
"Placed on %1","Vytvořeno %1"
"Awaiting delivery","Čeká na doručení"
"Delivered on %1","Doručeno %1"
"Total","Celkem"
"Return shipping","Doprava vrácení"
"View return policy","Zobrazit zásady vracení"
"Refund method","Způsob vrácení"
"Refund will be issued to your original payment method.","Vrácení peněz proběhne na váš původní způsob platby."
"Return summary","Shrnutí vrácení"
"Shipping & Handling","Doprava a manipulace"
"Tax","Daň"
"Back to items","Zpět na položky"
"Submit return request","Odeslat žádost o vrácení"
"Your return request has been submitted!","Vaše žádost o vrácení byla odeslána!"
"We've emailed you a notification with your return details and a prepaid return label (if applicable). You have 14 days from the delivery date to send your items back.","Zaslali jsme vám e-mailem oznámení s podrobnostmi vrácení a předplaceným zpětným štítkem (pokud je to relevantní). Od data doručení máte 14 dní na odeslání položek zpět."
"Return request number","Číslo žádosti o vrácení"
"Copy request number","Kopírovat číslo žádosti"
"Copied!","Zkopírováno!"
"Confirmation email sent","Potvrzovací e-mail odeslán"
"We've sent the details to","Podrobnosti jsme odeslali na"
"What happens next?","Co bude následovat?"
"Pack your items securely","Bezpečně zabalte své položky"
"Send them back using the provided instructions","Odešlete je zpět podle dodaných pokynů"
"We'll inspect your return","Vrácení zkontrolujeme"
"Your refund will be issued to your original payment method","Vrácení peněz proběhne na váš původní způsob platby"
"Need more help?","Potřebujete další pomoc?"
"View my returns","Zobrazit moje vrácení"
"Contact support","Kontaktovat podporu"
"Purchased","Zakoupeno"
"Returned","Vráceno"
"Decrease quantity","Snížit množství"
"Increase quantity","Zvýšit množství"
"Is the hygiene seal still intact?","Je hygienická pečeť stále neporušená?"
"Is the original software / media seal still intact?","Je originální pečeť softwaru / nosiče stále neporušená?"
"Yes — it's still sealed","Ano — stále je zapečetěná"
"Refund possible — return the unopened package.","Vrácení peněz je možné — vraťte neotevřený balíček."
"No — I've opened it","Ne — otevřel/a jsem ji"
"This item cannot be returned (Art. 16(e) Directive 2011/83/EU).","Tuto položku nelze vrátit (čl. 16 písm. e) směrnice 2011/83/EU)."
"This item cannot be returned (Art. 16(i) Directive 2011/83/EU).","Tuto položku nelze vrátit (čl. 16 písm. i) směrnice 2011/83/EU)."
"Once you confirm the seal is broken, this item is excluded from the withdrawal request and the quantity will be reset to zero.","Jakmile potvrdíte, že je pečeť porušena, je tato položka vyloučena z žádosti o odstoupení a její množství bude vynulováno."
"Reason for return (optional)","Důvod vrácení (volitelné)"
"Tell us more (optional, max 500 chars)","Sdělte nám více (volitelné, max. 500 znaků)"
"Already returned.","Již vráceno."
"awaiting admin review","čeká na posouzení administrátorem"
"awaiting confirmation","čeká na potvrzení"
"Request %1 %2 (%3 item%4).","Žádost %1 %2 (%3 položek%4)."
"Return request awaiting review.","Žádost o vrácení čeká na posouzení."
"Cancel request","Zrušit žádost"
"Under EU consumer law, you may withdraw from most contracts within 14 days without giving a reason.","Podle spotřebitelského práva EU můžete od většiny smluv odstoupit do 14 dní bez udání důvodu."
"Read your full pre-contract rights (Art. 6)","Přečtěte si všechna svá předsmluvní práva (čl. 6)"
"Under Art. 6 of Directive 2011/83/EU (as amended by Directive (EU) 2023/2673), before you placed this order the seller informed you — or made available — the following information:","Podle čl. 6 směrnice 2011/83/EU (ve znění směrnice (EU) 2023/2673) vás prodávající před zadáním této objednávky informoval — nebo zpřístupnil — následující informace:"
"The main characteristics of the goods or services.","Hlavní vlastnosti zboží nebo služeb."
"The identity and contact details of the trader.","Totožnost a kontaktní údaje obchodníka."
"The total price including all taxes and any delivery costs.","Celková cena včetně všech daní a případných nákladů na dopravu."
"The arrangements for payment, delivery and performance, and complaint-handling.","Způsoby platby, dodání a plnění a vyřizování reklamací."
"Your right of withdrawal: under Art. 9 you have 14 days to withdraw from this distance contract without giving a reason. For physical goods, the 14-day period starts on the day you (or a third party nominated by you) take physical possession of the goods. For services and digital content, different starting dates apply (Art. 9(2)(a)/(c)).","Vaše právo na odstoupení: podle čl. 9 máte 14 dní na odstoupení od této smlouvy uzavřené na dálku bez udání důvodu. U fyzického zboží začíná 14denní lhůta běžet dnem, kdy vy (nebo třetí osoba vámi určená) převezmete fyzicky zboží. Pro služby a digitální obsah platí jiné počáteční termíny (čl. 9 odst. 2 písm. a)/c))."
"Exceptions: the right does not apply to certain goods and services listed in Art. 16 (e.g., custom-made goods, sealed hygiene items once unsealed, digital content whose performance has begun with your prior express consent and acknowledgement that you lose the withdrawal right).","Výjimky: právo se nevztahuje na určité zboží a služby uvedené v čl. 16 (např. zboží vyrobené na míru, zapečetěné hygienické zboží po porušení pečeti, digitální obsah, jehož plnění bylo zahájeno s vaším předchozím výslovným souhlasem a potvrzením, že tím ztrácíte právo na odstoupení)."
"The legal guarantee of conformity for goods applies under Art. 5 of Directive 2019/771, in addition to the right of withdrawal.","Zákonná záruka shody zboží se uplatňuje podle čl. 5 směrnice 2019/771, a to vedle práva na odstoupení."
"Delivery: %1","Doručení: %1"
"Total paid","Zaplaceno celkem"
"Pick an order to withdraw from","Vyberte objednávku, od které chcete odstoupit"
"Select a recent order to start your withdrawal.","Pro zahájení odstoupení vyberte nedávnou objednávku."
"Select","Vybrat"
"Withdrawal progress","Průběh odstoupení"
"title","název"
"subtitle","podtitulek"
"Items to return","Položky k vrácení"
"0 items","0 položek"
"Refund summary","Shrnutí vrácení peněz"
"No items in this order are currently eligible for withdrawal.","Žádné položky v této objednávce nejsou aktuálně způsobilé k odstoupení."
"Each line is either already being processed, pending confirmation, or has been fully withdrawn. Check the existing requests section above for status or to cancel.","Každá položka se buď již zpracovává, čeká na potvrzení, nebo byla plně vrácena. Stav nebo zrušení najdete v sekci stávajících žádostí výše."
"No items selected yet. Use the + button next to an item to add it to your return.","Zatím nejsou vybrány žádné položky. Použijte tlačítko + vedle položky pro její přidání do vrácení."
"Find your order","Najít objednávku"
"Enter the details you used during checkout to start a return or withdrawal.","Zadejte údaje, které jste použili při placení, pro zahájení vrácení nebo odstoupení od smlouvy."
"We could not find an order matching that email. Double-check your order number and email address.","Pro zadaný e-mail jsme nenalezli odpovídající objednávku. Zkontrolujte prosím číslo objednávky a e-mailovou adresu."
"e.g. 12345","např. 12345"
"You can find this in your order confirmation email.","Najdete to v potvrzovacím e-mailu objednávky."
"Email address","E-mailová adresa"
"you@example.com","you@example.com"
"Must match the email used for the order.","Musí odpovídat e-mailu použitému pro objednávku."
"Find my order","Najít mou objednávku"
"You have the right to withdraw from your purchase within 14 days of receiving your order, without giving any reason.","Máte právo odstoupit od nákupu do 14 dnů od obdržení objednávky bez udání důvodu."
"Need help finding your order?","Potřebujete pomoc s nalezením objednávky?"
"Select an order","Vybrat objednávku"
"Choose an order from your history to start a return or withdrawal.","Zvolte objednávku ze své historie a začněte vrácení nebo odstoupení od smlouvy."
"You don't have any orders eligible for withdrawal. The 14-day withdrawal window runs from the day you received your order.","Nemáte žádné objednávky způsobilé k odstoupení. 14denní lhůta pro odstoupení běží ode dne, kdy jste objednávku obdržel/a."
"View all my orders","Zobrazit všechny mé objednávky"
"items","položek"
"Select order","Vybrat objednávku"
"No recent withdrawal","Žádné nedávné odstoupení"
"We could not find a recent withdrawal in this session. If you have just submitted one, please check your inbox for the confirmation email.","V této relaci jsme nenašli žádné nedávné odstoupení. Pokud jste jej právě odeslal/a, zkontrolujte prosím doručenou poštu, kde najdete potvrzovací e-mail."
"Start a new withdrawal","Zahájit nové odstoupení"
"Withdrawal #%1 submitted","Odstoupení #%1 odesláno"
"Related order:","Související objednávka:"
"Items","Položky"
"Items included in this withdrawal","Položky zahrnuté v tomto odstoupení"
"Line Total","Součet položky"
"What happens next","Co následuje"
"You will receive a receipt email with the full withdrawal statement and integrity hash within a few minutes.","Během několika minut obdržíte e-mail s potvrzením, který obsahuje úplné prohlášení o odstoupení a kontrolní hash."
"The 14-day window under Art. 9 CRD is locked to the moment you confirmed the withdrawal — nothing further is required from you to preserve the right.","14denní lhůta podle čl. 9 směrnice o spotřebitelských právech je vázána na okamžik, kdy jste odstoupení potvrdil/a — k zachování tohoto práva od vás již není nic dalšího vyžadováno."
"The final refund is determined after we receive the returned items (Art. 14(2)) and is issued to the original payment method. Expect the funds within 14 days of receipt.","Konečná výše vrácení peněz je stanovena po obdržení vrácených položek (čl. 14 odst. 2) a je vrácena na původní způsob platby. Prostředky obdržíte do 14 dnů od jejich přijetí."
"Back to Withdrawals","Zpět na odstoupení"
"Verzichtsbestätigung digitaler Inhalte — Bestellung %increment_id","Potvrzení vzdání se práva u digitálního obsahu — Objednávka %increment_id"
"Sehr geehrte/r %name,","Vážený/á %name,"
"Dies ist die Bestätigung auf einem dauerhaften Datenträger Ihrer ausdrücklichen Einwilligung zum Beginn der Ausführung folgender digitaler Inhalte sowie Ihrer Bestätigung, dass Sie dadurch Ihr Widerrufsrecht verlieren (Art. 16(m) VRL).","Toto je potvrzení na trvalém nosiči vašeho výslovného souhlasu se zahájením plnění následujícího digitálního obsahu a vašeho potvrzení, že tímto ztrácíte právo na odstoupení od smlouvy (čl. 16 písm. m) směrnice o spotřebitelských právech)."
"Durch den Verzicht abgedeckte digitale Inhalte","Digitální obsah, na který se vzdání práva vztahuje"
"Ihre ausdrückliche Einwilligung","Váš výslovný souhlas"
"Eingewilligt am:","Souhlas udělen dne:"
"Ihre Bestätigung zum Verlust des Widerrufsrechts","Vaše potvrzení o ztrátě práva na odstoupení"
"Bestätigt am:","Potvrzeno dne:"
"Verzichtsreferenz:","Reference vzdání se práva:"
"Rechtsgrundlage: Art. 16(m) Verbraucherrechterichtlinie 2011/83/EU.","Právní základ: čl. 16 písm. m) směrnice o spotřebitelských právech 2011/83/EU."
"Digital content waiver confirmation — Order %1","Potvrzení souhlasu s digitálním obsahem — Objednávka %1"
"Dear %name,","Vážený/á %name,"
"This is the durable-medium confirmation of your express consent to begin performance of the following digital items, and your acknowledgment that by doing so you lose your right of withdrawal (Art. 16(m) CRD).","Toto je potvrzení na trvalém nosiči vašeho výslovného souhlasu se zahájením plnění následujících digitálních položek a vašeho potvrzení, že tímto ztrácíte právo na odstoupení od smlouvy (čl. 16 písm. m) směrnice o spotřebitelských právech)."
"Digital items covered by this waiver","Digitální položky, kterých se tento souhlas týká"
"Your express consent","Tvůj výslovný souhlas"
"Consented at:","Souhlas udělen dne:"
"Your acknowledgment of loss of withdrawal right","Tvoje potvrzení o ztrátě práva na odstoupení"
"Acknowledged at:","Potvrzeno dne:"
"Waiver reference:","Reference souhlasu:"
"Legal basis: Art. 16(m) Consumer Rights Directive 2011/83/EU.","Právní základ: čl. 16 písm. m) směrnice 2011/83/EU o právech spotřebitelů."
"Digitaalisen sisällön luopumisvahvistus — Tilaus %increment_id","Potvrzení vzdání se práva u digitálního obsahu — Objednávka %increment_id"
"Hyvä %name,","Vážený/á %name,"
"Tämä on pysyvällä tietovälineellä annettu vahvistus nimenomaisesta suostumuksestasi aloittaa seuraavien digitaalisten sisältöjen toimitus sekä vahvistuksestasi, että menetät peruuttamisoikeutesi (KSL 6:16).","Toto je potvrzení na trvalém nosiči vašeho výslovného souhlasu se zahájením dodání následujícího digitálního obsahu a vašeho potvrzení, že tímto ztrácíte právo na odstoupení od smlouvy (čl. 16 písm. m) směrnice o spotřebitelských právech)."
"Luopumisen kattamat digitaaliset sisällöt","Digitální obsah, na který se vzdání práva vztahuje"
"Nimenomainen suostumuksesi","Váš výslovný souhlas"
"Suostuttu:","Souhlas udělen dne:"
"Vahvistuksesi peruuttamisoikeuden menettämisestä","Vaše potvrzení o ztrátě práva na odstoupení"
"Vahvistettu:","Potvrzeno dne:"
"Luopumisen viite:","Reference vzdání se práva:"
"Oikeusperusta: KSL 6:16 / Art. 16(m) kuluttajanoikeusdirektiivi 2011/83/EU.","Právní základ: čl. 16 písm. m) směrnice o spotřebitelských právech 2011/83/EU."
"Confirmation de renonciation au contenu numérique — Commande %increment_id","Potvrzení vzdání se práva u digitálního obsahu — Objednávka %increment_id"
"Cher/Chère %name,","Vážený/á %name,"
"Ceci est la confirmation sur un support durable de votre consentement exprès à commencer l'exécution des contenus numériques suivants, et de votre reconnaissance que vous perdez ainsi votre droit de rétractation (Art. L. 221-28 Code consommation).","Toto je potvrzení na trvalém nosiči vašeho výslovného souhlasu se zahájením plnění následujícího digitálního obsahu a vašeho potvrzení, že tímto ztrácíte právo na odstoupení od smlouvy (čl. 16 písm. m) směrnice o spotřebitelských právech)."
"Contenus numériques couverts par la présente renonciation","Digitální obsah, na který se toto vzdání práva vztahuje"
"Votre consentement exprès","Váš výslovný souhlas"
"Consenti le :","Souhlas udělen dne:"
"Votre reconnaissance de la perte du droit de rétractation","Vaše potvrzení o ztrátě práva na odstoupení"
"Reconnu le :","Potvrzeno dne:"
"Référence de renonciation :","Reference vzdání se práva:"
"Base légale : Art. L. 221-28 Code consommation / Art. 16(m) Directive 2011/83/UE.","Právní základ: čl. 16 písm. m) směrnice o spotřebitelských právech 2011/83/EU."
"Bevestiging afstand digitale inhoud — Bestelling %increment_id","Potvrzení vzdání se práva u digitálního obsahu — Objednávka %increment_id"
"Beste %name,","Vážený/á %name,"
"Dit is de bevestiging op een duurzame gegevensdrager van uw uitdrukkelijke toestemming om te beginnen met de levering van de volgende digitale inhoud, en uw erkenning dat u daardoor uw herroepingsrecht verliest (Art. 6:230s BW).","Toto je potvrzení na trvalém nosiči vašeho výslovného souhlasu se zahájením dodání následujícího digitálního obsahu a vašeho potvrzení, že tímto ztrácíte právo na odstoupení od smlouvy (čl. 16 písm. m) směrnice o spotřebitelských právech)."
"Onder deze afstand vallende digitale items","Digitální položky, na které se toto vzdání práva vztahuje"
"Uw uitdrukkelijke toestemming","Váš výslovný souhlas"
"Toestemming verleend op:","Souhlas udělen dne:"
"Uw erkenning van verlies van herroepingsrecht","Vaše potvrzení o ztrátě práva na odstoupení"
"Erkend op:","Potvrzeno dne:"
"Afstandreferentie:","Reference vzdání se práva:"
"Rechtsgrondslag: Art. 6:230s BW / Art. 16(m) Richtlijn 2011/83/EU.","Právní základ: čl. 16 písm. m) směrnice o spotřebitelských právech 2011/83/EU."
"[EU Withdrawal] Receipt send failed — request #%request_id","[EU odstoupení] Odeslání potvrzení selhalo — žádost č. %request_id"
"The receipt email for withdrawal request #%request_id has failed to send permanently.","E-mail s potvrzením pro žádost o odstoupení č. %request_id se trvale nepodařilo odeslat."
"Inspect the <code>mm_eu_withdrawal_request.receipt_last_error</code> column for the last error message, and the <code>mm_eu_withdrawal_request.receipt_send_attempts</code> column for the retry count.","Prohlédněte si sloupec <code>mm_eu_withdrawal_request.receipt_last_error</code>, kde najdete poslední chybovou zprávu, a sloupec <code>mm_eu_withdrawal_request.receipt_send_attempts</code> pro počet pokusů."
"You can requeue the send from the admin grid after resolving the underlying issue.","Po vyřešení původního problému můžete odeslání znovu zařadit do fronty z administrátorské mřížky."
"Your refund is on its way — Withdrawal #%1","Tvoje vrácení peněz je na cestě — Odstoupení č. %1"
"Your refund is on its way","Tvoje vrácení peněz je na cestě"
"Hi %name, we've approved your withdrawal request and started the refund process.","Ahoj %name, schválili jsme tvou žádost o odstoupení a zahájili jsme proces vrácení peněz."
"View refund details","Zobrazit detaily vrácení"
"Withdrawal number","Číslo odstoupení"
"Approved on","Schváleno"
"Estimated arrival","Předpokládané doručení"
"Status","Stav"
"Your refund will be issued to your original payment method within 5–7 business days. You'll see it on your card or bank statement once it lands.","Tvoje vrácení peněz bude provedeno na původní platební metodu během 5–7 pracovních dnů. Až částka dorazí, uvidíš ji na výpisu z karty nebo z bankovního účtu."
"Need help?","Potřebuješ pomoc?"
"Reply to this email or contact us at","Odpověz na tento e-mail nebo nás kontaktuj na adrese"
"Your withdrawal was cancelled — Withdrawal #%1","Tvoje odstoupení bylo zrušeno — Odstoupení č. %1"
"Your withdrawal was cancelled","Tvoje odstoupení bylo zrušeno"
"Hi %name, we've cancelled your withdrawal request.","Ahoj %name, zrušili jsme tvou žádost o odstoupení."
"Submit a new request","Podat novou žádost"
"Cancelled request","Zrušená žádost"
"Cancelled on","Zrušeno dne"
"Refund requested","Požadováno vrácení"
"If this was unexpected, you can submit a new withdrawal request as long as your 14-day window is still open. Reach out if you need help — we're happy to clarify.","Pokud to bylo neočekávané, můžeš podat novou žádost o odstoupení, dokud je 14denní lhůta otevřená. Ozvi se, pokud potřebuješ pomoc — rádi ti vše vysvětlíme."
"Cancellation confirmed — Withdrawal #%1","Zrušení potvrzeno — Odstoupení č. %1"
"Cancellation confirmed","Zrušení potvrzeno"
"Hi %name, your withdrawal request has been cancelled as you asked.","Ahoj %name, tvoje žádost o odstoupení byla zrušena podle tvého přání."
"Back to my orders","Zpět na moje objednávky"
"Cancelled by","Zrušeno"
"You","Vy"
"Your order remains active and there's no further action needed. If you change your mind, you can start a new withdrawal request any time within your 14-day window.","Tvoje objednávka zůstává aktivní a není třeba nic dalšího dělat. Pokud změníš názor, můžeš kdykoli během 14denní lhůty podat novou žádost o odstoupení."
"Update on your withdrawal request — Withdrawal #%1","Aktualizace tvé žádosti o odstoupení — Odstoupení č. %1"
"We can't process this withdrawal","Toto odstoupení nemůžeme zpracovat"
"Hi %name, after reviewing your withdrawal request we're unable to approve it.","Ahoj %name, po posouzení tvé žádosti o odstoupení ji bohužel nemůžeme schválit."
"Request details","Detaily žádosti"
"Reviewed on","Zkontrolováno"
"Decision","Rozhodnutí"
"Reason from our team","Důvod od našeho týmu"
"If you'd like to discuss this decision, our team is here to help. Reply to this email or use the button above.","Pokud chceš o tomto rozhodnutí mluvit, náš tým ti rád pomůže. Odpověz na tento e-mail nebo použij tlačítko výše."
"Your withdrawal request has been submitted — Order #%1","Tvoje žádost o odstoupení byla odeslána — Objednávka č. %1"
"Your return request has been submitted","Tvoje žádost o vrácení byla odeslána"
"Hi %name, we've received your return request and are currently reviewing it. You'll hear back when we've inspected your return and processed your refund.","Ahoj %name, přijali jsme tvou žádost o vrácení a momentálně ji posuzujeme. Ozveme se ti, jakmile vrácení zkontrolujeme a zpracujeme vrácení peněz."
"Return number","Číslo vrácení"
"Requested on","Vyžádáno"
"We'll inspect your return and notify you once approved. Refunds are issued to your original payment method within 5–7 business days after approval.","Tvoje vrácení zkontrolujeme a po schválení tě upozorníme. Vrácení peněz proběhne na původní platební metodu během 5–7 pracovních dnů od schválení."
"If you have any questions, our customer service team is here to help.","Pokud máš jakékoli otázky, náš tým zákaznické podpory ti rád pomůže."
"Visit our help center","Navštívit naše centrum nápovědy"
"If you did not initiate this request, contact us immediately at","Pokud jsi tuto žádost nepodal/a, ihned nás kontaktuj na adrese"
"Withdrawal receipt — Order #%1","Potvrzení o odstoupení — Objednávka č. %1"
"Withdrawal receipt","Potvrzení o odstoupení"
"Hi %name, this email is your durable-medium proof of withdrawal under Art. 11a Directive 2011/83/EU. Keep it for your records.","Ahoj %name, tento e-mail je tvým dokladem o odstoupení na trvalém nosiči podle čl. 11a směrnice 2011/83/EU. Uschovej si jej pro své záznamy."
"Submitted on","Odesláno"
"Your %store_name order confirmation","Potvrzení vaší objednávky %store_name"
"%customer_name,","%customer_name,"
"Thank you for your order from %store_name.","Děkujeme za vaši objednávku v %store_name."
"Once your package ships we will send you a tracking number.","Po odeslání zásilky vám zašleme sledovací číslo."
"You can check the status of your order by <a href=""%account_url"">logging into your account</a>.","Stav vaší objednávky můžete zkontrolovat <a href=""%account_url"">přihlášením do svého účtu</a>."
"If you have questions about your order, you can email us at <a href=""mailto:%store_email"">%store_email</a>","Pokud máte k objednávce dotazy, napište nám na <a href=""mailto:%store_email"">%store_email</a>"
"or call us at <a href=""tel:%store_phone"">%store_phone</a>","nebo nám zavolejte na <a href=""tel:%store_phone"">%store_phone</a>"
"Our hours are <span class=""no-link"">%store_hours</span>.","Naše otevírací doba: <span class=""no-link"">%store_hours</span>."
"Your Order <span class=""no-link"">#%increment_id</span>","Vaše objednávka <span class=""no-link"">č. %increment_id</span>"
"Placed on <span class=""no-link"">%created_at</span>","Vytvořeno dne <span class=""no-link"">%created_at</span>"
"Billing Info","Fakturační údaje"
"Shipping Info","Údaje o doručení"
"Payment Method","Způsob platby"
"Shipping Method","Způsob doručení"
"%name,","%name,"
"Once your package ships we will send an email with a link to track your order.","Po odeslání zásilky vám pošleme e-mail s odkazem pro sledování objednávky."
"Your %store_name order has shipped","Vaše objednávka %store_name byla odeslána"
"Your shipping confirmation is below. Thank you again for your business.","Níže najdete potvrzení o odeslání. Ještě jednou děkujeme za váš nákup."
"Your Shipment #%shipment_id for Order #%order_id","Vaše zásilka č. %shipment_id k objednávce č. %order_id"
"Your digital content waiver is on file","Tvůj souhlas s digitálním obsahem je uložen"
"Hi %name, you've consented to immediate digital delivery of the items below — this is your durable-medium copy of that consent (Art. 11a(4) CRD).","Ahoj %name, souhlasil/a jsi s okamžitým digitálním dodáním níže uvedených položek — toto je tvoje kopie souhlasu na trvalém nosiči (čl. 11a odst. 4 CRD)."
"View order","Zobrazit objednávku"
"Consented at","Souhlas udělen dne"
"Acknowledged at","Potvrzeno dne"
"Keep this email as your durable-medium record. The merchant has stored the SHA-256 hash of the legal text you accepted:","Uschovej si tento e-mail jako záznam na trvalém nosiči. Obchodník uložil SHA-256 hash právního textu, se kterým jsi souhlasil/a:"
"Digital content waiver","Vzdání se práva u digitálního obsahu"
"We need your explicit consent before you can buy this digital item — please read both points carefully.","Před zakoupením tohoto digitálního obsahu potřebujeme váš výslovný souhlas — prosíme, přečtěte si pečlivě oba body."
"We log this consent with your IP and timestamp for our audit record.","Tento souhlas zaznamenáváme s vaší IP adresou a časovým razítkem pro naši kontrolní evidenci."
"Continue","Pokračovat"
"Waiver could not be saved. Please retry.","Souhlas se nepodařilo uložit. Zkuste to prosím znovu."
"Enable for EU Withdrawal Lookup Form","Povolit pro vyhledávací formulář EU odstoupení"
"MageMe Extensions","Rozšíření MageMe"
"EU Withdrawal","EU odstoupení od smlouvy"
"General","Obecné"
"Enable Module","Povolit modul"
"Activates frontend and cron jobs. Default: disabled. Complete the manual setup checklist before enabling.","Aktivuje frontend a cron úlohy. Výchozí stav: vypnuto. Před povolením dokončete kontrolní seznam ručního nastavení."
"Request Number Prefix","Předpona čísla žádosti"
"Optional prefix prepended to the withdrawal request increment ID in customer-facing UI (e.g. ""RR-"" renders as ""RR-000000022""). Leave blank to show the plain padded number.","Volitelná předpona připojovaná před inkrementální ID žádosti o odstoupení v zákaznickém rozhraní (např. „RR-“ se vykreslí jako „RR-000000022“). Pro zobrazení samotného doplněného čísla ponechte prázdné."
"Default Contract Type","Výchozí typ smlouvy"
"Frontend Route","Frontendová cesta"
"URL prefix used by the customer-facing withdrawal flow (e.g. <code>withdraw-contract</code> renders as <code>/withdraw-contract/...</code>). Lowercase letters, digits, dashes and underscores only.","Předpona URL používaná zákaznickým procesem odstoupení (např. <code>withdraw-contract</code> se vykreslí jako <code>/withdraw-contract/...</code>)."
"Withdrawal Period","Lhůta pro odstoupení"
"Delivery Confirmation Statuses","Stavy potvrzení doručení"
"Pick one or more order statuses whose <em>transition</em> means the customer received the goods in your fulfillment workflow. The 14-day withdrawal window starts on the timestamp of the order's <em>earliest</em> transition into <em>any</em> of the selected statuses (Art. 9(2)(b) Directive 2011/83/EU). Multi-select supports merchants who use several ""delivered""-type statuses (e.g. <code>delivered</code> + <code>complete</code> + <code>delivered_partial</code>). Until the order reaches any of them, the right of withdrawal is open with no fixed deadline.","Vyberte jeden nebo více stavů objednávky, jejichž <em>přechod</em> ve vašem expedičním procesu znamená, že zákazník zboží převzal. 14denní lhůta pro odstoupení začíná běžet od časového razítka <em>nejdříve</em> nastalého přechodu objednávky do <em>kteréhokoli</em> z vybraných stavů (čl. 9 odst. 2 písm. b) směrnice 2011/83/EU). Vícenásobný výběr podporuje obchodníky, kteří používají několik stavů typu „doručeno“ (např. <code>delivered</code> + <code>complete</code> + <code>delivered_partial</code>). Dokud objednávka nedosáhne žádného z nich, je právo na odstoupení otevřené bez pevného termínu."
"Eligibility Rules (Art. 16 CRD Presets)","Pravidla způsobilosti (přednastavení čl. 16 CRD)"
"Art. 16(c) Custom-Made Goods","Čl. 16 písm. c) zboží vyrobené na míru"
"Excludes products made to customer specifications or clearly personalised (e.g. engraved jewellery, made-to-measure clothing). <strong>Requires</strong> product attribute <code>is_custom_made = true</code>. If enabled, orders containing such items cannot be withdrawn — customers will see this when attempting to start withdrawal.","Vylučuje produkty vyrobené podle specifikací zákazníka nebo zjevně personalizované (např. gravírované šperky, oděvy šité na míru). <strong>Vyžaduje</strong> atribut produktu <code>is_custom_made = true</code>. Pokud je povoleno, od objednávek obsahujících takové položky nelze odstoupit — zákazníci to uvidí při pokusu o zahájení odstoupení."
"Art. 16(d) Perishable Goods","Čl. 16 písm. d) rychle se kazící zboží"
"Excludes goods that can deteriorate or expire rapidly (fresh food, cut flowers, short-shelf-life pharmaceuticals). <strong>Requires</strong> product attribute <code>is_perishable = true</code>. Do not enable for all categories — apply it only to truly perishable SKUs, otherwise you will unlawfully deny valid withdrawals.","Vylučuje zboží, které se může rychle zkazit nebo expirovat (čerstvé potraviny, řezané květiny, léčiva s krátkou trvanlivostí). <strong>Vyžaduje</strong> atribut produktu <code>is_perishable = true</code>. Nepovolujte pro všechny kategorie — aplikujte pouze na skutečně rychle se kazící SKU, jinak budete protiprávně zamítat platná odstoupení."
"Art. 16(e) Sealed Hygiene / Health","Čl. 16 písm. e) zapečetěné hygienické / zdravotnické zboží"
"Excludes sealed hygiene or health items <strong>only if the seal has been broken after delivery</strong> (cosmetics, intimate apparel, sealed medical supplies). <strong>Requires</strong> product attribute <code>is_sealed_hygiene = true</code>. The exclusion depends on a seal-check at the time of withdrawal (workflow in phase-04) — a sealed, unopened return remains eligible.","Vylučuje zapečetěné hygienické nebo zdravotnické zboží <strong>pouze pokud byla pečeť po doručení porušena</strong> (kosmetika, intimní textil, zapečetěné zdravotnické potřeby). <strong>Vyžaduje</strong> atribut produktu <code>is_sealed_hygiene = true</code>. Vyloučení závisí na kontrole pečeti v okamžiku odstoupení (proces ve fázi 04) — zapečetěné, neotevřené vrácení zůstává způsobilé."
"Art. 16(i) Sealed Audio / Video / Software","Čl. 16 písm. i) zapečetěné audio / video / software"
"Excludes sealed audio recordings, video recordings, or sealed computer software <strong>only if the seal has been broken after delivery</strong>. <strong>Requires</strong> product attribute <code>is_sealed_av = true</code>. Same seal-check logic as Art. 16(e). Does not apply to streaming / digital-download content — use Art. 16(m) for those.","Vylučuje zapečetěné zvukové záznamy, videozáznamy nebo zapečetěný počítačový software <strong>pouze pokud byla pečeť po doručení porušena</strong>. <strong>Vyžaduje</strong> atribut produktu <code>is_sealed_av = true</code>. Stejná logika kontroly pečeti jako u čl. 16 písm. e). Nevztahuje se na streamování / obsah ke stažení — pro ty použijte čl. 16 písm. m)."
"Digital Content (Art. 16(m))","Digitální obsah (čl. 16 písm. m)"
"Detection","Detekce"
"Enable Digital Content Detection","Povolit detekci digitálního obsahu"
"Master switch for Art. 16(m) digital-content detection. When off, no product is recognised as digital, the checkout waiver step is not required, and the preset always allows withdrawal.","Hlavní přepínač detekce digitálního obsahu podle čl. 16 písm. m). Když je vypnut, žádný produkt není rozpoznán jako digitální, krok souhlasu v pokladně není vyžadován a přednastavení vždy umožňuje odstoupení."
"Detection Strategies","Detekční strategie"
"Which product-type heuristics trigger the digital-content waiver gate. Downloadable + virtual are safe defaults; bundle_contains_digital inspects bundle children; custom_attribute reads the EAV flag configured below.","Které heuristiky podle typu produktu spouštějí kontrolu souhlasu s digitálním obsahem. Stahovatelné + virtuální jsou bezpečné výchozí hodnoty; bundle_contains_digital prověřuje podpoložky balíčku; custom_attribute čte EAV příznak nakonfigurovaný níže."
"Custom Attribute Code","Kód vlastního atributu"
"EAV attribute code used <strong>only</strong> when <em>Custom attribute flag</em> is picked in <em>Detection strategies</em> above. Default: <code>is_digital_content</code> (boolean attribute, 1 = digital). Ignored otherwise.","Kód EAV atributu používaný <strong>pouze</strong> když je výše v <em>Detekčních strategiích</em> zvolena <em>Příznak vlastního atributu</em>. Výchozí hodnota: <code>is_digital_content</code> (booleovský atribut, 1 = digitální). Jinak se ignoruje."
"Checkout Step + Email","Krok pokladny + e-mail"
"Enable Checkout Waiver Step","Povolit krok souhlasu v pokladně"
"When on, carts that contain a detected digital item render the 2-checkbox waiver step at checkout. Has no effect unless <em>Detection → Enable digital content detection</em> is also on.","Když je zapnuto, košíky obsahující detekovanou digitální položku zobrazí v pokladně krok souhlasu se 2 zaškrtávacími poli. Nemá účinek, pokud není zapnuto i <em>Detekce → Povolit detekci digitálního obsahu</em>."
"Merchant BCC Address for Confirmation Emails","BCC adresa obchodníka pro potvrzovací e-maily"
"Optional. Blind-copies the waiver-confirmation email to a merchant audit address. Leave blank to skip.","Volitelné. Skrytá kopie e-mailu s potvrzením souhlasu na auditní adresu obchodníka. Pro vynechání ponechte prázdné."
"Mark Virtual-Only Items as Performance-Started on Confirmation","Označit virtuální položky jako zahájené při potvrzení"
"Virtual products have no download trigger. When on, the waiver confirmation email's dispatch counts as performance-start for virtual-only items.","Virtuální produkty nemají spouštěč stahování. Když je zapnuto, odeslání e-mailu s potvrzením souhlasu se počítá jako zahájení plnění pro výhradně virtuální položky (hranice I-6)."
"Confirmation Email Identity","Identita potvrzovacího e-mailu"
"Per-Locale Waiver Text Overrides","Přepisy textu souhlasu podle jazyka"
"English (en_US)","Angličtina (en_US)"
"Consent Text","Text souhlasu"
"Right-Loss Acknowledgment Text","Text potvrzení o ztrátě práva"
"German (de_DE)","Němčina (de_DE)"
"Finnish (fi_FI)","Finština (fi_FI)"
"Dutch (nl_NL)","Nizozemština (nl_NL)"
"French (fr_FR)","Francouzština (fr_FR)"
"Italian (it_IT)","Italština (it_IT)"
"Spanish (es_ES)","Španělština (es_ES)"
"Polish (pl_PL)","Polština (pl_PL)"
"Portuguese (pt_PT)","Portugalština (pt_PT)"
"Danish (da_DK)","Dánština (da_DK)"
"Swedish (sv_SE)","Švédština (sv_SE)"
"German — Austria (de_AT)","Němčina — Rakousko (de_AT)"
"Swedish — Finland (sv_FI)","Švédština — Finsko (sv_FI)"
"Dutch — Belgium (nl_BE)","Nizozemština — Belgie (nl_BE)"
"French — Belgium (fr_BE)","Francouzština — Belgie (fr_BE)"
"German — Belgium (de_BE)","Němčina — Belgie (de_BE)"
"French — Luxembourg (fr_LU)","Francouzština — Lucembursko (fr_LU)"
"Pre-Contract Information (Art. 6(1)(h))","Předsmluvní informace (čl. 6 odst. 1 písm. h)"
"Enable Pre-Contract Disclosure","Povolit předsmluvní informování"
"Master kill-switch. Disabled = block does not render and no display events are recorded. Disabling exposes the merchant to Art. 10 (12 month + 14 day extended withdrawal period). Default: enabled.","Hlavní vypínač. Zakázáno = blok se nevykresluje a nezaznamenávají se žádné události zobrazení. Zakázání vystavuje obchodníka čl. 10 (prodloužená lhůta pro odstoupení 12 měsíců + 14 dní). Výchozí stav: povoleno."
"Withdrawal Period (Days)","Lhůta pro odstoupení (dny)"
"Default 14 days per Art. 9(2). Extension allowed (e.g. 30, 100). Reduction below 14 is illegal — the field validates >=14 only when the module is enabled.","Výchozí hodnota 14 dní podle čl. 9 odst. 2. Prodloužení je povoleno (např. 30, 100). Zkrácení pod 14 dní je nezákonné — pole validuje >=14 pouze při povoleném modulu."
"Return Address","Adresa pro vrácení"
"Where consumers send goods back. Leave empty to fall back to the store address from Stores → Configuration → General → General → Store Information.","Kam spotřebitelé posílají zboží zpět. Pro použití adresy z Obchody → Konfigurace → Obecné → Obecné → Informace o obchodě ponechte prázdné."
"Display In Checkout","Zobrazit v pokladně"
"Annex I Overrides Per Locale","Přepisy přílohy I podle jazyka"
"Bulgarian (bg_BG)","Bulharština (bg_BG)"
"Czech (cs_CZ)","Čeština (cs_CZ)"
"Greek (el_GR)","Řečtina (el_GR)"
"Estonian (et_EE)","Estonština (et_EE)"
"Croatian (hr_HR)","Chorvatština (hr_HR)"
"Hungarian (hu_HU)","Maďarština (hu_HU)"
"Lithuanian (lt_LT)","Litevština (lt_LT)"
"Latvian (lv_LV)","Lotyština (lv_LV)"
"Romanian (ro_RO)","Rumunština (ro_RO)"
"Slovak (sk_SK)","Slovenština (sk_SK)"
"Slovenian (sl_SI)","Slovinština (sl_SI)"
"Frontend","Frontend"
"Buttons","Tlačítka"
"Step 1 Button Label","Popisek tlačítka kroku 1"
"Step 2 Button Label (Confirmation)","Popisek tlačítka kroku 2 (potvrzení)"
"<strong>⚠ Legal warning.</strong> This is the label on the final confirmation button. Default (""Confirm withdrawal"") is counsel-signed. Per-locale translations are counsel-signed. Override only with written legal advice; overrides are audit-logged.","<strong>⚠ Právní upozornění (mezera č. 4).</strong> Toto je popisek závěrečného potvrzovacího tlačítka. Výchozí hodnota („Confirm withdrawal“) je schválena právním zástupcem. Per-locale translations are counsel-signed. Přepisujte pouze s písemným právním doporučením; přepisy jsou zaznamenávány v auditním protokolu."
"Placements","Umístění"
"Show Footer Link","Zobrazit odkaz v patičce"
"Show in My Account","Zobrazit v Mém účtu"
"Return Reasons","Důvody vrácení"
"Reasons","Důvody"
"List of reasons offered to the customer in the per-item dropdown. <strong>Code</strong> is the machine value (lowercase, snake_case, max 32 chars); <strong>Label</strong> is the visible text. Empty grid hides the dropdown entirely.","Seznam důvodů nabízených zákazníkovi v rozbalovací nabídce u jednotlivých položek. <strong>Kód</strong> je strojová hodnota uložená v databázi (malá písmena, snake_case, max. 32 znaků); <strong>Štítek</strong> je viditelný text. Prázdná mřížka rozbalovací nabídku zcela skryje."
"Enable ""Other"" with Free Text","Povolit „Jiné“ s volným textem"
"When enabled, an ""Other"" option appears in the dropdown that reveals a free-text field (max 500 chars).","Pokud je povoleno, v rozbalovací nabídce se objeví možnost „Jiné“, která zpřístupní pole s volným textem (max. 500 znaků)."
"Review Step","Krok kontroly"
"Return Shipping Notice","Upozornění k zasílání vráceného zboží"
"Text shown on the Review & Confirm step (step 3). Example: ""You'll receive a prepaid shipping label in the confirmation email."" or ""Return shipping costs are paid by the customer."" Leave blank to hide the row.","Text zobrazený v kroku Kontrola a potvrzení (krok 3). Příklad: „V potvrzovacím e-mailu obdržíte předplacený přepravní štítek.“ nebo „Náklady na zpětnou dopravu hradí zákazník.“ Pro skrytí řádku ponechte prázdné."
"Return Policy URL","URL podmínek pro vrácení"
"Optional link rendered next to the shipping notice (""View return policy""). Accepts absolute URLs or relative paths like ""return-policy"".","Volitelný odkaz vykreslený vedle upozornění k zasílání („Zobrazit zásady vracení“). Přijímá absolutní URL nebo relativní cesty jako „return-policy“."
"Customer Notifications","Zákaznická oznámení"
"All customer-facing emails sent by the module. Each email can be enabled/disabled, assigned a custom template (Marketing → Email Templates), and BCC'd to a merchant address. The shared <em>Branding</em> subgroup at the bottom controls the layout (USP strip, social links) used by every email below.","Všechny zákaznické e-maily odesílané modulem. Každý e-mail lze povolit/zakázat, přiřadit mu vlastní šablonu (Marketing → Šablony e-mailů) a poslat skrytou kopii (BCC) na adresu obchodníka. Sdílená podskupina <em>Branding</em> dole ovládá rozvržení (USP pruh, odkazy na sociální sítě) používané všemi níže uvedenými e-maily."
"1. Submission Confirmation Email","1. Potvrzovací e-mail o podání"
"Enabled","Povoleno"
"Email Template","Šablona e-mailu"
"BCC Merchant","Skrytá kopie obchodníkovi (BCC)"
"Comma-separated. Leave blank to disable.","Oddělené čárkou. Pro zakázání ponechte prázdné."
"2. Approval Email","2. E-mail o schválení"
"3. Denial Email","3. E-mail o zamítnutí"
"4. Cancellation Email (Admin-Initiated)","4. E-mail o zrušení (zahájeno administrátorem)"
"5. Cancellation Email (Customer Self-Cancel)","5. E-mail o zrušení (zrušení samotným zákazníkem)"
"6. Receipt Email (Durable Medium — Art. 11a(4))","6. E-mail s potvrzením (trvalý nosič — čl. 11a odst. 4)"
"Legally required durable-medium confirmation. Cannot be fully disabled (Art. 11a(4) Directive 2011/83/EU). Disabling here only stops the sender — the receipt is still generated and stored.","Zákonem požadované potvrzení na trvalém nosiči. Nelze zcela zakázat (čl. 11a odst. 4 směrnice 2011/83/EU). Zakázání zde pouze zastaví odesílatele — potvrzení je stále generováno a ukládáno."
"Send Email","Odeslat e-mail"
"Comma-separated.","Oddělené čárkou."
"Delivery Retry Attempts","Pokusy o opětovné doručení"
"Number of delivery attempts before a receipt is flagged as undelivered.","Number of delivery attempts before a receipt is flagged as undelivered."
"DLQ Alert Recipient","Příjemce upozornění DLQ"
"Notified when a receipt fails permanently. Falls back to Store Email Addresses → General Contact.","Upozorněn při trvalém selhání potvrzení. V záloze se použije E-mailové adresy obchodu → Obecný kontakt."
"7. Digital Waiver Confirmation Email (Art. 11a(4))","7. E-mail o potvrzení digitálního souhlasu (čl. 11a odst. 4)"
"Durable-medium copy of the customer's Art. 16(m) waiver, sent immediately after checkout when a digital item is in cart. Required by Art. 11a(4) Directive 2011/83/EU — keeps a tamper-evident record of the legal text the customer accepted.","Kopie zákazníkova souhlasu podle čl. 16 písm. m) na trvalém nosiči, odesílaná okamžitě po placení, je-li v košíku digitální položka. Vyžaduje čl. 11a odst. 4 směrnice 2011/83/EU — uchovává záznam s ochranou proti neoprávněné manipulaci o právním textu, který zákazník přijal, plus SHA-256 hash pro ověření řetězce hashů."
"Comma-separated. Receives a copy of every confirmation for audit purposes.","Oddělené čárkou. Pro účely auditu přijímá kopii každého potvrzení."
"Branding (Shared by All Emails Above)","Branding (sdílený všemi výše uvedenými e-maily)"
"Optional decoration of the customer-facing emails. Empty fields hide their respective rows. Brand wordmark, logo, support email, and store address are read from the standard Magento configuration tree (Stores → Configuration → General + Design → Transactional Emails).","Volitelná úprava zákaznických e-mailů. Prázdná pole skryjí příslušné řádky. Slovní logo značky, logo, podpůrný e-mail a adresa obchodu se čtou ze standardního konfiguračního stromu Magenta (Obchody → Konfigurace → Obecné + Design → Transakční e-maily)."
"USP Strip — Item 1","USP pruh — položka 1"
"Icon","Ikona"
"Title","Název"
"Subtitle","Podtitulek"
"USP Strip — Item 2","USP pruh — položka 2"
"USP Strip — Item 3","USP pruh — položka 3"
"Social Links","Odkazy na sociální sítě"
"Instagram URL","URL Instagramu"
"X / Twitter URL","URL X / Twitteru"
"Facebook URL","URL Facebooku"
"YouTube URL","URL YouTube"
"Order #","Č. obj."
"Contract","Smlouva"
"Submitter","Odesílatel"
"Withdrawal submitted","Odstoupení odesláno"
"Right of Withdrawal — Required Information","Právo na odstoupení — Povinné informace"
"Before placing your order, please review the conditions, time limit, and procedures for exercising your 14-day right of withdrawal. This information forms part of your contract.","Před zadáním objednávky si prosím prostudujte podmínky, lhůtu a postupy pro uplatnění vašeho 14denního práva na odstoupení od smlouvy. Tyto informace jsou součástí vaší smlouvy."
"Conditions, Time Limit and Procedures for Withdrawal","Podmínky, lhůta a postupy pro odstoupení od smlouvy"
"Start Online Return","Zahájit online vrácení"
"Download Model Withdrawal Form (Annex I(B))","Stáhnout vzorový formulář pro odstoupení od smlouvy (Příloha I(B))"
"Withdrawal Information v%1 — Issued %2","Informace o odstoupení v%1 — vydáno %2"
"You'll receive a prepaid shipping label in the confirmation email.","V potvrzovacím e-mailu obdržíte předplacený přepravní štítek."
"← Back to order search","← Zpět na vyhledávání objednávky"
"← Back to items","← Zpět k položkám"
"Find order","Najít objednávku"
"Enter your order number and email","Zadejte číslo objednávky a e-mail"
"Select items","Vybrat položky"
"Choose items to return (partial withdrawal)","Zvolte položky k vrácení (částečné odstoupení)"
"Review & confirm","Zkontrolovat a potvrdit"
"Review your return details and confirm","Zkontrolujte podrobnosti vrácení a potvrďte"
"Request submitted","Žádost odeslána"
"We'll confirm your request by email","Vaši žádost potvrdíme e-mailem"
"I expressly consent to begin performance of the digital content before the withdrawal period expires.","Výslovně souhlasím se zahájením plnění digitálního obsahu před uplynutím lhůty pro odstoupení od smlouvy."
"I acknowledge that by giving this consent I lose my right of withdrawal once performance has begun (Art. 16(m) CRD).","Beru na vědomí, že tímto souhlasem ztrácím právo na odstoupení od smlouvy od okamžiku zahájení plnění (čl. 16 písm. m) směrnice o spotřebitelských právech)."
"Withdrawals","Odstoupení"
"Minimum %1 characters required.","Vyžaduje se minimálně %1 znaků."
"Failed to add note.","Nepodařilo se přidat poznámku."
"Network error while adding note.","Chyba sítě při přidávání poznámky."
"Exported Evidence","Exportováno"
"Pending Confirm","Čeká na potvrzení"
"Sent","Odesláno"
"Failed Permanent","Trvalé selhání"
"Failed Retry","Dočasné selhání"
"Eligible","Způsobilé"
"Excluded","Vyloučeno"
"Action","Akce"
"From","Z"
"To","Na"
"Admin Id","ID administrátora"
"Order Id","ID objednávky"
"Request Id","ID požadavku"
"Item Count","Počet položek"
"Rules Fired","Aplikovaná pravidla"
"Topic","Téma"
"Message Id","ID zprávy"
"Email To Hash","Hash e-mailu"
"Attempts","Pokusy"
"Viewed At","Zobrazeno"
"Referrer Host","Odkazující host"
"Enable \Other\"" with Free Text""","Povolit „Jiné“ s volným textem"
"Optional legal template — not required to use; you can also exercise the right of withdrawal by any unequivocal statement.","Nepovinná právní šablona — její použití není nutné; právo na odstoupení od smlouvy lze uplatnit také jakýmkoliv jednoznačným prohlášením."
"Right of withdrawal","Právo na odstoupení"
"You have 14 days from the day you receive your order to withdraw without giving any reason — full refund to your original payment method.","Od okamžiku obdržení objednávky máte 14 dní na odstoupení bez udání důvodu — plné vrácení peněz na původní způsob platby."
"Some items may be excluded by law (perishable goods, custom-made items, sealed hygiene or audio/video products). We'll show you exactly what's eligible on the next page.","Některé položky mohou být ze zákona vyloučeny (rychle se kazící zboží, zboží vyrobené na míru, zapečetěné hygienické nebo audio/video produkty). Na další stránce vám přesně ukážeme, co je způsobilé."
"Direct link — no login or account password required.","Přímý odkaz — není vyžadováno přihlášení ani heslo k účtu."
"Art. 16(m) CRD exclusion — digital content where the customer has (1) given express prior consent to begin performance and (2) acknowledged that they lose the withdrawal right. Two switches: the <em>Detection</em> subgroup decides what counts as digital (master switch), the <em>Checkout step + Email</em> subgroup renders the 2-checkbox waiver UX and dispatches the confirmation email. Both must be ON for the feature to work end-to-end. Use this only for <strong>one-time digital purchases</strong> (ebooks, software installers, music files, games). Do <strong>not</strong> enable it for ongoing digital <strong>subscriptions or services</strong> (SaaS, streaming, hosted software) — EU case law (CJEU Sky, C-641/19) requires a different consent flow for those.","Art. 16(m) CRD exclusion — digital content where the customer has (1) given express prior consent to begin performance and (2) acknowledged that they lose the withdrawal right. Two switches: the <em>Detection</em> subgroup decides what counts as digital (master switch), the <em>Checkout step + Email</em> subgroup renders the 2-checkbox waiver UX and dispatches the confirmation email. Both must be ON for the feature to work end-to-end. Use this only for <strong>one-time digital purchases</strong> (ebooks, software installers, music files, games). Do <strong>not</strong> enable it for ongoing digital <strong>subscriptions or services</strong> (SaaS, streaming, hosted software) — EU case law (CJEU Sky, C-641/19) requires a different consent flow for those."
"Customer-facing UX for the withdrawal flow. Subgroups: <em>Buttons</em> (legal-critical labels), <em>Placements</em> (where to surface the link), <em>Return Reasons</em> (per-item dropdown), <em>Review Step</em> (content on step 3 of the flow).","Zákaznicky orientované UX pro proces odstoupení. Podskupiny: <em>Tlačítka</em> (právně významné popisky), <em>Umístění</em> (kde zobrazit odkaz), <em>Důvody vrácení</em> (rozevírací seznam u jednotlivých položek), <em>Krok kontroly</em> (obsah 3. kroku procesu)."
"Disable only if you deliver the durable-medium confirmation through a different channel.","Vypněte pouze v případě, že potvrzení na trvalém nosiči doručujete jiným kanálem."
"Disable only if you deliver the receipt through a different durable medium (postal mail, customer account download, etc.).","Vypněte pouze v případě, že potvrzení doručujete jiným trvalým nosičem (poštou, stažením z účtu zákazníka apod.)."
"Empty fields fall through to the locale baseline. Any override value becomes part of the SHA-256 hash stored per consent event — changing a field after customers have consented does <strong>not</strong> retroactively invalidate prior consents.","Prázdná pole se použijí jako výchozí hodnoty z the locale baseline pro daný jazyk/jurisdikci. Jakákoli přepsaná hodnota se stává součástí hashe SHA-256 ukládaného u každé události souhlasu — změna pole poté, co zákazníci souhlas udělili, <strong>ne</strong>vede ke zpětnému zneplatnění předchozích souhlasů."
"Mandatory pre-contractual disclosure of the right of withdrawal. Displayed on the checkout payment step. Each display is logged forensically (Art. 10 defence). Snapshot of the rendered text is stored immutably (Art. 6(5)). <strong>Counsel review recommended before customising any Annex I text.</strong>","Povinné předsmluvní poučení o právu na odstoupení. Zobrazuje se v kroku platby v pokladně. Každé zobrazení je forenzně zaznamenáno (obhajoba podle čl. 10). Snímek vykresleného textu je ukládán nezměnitelně (čl. 6 odst. 5). <strong>Před úpravou jakéhokoli textu Přílohy I doporučujeme právní revizi.</strong>"
"Off = block hidden but display events still recorded server-side via predispatch fallback. Use only for sandbox testing. Default: on.","Vypnuto = blok skryt, ale události zobrazení se i nadále zaznamenávají na straně serveru přes predispatch zálohu. Používejte pouze pro testování v sandboxu. Výchozí: zapnuto."
"Optional URLs rendered as round monogram badges in the email footer. Leave blank to hide.","Volitelné URL adresy zobrazované jako kulaté monogramové odznaky v patičce e-mailu. Pokud chcete skrýt, ponechte prázdné."
"Sent when a customer cancels their own pending withdrawal.","Odesílá se, když zákazník zruší své vlastní čekající odstoupení."
"Sent when a customer completes the withdrawal form.","Odesílá se, když zákazník vyplní formulář pro odstoupení."
"Sent when an admin approves a withdrawal request.","Odesílá se, když administrátor schválí žádost o odstoupení."
"Sent when an admin cancels a withdrawal request on the customer's behalf.","Odesílá se, když administrátor zruší žádost o odstoupení jménem zákazníka."
"Sent when an admin denies a withdrawal request.","Odesílá se, když administrátor zamítne žádost o odstoupení."
"These presets exclude specific product categories from the 14-day withdrawal right, per Art. 16 CRD. Each rule is OFF by default — enable only after confirming the corresponding product attribute is set correctly on your catalog.","Tyto předvolby vyjímají určité kategorie produktů ze 14denního práva na odstoupení podle čl. 16 směrnice CRD. Každé pravidlo je ve výchozím stavu VYPNUTO — aktivujte je až poté, co ověříte, že odpovídající atribut produktu je v katalogu nastaven správně."
"e.g. ""EU orders above €50""","např. „Objednávky z EU nad 50 €“"
"e.g. ""Free delivery""","např. „Doprava zdarma“"
"Qty: ","Množství: "
"Submission failed. Please try again.","Odeslání selhalo. Zkuste to prosím znovu."
"Network error. Please try again.","Chyba sítě. Zkuste to prosím znovu."
"Invalid server response.","Neplatná odpověď serveru."
"Admin Notifications","Oznámení pro administrátora"
"Internal alerts to your team. Independent of the per-email <em>BCC Merchant</em> checkboxes under <em>Customer Notifications</em> below — if you enable both, you will receive two emails per request.","Interní upozornění pro váš tým. Nezávislá na zaškrtávacích polích <em>BCC obchodníkovi</em> v sekci <em>Oznámení pro zákazníky</em> níže — pokud zapnete obojí, dostanete dva e-maily na žádost."
"1. New Request Alert","1. Upozornění na novou žádost"
"Sent the moment a customer completes the two-step withdrawal flow.","Odesláno v okamžiku, kdy zákazník dokončí dvoukrokový proces odstoupení."
"Recipient Email(s)","E-mail(y) příjemce"
"BCC","Skrytá kopie"
"New Withdrawal Request","Nová žádost o odstoupení"
"A new withdrawal request was just submitted.","Byla právě podána nová žádost o odstoupení."
"Request:","Žádost:"
"Order:","Objednávka:"
"Customer:","Zákazník:"
"Refund Total:","Celková částka k vrácení:"
"[Withdrawal] New request %request_increment_id · Order #%order_increment_id · %refund_total","[Odstoupení] Nová žádost %request_increment_id · Objednávka #%order_increment_id · %refund_total"
"Anonymised","Anonymizováno"
"Audit","Audit"
"Cancel Order","Zrušit objednávku"
"Confirmation Email (Art. 11a(4))","Potvrzovací e-mail (čl. 11a(4))"
"Detection (Art. 16(m))","Detekce (čl. 16(m))"
"Digital Waiver (Art. 16(m))","Vzdání se práva u digitálního obsahu (čl. 16(m))"
"Email Identity","Identita odesílatele e-mailu"
"ID","ID"
"Integrity hash","Hash integrity"
"Pre-Contract Proof","Předsmluvní důkaz"
"Verify this receipt","Ověřit toto potvrzení"
"Withdrawal Window","Lhůta pro odstoupení"
"This SHA-256 hash uniquely identifies your withdrawal record. Verify it at any time using the button above.","Tento hash SHA-256 jednoznačně identifikuje váš záznam o odstoupení. Můžete ho kdykoli ověřit pomocí tlačítka výše."
"Digital content waiver confirmation — Order %increment_id","Potvrzení vzdání se práva u digitálního obsahu — Objednávka %increment_id"
"Comma-separated. Each recipient receives a separate email rendered in their own admin locale (looked up via the admin user's interface_locale; fallback to general/locale/code). Invalid addresses dropped silently.","Oddělené čárkou. Každý příjemce dostane samostatný e-mail vykreslený v jeho administračním jazyce (interface_locale administrátora; záloha — general/locale/code). Neplatné adresy jsou tiše ignorovány."
"Art. 16(m) CRD digital-content detection. Determines what counts as digital content for eligibility purposes. The actual checkout-step waiver UI and email lives in the next section ""Digital Waiver"".","Detekce digitálního obsahu dle čl. 16(m) směrnice o právech spotřebitelů. Určuje, co se počítá jako digitální obsah pro účely upravičenosti. Skutečné UI vzdání se práva v košíku a e-mail jsou v následující sekci „Vzdání se práva u digitálního obsahu“."
"Art. 16(m) CRD exclusion — digital content where the customer has (1) given express prior consent to begin performance and (2) acknowledged that they lose the withdrawal right. Two switches control this feature end-to-end: the <em>Detection</em> subgroup under <em>Eligibility Rules</em> decides what counts as digital (master switch); this section renders the 2-checkbox waiver UX at checkout and dispatches the Art. 11a(4) confirmation email. Both must be ON for the feature to work end-to-end. Per-locale text overrides below. Use this only for <strong>one-time digital purchases</strong> (ebooks, software installers, music files, games). Do <strong>not</strong> enable it for ongoing digital <strong>subscriptions or services</strong> (SaaS, streaming, hosted software) — EU case law (CJEU Sky, C-641/19) requires a different consent flow for those.","Výjimka dle čl. 16(m) směrnice o právech spotřebitelů — digitální obsah, u nějž zákazník (1) výslovně souhlasil se zahájením plnění a (2) potvrdil ztrátu práva na odstoupení. Funkci řídí dva přepínače: podskupina <em>Detekce</em> v <em>Pravidlech upravičenosti</em> rozhoduje, co je digitální (hlavní vypínač); tato sekce zobrazí UI se 2 zaškrtávacími poli v košíku a odešle potvrzovací e-mail dle čl. 11a(4). Oba musejí být ZAPNUTÉ. Překlady textu dle lokality níže. Používejte pouze pro <strong>jednorázové digitální nákupy</strong> (e-knihy, instalátory, hudební soubory, hry). <strong>Ne</strong> pro průběžné digitální <strong>předplatné nebo služby</strong> (SaaS, streaming, hostované služby) — judikatura EU (CJEU Sky, C-641/19) vyžaduje jiný postup souhlasu."
"Defines <strong>when</strong> the 14-day withdrawal right starts running (the delivery trigger, Art. 9(2)(b)) and <strong>how long</strong> it lasts in days (Art. 9(2)). Together these control the period each order's withdrawal is open.","Definuje, <strong>kdy</strong> začíná 14-denní právo na odstoupení (spouštěč dodání, čl. 9(2)(b)) a <strong>jak dlouho</strong> trvá ve dnech (čl. 9(2)). Společně určují, jak dlouho je odstoupení od každé objednávky otevřené."
"Default 14 days per Art. 9(2). Extension allowed (e.g. 30, 100). Reduction below 14 is illegal — the field validates 14-3650 only.","Výchozí hodnota 14 dní dle čl. 9(2). Prodloužení povoleno (např. 30, 100). Zkrácení pod 14 je nezákonné — pole validuje pouze 14-3650."
"When on, carts that contain a detected digital item render the 2-checkbox waiver step at checkout. Has no effect unless <em>Eligibility Rules → Detection → Enable Digital Content Detection</em> is also on.","Když je zapnuto, košíky obsahující detekovanou digitální položku zobrazí krok vzdání se práva se 2 zaškrtávacími poli v košíku. Nemá účinek, pokud není zapnuto také <em>Pravidla upravičenosti → Detekce → Povolit detekci digitálního obsahu</em>."
"Optional. Comma-separated. Blind-copies the waiver-confirmation email to a merchant audit address. Leave blank to skip.","Volitelné. Oddělené čárkou. Pošle skrytou kopii potvrzovacího e-mailu vzdání se práva na auditní adresu obchodníka. Nechte prázdné pro přeskočení."
"<strong>⚠ Legal warning.</strong> Art. 11a(2) CRD requires the literal text ""withdraw from contract here"" <em>or a corresponding unambiguous formulation</em>. The default value (""Withdraw from contract here"") is the Directive's verbatim phrase; Per-locale translations are counsel-signed. <strong>Do not override unless you have received written advice from qualified consumer-law counsel in the target jurisdiction.</strong> Every override is recorded in the audit log.","<strong>⚠ Právní upozornění.</strong> Čl. 11a(2) směrnice o právech spotřebitelů vyžaduje doslovné znění „zde odstupte od smlouvy“ <em>nebo odpovídající jednoznačnou formulaci</em>. Výchozí hodnota („Odstupte od smlouvy zde“) je doslovná fráze Směrnice; Překlady dle lokality jsou podepsané právníkem. <strong>Nepřepisujte, pokud jste neobdrželi písemné stanovisko od kvalifikovaného advokáta na spotřebitelské právo v cílové jurisdikci.</strong> Každé přepsání je zaznamenáno v auditním deníku."
"<strong>⚠ Legal warning.</strong> This is the label on the final confirmation button. Default (""Confirm withdrawal"") is counsel-signed; Per-locale translations are counsel-signed. Override only with written legal advice; overrides are audit-logged.","<strong>⚠ Právní upozornění.</strong> Toto je popisek finálního potvrzovacího tlačítka. Výchozí hodnota („Potvrdit odstoupení“) je podepsaná právníkem; Překlady dle lokality jsou podepsané právníkem. Přepisujte pouze s písemným právním stanoviskem; přepisy jsou zaznamenány v auditním deníku."
"Cancel the linked order? No payment has been captured, so there is nothing to refund — the order will be cancelled in Magento.","Zrušit propojenou objednávku? Nebyla zachycena žádná platba, takže není co vrátit — objednávka bude zrušena v Magentu."
"Scope & Applicability","Rozsah a použitelnost"
"Controls in which markets the self-service withdrawal flow is offered. These are merchant business decisions, not legal exclusions — an EU consumer's statutory right of withdrawal does not depend on them, and declarations received by other means (email, letter) must still be honoured manually.","Určuje, ve kterých zemích se nabízí samoobslužný proces odstoupení. Jde o obchodní rozhodnutí prodejce, nikoli o právní výjimky — zákonné právo spotřebitele z EU na odstoupení na nich nezávisí a odstoupení doručená jinými způsoby (e-mailem, dopisem) je nutné i nadále vyřídit ručně."
"Restrict by Country","Omezit podle země"
"Offers the self-service withdrawal flow only for orders whose billing <strong>or</strong> shipping address is in the selected countries. <strong>Legal note:</strong> this restricts the storefront flow only — an EU consumer's statutory right of withdrawal does not depend on the address, and withdrawal declarations received by other means (email, letter) must still be honoured manually. Default: disabled.","Nabízí samoobslužný proces odstoupení pouze pro objednávky, jejichž fakturační <strong>nebo</strong> dodací adresa je ve vybraných zemích. <strong>Právní poznámka:</strong> toto omezuje pouze proces ve výloze — zákonné právo spotřebitele z EU na odstoupení na adrese nezávisí a odstoupení doručená jinými způsoby (e-mailem, dopisem) je nutné i nadále vyřídit ručně. Výchozí stav: vypnuto."
"Offer Withdrawal For Countries","Nabízet odstoupení pro země"
"Preselected: EU-27 plus EEA (Norway, Iceland, Liechtenstein). Add the United Kingdom manually if you target UK consumers (separate national regime with a comparable 14-day right). If you clear this list, the restriction has no effect and the flow stays available to every customer.","Předvybráno: EU-27 plus EHP (Norsko, Island, Lichtenštejnsko). Spojené království přidejte ručně, pokud cílíte na spotřebitele ve Spojeném království (samostatný národní režim se srovnatelným 14denním právem). Pokud tento seznam vymažete, omezení nemá žádný účinek a postup zůstává dostupný všem zákazníkům."
"Restrict by Customer Group","Omezit podle skupiny zákazníků"
"Hides the self-service withdrawal flow from orders placed by the selected customer groups (e.g. your B2B / wholesale groups). The right of withdrawal is a consumer right, so this lets you keep it off for business customers. <strong>Legal note:</strong> this restricts the storefront flow only — it does not decide who is legally a consumer, and any withdrawal declaration received by other means must still be honoured manually. Default: disabled.","Hides the self-service withdrawal flow from orders placed by the selected customer groups (e.g. your B2B / wholesale groups). The right of withdrawal is a consumer right, so this lets you keep it off for business customers. <strong>Legal note:</strong> this restricts the storefront flow only — it does not decide who is legally a consumer, and any withdrawal declaration received by other means must still be honoured manually. Default: disabled."
"Exclude Customer Groups","Vyloučit skupiny zákazníků"
"Orders placed by any selected group are excluded from the self-service flow. Guests are always treated as consumers and cannot be excluded here. If you clear this list, the restriction has no effect and the flow stays available to every customer.","Orders placed by any selected group are excluded from the self-service flow. Guests are always treated as consumers and cannot be excluded here. If you clear this list, the restriction has no effect and the flow stays available to every customer."
"Custom-made to your specifications","Vyrobeno podle vašich specifikací"
"Perishable goods","Zboží podléhající rychlé zkáze"
"Sealed hygiene item — seal broken","Zapečetěné hygienické zboží — pečeť porušena"
"Sealed audio/video — seal broken","Zapečetěné audio/video — pečeť porušena"
"Newspapers, periodicals, magazines","Noviny, periodika, časopisy"
"Accommodation / event on specific date","Ubytování / akce v konkrétním termínu"
"Digital content — right waived at purchase","Digitální obsah — vzdání se práva při nákupu"
"Withdrawal period has expired","Lhůta pro odstoupení uplynula"
"Already withdrawn in a prior request","Již odstoupeno v předchozí žádosti"
"A draft withdrawal is holding this item. Confirm it via the email we sent, or cancel it in the 'Existing withdrawals' section above.","Tuto položku blokuje rozpracované odstoupení. Potvrďte je prostřednictvím e-mailu, který jsme vám zaslali, nebo je zrušte v sekci „Stávající odstoupení“ výše."
"EU withdrawal request %1 was approved.","Žádost o odstoupení EU %1 byla schválena."
"EU withdrawal request %1 was approved. Refund: %2.","Žádost o odstoupení EU %1 byla schválena. Refundace: %2."
"EU withdrawal request %1 was denied.","Žádost o odstoupení EU %1 byla zamítnuta."
"EU withdrawal request %1 was denied. Reason: %2","Žádost o odstoupení EU %1 byla zamítnuta. Důvod: %2"
"EU withdrawal request %1 was cancelled by the customer.","Žádost o odstoupení EU %1 byla zrušena zákazníkem."
"EU withdrawal request %1 was cancelled by an administrator.","Žádost o odstoupení EU %1 byla zrušena administrátorem."
"If Delivery Is Never Confirmed","Pokud doručení není nikdy potvrzeno"
"When an order is already in a Delivery Confirmation Status but has no recorded transition into it (no delivery timestamp), choose whether its withdrawal stays open or it is treated as not eligible. Default: not eligible.","Když objednávka již má stav potvrzení doručení, ale není zaznamenán přechod do tohoto stavu (žádné datum doručení), zvolte, zda odstoupení zůstane otevřené, nebo se bude považovat za nezpůsobilé. Výchozí: nezpůsobilé."
"Statuses Excluded From Withdrawal","Stavy vyloučené z odstoupení"
"Orders whose current status is selected here are never offered for withdrawal (e.g. a legacy migration status such as <code>imported</code>). Do not select a status used by active, deliverable orders — that withholds a valid withdrawal.","Objednávky, jejichž aktuální stav je zde vybrán, nejsou nikdy nabízeny k odstoupení (např. migrační stav jako <code>imported</code>). Nevybírejte stav používaný aktivními, doručitelnými objednávkami — tím by bylo odepřeno platné odstoupení."
"Treat as not eligible","Považovat za nezpůsobilé"
"Keep withdrawal open","Ponechat odstoupení otevřené"
"Withdrawal not available for this order","Odstoupení není pro tuto objednávku k dispozici"
"This order is not eligible for withdrawal.","Tato objednávka není způsobilá k odstoupení."
"EU withdrawal request %1 submitted.","Žádost o odstoupení EU %1 byla odeslána."
"EU withdrawal request %1 submitted. Requested refund: %2.","Žádost o odstoupení EU %1 byla odeslána. Požadovaná refundace: %2."
"Show more orders","Zobrazit více objednávek"
"Item Selection","Výběr položek"
"Per item (customer selects items and quantities)","Po položkách (zákazník vybírá položky a množství)"
"Full order (all returnable items, no selection)","Celá objednávka (všechny vratné položky, bez výběru)"
"<em>Per item</em>: the customer chooses lines and quantities. <em>Full order</em>: the request always covers all returnable items; items excluded by law (opened seal, expired period) are still removed automatically, and the form shows a note that partial returns can be requested via your contact page.<br/><strong>⚠ Legal warning.</strong> The explanatory materials to the German implementation law expect the withdrawal function to support selecting parts of the order. Consult your counsel before switching to Full order.","<em>Po položkách</em>: zákazník vybírá řádky a množství. <em>Celá objednávka</em>: žádost vždy zahrnuje všechny vratné položky; položky vyloučené ze zákona (porušená pečeť, uplynulá lhůta) jsou přesto automaticky odstraněny a formulář zobrazuje upozornění, že o částečné vrácení lze požádat prostřednictvím vaší kontaktní stránky.<br/><strong>⚠ Právní upozornění.</strong> Důvodová zpráva k německému prováděcímu zákonu předpokládá, že funkce odstoupení od smlouvy umožní výběr částí objednávky. Před přepnutím na Celou objednávku se poraďte se svým právním zástupcem."
"This request covers all returnable items of the order.","Tato žádost zahrnuje všechny vratné položky objednávky."
"Contact us for a partial return.","Pro částečné vrácení nás kontaktujte."
"Review the items included in your return.","Zkontrolujte položky zahrnuté do vašeho vrácení."
"Review the items to return","Zkontrolujte položky k vrácení"
"Self-service withdrawal is not available for this order.","Samoobslužné odstoupení od smlouvy není pro tuto objednávku k dispozici."
