"View Credit Memo","Vis kreditnota"
"Issue Credit Memo","Udsted kreditnota"
"Approve","Godkend"
"Approve this withdrawal request?","Godkend denne fortrydelsesanmodning?"
"Deny","Afvis"
"Legal reason for denial (min 10 chars):","Retsgrundlag for afvisning (min. 10 tegn):"
"Cancel Request","Annullér anmodning"
"Cancel this withdrawal? Add an optional note for the customer (visible in their cancellation email):","Annullér denne fortrydelse? Tilføj en valgfri note til kunden (vises i annulleringsmailen):"
"Resend Receipt","Send kvittering igen"
"Send the receipt email again? The customer will receive another copy.","Send kvitteringsmailen igen? Kunden modtager endnu en kopi."
"Withdrawal Request #%1","Fortrydelsesanmodning #%1"
"Request Details","Anmodningsdetaljer"
"Information","Oplysninger"
"Reason for Denial","Begrundelse for afvisning"
"Customer Cancellation Note","Note ved kundens annullering"
"Cancellation Note","Annulleringsnote"
"Status-Change Note","Note ved statusændring"
"Code","Kode"
"Label","Etiket"
"Add Reason","Tilføj begrundelse"
"In progress","I gang"
"Refund issued","Refusion udstedt"
"Denied","Afvist"
"Cancelled","Annulleret"
"Pending","Afventer"
"This is a transactional email about your order.","Dette er en transaktionsmail om din ordre."
"Reason for denial","Begrundelse for afvisning"
"Your cancellation note","Din annulleringsnote"
"Note from our team","Besked fra vores team"
"EU right of withdrawal","EU's fortrydelsesret"
"Withdrawal right pending delivery","Fortrydelsesret afventer levering"
"Withdrawal window has ended","Fortrydelsesfrist er udløbet"
"Not eligible for withdrawal","Ikke berettiget til fortrydelse"
"Withdrawal already requested","Anmodning om fortrydelse allerede indsendt"
"You can withdraw from this contract any time — the 14-day deadline begins counting once the order is delivered.","Du kan fortryde denne aftale når som helst — 14-dages fristen begynder først at løbe, når ordren er leveret."
"Your 14-day withdrawal window will begin once this order is delivered.","Din 14-dages fortrydelsesfrist begynder, når denne ordre er leveret."
"The 14-day window for withdrawing from this contract has ended.","14-dages fristen for at fortryde denne aftale er udløbet."
"This order is not eligible for withdrawal under EU consumer law (Art. 16 Directive 2011/83/EU).","Denne ordre er ikke berettiget til fortrydelse i henhold til EU's forbrugerret (art. 16 i direktiv 2011/83/EU)."
"A withdrawal request for this order has been submitted. See the request details below.","Der er indsendt en anmodning om fortrydelse for denne ordre. Se anmodningsdetaljerne nedenfor."
"This order contains a perishable item that cannot be returned (food with short shelf life, fresh flowers, etc.).","Denne ordre indeholder en letfordærvelig vare, der ikke kan returneres (fødevarer med kort holdbarhed, friske blomster osv.)."
"This order contains a custom-made or personalised item that cannot be returned.","Denne ordre indeholder en specialfremstillet eller personliggjort vare, der ikke kan returneres."
"This order contains a sealed hygiene item. You keep the right of withdrawal only while the seal stays intact — once unsealed after delivery, the right is lost.","Denne ordre indeholder en forseglet hygiejnevare. Du beholder kun fortrydelsesretten, så længe forseglingen er intakt — når forseglingen brydes efter levering, mistes retten."
"This order contains a sealed audio / video / software item. You keep the right of withdrawal only while the seal stays intact — once unsealed after delivery, the right is lost.","Denne ordre indeholder en forseglet lyd-/video-/softwarevare. Du beholder kun fortrydelsesretten, så længe forseglingen er intakt — når forseglingen brydes efter levering, mistes retten."
"This order contains digital content. Once you start using or downloading the content, you lose the right of withdrawal (you consented to this at checkout).","Denne ordre indeholder digitalt indhold. Når du begynder at bruge eller downloade indholdet, mister du fortrydelsesretten (du gav samtykke til dette ved bestillingen)."
"%1 item(s) · Refund %2","%1 vare(r) · Refusion %2"
"Awaiting confirmation","Afventer bekræftelse"
"Cancel withdrawal %1? Your refund will not be processed.","Annullér fortrydelse %1? Din refundering vil ikke blive behandlet."
"Submitted","Indsendt"
"Approved","Godkendt"
"Fully returned","Fuldt returneret"
"Return requested","Returnering anmodet"
"Not eligible","Ikke berettiget"
"Partially requested","Delvist anmodet"
"— Select a reason —","— Vælg en begrundelse —"
"Other","Andet"
"The refund will be issued using your original payment method within 5-7 business days after we receive your return.","Refunderingen vil blive foretaget via din oprindelige betalingsmetode inden for 5-7 hverdage efter, vi har modtaget din returnering."
"Withdrawal right lost (Art. 16(m) CRD) — digital performance started on %1.","Fortrydelsesret mistet (art. 16(m) CRD) — digital levering påbegyndt den %1."
"Request #%1 not found.","Anmodning #%1 ikke fundet."
"Receipt email re-queued for request #%1. Delivery will retry asynchronously.","Kvitteringsmail sat i kø igen for anmodning #%1. Leveringen forsøges asynkront."
"Failed to queue receipt resend: %1","Kunne ikke sætte gensendelse af kvittering i kø: %1"
"Note text is empty.","Notetekst er tom."
"Note added to request #%1.","Note tilføjet til anmodning #%1."
"Request #%1 approved.","Anmodning #%1 godkendt."
"Request #%1 cancelled.","Anmodning #%1 annulleret."
"Request #%1 denied.","Anmodning #%1 afvist."
"Invalid request id.","Ugyldigt anmodnings-ID."
"Unable to open temporary file for CSV export.","Kan ikke åbne midlertidig fil til CSV-eksport."
"Withdrawal Requests","Fortrydelsesanmodninger"
"%1 requests queued for acceptance.","%1 anmodninger sat i kø til godkendelse."
"%1 request(s) approved.","%1 anmodning(er) godkendt."
"%1 request(s) failed. First errors: %2","%1 anmodning(er) mislykkedes. Første fejl: %2"
"Note added to %1 request(s).","Note tilføjet til %1 anmodning(er)."
"Underlying order #%1 not found.","Underliggende ordre #%1 ikke fundet."
"Order #%1 has no invoice yet — Magento requires an invoice before a credit memo can be created. Open an invoice first (Sales → Orders → #%1 → Invoice button), then return here to refund.","Ordre #%1 har endnu ingen faktura — Magento kræver en faktura, før en kreditnota kan oprettes. Opret først en faktura (Sales → Orders → #%1 → Invoice-knappen), og vend tilbage hertil for at refundere."
"No items recorded on this withdrawal request — the credit memo will open with default invoice qtys; please adjust manually.","Ingen varer er registreret på denne fortrydelsesanmodning — kreditnotaen åbnes med standard fakturamængder; tilret venligst manuelt."
"Pre-filled credit memo for withdrawal #%1 — review the qtys + shipping refund below, then click Refund Online or Refund Offline.","Forudfyldt kreditnota for fortrydelse #%1 — gennemgå mængderne og forsendelsesrefunderingen nedenfor, og klik derefter på Refund Online eller Refund Offline."
"Some items are no longer eligible. Please reload and try again.","Visse varer er ikke længere berettigede. Genindlæs siden, og prøv igen."
"We could not process your request. Please try again.","Vi kunne ikke behandle din anmodning. Prøv igen."
"Item","Vare"
"We could not find a matching order for that email.","Vi kunne ikke finde en ordre, der matcher denne e-mailadresse."
"Withdraw from a contract","Fortryd kontrakten"
"Withdrawal not found.","Fortrydelse ikke fundet."
"This withdrawal can no longer be cancelled online. Contact us if you need help.","Denne fortrydelse kan ikke længere annulleres online. Kontakt os, hvis du har brug for hjælp."
"Withdrawal #%1 cancelled.","Fortrydelse #%1 annulleret."
"Please fill in all required fields.","Udfyld venligst alle påkrævede felter."
"%1 item(s) were excluded from the withdrawal because the seal is broken (Art. 16(e)/(i) Directive 2011/83/EU).","%1 vare(r) blev udelukket fra fortrydelsen, fordi forseglingen er brudt (art. 16, litra e/i, i direktiv 2011/83/EU)."
"Please select at least one item to withdraw.","Vælg mindst én vare til fortrydelse."
"One or more items are no longer available for withdrawal. Please refresh and try again.","En eller flere varer er ikke længere tilgængelige for fortrydelse. Opdater siden, og prøv igen."
"None of the selected items are eligible for withdrawal.","Ingen af de valgte varer er berettigede til fortrydelse."
"Hash mismatch for quote item %1","Hash-mismatch for tilbudslinje %1"
"Requested qty %1 exceeds remaining %2 for order item %3","Den ønskede mængde %1 overstiger den resterende mængde %2 for ordrelinje %3"
"No delivery confirmation recorded for this order yet.","Der er endnu ikke registreret nogen leveringsbekræftelse for denne ordre."
"No eligible items selected for withdrawal","Der er ikke valgt nogen berettigede varer til fortrydelse"
"Physical goods","Fysiske varer"
"Digital content (non-tangible)","Digitalt indhold (ikke-fysisk)"
"Digital service (SaaS / subscription)","Digital tjeneste (SaaS/abonnement)"
"Financial services (not supported)","Finansielle tjenester (understøttes ikke)"
"Downloadable products","Downloadbare produkter"
"Virtual products","Virtuelle produkter"
"Bundles containing digital children","Pakker, der indeholder digitale underprodukter"
"Custom attribute flag","Brugerdefineret attributflag"
"locale_inheritance.xml missing at %1","locale_inheritance.xml mangler ved %1"
"locale_inheritance.xml unreadable at %1","locale_inheritance.xml kan ikke læses ved %1"
"locale_inheritance.xml failed XSD validation: %1","locale_inheritance.xml bestod ikke XSD-valideringen: %1"
"Original payment method","Oprindelig betalingsmetode"
"This is your durable-medium receipt for the withdrawal (Art. 11a(4) Directive 2011/83/EU).","Dette er din kvittering på et varigt medium for fortrydelsen (art. 11a, stk. 4, i direktiv 2011/83/EU)."
"This email is a notification about your withdrawal request.","Denne e-mail er en meddelelse om din fortrydelsesanmodning."
"5–7 business days","5–7 hverdage"
"This is a confirmation that your withdrawal request has been recorded.","Dette er en bekræftelse på, at din fortrydelsesanmodning er registreret."
"MageMe EU Withdrawal is installed but not enabled. Review the compliance checklist and configure the module before enabling: <a href=""%1"">Stores → Configuration → MageMe Extensions → EU Withdrawal</a>.","MageMe EU Withdrawal er installeret, men ikke aktiveret. Gennemgå compliance-tjeklisten, og konfigurer modulet, før det aktiveres: <a href=""%1"">Stores → Configuration → MageMe Extensions → EU Withdrawal</a>."
"Delivery confirmation status is not configured. Set Stores → Configuration → MageMe Extensions → EU Withdrawal → Withdrawal Period → Delivery Confirmation Statuses.","Status for leveringsbekræftelse er ikke konfigureret. Konfigurer den under Stores → Configuration → MageMe Extensions → EU Withdrawal → Withdrawal Period → Delivery Confirmation Statuses."
"No Annex I source found for locale %1 along chain %2","Ingen kilde til bilag I fundet for sprog %1 i kæde %2"
"Annex I source for locale %1 is malformed","Kilden til bilag I for sprog %1 er ugyldig"
"Missing merchant variables for Annex I rendering: %1","Manglende forhandlervariabler ved gengivelse af bilag I: %1"
"Receipt hash mismatch for request %1","Hash-uoverensstemmelse for kvittering ved anmodning %1"
"Request %1 not found.","Anmodning %1 ikke fundet."
"Denying a withdrawal request requires a legal basis of at least 10 characters.","Afvisning af en fortrydelsesanmodning kræver et retsgrundlag på mindst 10 tegn."
"Withdrawal request cannot transition from ""%1"" to ""%2"".","Fortrydelsesanmodningen kan ikke skifte fra ""%1"" til ""%2""."
"Request %1 is not in pending_confirm state.","Anmodning %1 er ikke i tilstanden pending_confirm."
"Withdrawal request #%1 does not exist.","Fortrydelsesanmodning #%1 findes ikke."
"No digital items on order %1","Ingen digitale varer på ordre %1"
"This is your durable-medium copy of the waiver you signed at checkout (Art. 11a(4) Directive 2011/83/EU).","Dette er din kopi på et varigt medium af det samtykke, du afgav ved bestillingen (art. 11a, stk. 4, i direktiv 2011/83/EU)."
"Waived","Frafaldet"
"Waiver email render failed: %1","Rendering af frafalds-email mislykkedes: %1"
"Digital content waiver text has changed — please reload checkout.","Teksten i frafaldet af digitalt indhold er ændret — genindlæs checkout."
"Digital content waiver is incomplete for item %1.","Frafald af digitalt indhold er ufuldstændigt for linje %1."
"bad","dårlig"
"smtp down","smtp down"
"smtp","smtp"
"down","nede"
"No shipment found for order 42.","Ingen forsendelse fundet for ordre 42."
"View","Vis"
"Withdrawal & Customer Information","Fortrydelses- og kundeoplysninger"
"Request # %1","Anmodning # %1"
"Request Status","Anmodningsstatus"
"Submitted At","Indsendt"
"Related Order","Relateret ordre"
"Jurisdiction","Jurisdiktion"
"Contract Type","Kontrakttype"
"Receipt Status","Kvitteringsstatus"
"%1 attempt(s)","%1 forsøg"
"Receipt Error","Kvitteringsfejl"
"Customer Information","Kundeoplysninger"
"Customer Name","Kundenavn"
"Email","E-mail"
"Locale","Sprog"
"Items Selected for Withdrawal","Varer valgt til fortrydelse"
"Product","Produkt"
"Price","Pris"
"Qty","Antal"
"Subtotal","Subtotal"
"Refund","Refusion"
"Reason","Årsag"
"Eligibility","Berettigelse"
"No items associated with this request.","Ingen varer er knyttet til denne anmodning."
"SKU","SKU"
"Ordered","Bestilt"
"Withdrawing","Fortryder"
"Refund Total","Refusion i alt"
"Notes for this Request","Noter til denne anmodning"
"Internal notes — visible to admin staff only. Not sent to the customer.","Interne noter — kun synlige for administratorer. Sendes ikke til kunden."
"Comment","Kommentar"
"Add internal note (max 2000 chars)","Tilføj intern note (maks. 2000 tegn)"
"Submit Comment","Indsend kommentar"
"No comments added yet.","Der er endnu ikke tilføjet kommentarer."
" by %1"," af %1"
"Refund Totals","Refusionssummer"
"Items Subtotal","Varer i alt"
"Shipping Refund","Refusion af forsendelse"
"Total Refund","Samlet refusion"
"Changes have been made to this section that have not been saved.","Der er foretaget ændringer i dette afsnit, som ikke er gemt."
"This tab contains invalid data. Please resolve this before saving.","Denne fane indeholder ugyldige data. Ret det, før du gemmer."
"Contact us","Kontakt os"
"Returns","Returneringer"
"FAQs","Ofte stillede spørgsmål"
"All rights reserved.","Alle rettigheder forbeholdt."
"Returned items","Returnerede varer"
"No image","Intet billede"
"Item status","Varens status"
"Withdrawal options for this order","Fortrydelsesmuligheder for denne ordre"
"You can return this order until %1.","Du kan returnere denne ordre frem til %1."
"(Art. 11a Directive 2011/83/EU)","(art. 11a i direktiv 2011/83/EU)"
"Submit a withdrawal request to start the refund process.","Indsend en fortrydelsesanmodning for at starte refunderingsprocessen."
"(Art. 9(2)(b) Directive 2011/83/EU)","(art. 9, stk. 2, litra b, i direktiv 2011/83/EU)"
"Start withdrawal","Start fortrydelse"
"Your withdrawal requests","Dine fortrydelsesanmodninger"
"Submitted %1","Indsendt %1"
"Show items","Vis varer"
"Cancel withdrawal","Annullér fortrydelse"
"Qty %1","Antal %1"
"Receipt details","Kvitteringsdetaljer"
"Receipt number","Kvitteringsnummer"
"Order number","Ordrenummer"
"Consumer","Forbruger"
"Refund total","Samlet refusion"
"Merchant","Sælger"
"Legal basis","Retsgrundlag"
"SKU %1","SKU %1"
"Shipping refund","Refusion af forsendelse"
"Tax refund","Refusion af moms"
"Total refund","Samlet refundering"
"Digital content — Art. 16(m) notice","Digitalt indhold — Art. 16(m)-meddelelse"
"By placing the order you agreed to begin performance of the digital content before the end of the withdrawal period and acknowledged that, once performance has begun, the right of withdrawal no longer applies. This notice is shown for your records.","Ved at afgive ordren har du accepteret påbegyndelse af leveringen af det digitale indhold før udløbet af fortrydelsesfristen og anerkendt, at fortrydelsesretten ikke længere gælder, når leveringen først er påbegyndt. Denne meddelelse vises til dine registre."
"Existing withdrawals for this order","Eksisterende fortrydelser for denne ordre"
"You can cancel a withdrawal here until it is approved.","Du kan annullere en fortrydelse her, indtil den er godkendt."
"Request #%1","Anmodning #%1"
"SKU: %1","SKU: %1"
"Estimated refund: %1 %2","Estimeret refusion: %1 %2"
"Cancel this withdrawal","Annullér denne fortrydelse"
"Are you sure? This cannot be undone.","Er du sikker? Dette kan ikke fortrydes."
"Yes, cancel","Ja, annullér"
"Keep it","Behold"
"Select items to return","Vælg varer til returnering"
"Choose all items or only some of them. Set the return quantity for each item you want to withdraw.","Vælg alle varer eller kun nogle af dem. Angiv returmængden for hver vare, du ønsker at fortryde."
"You have 14 days from the day you received your order to withdraw from the contract without giving a reason.","Du har 14 dage fra den dag, du modtog din ordre, til at fortryde aftalen uden at angive nogen grund."
"Back to order search","Tilbage til ordresøgning"
"Cancel","Annuller"
"Continue to review","Fortsæt til gennemgang"
"Review and confirm","Gennemgå og bekræft"
"Order #%1","Ordre #%1"
"Placed on %1","Bestilt den %1"
"Awaiting delivery","Afventer levering"
"Delivered on %1","Leveret den %1"
"Total","I alt"
"Return shipping","Returforsendelse"
"View return policy","Se returpolitik"
"Refund method","Refunderingsmetode"
"Refund will be issued to your original payment method.","Refunderingen vil blive udstedt til din oprindelige betalingsmetode."
"Return summary","Returoversigt"
"Shipping & Handling","Forsendelse og håndtering"
"Tax","Moms"
"Back to items","Tilbage til varer"
"Submit return request","Send returanmodning"
"Your return request has been submitted!","Din returanmodning er indsendt!"
"We've emailed you a notification with your return details and a prepaid return label (if applicable). You have 14 days from the delivery date to send your items back.","Vi har sendt dig en e-mail med dine returoplysninger og en forudbetalt returetiket (hvis relevant). Du har 14 dage fra leveringsdatoen til at sende dine varer tilbage."
"Return request number","Returanmodningsnummer"
"Copy request number","Kopiér anmodningsnummer"
"Copied!","Kopieret!"
"Confirmation email sent","Bekræftelsesmail sendt"
"We've sent the details to","Vi har sendt detaljerne til"
"What happens next?","Hvad sker der nu?"
"Pack your items securely","Pak dine varer sikkert"
"Send them back using the provided instructions","Send dem tilbage efter de medfølgende instruktioner"
"We'll inspect your return","Vi inspicerer din returnering"
"Your refund will be issued to your original payment method","Din refundering sendes til din oprindelige betalingsmetode"
"Need more help?","Brug for mere hjælp?"
"View my returns","Se mine returneringer"
"Contact support","Kontakt support"
"Purchased","Købt"
"Returned","Returneret"
"Decrease quantity","Reducer antal"
"Increase quantity","Øg antal"
"Is the hygiene seal still intact?","Er hygiejneforseglingen stadig intakt?"
"Is the original software / media seal still intact?","Er den originale software-/medieforsegling stadig intakt?"
"Yes — it's still sealed","Ja — den er stadig forseglet"
"Refund possible — return the unopened package.","Refundering er mulig — returnér den uåbnede pakke."
"No — I've opened it","Nej — jeg har åbnet den"
"This item cannot be returned (Art. 16(e) Directive 2011/83/EU).","Denne vare kan ikke returneres (art. 16, litra e, i direktiv 2011/83/EU)."
"This item cannot be returned (Art. 16(i) Directive 2011/83/EU).","Denne vare kan ikke returneres (art. 16, litra i, i direktiv 2011/83/EU)."
"Once you confirm the seal is broken, this item is excluded from the withdrawal request and the quantity will be reset to zero.","Når du bekræfter, at forseglingen er brudt, udelukkes denne vare fra fortrydelsesanmodningen, og mængden nulstilles."
"Reason for return (optional)","Returbegrundelse (valgfri)"
"Tell us more (optional, max 500 chars)","Fortæl os mere (valgfri, maks. 500 tegn)"
"Already returned.","Allerede returneret."
"awaiting admin review","afventer administrativ gennemgang"
"awaiting confirmation","afventer bekræftelse"
"Request %1 %2 (%3 item%4).","Anmodning %1 %2 (%3 vare%4)."
"Return request awaiting review.","Returanmodning afventer gennemgang."
"Cancel request","Annullér anmodning"
"Under EU consumer law, you may withdraw from most contracts within 14 days without giving a reason.","I henhold til EU's forbrugerret kan du fortryde de fleste aftaler inden for 14 dage uden at angive nogen grund."
"Read your full pre-contract rights (Art. 6)","Læs dine fulde rettigheder før aftaleindgåelse (art. 6)"
"Under Art. 6 of Directive 2011/83/EU (as amended by Directive (EU) 2023/2673), before you placed this order the seller informed you — or made available — the following information:","I henhold til art. 6 i direktiv 2011/83/EU (som ændret ved direktiv (EU) 2023/2673) har sælgeren, inden du afgav denne ordre, oplyst dig om — eller stillet til rådighed — følgende oplysninger:"
"The main characteristics of the goods or services.","Varernes eller tjenesteydelsernes vigtigste egenskaber."
"The identity and contact details of the trader.","Den erhvervsdrivendes identitet og kontaktoplysninger."
"The total price including all taxes and any delivery costs.","Den samlede pris inklusive alle skatter og afgifter samt eventuelle leveringsomkostninger."
"The arrangements for payment, delivery and performance, and complaint-handling.","Vilkårene for betaling, levering og opfyldelse samt klagebehandling."
"Your right of withdrawal: under Art. 9 you have 14 days to withdraw from this distance contract without giving a reason. For physical goods, the 14-day period starts on the day you (or a third party nominated by you) take physical possession of the goods. For services and digital content, different starting dates apply (Art. 9(2)(a)/(c)).","Din fortrydelsesret: I henhold til art. 9 har du 14 dage til at fortryde denne aftale om fjernsalg uden at angive nogen grund. For fysiske varer løber 14-dages fristen fra den dag, du (eller en af dig udpeget tredjepart) får varerne i fysisk besiddelse. For tjenesteydelser og digitalt indhold gælder andre starttidspunkter (art. 9, stk. 2, litra a/c)."
"Exceptions: the right does not apply to certain goods and services listed in Art. 16 (e.g., custom-made goods, sealed hygiene items once unsealed, digital content whose performance has begun with your prior express consent and acknowledgement that you lose the withdrawal right).","Undtagelser: Retten gælder ikke for visse varer og tjenesteydelser nævnt i art. 16 (f.eks. specialfremstillede varer, forseglede hygiejnevarer, hvor forseglingen er brudt, samt digitalt indhold, hvis levering er påbegyndt med dit forudgående udtrykkelige samtykke og din anerkendelse af, at du dermed mister fortrydelsesretten)."
"The legal guarantee of conformity for goods applies under Art. 5 of Directive 2019/771, in addition to the right of withdrawal.","Den lovbestemte garanti for varers overensstemmelse i henhold til art. 5 i direktiv 2019/771 gælder ud over fortrydelsesretten."
"Delivery: %1","Levering: %1"
"Total paid","Betalt i alt"
"Pick an order to withdraw from","Vælg en ordre, du vil fortryde"
"Select a recent order to start your withdrawal.","Vælg en nylig ordre for at starte din fortrydelse."
"Select","Vælg"
"Withdrawal progress","Fortrydelsesforløb"
"title","titel"
"subtitle","undertitel"
"Items to return","Varer til returnering"
"0 items","0 varer"
"Refund summary","Refusionsoversigt"
"No items in this order are currently eligible for withdrawal.","Ingen varer i denne ordre er på nuværende tidspunkt berettigede til fortrydelse."
"Each line is either already being processed, pending confirmation, or has been fully withdrawn. Check the existing requests section above for status or to cancel.","Hver linje er enten allerede under behandling, afventer bekræftelse eller er fuldt fortrudt. Se afsnittet med eksisterende anmodninger ovenfor for status eller for at annullere."
"No items selected yet. Use the + button next to an item to add it to your return.","Der er endnu ikke valgt nogen varer. Brug + knappen ved siden af en vare for at føje den til din returnering."
"Find your order","Find din ordre"
"Enter the details you used during checkout to start a return or withdrawal.","Indtast de oplysninger, du brugte ved betalingen, for at starte en returnering eller fortrydelse."
"We could not find an order matching that email. Double-check your order number and email address.","Vi kunne ikke finde en ordre, der matcher denne e-mailadresse. Tjek dit ordrenummer og din e-mailadresse igen."
"e.g. 12345","f.eks. 12345"
"You can find this in your order confirmation email.","Du kan finde dette i din ordrebekræftelses-e-mail."
"Email address","E-mailadresse"
"you@example.com","you@example.com"
"Must match the email used for the order.","Skal matche den e-mail, der blev brugt til ordren."
"Find my order","Find min ordre"
"You have the right to withdraw from your purchase within 14 days of receiving your order, without giving any reason.","Du har ret til at fortryde dit køb inden for 14 dage efter modtagelsen af din ordre uden at angive nogen grund."
"Need help finding your order?","Brug for hjælp til at finde din ordre?"
"Select an order","Vælg en ordre"
"Choose an order from your history to start a return or withdrawal.","Vælg en ordre fra din historik for at starte en returnering eller fortrydelse."
"You don't have any orders eligible for withdrawal. The 14-day withdrawal window runs from the day you received your order.","Du har ingen ordrer, der er berettigede til fortrydelse. 14-dages fortrydelsesfristen løber fra den dag, du modtog din ordre."
"View all my orders","Se alle mine ordrer"
"items","varer"
"Select order","Vælg ordre"
"No recent withdrawal","Ingen nylige fortrydelser"
"We could not find a recent withdrawal in this session. If you have just submitted one, please check your inbox for the confirmation email.","Vi kunne ikke finde en nylig fortrydelse i denne session. Hvis du lige har indsendt en, så tjek din indbakke for bekræftelsesmailen."
"Start a new withdrawal","Start en ny fortrydelse"
"Withdrawal #%1 submitted","Fortrydelse #%1 indsendt"
"Related order:","Relateret ordre:"
"Items","Varer"
"Items included in this withdrawal","Varer i denne fortrydelse"
"Line Total","Linjesum"
"What happens next","Hvad sker der nu"
"You will receive a receipt email with the full withdrawal statement and integrity hash within a few minutes.","Du modtager en kvitteringsmail med den fulde fortrydelseserklæring og integritetshashen inden for få minutter."
"The 14-day window under Art. 9 CRD is locked to the moment you confirmed the withdrawal — nothing further is required from you to preserve the right.","14-dages fristen i henhold til art. 9 i forbrugerrettighedsdirektivet er fastlåst til det tidspunkt, hvor du bekræftede fortrydelsen — der kræves ikke yderligere af dig for at bevare retten."
"The final refund is determined after we receive the returned items (Art. 14(2)) and is issued to the original payment method. Expect the funds within 14 days of receipt.","Den endelige refundering opgøres, når vi har modtaget de returnerede varer (art. 14, stk. 2), og udbetales til den oprindelige betalingsmetode. Forvent beløbet inden for 14 dage efter modtagelsen."
"Back to Withdrawals","Tilbage til fortrydelser"
"Verzichtsbestätigung digitaler Inhalte — Bestellung %increment_id","Bekræftelse på samtykke til digitalt indhold — Ordre %increment_id"
"Sehr geehrte/r %name,","Kære %name,"
"Dies ist die Bestätigung auf einem dauerhaften Datenträger Ihrer ausdrücklichen Einwilligung zum Beginn der Ausführung folgender digitaler Inhalte sowie Ihrer Bestätigung, dass Sie dadurch Ihr Widerrufsrecht verlieren (Art. 16(m) VRL).","Dette er bekræftelsen på et varigt medium af dit udtrykkelige samtykke til, at leveringen af følgende digitale indhold påbegyndes, samt af din anerkendelse af, at du derved mister din fortrydelsesret (art. 16, litra m, i forbrugerrettighedsdirektivet)."
"Durch den Verzicht abgedeckte digitale Inhalte","Digitalt indhold omfattet af samtykket"
"Ihre ausdrückliche Einwilligung","Dit udtrykkelige samtykke"
"Eingewilligt am:","Samtykket den:"
"Ihre Bestätigung zum Verlust des Widerrufsrechts","Din anerkendelse af mistet fortrydelsesret"
"Bestätigt am:","Bekræftet den:"
"Verzichtsreferenz:","Samtykkereference:"
"Rechtsgrundlage: Art. 16(m) Verbraucherrechterichtlinie 2011/83/EU.","Retsgrundlag: art. 16, litra m, i forbrugerrettighedsdirektivet 2011/83/EU."
"Digital content waiver confirmation — Order %1","Bekræftelse på samtykke til digitalt indhold — Ordre %1"
"Dear %name,","Kære %name,"
"This is the durable-medium confirmation of your express consent to begin performance of the following digital items, and your acknowledgment that by doing so you lose your right of withdrawal (Art. 16(m) CRD).","Dette er bekræftelsen på et varigt medium af dit udtrykkelige samtykke til, at leveringen af følgende digitale produkter påbegyndes, samt af din anerkendelse af, at du derved mister din fortrydelsesret (art. 16, litra m, i forbrugerrettighedsdirektivet)."
"Digital items covered by this waiver","Digitale produkter omfattet af dette samtykke"
"Your express consent","Dit udtrykkelige samtykke"
"Consented at:","Samtykket den:"
"Your acknowledgment of loss of withdrawal right","Din anerkendelse af mistet fortrydelsesret"
"Acknowledged at:","Anerkendt den:"
"Waiver reference:","Samtykkereference:"
"Legal basis: Art. 16(m) Consumer Rights Directive 2011/83/EU.","Retsgrundlag: Art. 16(m) forbrugerrettighedsdirektivet 2011/83/EU."
"Digitaalisen sisällön luopumisvahvistus — Tilaus %increment_id","Bekræftelse på samtykke til digitalt indhold — Ordre %increment_id"
"Hyvä %name,","Kære %name,"
"Tämä on pysyvällä tietovälineellä annettu vahvistus nimenomaisesta suostumuksestasi aloittaa seuraavien digitaalisten sisältöjen toimitus sekä vahvistuksestasi, että menetät peruuttamisoikeutesi (KSL 6:16).","Dette er bekræftelsen på et varigt medium af dit udtrykkelige samtykke til, at leveringen af følgende digitale indhold påbegyndes, samt af din anerkendelse af, at du derved mister din fortrydelsesret (art. 16, litra m, i forbrugerrettighedsdirektivet)."
"Luopumisen kattamat digitaaliset sisällöt","Digitalt indhold omfattet af samtykket"
"Nimenomainen suostumuksesi","Dit udtrykkelige samtykke"
"Suostuttu:","Samtykket den:"
"Vahvistuksesi peruuttamisoikeuden menettämisestä","Din anerkendelse af mistet fortrydelsesret"
"Vahvistettu:","Bekræftet den:"
"Luopumisen viite:","Samtykkereference:"
"Oikeusperusta: KSL 6:16 / Art. 16(m) kuluttajanoikeusdirektiivi 2011/83/EU.","Retsgrundlag: art. 16, litra m, i forbrugerrettighedsdirektivet 2011/83/EU."
"Confirmation de renonciation au contenu numérique — Commande %increment_id","Bekræftelse på samtykke til digitalt indhold — Ordre %increment_id"
"Cher/Chère %name,","Kære %name,"
"Ceci est la confirmation sur un support durable de votre consentement exprès à commencer l'exécution des contenus numériques suivants, et de votre reconnaissance que vous perdez ainsi votre droit de rétractation (Art. L. 221-28 Code consommation).","Dette er bekræftelsen på et varigt medium af dit udtrykkelige samtykke til, at leveringen af følgende digitale indhold påbegyndes, samt af din anerkendelse af, at du derved mister din fortrydelsesret (art. 16, litra m, i forbrugerrettighedsdirektivet)."
"Contenus numériques couverts par la présente renonciation","Digitalt indhold omfattet af samtykket"
"Votre consentement exprès","Dit udtrykkelige samtykke"
"Consenti le :","Samtykket den:"
"Votre reconnaissance de la perte du droit de rétractation","Din anerkendelse af mistet fortrydelsesret"
"Reconnu le :","Anerkendt den:"
"Référence de renonciation :","Samtykkereference:"
"Base légale : Art. L. 221-28 Code consommation / Art. 16(m) Directive 2011/83/UE.","Retsgrundlag: art. 16, litra m, i forbrugerrettighedsdirektivet 2011/83/EU."
"Bevestiging afstand digitale inhoud — Bestelling %increment_id","Bekræftelse på samtykke til digitalt indhold — Ordre %increment_id"
"Beste %name,","Kære %name,"
"Dit is de bevestiging op een duurzame gegevensdrager van uw uitdrukkelijke toestemming om te beginnen met de levering van de volgende digitale inhoud, en uw erkenning dat u daardoor uw herroepingsrecht verliest (Art. 6:230s BW).","Dette er bekræftelsen på et varigt medium af dit udtrykkelige samtykke til, at leveringen af følgende digitale indhold påbegyndes, samt af din anerkendelse af, at du derved mister din fortrydelsesret (art. 16, litra m, i forbrugerrettighedsdirektivet)."
"Onder deze afstand vallende digitale items","Digitalt indhold omfattet af samtykket"
"Uw uitdrukkelijke toestemming","Dit udtrykkelige samtykke"
"Toestemming verleend op:","Samtykket den:"
"Uw erkenning van verlies van herroepingsrecht","Din anerkendelse af mistet fortrydelsesret"
"Erkend op:","Anerkendt den:"
"Afstandreferentie:","Samtykkereference:"
"Rechtsgrondslag: Art. 6:230s BW / Art. 16(m) Richtlijn 2011/83/EU.","Retsgrundlag: art. 16, litra m, i direktiv 2011/83/EU."
"[EU Withdrawal] Receipt send failed — request #%request_id","[EU Withdrawal] Afsendelse af kvittering mislykkedes — anmodning #%request_id"
"The receipt email for withdrawal request #%request_id has failed to send permanently.","Kvitteringsmailen for fortrydelsesanmodning #%request_id kunne ikke sendes og er permanent mislykket."
"Inspect the <code>mm_eu_withdrawal_request.receipt_last_error</code> column for the last error message, and the <code>mm_eu_withdrawal_request.receipt_send_attempts</code> column for the retry count.","Tjek kolonnen <code>mm_eu_withdrawal_request.receipt_last_error</code> for den seneste fejlmeddelelse og kolonnen <code>mm_eu_withdrawal_request.receipt_send_attempts</code> for antallet af forsøg."
"You can requeue the send from the admin grid after resolving the underlying issue.","Du kan sætte afsendelsen i kø igen fra administrationsoversigten, når den underliggende fejl er løst."
"Your refund is on its way — Withdrawal #%1","Din refundering er på vej — Fortrydelse #%1"
"Your refund is on its way","Din refusion er på vej"
"Hi %name, we've approved your withdrawal request and started the refund process.","Hej %name, vi har godkendt din fortrydelse og sat refunderingen i gang."
"View refund details","Vis refusionsdetaljer"
"Withdrawal number","Fortrydelsesnummer"
"Approved on","Godkendt den"
"Estimated arrival","Forventet ankomst"
"Status","Status"
"Your refund will be issued to your original payment method within 5–7 business days. You'll see it on your card or bank statement once it lands.","Din refundering sendes til din oprindelige betalingsmetode inden for 5–7 hverdage. Du kan se den på dit kort- eller kontoudtog, så snart den er gået ind."
"Need help?","Brug for hjælp?"
"Reply to this email or contact us at","Svar på denne mail eller kontakt os på"
"Your withdrawal was cancelled — Withdrawal #%1","Din fortrydelse blev annulleret — Fortrydelse #%1"
"Your withdrawal was cancelled","Din fortrydelse blev annulleret"
"Hi %name, we've cancelled your withdrawal request.","Hej %name, vi har annulleret din fortrydelsesanmodning."
"Submit a new request","Indsend en ny anmodning"
"Cancelled request","Annulleret anmodning"
"Cancelled on","Annulleret den"
"Refund requested","Refusion anmodet"
"If this was unexpected, you can submit a new withdrawal request as long as your 14-day window is still open. Reach out if you need help — we're happy to clarify.","Hvis det her var uventet, kan du indsende en ny fortrydelsesanmodning, så længe din 14-dages frist stadig løber. Skriv til os, hvis du har brug for hjælp — vi forklarer gerne."
"Cancellation confirmed — Withdrawal #%1","Annullering bekræftet — Fortrydelse #%1"
"Cancellation confirmed","Annullering bekræftet"
"Hi %name, your withdrawal request has been cancelled as you asked.","Hej %name, din fortrydelsesanmodning er blevet annulleret, som du bad om."
"Back to my orders","Tilbage til mine ordrer"
"Cancelled by","Annulleret af"
"You","Du"
"Your order remains active and there's no further action needed. If you change your mind, you can start a new withdrawal request any time within your 14-day window.","Din ordre er stadig aktiv, og du behøver ikke gøre mere. Hvis du skifter mening, kan du når som helst indsende en ny fortrydelsesanmodning inden for din 14-dages frist."
"Update on your withdrawal request — Withdrawal #%1","Opdatering om din fortrydelsesanmodning — Fortrydelse #%1"
"We can't process this withdrawal","Vi kan ikke behandle denne fortrydelse"
"Hi %name, after reviewing your withdrawal request we're unable to approve it.","Hej %name, efter at have gennemgået din fortrydelsesanmodning kan vi desværre ikke godkende den."
"Request details","Anmodningsdetaljer"
"Reviewed on","Gennemset den"
"Decision","Beslutning"
"Reason from our team","Begrundelse fra vores team"
"If you'd like to discuss this decision, our team is here to help. Reply to this email or use the button above.","Vil du drøfte afgørelsen, er vores team klar til at hjælpe. Svar på denne e-mail, eller brug knappen ovenfor."
"Your withdrawal request has been submitted — Order #%1","Din fortrydelsesanmodning er indsendt — Ordre #%1"
"Your return request has been submitted","Din returanmodning er indsendt"
"Hi %name, we've received your return request and are currently reviewing it. You'll hear back when we've inspected your return and processed your refund.","Hej %name, vi har modtaget din returanmodning og er ved at gennemgå den. Du hører fra os, når vi har inspiceret din retur og behandlet din refundering."
"Return number","Returnummer"
"Requested on","Anmodet den"
"We'll inspect your return and notify you once approved. Refunds are issued to your original payment method within 5–7 business days after approval.","Vi inspicerer din retur og giver dig besked, når den er godkendt. Refunderinger sendes til din oprindelige betalingsmetode inden for 5–7 hverdage efter godkendelse."
"If you have any questions, our customer service team is here to help.","Har du spørgsmål, står vores kundeservice klar til at hjælpe."
"Visit our help center","Besøg vores hjælpecenter"
"If you did not initiate this request, contact us immediately at","Hvis det ikke var dig, der sendte denne anmodning, så kontakt os straks på"
"Withdrawal receipt — Order #%1","Fortrydelseskvittering — Ordre #%1"
"Withdrawal receipt","Fortrydelseskvittering"
"Hi %name, this email is your durable-medium proof of withdrawal under Art. 11a Directive 2011/83/EU. Keep it for your records.","Hej %name, denne e-mail er din fortrydelsesdokumentation på et varigt medium i henhold til Art. 11a direktiv 2011/83/EU. Gem den til dine optegnelser."
"Submitted on","Indsendt den"
"Your %store_name order confirmation","Din ordrebekræftelse fra %store_name"
"%customer_name,","%customer_name,"
"Thank you for your order from %store_name.","Tak for din ordre hos %store_name."
"Once your package ships we will send you a tracking number.","Når din pakke er afsendt, sender vi dig et sporingsnummer."
"You can check the status of your order by <a href=""%account_url"">logging into your account</a>.","Du kan tjekke status på din ordre ved at <a href=""%account_url"">logge ind på din konto</a>."
"If you have questions about your order, you can email us at <a href=""mailto:%store_email"">%store_email</a>","Har du spørgsmål til din ordre, kan du skrive til os på <a href=""mailto:%store_email"">%store_email</a>"
"or call us at <a href=""tel:%store_phone"">%store_phone</a>","eller ringe til os på <a href=""tel:%store_phone"">%store_phone</a>"
"Our hours are <span class=""no-link"">%store_hours</span>.","Vores åbningstider er <span class=""no-link"">%store_hours</span>."
"Your Order <span class=""no-link"">#%increment_id</span>","Din ordre <span class=""no-link"">#%increment_id</span>"
"Placed on <span class=""no-link"">%created_at</span>","Bestilt den <span class=""no-link"">%created_at</span>"
"Billing Info","Faktureringsoplysninger"
"Shipping Info","Forsendelsesoplysninger"
"Payment Method","Betalingsmetode"
"Shipping Method","Forsendelsesmetode"
"%name,","%name,"
"Once your package ships we will send an email with a link to track your order.","Når din pakke er afsendt, sender vi en e-mail med et link til at spore din ordre."
"Your %store_name order has shipped","Din ordre fra %store_name er afsendt"
"Your shipping confirmation is below. Thank you again for your business.","Din forsendelsesbekræftelse vises nedenfor. Tak igen for din ordre."
"Your Shipment #%shipment_id for Order #%order_id","Din forsendelse #%shipment_id for ordre #%order_id"
"Your digital content waiver is on file","Dit samtykke til digitalt indhold er registreret"
"Hi %name, you've consented to immediate digital delivery of the items below — this is your durable-medium copy of that consent (Art. 11a(4) CRD).","Hej %name, du har givet samtykke til straks digital levering af nedenstående produkter — dette er din kopi af samtykket på et varigt medium (Art. 11a(4) CRD)."
"View order","Vis ordre"
"Consented at","Samtykket den"
"Acknowledged at","Anerkendt den"
"Keep this email as your durable-medium record. The merchant has stored the SHA-256 hash of the legal text you accepted:","Gem denne e-mail som din dokumentation på et varigt medium. Forhandleren har gemt SHA-256-hashen af den juridiske tekst, du accepterede:"
"Digital content waiver","Frafald af ret for digitalt indhold"
"We need your explicit consent before you can buy this digital item — please read both points carefully.","Vi skal bruge dit udtrykkelige samtykke, før du kan købe denne digitale vare — læs venligst begge punkter grundigt."
"We log this consent with your IP and timestamp for our audit record.","Vi logger dette samtykke med din IP-adresse og tidsstempel til vores revisionslog."
"Continue","Fortsæt"
"Waiver could not be saved. Please retry.","Samtykket kunne ikke gemmes. Prøv igen."
"Enable for EU Withdrawal Lookup Form","Aktivér til søgeformularen for EU-fortrydelsesret"
"MageMe Extensions","MageMe-udvidelser"
"EU Withdrawal","EU-fortrydelsesret"
"General","Generelt"
"Enable Module","Aktivér modul"
"Activates frontend and cron jobs. Default: disabled. Complete the manual setup checklist before enabling.","Aktiverer frontend og cronjobs. Standard: deaktiveret. Gennemgå opsætningstjeklisten manuelt, før modulet aktiveres."
"Request Number Prefix","Præfiks til anmodningsnummer"
"Optional prefix prepended to the withdrawal request increment ID in customer-facing UI (e.g. ""RR-"" renders as ""RR-000000022""). Leave blank to show the plain padded number.","Valgfrit præfiks, der tilføjes foran fortrydelsesanmodningens increment-ID i kundens grænseflade (f.eks. vises ""RR-"" som ""RR-000000022""). Lad være tom for kun at vise det udfyldte nummer."
"Default Contract Type","Standardkontrakttype"
"Frontend Route","Butiksrute"
"URL prefix used by the customer-facing withdrawal flow (e.g. <code>withdraw-contract</code> renders as <code>/withdraw-contract/...</code>). Lowercase letters, digits, dashes and underscores only.","URL-præfiks, der bruges af kundens fortrydelsesflow (f.eks. vises <code>withdraw-contract</code> som <code>/withdraw-contract/...</code>)."
"Withdrawal Period","Fortrydelsesfrist"
"Delivery Confirmation Statuses","Statusser for leveringsbekræftelse"
"Pick one or more order statuses whose <em>transition</em> means the customer received the goods in your fulfillment workflow. The 14-day withdrawal window starts on the timestamp of the order's <em>earliest</em> transition into <em>any</em> of the selected statuses (Art. 9(2)(b) Directive 2011/83/EU). Multi-select supports merchants who use several ""delivered""-type statuses (e.g. <code>delivered</code> + <code>complete</code> + <code>delivered_partial</code>). Until the order reaches any of them, the right of withdrawal is open with no fixed deadline.","Vælg en eller flere ordrestatusser, hvis <em>overgang</em> betyder, at kunden har modtaget varerne i dit forsendelsesflow. 14-dages fortrydelsesfristen starter på tidspunktet for ordrens <em>tidligste</em> overgang til <em>en hvilken som helst</em> af de valgte statusser (art. 9, stk. 2, litra b, i direktiv 2011/83/EU). Multivalg understøtter forhandlere, der bruger flere ""leveret""-lignende statusser (f.eks. <code>delivered</code> + <code>complete</code> + <code>delivered_partial</code>). Indtil ordren når en af dem, er fortrydelsesretten åben uden en fast frist."
"Eligibility Rules (Art. 16 CRD Presets)","Berettigelsesregler (forudindstillinger iht. art. 16 CRD)"
"Art. 16(c) Custom-Made Goods","Art. 16(c) Specialfremstillede varer"
"Excludes products made to customer specifications or clearly personalised (e.g. engraved jewellery, made-to-measure clothing). <strong>Requires</strong> product attribute <code>is_custom_made = true</code>. If enabled, orders containing such items cannot be withdrawn — customers will see this when attempting to start withdrawal.","Udelukker produkter fremstillet efter kundens specifikationer eller tydeligt personliggjorte (f.eks. graveret smykke, skræddersyet tøj). <strong>Kræver</strong> produktattributten <code>is_custom_made = true</code>. Hvis aktiveret, kan ordrer, der indeholder sådanne varer, ikke fortrydes — kunderne ser dette, når de forsøger at starte fortrydelse."
"Art. 16(d) Perishable Goods","Art. 16(d) Letfordærvelige varer"
"Excludes goods that can deteriorate or expire rapidly (fresh food, cut flowers, short-shelf-life pharmaceuticals). <strong>Requires</strong> product attribute <code>is_perishable = true</code>. Do not enable for all categories — apply it only to truly perishable SKUs, otherwise you will unlawfully deny valid withdrawals.","Udelukker varer, der hurtigt kan forringes eller udløbe (friske fødevarer, afskårne blomster, lægemidler med kort holdbarhed). <strong>Kræver</strong> produktattributten <code>is_perishable = true</code>. Aktivér den ikke for alle kategorier — anvend den kun for SKU'er, der reelt er letfordærvelige, ellers afviser du gyldige fortrydelser ulovligt."
"Art. 16(e) Sealed Hygiene / Health","Art. 16(e) Forseglede hygiejne-/sundhedsvarer"
"Excludes sealed hygiene or health items <strong>only if the seal has been broken after delivery</strong> (cosmetics, intimate apparel, sealed medical supplies). <strong>Requires</strong> product attribute <code>is_sealed_hygiene = true</code>. The exclusion depends on a seal-check at the time of withdrawal (workflow in phase-04) — a sealed, unopened return remains eligible.","Udelukker forseglede hygiejne- eller sundhedsvarer, <strong>kun hvis forseglingen er brudt efter levering</strong> (kosmetik, undertøj, forseglede medicinske artikler). <strong>Kræver</strong> produktattributten <code>is_sealed_hygiene = true</code>. Udelukkelsen afhænger af et forseglingstjek på fortrydelsestidspunktet (workflow i phase-04) — en forseglet, uåbnet returnering forbliver berettiget."
"Art. 16(i) Sealed Audio / Video / Software","Art. 16(i) Forseglet lyd/video/software"
"Excludes sealed audio recordings, video recordings, or sealed computer software <strong>only if the seal has been broken after delivery</strong>. <strong>Requires</strong> product attribute <code>is_sealed_av = true</code>. Same seal-check logic as Art. 16(e). Does not apply to streaming / digital-download content — use Art. 16(m) for those.","Udelukker forseglede lydoptagelser, videooptagelser eller forseglet computersoftware, <strong>kun hvis forseglingen er brudt efter levering</strong>. <strong>Kræver</strong> produktattributten <code>is_sealed_av = true</code>. Samme forseglingstjek-logik som art. 16, litra e. Gælder ikke for streaming-/digitalt downloadbart indhold — brug art. 16, litra m, til disse."
"Digital Content (Art. 16(m))","Digitalt indhold (art. 16(m))"
"Detection","Registrering"
"Enable Digital Content Detection","Aktivér registrering af digitalt indhold"
"Master switch for Art. 16(m) digital-content detection. When off, no product is recognised as digital, the checkout waiver step is not required, and the preset always allows withdrawal.","Hovedafbryder for registrering af digitalt indhold iht. art. 16, litra m. Når den er slået fra, registreres ingen produkter som digitale, samtykketrinnet i kassen er ikke påkrævet, og forudindstillingen tillader altid fortrydelse."
"Detection Strategies","Registreringsstrategier"
"Which product-type heuristics trigger the digital-content waiver gate. Downloadable + virtual are safe defaults; bundle_contains_digital inspects bundle children; custom_attribute reads the EAV flag configured below.","Hvilke produkttype-heuristikker, der udløser samtykkespærren for digitalt indhold. Downloadable + virtual er sikre standarder; bundle_contains_digital undersøger underprodukter i pakker; custom_attribute læser det EAV-flag, der er konfigureret nedenfor."
"Custom Attribute Code","Kode for tilpasset attribut"
"EAV attribute code used <strong>only</strong> when <em>Custom attribute flag</em> is picked in <em>Detection strategies</em> above. Default: <code>is_digital_content</code> (boolean attribute, 1 = digital). Ignored otherwise.","EAV-attributkode, der <strong>kun</strong> bruges, når <em>Brugerdefineret attributflag</em> er valgt i <em>Registreringsstrategier</em> ovenfor. Standard: <code>is_digital_content</code> (boolesk attribut, 1 = digital). Ignoreres ellers."
"Checkout Step + Email","Kassetrin + mail"
"Enable Checkout Waiver Step","Aktivér afkaldstrin i kassen"
"When on, carts that contain a detected digital item render the 2-checkbox waiver step at checkout. Has no effect unless <em>Detection → Enable digital content detection</em> is also on.","Når aktiveret, viser kurve, der indeholder en registreret digital vare, samtykketrinnet med 2 afkrydsningsfelter i kassen. Har ingen effekt, medmindre <em>Registrering → Aktivér registrering af digitalt indhold</em> også er aktiveret."
"Merchant BCC Address for Confirmation Emails","Forhandlerens skjult kopi-adresse til bekræftelsesmails"
"Optional. Blind-copies the waiver-confirmation email to a merchant audit address. Leave blank to skip.","Valgfri. Sender en skjult kopi af bekræftelsesmailen for samtykket til en revisionsadresse hos forhandleren. Lad være tom for at springe over."
"Mark Virtual-Only Items as Performance-Started on Confirmation","Markér rent virtuelle varer som ydelsespåbegyndte ved bekræftelse"
"Virtual products have no download trigger. When on, the waiver confirmation email's dispatch counts as performance-start for virtual-only items.","Virtuelle produkter har ingen downloadtrigger. Når aktiveret, betragtes afsendelsen af bekræftelsesmailen for samtykket som påbegyndelse af leveringen for varer, der udelukkende er virtuelle (I-6-grænsen)."
"Confirmation Email Identity","Afsenderidentitet for bekræftelsesmail"
"Per-Locale Waiver Text Overrides","Tilsidesættelser af afkaldstekst pr. sprog"
"English (en_US)","Engelsk (en_US)"
"Consent Text","Samtykketekst"
"Right-Loss Acknowledgment Text","Tekst om anerkendelse af mistet ret"
"German (de_DE)","Tysk (de_DE)"
"Finnish (fi_FI)","Finsk (fi_FI)"
"Dutch (nl_NL)","Hollandsk (nl_NL)"
"French (fr_FR)","Fransk (fr_FR)"
"Italian (it_IT)","Italiensk (it_IT)"
"Spanish (es_ES)","Spansk (es_ES)"
"Polish (pl_PL)","Polsk (pl_PL)"
"Portuguese (pt_PT)","Portugisisk (pt_PT)"
"Danish (da_DK)","Dansk (da_DK)"
"Swedish (sv_SE)","Svensk (sv_SE)"
"German — Austria (de_AT)","Tysk — Østrig (de_AT)"
"Swedish — Finland (sv_FI)","Svensk — Finland (sv_FI)"
"Dutch — Belgium (nl_BE)","Hollandsk — Belgien (nl_BE)"
"French — Belgium (fr_BE)","Fransk — Belgien (fr_BE)"
"German — Belgium (de_BE)","Tysk — Belgien (de_BE)"
"French — Luxembourg (fr_LU)","Fransk — Luxembourg (fr_LU)"
"Pre-Contract Information (Art. 6(1)(h))","Oplysninger før aftaleindgåelse (art. 6(1)(h))"
"Enable Pre-Contract Disclosure","Aktivér oplysninger før aftaleindgåelse"
"Master kill-switch. Disabled = block does not render and no display events are recorded. Disabling exposes the merchant to Art. 10 (12 month + 14 day extended withdrawal period). Default: enabled.","Hovedafbryder. Deaktiveret = blokken vises ikke, og ingen visningshændelser registreres. Deaktivering udsætter forhandleren for art. 10 (forlænget fortrydelsesfrist på 12 måneder + 14 dage). Standard: aktiveret."
"Withdrawal Period (Days)","Fortrydelsesfrist (dage)"
"Default 14 days per Art. 9(2). Extension allowed (e.g. 30, 100). Reduction below 14 is illegal — the field validates >=14 only when the module is enabled.","Standard 14 dage iht. art. 9, stk. 2. Forlængelse er tilladt (f.eks. 30, 100). Forkortelse under 14 dage er ulovlig — feltet validerer kun >=14, når modulet er aktiveret."
"Return Address","Returadresse"
"Where consumers send goods back. Leave empty to fall back to the store address from Stores → Configuration → General → General → Store Information.","Hvor forbrugere sender varer tilbage. Lad være tom for at falde tilbage til adressen i Butikker → Konfiguration → Generelt → Generelt → Butiksinformation."
"Display In Checkout","Vis i kassen"
"Annex I Overrides Per Locale","Tilsidesættelser af bilag I pr. sprog"
"Bulgarian (bg_BG)","Bulgarsk (bg_BG)"
"Czech (cs_CZ)","Tjekkisk (cs_CZ)"
"Greek (el_GR)","Græsk (el_GR)"
"Estonian (et_EE)","Estisk (et_EE)"
"Croatian (hr_HR)","Kroatisk (hr_HR)"
"Hungarian (hu_HU)","Ungarsk (hu_HU)"
"Lithuanian (lt_LT)","Litauisk (lt_LT)"
"Latvian (lv_LV)","Lettisk (lv_LV)"
"Romanian (ro_RO)","Rumænsk (ro_RO)"
"Slovak (sk_SK)","Slovakisk (sk_SK)"
"Slovenian (sl_SI)","Slovensk (sl_SI)"
"Frontend","Frontend"
"Buttons","Knapper"
"Step 1 Button Label","Knaptekst trin 1"
"Step 2 Button Label (Confirmation)","Knaptekst trin 2 (bekræftelse)"
"<strong>⚠ Legal warning.</strong> This is the label on the final confirmation button. Default (""Confirm withdrawal"") is counsel-signed. Per-locale translations are counsel-signed. Override only with written legal advice; overrides are audit-logged.","<strong>⚠ Juridisk advarsel.</strong> Dette er teksten på den endelige bekræftelsesknap. Standardværdien (""Confirm withdrawal"") er juridisk godkendt. Per-locale translations are counsel-signed. Tilsidesæt kun med skriftlig juridisk rådgivning; tilsidesættelser registreres i revisionsloggen."
"Placements","Placeringer"
"Show Footer Link","Vis link i sidefoden"
"Show in My Account","Vis i Min konto"
"Return Reasons","Returårsager"
"Reasons","Årsager"
"List of reasons offered to the customer in the per-item dropdown. <strong>Code</strong> is the machine value (lowercase, snake_case, max 32 chars); <strong>Label</strong> is the visible text. Empty grid hides the dropdown entirely.","Liste over årsager, der tilbydes kunden i dropdown-menuen pr. vare. <strong>Kode</strong> er den maskinværdi, der gemmes i databasen (små bogstaver, snake_case, maks. 32 tegn); <strong>Etiket</strong> er den synlige tekst. Et tomt gitter skjuler dropdown-menuen helt."
"Enable ""Other"" with Free Text","Aktivér ""Andet"" med fritekst"
"When enabled, an ""Other"" option appears in the dropdown that reveals a free-text field (max 500 chars).","Når aktiveret, vises en ""Andet""-mulighed i dropdown-menuen, som åbner et fritekstfelt (maks. 500 tegn)."
"Review Step","Gennemsynstrin"
"Return Shipping Notice","Meddelelse om returforsendelse"
"Text shown on the Review & Confirm step (step 3). Example: ""You'll receive a prepaid shipping label in the confirmation email."" or ""Return shipping costs are paid by the customer."" Leave blank to hide the row.","Tekst, der vises i trinnet Gennemgå & bekræft (trin 3). Eksempel: ""Du modtager en forudbetalt forsendelsesetiket i bekræftelsesmailen."" eller ""Returforsendelsesomkostninger betales af kunden."" Lad være tom for at skjule rækken."
"Return Policy URL","URL til returpolitik"
"Optional link rendered next to the shipping notice (""View return policy""). Accepts absolute URLs or relative paths like ""return-policy"".","Valgfrit link, der vises ved siden af forsendelsesmeddelelsen (""Se returpolitik""). Accepterer absolutte URL'er eller relative stier som ""return-policy""."
"Customer Notifications","Kundemeddelelser"
"All customer-facing emails sent by the module. Each email can be enabled/disabled, assigned a custom template (Marketing → Email Templates), and BCC'd to a merchant address. The shared <em>Branding</em> subgroup at the bottom controls the layout (USP strip, social links) used by every email below.","Alle kundevendte mails, der sendes af modulet. Hver mail kan aktiveres/deaktiveres, tildeles en brugerdefineret skabelon (Marketing → Email Templates) og sendes som skjult kopi til en forhandleradresse. Den fælles undergruppe <em>Branding</em> nederst styrer layoutet (USP-bjælke, sociale links), der bruges af alle mails nedenfor."
"1. Submission Confirmation Email","1. Bekræftelsesmail ved indsendelse"
"Enabled","Aktiveret"
"Email Template","Mailskabelon"
"BCC Merchant","Skjult kopi til forhandler"
"Comma-separated. Leave blank to disable.","Komma-adskilt. Lad være tom for at deaktivere."
"2. Approval Email","2. Godkendelsesmail"
"3. Denial Email","3. Afvisningsmail"
"4. Cancellation Email (Admin-Initiated)","4. Annulleringsmail (igangsat af administrator)"
"5. Cancellation Email (Customer Self-Cancel)","5. Annulleringsmail (kundens egen annullering)"
"6. Receipt Email (Durable Medium — Art. 11a(4))","6. Kvitteringsmail (varigt medium — art. 11a(4))"
"Legally required durable-medium confirmation. Cannot be fully disabled (Art. 11a(4) Directive 2011/83/EU). Disabling here only stops the sender — the receipt is still generated and stored.","Lovpligtig bekræftelse på et varigt medium. Kan ikke deaktiveres helt (art. 11a, stk. 4, i direktiv 2011/83/EU). Deaktivering her stopper kun afsendelsen — kvitteringen genereres og gemmes fortsat."
"Send Email","Send mail"
"Comma-separated.","Komma-adskilt."
"Delivery Retry Attempts","Antal genforsøg på levering"
"Number of delivery attempts before a receipt is flagged as undelivered.","Number of delivery attempts before a receipt is flagged as undelivered."
"DLQ Alert Recipient","Modtager af DLQ-advarsler"
"Notified when a receipt fails permanently. Falls back to Store Email Addresses → General Contact.","Underrettes, når en kvittering permanent mislykkes. Falder tilbage til Store Email Addresses → General Contact."
"7. Digital Waiver Confirmation Email (Art. 11a(4))","7. Bekræftelsesmail for digitalt afkald (art. 11a(4))"
"Durable-medium copy of the customer's Art. 16(m) waiver, sent immediately after checkout when a digital item is in cart. Required by Art. 11a(4) Directive 2011/83/EU — keeps a tamper-evident record of the legal text the customer accepted.","Kopi på et varigt medium af kundens samtykke iht. art. 16, litra m, sendes umiddelbart efter bestillingen, når en digital vare er i kurven. Kræves af art. 11a, stk. 4, i direktiv 2011/83/EU — opretholder en manipulationssikret registrering af den juridiske tekst, kunden har accepteret, sammen med SHA-256-hashen til verifikation af hash-kæden."
"Comma-separated. Receives a copy of every confirmation for audit purposes.","Komma-adskilt. Modtager en kopi af hver bekræftelse til revisionsformål."
"Branding (Shared by All Emails Above)","Branding (deles af alle mails ovenfor)"
"Optional decoration of the customer-facing emails. Empty fields hide their respective rows. Brand wordmark, logo, support email, and store address are read from the standard Magento configuration tree (Stores → Configuration → General + Design → Transactional Emails).","Valgfri udsmykning af de kundevendte mails. Tomme felter skjuler de tilhørende rækker. Brand-wordmark, logo, support-e-mail og butiksadresse hentes fra Magentos standardkonfigurationstræ (Stores → Configuration → General + Design → Transactional Emails)."
"USP Strip — Item 1","USP-bjælke — punkt 1"
"Icon","Ikon"
"Title","Titel"
"Subtitle","Undertitel"
"USP Strip — Item 2","USP-bjælke — punkt 2"
"USP Strip — Item 3","USP-bjælke — punkt 3"
"Social Links","Sociale links"
"Instagram URL","Instagram-URL"
"X / Twitter URL","X-/Twitter-URL"
"Facebook URL","Facebook-URL"
"YouTube URL","YouTube-URL"
"Order #","Ordre #"
"Contract","Kontrakt"
"Submitter","Indsender"
"Withdrawal submitted","Fortrydelse indsendt"
"Right of Withdrawal — Required Information","Fortrydelsesret — Påkrævede oplysninger"
"Before placing your order, please review the conditions, time limit, and procedures for exercising your 14-day right of withdrawal. This information forms part of your contract.","Før du afgiver din ordre, bedes du gennemgå betingelserne, fristen og procedurerne for at udøve din 14-dages fortrydelsesret. Disse oplysninger udgør en del af din kontrakt."
"Conditions, Time Limit and Procedures for Withdrawal","Betingelser, frist og procedurer for fortrydelse"
"Start Online Return","Start online returnering"
"Download Model Withdrawal Form (Annex I(B))","Download fortrydelsesblanketmodel (Bilag I(B))"
"Withdrawal Information v%1 — Issued %2","Fortrydelsesoplysninger v%1 — udstedt %2"
"You'll receive a prepaid shipping label in the confirmation email.","Du modtager en forudbetalt forsendelsesetiket i bekræftelsesmailen."
"← Back to order search","← Tilbage til ordresøgning"
"← Back to items","← Tilbage til varer"
"Find order","Find ordre"
"Enter your order number and email","Indtast ordrenummer og e-mail"
"Select items","Vælg varer"
"Choose items to return (partial withdrawal)","Vælg varer at returnere (delvis fortrydelse)"
"Review & confirm","Gennemgå & bekræft"
"Review your return details and confirm","Gennemgå dine returoplysninger og bekræft"
"Request submitted","Anmodning sendt"
"We'll confirm your request by email","Vi bekræfter din anmodning via e-mail"
"I expressly consent to begin performance of the digital content before the withdrawal period expires.","Jeg samtykker udtrykkeligt til at påbegynde levering af det digitale indhold, før fortrydelsesfristen udløber."
"I acknowledge that by giving this consent I lose my right of withdrawal once performance has begun (Art. 16(m) CRD).","Jeg er bekendt med, at jeg ved at give dette samtykke mister min fortrydelsesret, når leveringen er påbegyndt (art. 16, litra m, forbrugerrettighedsdirektivet)."
"Withdrawals","Fortrydelser"
"Minimum %1 characters required.","Mindst %1 tegn kræves."
"Failed to add note.","Kunne ikke tilføje note."
"Network error while adding note.","Netværksfejl under tilføjelse af note."
"Exported Evidence","Dokumentation eksporteret"
"Pending Confirm","Afventer bekræftelse"
"Sent","Sendt"
"Failed Permanent","Permanent mislykket"
"Failed Retry","Mislykket, prøver igen"
"Eligible","Berettiget"
"Excluded","Udelukket"
"Action","Handling"
"From","Fra"
"To","Til"
"Admin Id","Admin-ID"
"Order Id","Ordre-ID"
"Request Id","Anmodnings-ID"
"Item Count","Antal artikler"
"Rules Fired","Anvendte regler"
"Topic","Emne"
"Message Id","Besked-ID"
"Email To Hash","E-mail-hash"
"Attempts","Forsøg"
"Viewed At","Vist"
"Referrer Host","Henvisende vært"
"Enable \Other\"" with Free Text""","Aktivér \Andet\"" med fritekst"""
"Optional legal template — not required to use; you can also exercise the right of withdrawal by any unequivocal statement.","Valgfri juridisk skabelon — ikke obligatorisk at bruge; fortrydelsesretten kan også udøves ved enhver utvetydig erklæring."
"Right of withdrawal","Fortrydelsesret"
"You have 14 days from the day you receive your order to withdraw without giving any reason — full refund to your original payment method.","Du har 14 dage fra den dag, du modtager din ordre, til at fortryde uden at angive nogen grund — fuld refundering til din oprindelige betalingsmetode."
"Some items may be excluded by law (perishable goods, custom-made items, sealed hygiene or audio/video products). We'll show you exactly what's eligible on the next page.","Visse varer kan være udelukket ved lov (letfordærvelige varer, specialfremstillede varer, forseglede hygiejne- eller lyd-/videoprodukter). Vi viser dig præcist, hvad der er berettiget, på næste side."
"Direct link — no login or account password required.","Direkte link — kræver ikke login eller kontoadgangskode."
"Art. 16(m) CRD exclusion — digital content where the customer has (1) given express prior consent to begin performance and (2) acknowledged that they lose the withdrawal right. Two switches: the <em>Detection</em> subgroup decides what counts as digital (master switch), the <em>Checkout step + Email</em> subgroup renders the 2-checkbox waiver UX and dispatches the confirmation email. Both must be ON for the feature to work end-to-end. Use this only for <strong>one-time digital purchases</strong> (ebooks, software installers, music files, games). Do <strong>not</strong> enable it for ongoing digital <strong>subscriptions or services</strong> (SaaS, streaming, hosted software) — EU case law (CJEU Sky, C-641/19) requires a different consent flow for those.","Art. 16(m) CRD exclusion — digital content where the customer has (1) given express prior consent to begin performance and (2) acknowledged that they lose the withdrawal right. Two switches: the <em>Detection</em> subgroup decides what counts as digital (master switch), the <em>Checkout step + Email</em> subgroup renders the 2-checkbox waiver UX and dispatches the confirmation email. Both must be ON for the feature to work end-to-end. Use this only for <strong>one-time digital purchases</strong> (ebooks, software installers, music files, games). Do <strong>not</strong> enable it for ongoing digital <strong>subscriptions or services</strong> (SaaS, streaming, hosted software) — EU case law (CJEU Sky, C-641/19) requires a different consent flow for those."
"Customer-facing UX for the withdrawal flow. Subgroups: <em>Buttons</em> (legal-critical labels), <em>Placements</em> (where to surface the link), <em>Return Reasons</em> (per-item dropdown), <em>Review Step</em> (content on step 3 of the flow).","Kundevendt UX til fortrydelsesflowet. Undergrupper: <em>Knapper</em> (juridisk vigtige etiketter), <em>Placeringer</em> (hvor linket skal vises), <em>Returårsager</em> (dropdown pr. vare), <em>Gennemgangstrin</em> (indhold i flowets trin 3)."
"Disable only if you deliver the durable-medium confirmation through a different channel.","Deaktivér kun, hvis du leverer bekræftelsen på et varigt medium gennem en anden kanal."
"Disable only if you deliver the receipt through a different durable medium (postal mail, customer account download, etc.).","Deaktivér kun, hvis du leverer kvitteringen via et andet varigt medium (almindelig post, download fra kundekontoen m.v.)."
"Empty fields fall through to the locale baseline. Any override value becomes part of the SHA-256 hash stored per consent event — changing a field after customers have consented does <strong>not</strong> retroactively invalidate prior consents.","Tomme felter falder tilbage til baseline i the locale baseline for det pågældende sprog/jurisdiktion. Enhver tilsidesat værdi indgår i SHA-256-hashen, der gemmes for hver samtykkehændelse — ændring af et felt, efter at kunder har givet samtykke, ugyldiggør <strong>ikke</strong> tidligere samtykker med tilbagevirkende kraft."
"Mandatory pre-contractual disclosure of the right of withdrawal. Displayed on the checkout payment step. Each display is logged forensically (Art. 10 defence). Snapshot of the rendered text is stored immutably (Art. 6(5)). <strong>Counsel review recommended before customising any Annex I text.</strong>","Obligatorisk forhåndsinformation om fortrydelsesretten. Vises i checkoutens betalingstrin. Hver visning logges forensisk (forsvar efter art. 10). Et øjebliksbillede af den gengivne tekst gemmes uforanderligt (art. 6, stk. 5). <strong>Juridisk gennemgang anbefales, før tekst i bilag I tilpasses.</strong>"
"Off = block hidden but display events still recorded server-side via predispatch fallback. Use only for sandbox testing. Default: on.","Slået fra = blokken er skjult, men visningshændelser registreres stadig på serversiden via predispatch-fallback. Anvendes kun til sandbox-test. Standard: til."
"Optional URLs rendered as round monogram badges in the email footer. Leave blank to hide.","Valgfrie URL'er, der vises som runde monogrambadges i e-mailens sidefod. Lad feltet stå tomt for at skjule."
"Sent when a customer cancels their own pending withdrawal.","Sendes, når en kunde annullerer sin egen ventende fortrydelse."
"Sent when a customer completes the withdrawal form.","Sendes, når en kunde udfylder fortrydelsesformularen."
"Sent when an admin approves a withdrawal request.","Sendes, når en administrator godkender en fortrydelsesanmodning."
"Sent when an admin cancels a withdrawal request on the customer's behalf.","Sendes, når en administrator annullerer en fortrydelsesanmodning på vegne af kunden."
"Sent when an admin denies a withdrawal request.","Sendes, når en administrator afviser en fortrydelsesanmodning."
"These presets exclude specific product categories from the 14-day withdrawal right, per Art. 16 CRD. Each rule is OFF by default — enable only after confirming the corresponding product attribute is set correctly on your catalog.","Disse forudindstillinger udelukker bestemte produktkategorier fra den 14-dages fortrydelsesret efter art. 16 CRD. Hver regel er som standard SLÅET FRA — aktivér først, når du har bekræftet, at det tilsvarende produktattribut er korrekt indstillet i dit katalog."
"e.g. ""EU orders above €50""","f.eks. ""EU-ordrer over 50 €"""
"e.g. ""Free delivery""","f.eks. ""Gratis levering"""
"Qty: ","Antal: "
"Submission failed. Please try again.","Indsendelse mislykkedes. Prøv venligst igen."
"Network error. Please try again.","Netværksfejl. Prøv venligst igen."
"Invalid server response.","Ugyldigt serversvar."
"Admin Notifications","Administratormeddelelser"
"Internal alerts to your team. Independent of the per-email <em>BCC Merchant</em> checkboxes under <em>Customer Notifications</em> below — if you enable both, you will receive two emails per request.","Interne advarsler til dit team. Uafhængig af <em>BCC til forhandler</em>-felterne under <em>Kundemeddelelser</em> nedenfor — hvis du aktiverer begge, modtager du to e-mails per anmodning."
"1. New Request Alert","1. Advarsel om ny anmodning"
"Sent the moment a customer completes the two-step withdrawal flow.","Sendes i det øjeblik en kunde gennemfører to-trins-fortrydelsesforløbet."
"Recipient Email(s)","Modtagerens e-mail(s)"
"BCC","BCC"
"New Withdrawal Request","Ny fortrydelsesanmodning"
"A new withdrawal request was just submitted.","En ny fortrydelsesanmodning er netop blevet indsendt."
"Request:","Anmodning:"
"Order:","Ordre:"
"Customer:","Kunde:"
"Refund Total:","Refusion i alt:"
"[Withdrawal] New request %request_increment_id · Order #%order_increment_id · %refund_total","[Fortrydelse] Ny anmodning %request_increment_id · Ordre #%order_increment_id · %refund_total"
"Anonymised","Anonymiseret"
"Audit","Revision"
"Cancel Order","Annuller ordre"
"Confirmation Email (Art. 11a(4))","Bekræftelses-e-mail (art. 11a(4))"
"Detection (Art. 16(m))","Registrering (art. 16(m))"
"Digital Waiver (Art. 16(m))","Digital frafaldelse (art. 16(m))"
"Email Identity","Afsenderidentitet"
"ID","ID"
"Integrity hash","Integritets-hash"
"Pre-Contract Proof","Forhåndsbevis"
"Verify this receipt","Verificér denne kvittering"
"Withdrawal Window","Fortrydelsesfrist"
"This SHA-256 hash uniquely identifies your withdrawal record. Verify it at any time using the button above.","Denne SHA-256-hash identificerer entydigt din fortrydelsesregistrering. Du kan altid verificere den med knappen ovenfor."
"Digital content waiver confirmation — Order %increment_id","Bekræftelse af digital frafaldelse — Ordre %increment_id"
"Comma-separated. Each recipient receives a separate email rendered in their own admin locale (looked up via the admin user's interface_locale; fallback to general/locale/code). Invalid addresses dropped silently.","Adskilt med komma. Hver modtager får en separat e-mail gengivet på deres egen admin-lokalitet (slået op via admin-brugerens interface_locale; reserve — general/locale/code). Ugyldige adresser ignoreres uden besked."
"Art. 16(m) CRD digital-content detection. Determines what counts as digital content for eligibility purposes. The actual checkout-step waiver UI and email lives in the next section ""Digital Waiver"".","Art. 16(m) CRD-registrering af digitalt indhold. Afgør, hvad der tæller som digitalt indhold for fortrydelsesretsformål. Selve frafaldelses-UI ved checkout og e-mailen ligger i næste afsnit „Digital frafaldelse“."
"Art. 16(m) CRD exclusion — digital content where the customer has (1) given express prior consent to begin performance and (2) acknowledged that they lose the withdrawal right. Two switches control this feature end-to-end: the <em>Detection</em> subgroup under <em>Eligibility Rules</em> decides what counts as digital (master switch); this section renders the 2-checkbox waiver UX at checkout and dispatches the Art. 11a(4) confirmation email. Both must be ON for the feature to work end-to-end. Per-locale text overrides below. Use this only for <strong>one-time digital purchases</strong> (ebooks, software installers, music files, games). Do <strong>not</strong> enable it for ongoing digital <strong>subscriptions or services</strong> (SaaS, streaming, hosted software) — EU case law (CJEU Sky, C-641/19) requires a different consent flow for those.","Art. 16(m) CRD-undtagelse — digitalt indhold, hvor kunden (1) udtrykkeligt har samtykket til at påbegynde leveringen og (2) har anerkendt tabet af fortrydelsesretten. To kontakter styrer funktionen: undergruppen <em>Registrering</em> under <em>Fortrydelsesregler</em> afgør, hvad der tæller som digitalt (hovedkontakt); denne sektion viser frafaldelses-UI med 2 afkrydsningsfelter i kassen og sender bekræftelses-e-mail efter art. 11a(4). Begge skal være TÆNDT. Per-lokalitets-tekstoverskrivninger nedenfor. Brug kun til <strong>engangsindkøb af digitalt indhold</strong> (e-bøger, installationsfiler, musikfiler, spil). Aktivér <strong>ikke</strong> for løbende digitale <strong>abonnementer eller tjenester</strong> (SaaS, streaming, hostede tjenester) — EU-retspraksis (CJEU Sky, C-641/19) kræver et andet samtykkeforløb."
"Defines <strong>when</strong> the 14-day withdrawal right starts running (the delivery trigger, Art. 9(2)(b)) and <strong>how long</strong> it lasts in days (Art. 9(2)). Together these control the period each order's withdrawal is open.","Definerer, <strong>hvornår</strong> den 14-dages fortrydelsesret begynder (leveringstrigger, art. 9(2)(b)), og <strong>hvor længe</strong> den varer i dage (art. 9(2)). Tilsammen styrer de fortrydelsesperioden for hver ordre."
"Default 14 days per Art. 9(2). Extension allowed (e.g. 30, 100). Reduction below 14 is illegal — the field validates 14-3650 only.","Standard 14 dage iht. art. 9(2). Forlængelse tilladt (f.eks. 30, 100). Reduktion under 14 er ulovlig — feltet validerer kun 14-3650."
"When on, carts that contain a detected digital item render the 2-checkbox waiver step at checkout. Has no effect unless <em>Eligibility Rules → Detection → Enable Digital Content Detection</em> is also on.","Når aktiveret, viser kurve med en registreret digital vare frafaldelsestrinet med 2 afkrydsningsfelter ved checkout. Har ingen virkning, medmindre <em>Fortrydelsesregler → Registrering → Aktivér registrering af digitalt indhold</em> også er aktiveret."
"Optional. Comma-separated. Blind-copies the waiver-confirmation email to a merchant audit address. Leave blank to skip.","Valgfrit. Adskilt med komma. Sender blind kopi af frafaldelses-bekræftelsesmailen til en handlers revisionsadresse. Lad være tomt for at springe over."
"<strong>⚠ Legal warning.</strong> Art. 11a(2) CRD requires the literal text ""withdraw from contract here"" <em>or a corresponding unambiguous formulation</em>. The default value (""Withdraw from contract here"") is the Directive's verbatim phrase; Per-locale translations are counsel-signed. <strong>Do not override unless you have received written advice from qualified consumer-law counsel in the target jurisdiction.</strong> Every override is recorded in the audit log.","<strong>⚠ Juridisk advarsel.</strong> Art. 11a(2) CRD kræver den ordrette tekst „træd tilbage fra kontrakten her“ <em>eller en tilsvarende utvetydig formulering</em>. Standardværdien („Træd tilbage fra kontrakten her“) er Direktivets ordrette frase; Per-lokalitets-oversættelser er advokat-godkendt. <strong>Tilsidesæt ikke, medmindre du har modtaget skriftlig rådgivning fra en kvalificeret forbrugerretsadvokat i den pågældende jurisdiktion.</strong> Hver tilsidesættelse registreres i revisionsloggen."
"<strong>⚠ Legal warning.</strong> This is the label on the final confirmation button. Default (""Confirm withdrawal"") is counsel-signed; Per-locale translations are counsel-signed. Override only with written legal advice; overrides are audit-logged.","<strong>⚠ Juridisk advarsel.</strong> Dette er etiketten på den endelige bekræftelsesknap. Standardværdien („Bekræft fortrydelse“) er advokat-godkendt; Per-lokalitets-oversættelser er advokat-godkendt. Tilsidesæt kun med skriftlig juridisk rådgivning; tilsidesættelser registreres i revisionsloggen."
"Cancel the linked order? No payment has been captured, so there is nothing to refund — the order will be cancelled in Magento.","Annuller den tilknyttede ordre? Ingen betaling er gennemført, så der er intet at refundere — ordren annulleres i Magento."
"Scope & Applicability","Omfang og anvendelse"
"Controls in which markets the self-service withdrawal flow is offered. These are merchant business decisions, not legal exclusions — an EU consumer's statutory right of withdrawal does not depend on them, and declarations received by other means (email, letter) must still be honoured manually.","Styrer, på hvilke markeder selvbetjent fortrydelse tilbydes. Dette er forhandlerens forretningsbeslutninger, ikke juridiske undtagelser — en EU-forbrugers lovbestemte fortrydelsesret afhænger ikke af dem, og fortrydelser modtaget på anden måde (e-mail, brev) skal stadig håndteres manuelt."
"Restrict by Country","Begræns efter land"
"Offers the self-service withdrawal flow only for orders whose billing <strong>or</strong> shipping address is in the selected countries. <strong>Legal note:</strong> this restricts the storefront flow only — an EU consumer's statutory right of withdrawal does not depend on the address, and withdrawal declarations received by other means (email, letter) must still be honoured manually. Default: disabled.","Tilbyder kun den selvbetjente fortrydelse for ordrer, hvis faktura- <strong>eller</strong> leveringsadresse er i de valgte lande. <strong>Juridisk bemærkning:</strong> dette begrænser kun forløbet i butikken — en EU-forbrugers lovbestemte fortrydelsesret afhænger ikke af adressen, og fortrydelser modtaget på anden måde (e-mail, brev) skal stadig håndteres manuelt. Standard: slået fra."
"Offer Withdrawal For Countries","Tilbyd fortrydelse for lande"
"Preselected: EU-27 plus EEA (Norway, Iceland, Liechtenstein). Add the United Kingdom manually if you target UK consumers (separate national regime with a comparable 14-day right). If you clear this list, the restriction has no effect and the flow stays available to every customer.","Forudvalgt: EU-27 plus EØS (Norge, Island, Liechtenstein). Tilføj Storbritannien manuelt, hvis du henvender dig til britiske forbrugere (særskilt national ordning med en tilsvarende 14-dages ret). Hvis du rydder denne liste, har begrænsningen ingen effekt, og forløbet forbliver tilgængeligt for alle kunder."
"Restrict by Customer Group","Begræns efter kundegruppe"
"Hides the self-service withdrawal flow from orders placed by the selected customer groups (e.g. your B2B / wholesale groups). The right of withdrawal is a consumer right, so this lets you keep it off for business customers. <strong>Legal note:</strong> this restricts the storefront flow only — it does not decide who is legally a consumer, and any withdrawal declaration received by other means must still be honoured manually. Default: disabled.","Hides the self-service withdrawal flow from orders placed by the selected customer groups (e.g. your B2B / wholesale groups). The right of withdrawal is a consumer right, so this lets you keep it off for business customers. <strong>Legal note:</strong> this restricts the storefront flow only — it does not decide who is legally a consumer, and any withdrawal declaration received by other means must still be honoured manually. Default: disabled."
"Exclude Customer Groups","Udeluk kundegrupper"
"Orders placed by any selected group are excluded from the self-service flow. Guests are always treated as consumers and cannot be excluded here. If you clear this list, the restriction has no effect and the flow stays available to every customer.","Orders placed by any selected group are excluded from the self-service flow. Guests are always treated as consumers and cannot be excluded here. If you clear this list, the restriction has no effect and the flow stays available to every customer."
"Custom-made to your specifications","Fremstillet efter dine specifikationer"
"Perishable goods","Letfordærvelige varer"
"Sealed hygiene item — seal broken","Forseglet hygiejnevare — forseglingen er brudt"
"Sealed audio/video — seal broken","Forseglet lyd/video — forseglingen er brudt"
"Newspapers, periodicals, magazines","Aviser, tidsskrifter, magasiner"
"Accommodation / event on specific date","Indkvartering / arrangement på en bestemt dato"
"Digital content — right waived at purchase","Digitalt indhold — retten er fraskrevet ved køb"
"Withdrawal period has expired","Fortrydelsesfristen er udløbet"
"Already withdrawn in a prior request","Allerede fortrudt i en tidligere anmodning"
"A draft withdrawal is holding this item. Confirm it via the email we sent, or cancel it in the 'Existing withdrawals' section above.","En kladde til fortrydelse holder denne vare. Bekræft den via den e-mail, vi har sendt, eller annullér den i afsnittet „Eksisterende fortrydelser“ ovenfor."
"EU withdrawal request %1 was approved.","EU-fortrydelsesanmodning %1 er godkendt."
"EU withdrawal request %1 was approved. Refund: %2.","EU-fortrydelsesanmodning %1 er godkendt. Refusion: %2."
"EU withdrawal request %1 was denied.","EU-fortrydelsesanmodning %1 er afvist."
"EU withdrawal request %1 was denied. Reason: %2","EU-fortrydelsesanmodning %1 er afvist. Årsag: %2"
"EU withdrawal request %1 was cancelled by the customer.","EU-fortrydelsesanmodning %1 er annulleret af kunden."
"EU withdrawal request %1 was cancelled by an administrator.","EU-fortrydelsesanmodning %1 er annulleret af en administrator."
"If Delivery Is Never Confirmed","Hvis leveringen aldrig bekræftes"
"When an order is already in a Delivery Confirmation Status but has no recorded transition into it (no delivery timestamp), choose whether its withdrawal stays open or it is treated as not eligible. Default: not eligible.","Når en ordre allerede har en leveringsbekræftelsesstatus, men der ikke er nogen registreret overgang til den (ingen leveringsdato), skal du vælge, om fortrydelsen forbliver åben eller behandles som ikke berettiget. Standard: ikke berettiget."
"Statuses Excluded From Withdrawal","Statusser udelukket fra fortrydelse"
"Orders whose current status is selected here are never offered for withdrawal (e.g. a legacy migration status such as <code>imported</code>). Do not select a status used by active, deliverable orders — that withholds a valid withdrawal.","Ordrer, hvis aktuelle status er valgt her, tilbydes aldrig til fortrydelse (f.eks. en migreringsstatus som <code>imported</code>). Vælg ikke en status, der bruges af aktive, leverbare ordrer — det vil nægte en gyldig fortrydelse."
"Treat as not eligible","Behandl som ikke berettiget"
"Keep withdrawal open","Hold fortrydelsen åben"
"Withdrawal not available for this order","Fortrydelse er ikke tilgængelig for denne ordre"
"This order is not eligible for withdrawal.","Denne ordre er ikke berettiget til fortrydelse."
"EU withdrawal request %1 submitted.","EU-fortrydelsesanmodning %1 er sendt."
"EU withdrawal request %1 submitted. Requested refund: %2.","EU-fortrydelsesanmodning %1 er sendt. Anmodet refusion: %2."
"Show more orders","Vis flere ordrer"
"Item Selection","Valg af varer"
"Per item (customer selects items and quantities)","Pr. vare (kunden vælger varer og antal)"
"Full order (all returnable items, no selection)","Hele ordren (alle returberettigede varer, intet valg)"
"<em>Per item</em>: the customer chooses lines and quantities. <em>Full order</em>: the request always covers all returnable items; items excluded by law (opened seal, expired period) are still removed automatically, and the form shows a note that partial returns can be requested via your contact page.<br/><strong>⚠ Legal warning.</strong> The explanatory materials to the German implementation law expect the withdrawal function to support selecting parts of the order. Consult your counsel before switching to Full order.","<em>Pr. vare</em>: kunden vælger linjer og antal. <em>Hele ordren</em>: anmodningen omfatter altid alle returberettigede varer; varer, der er undtaget ved lov (brudt forsegling, udløbet frist), fjernes fortsat automatisk, og formularen viser en note om, at delvis fortrydelse kan anmodes via din kontaktside.<br/><strong>⚠ Juridisk advarsel.</strong> De forklarende bemærkninger til den tyske gennemførelseslov forudsætter, at fortrydelsesfunktionen understøtter valg af dele af ordren. Rådfør dig med din juridiske rådgiver, før du skifter til Hele ordren."
"This request covers all returnable items of the order.","Denne anmodning omfatter alle returberettigede varer i ordren."
"Contact us for a partial return.","Kontakt os for en delvis fortrydelse."
"Review the items included in your return.","Gennemse de varer, der er omfattet af din fortrydelse."
"Review the items to return","Gennemse de varer, der skal returneres"
"Self-service withdrawal is not available for this order.","Selvbetjent fortrydelse er ikke tilgængelig for denne ordre."
