"View Credit Memo","Προβολή πιστωτικού σημειώματος"
"Issue Credit Memo","Έκδοση πιστωτικού σημειώματος"
"Approve","Έγκριση"
"Approve this withdrawal request?","Έγκριση αυτού του αιτήματος υπαναχώρησης;"
"Deny","Απόρριψη"
"Legal reason for denial (min 10 chars):","Νομικός λόγος απόρριψης (ελάχ. 10 χαρακτήρες):"
"Cancel Request","Ακύρωση αιτήματος"
"Cancel this withdrawal? Add an optional note for the customer (visible in their cancellation email):","Ακύρωση αυτής της υπαναχώρησης; Προσθέστε προαιρετική σημείωση για τον πελάτη (εμφανίζεται στο email ακύρωσης):"
"Resend Receipt","Επαναποστολή απόδειξης"
"Send the receipt email again? The customer will receive another copy.","Επαναποστολή του email απόδειξης; Ο πελάτης θα λάβει νέο αντίγραφο."
"Withdrawal Request #%1","Αίτημα υπαναχώρησης #%1"
"Request Details","Λεπτομέρειες αιτήματος"
"Information","Πληροφορίες"
"Reason for Denial","Λόγος απόρριψης"
"Customer Cancellation Note","Σημείωση ακύρωσης πελάτη"
"Cancellation Note","Σημείωση ακύρωσης"
"Status-Change Note","Σημείωση αλλαγής κατάστασης"
"Code","Κωδικός"
"Label","Ετικέτα"
"Add Reason","Προσθήκη λόγου"
"In progress","Σε εξέλιξη"
"Refund issued","Επιστροφή εκδόθηκε"
"Denied","Απορρίφθηκε"
"Cancelled","Ακυρώθηκε"
"Pending","Σε εκκρεμότητα"
"This is a transactional email about your order.","Αυτό είναι ένα συναλλακτικό email σχετικά με την παραγγελία σας."
"Reason for denial","Λόγος απόρριψης"
"Your cancellation note","Η σημείωση ακύρωσής σας"
"Note from our team","Σημείωση από την ομάδα μας"
"EU right of withdrawal","Δικαίωμα υπαναχώρησης ΕΕ"
"Withdrawal right pending delivery","Δικαίωμα υπαναχώρησης σε αναμονή παράδοσης"
"Withdrawal window has ended","Η προθεσμία υπαναχώρησης έληξε"
"Not eligible for withdrawal","Μη επιλέξιμο για υπαναχώρηση"
"Withdrawal already requested","Το αίτημα υπαναχώρησης έχει ήδη υποβληθεί"
"You can withdraw from this contract any time — the 14-day deadline begins counting once the order is delivered.","Μπορείτε να υπαναχωρήσετε από αυτή τη σύμβαση οποιαδήποτε στιγμή — η προθεσμία των 14 ημερών αρχίζει να μετρά μόλις παραδοθεί η παραγγελία."
"Your 14-day withdrawal window will begin once this order is delivered.","Η προθεσμία υπαναχώρησης 14 ημερών θα ξεκινήσει μόλις παραδοθεί η παραγγελία."
"The 14-day window for withdrawing from this contract has ended.","Η προθεσμία των 14 ημερών για υπαναχώρηση από αυτή τη σύμβαση έχει λήξει."
"This order is not eligible for withdrawal under EU consumer law (Art. 16 Directive 2011/83/EU).","Αυτή η παραγγελία δεν είναι επιλέξιμη για υπαναχώρηση βάσει του ενωσιακού δικαίου προστασίας του καταναλωτή (Άρθρο 16 Οδηγία 2011/83/ΕΕ)."
"A withdrawal request for this order has been submitted. See the request details below.","Έχει υποβληθεί αίτημα υπαναχώρησης για αυτήν την παραγγελία. Δείτε τις λεπτομέρειες του αιτήματος παρακάτω."
"This order contains a perishable item that cannot be returned (food with short shelf life, fresh flowers, etc.).","Αυτή η παραγγελία περιέχει αλλοιώσιμο είδος που δεν μπορεί να επιστραφεί (τρόφιμα μικρής διάρκειας ζωής, φρέσκα λουλούδια κ.λπ.)."
"This order contains a custom-made or personalised item that cannot be returned.","Αυτή η παραγγελία περιέχει είδος κατά παραγγελία ή εξατομικευμένο που δεν μπορεί να επιστραφεί."
"This order contains a sealed hygiene item. You keep the right of withdrawal only while the seal stays intact — once unsealed after delivery, the right is lost.","Αυτή η παραγγελία περιέχει σφραγισμένο είδος υγιεινής. Διατηρείτε το δικαίωμα υπαναχώρησης μόνο όσο η σφραγίδα παραμένει ακέραιη — μόλις αποσφραγιστεί μετά την παράδοση, το δικαίωμα χάνεται."
"This order contains a sealed audio / video / software item. You keep the right of withdrawal only while the seal stays intact — once unsealed after delivery, the right is lost.","Αυτή η παραγγελία περιέχει σφραγισμένο είδος ήχου / βίντεο / λογισμικού. Διατηρείτε το δικαίωμα υπαναχώρησης μόνο όσο η σφραγίδα παραμένει ακέραιη — μόλις αποσφραγιστεί μετά την παράδοση, το δικαίωμα χάνεται."
"This order contains digital content. Once you start using or downloading the content, you lose the right of withdrawal (you consented to this at checkout).","Αυτή η παραγγελία περιέχει ψηφιακό περιεχόμενο. Μόλις ξεκινήσετε τη χρήση ή τη λήψη του περιεχομένου, χάνετε το δικαίωμα υπαναχώρησης (έχετε συναινέσει σε αυτό κατά την ολοκλήρωση της παραγγελίας)."
"%1 item(s) · Refund %2","%1 είδη · Επιστροφή %2"
"Awaiting confirmation","Αναμένει επιβεβαίωση"
"Cancel withdrawal %1? Your refund will not be processed.","Ακύρωση υπαναχώρησης %1; Η επιστροφή χρημάτων δεν θα επεξεργαστεί."
"Submitted","Υποβλήθηκε"
"Approved","Εγκρίθηκε"
"Fully returned","Επιστράφηκε πλήρως"
"Return requested","Ζητήθηκε επιστροφή"
"Not eligible","Μη επιλέξιμο"
"Partially requested","Μερικώς ζητήθηκε"
"— Select a reason —","— Επιλέξτε λόγο —"
"Other","Άλλο"
"The refund will be issued using your original payment method within 5-7 business days after we receive your return.","Η επιστροφή χρημάτων θα γίνει με την αρχική μέθοδο πληρωμής σας εντός 5-7 εργάσιμων ημερών από την παραλαβή της επιστροφής σας."
"Withdrawal right lost (Art. 16(m) CRD) — digital performance started on %1.","Το δικαίωμα υπαναχώρησης χάθηκε (Άρθρο 16(μ) Οδηγίας 2011/83/ΕΕ) — η ψηφιακή εκτέλεση ξεκίνησε στις %1."
"Request #%1 not found.","Το αίτημα #%1 δεν βρέθηκε."
"Receipt email re-queued for request #%1. Delivery will retry asynchronously.","Το email απόδειξης τοποθετήθηκε ξανά στην ουρά για το αίτημα #%1. Η παράδοση θα επαναληφθεί ασύγχρονα."
"Failed to queue receipt resend: %1","Αποτυχία τοποθέτησης σε ουρά της επαναποστολής απόδειξης: %1"
"Note text is empty.","Το κείμενο της σημείωσης είναι κενό."
"Note added to request #%1.","Η σημείωση προστέθηκε στο αίτημα #%1."
"Request #%1 approved.","Το αίτημα #%1 εγκρίθηκε."
"Request #%1 cancelled.","Το αίτημα #%1 ακυρώθηκε."
"Request #%1 denied.","Το αίτημα #%1 απορρίφθηκε."
"Invalid request id.","Μη έγκυρο αναγνωριστικό αιτήματος."
"Unable to open temporary file for CSV export.","Δεν είναι δυνατό το άνοιγμα προσωρινού αρχείου για εξαγωγή CSV."
"Withdrawal Requests","Αιτήματα υπαναχώρησης"
"%1 requests queued for acceptance.","%1 αιτήματα τοποθετήθηκαν στην ουρά για αποδοχή."
"%1 request(s) approved.","%1 αιτήμα(τα) εγκρίθηκαν."
"%1 request(s) failed. First errors: %2","%1 αιτήμα(τα) απέτυχαν. Πρώτα σφάλματα: %2"
"Note added to %1 request(s).","Η σημείωση προστέθηκε σε %1 αιτήμα(τα)."
"Underlying order #%1 not found.","Η σχετική παραγγελία #%1 δεν βρέθηκε."
"Order #%1 has no invoice yet — Magento requires an invoice before a credit memo can be created. Open an invoice first (Sales → Orders → #%1 → Invoice button), then return here to refund.","Η παραγγελία #%1 δεν έχει ακόμη τιμολόγιο — το Magento απαιτεί τιμολόγιο πριν τη δημιουργία πιστωτικού σημειώματος. Δημιουργήστε πρώτα τιμολόγιο (Πωλήσεις → Παραγγελίες → #%1 → κουμπί Τιμολόγιο) και μετά επιστρέψτε εδώ για την επιστροφή χρημάτων."
"No items recorded on this withdrawal request — the credit memo will open with default invoice qtys; please adjust manually.","Δεν έχουν καταγραφεί είδη σε αυτό το αίτημα υπαναχώρησης — το πιστωτικό σημείωμα θα ανοίξει με τις προεπιλεγμένες ποσότητες τιμολογίου· προσαρμόστε τες χειροκίνητα."
"Pre-filled credit memo for withdrawal #%1 — review the qtys + shipping refund below, then click Refund Online or Refund Offline.","Προσυμπληρωμένο πιστωτικό σημείωμα για την υπαναχώρηση #%1 — ελέγξτε τις ποσότητες και την επιστροφή μεταφορικών παρακάτω και κάντε κλικ στο Επιστροφή Online ή Επιστροφή Offline."
"Some items are no longer eligible. Please reload and try again.","Ορισμένα είδη δεν είναι πλέον επιλέξιμα. Ανανεώστε και δοκιμάστε ξανά."
"We could not process your request. Please try again.","Δεν μπορέσαμε να επεξεργαστούμε το αίτημά σας. Δοκιμάστε ξανά."
"Item","Αντικείμενο"
"We could not find a matching order for that email.","Δεν βρέθηκε αντίστοιχη παραγγελία για αυτό το email."
"Withdraw from a contract","Υπαναχώρηση από σύμβαση"
"Withdrawal not found.","Η υπαναχώρηση δεν βρέθηκε."
"This withdrawal can no longer be cancelled online. Contact us if you need help.","Αυτή η υπαναχώρηση δεν μπορεί πλέον να ακυρωθεί διαδικτυακά. Επικοινωνήστε μαζί μας αν χρειάζεστε βοήθεια."
"Withdrawal #%1 cancelled.","Η υπαναχώρηση #%1 ακυρώθηκε."
"Please fill in all required fields.","Συμπληρώστε όλα τα υποχρεωτικά πεδία."
"%1 item(s) were excluded from the withdrawal because the seal is broken (Art. 16(e)/(i) Directive 2011/83/EU).","%1 είδη εξαιρέθηκαν από την υπαναχώρηση επειδή η σφραγίδα είναι σπασμένη (Άρθρο 16(ε)/(θ) Οδηγία 2011/83/ΕΕ)."
"Please select at least one item to withdraw.","Επιλέξτε τουλάχιστον ένα είδος για υπαναχώρηση."
"One or more items are no longer available for withdrawal. Please refresh and try again.","Ένα ή περισσότερα είδη δεν είναι πλέον διαθέσιμα για υπαναχώρηση. Ανανεώστε και δοκιμάστε ξανά."
"None of the selected items are eligible for withdrawal.","Κανένα από τα επιλεγμένα είδη δεν είναι επιλέξιμο για υπαναχώρηση."
"Hash mismatch for quote item %1","Αναντιστοιχία hash για το είδος προσφοράς %1"
"Requested qty %1 exceeds remaining %2 for order item %3","Η ζητούμενη ποσότητα %1 υπερβαίνει τις υπολειπόμενες %2 για το είδος παραγγελίας %3"
"No delivery confirmation recorded for this order yet.","Δεν έχει καταγραφεί ακόμη επιβεβαίωση παράδοσης για αυτή την παραγγελία."
"No eligible items selected for withdrawal","Δεν έχουν επιλεγεί επιλέξιμα είδη για υπαναχώρηση"
"Physical goods","Φυσικά αγαθά"
"Digital content (non-tangible)","Ψηφιακό περιεχόμενο (άυλο)"
"Digital service (SaaS / subscription)","Ψηφιακή υπηρεσία (SaaS / συνδρομή)"
"Financial services (Enterprise tier)","Χρηματοοικονομικές υπηρεσίες (επίπεδο Enterprise)"
"Downloadable products","Προϊόντα προς λήψη"
"Virtual products","Εικονικά προϊόντα"
"Bundles containing digital children","Πακέτα που περιέχουν ψηφιακά υποπροϊόντα"
"Custom attribute flag","Σημαία προσαρμοσμένου χαρακτηριστικού"
"locale_inheritance.xml missing at %1","Το locale_inheritance.xml λείπει στο %1"
"locale_inheritance.xml unreadable at %1","Το locale_inheritance.xml δεν είναι αναγνώσιμο στο %1"
"locale_inheritance.xml failed XSD validation: %1","Το locale_inheritance.xml απέτυχε στην επικύρωση XSD: %1"
"Original payment method","Αρχικός τρόπος πληρωμής"
"This is your durable-medium receipt for the withdrawal (Art. 11a(4) Directive 2011/83/EU).","Αυτή είναι η απόδειξη υπαναχώρησης σε σταθερό μέσο (Άρθρο 11α(4) Οδηγία 2011/83/ΕΕ)."
"This email is a notification about your withdrawal request.","Αυτό το email είναι ειδοποίηση σχετικά με το αίτημα υπαναχώρησής σας."
"5–7 business days","5–7 εργάσιμες ημέρες"
"This is a confirmation that your withdrawal request has been recorded.","Αυτή είναι η επιβεβαίωση ότι το αίτημα υπαναχώρησής σας έχει καταγραφεί."
"MageMe EU Withdrawal is installed but not enabled. Review the compliance checklist and configure the module before enabling: <a href=""%1"">Stores → Configuration → MageMe Extensions → EU Withdrawal</a>.","Η επέκταση MageMe EU Withdrawal έχει εγκατασταθεί αλλά δεν είναι ενεργοποιημένη. Ελέγξτε τη λίστα συμμόρφωσης και διαμορφώστε την επέκταση πριν την ενεργοποιήσετε: <a href=""%1"">Stores → Configuration → MageMe Extensions → EU Withdrawal</a>."
"Delivery confirmation status is not configured. Set Stores → Configuration → MageMe Extensions → EU Withdrawal → Withdrawal Period → Delivery Confirmation Statuses.","Η κατάσταση επιβεβαίωσης παράδοσης δεν έχει διαμορφωθεί. Ρυθμίστε στο Stores → Configuration → MageMe Extensions → EU Withdrawal → Withdrawal Period → Delivery Confirmation Statuses."
"No Annex I source found for locale %1 along chain %2","Δεν βρέθηκε πηγή Παραρτήματος I για τη γλώσσα %1 στην αλυσίδα %2"
"Annex I source for locale %1 is malformed","Η πηγή Παραρτήματος I για τη γλώσσα %1 είναι κακοδιατυπωμένη"
"Missing merchant variables for Annex I rendering: %1","Λείπουν μεταβλητές εμπόρου για την απόδοση του Παραρτήματος I: %1"
"Receipt hash mismatch for request %1","Αναντιστοιχία hash απόδειξης για το αίτημα %1"
"Request %1 not found.","Το αίτημα %1 δεν βρέθηκε."
"Denying a withdrawal request requires a legal basis of at least 10 characters.","Η απόρριψη αιτήματος υπαναχώρησης απαιτεί νομική βάση τουλάχιστον 10 χαρακτήρων."
"Withdrawal request cannot transition from ""%1"" to ""%2"".","Το αίτημα υπαναχώρησης δεν μπορεί να μεταβεί από ""%1"" σε ""%2""."
"Request %1 is not in pending_confirm state.","Το αίτημα %1 δεν βρίσκεται σε κατάσταση pending_confirm."
"Withdrawal request #%1 does not exist.","Το αίτημα υπαναχώρησης #%1 δεν υπάρχει."
"No digital items on order %1","Δεν υπάρχουν ψηφιακά είδη στην παραγγελία %1"
"This is your durable-medium copy of the waiver you signed at checkout (Art. 11a(4) Directive 2011/83/EU).","Αυτό είναι το αντίγραφο σε σταθερό μέσο της παραίτησης που υπογράψατε κατά την ολοκλήρωση της παραγγελίας (Άρθρο 11α(4) Οδηγία 2011/83/ΕΕ)."
"Waived","Παραιτήθηκε"
"Waiver email render failed: %1","Η απόδοση του email παραίτησης απέτυχε: %1"
"Digital content waiver text has changed — please reload checkout.","Το κείμενο παραίτησης ψηφιακού περιεχομένου έχει αλλάξει — επαναφορτώστε τη σελίδα ολοκλήρωσης παραγγελίας."
"Digital content waiver is incomplete for item %1.","Η παραίτηση ψηφιακού περιεχομένου είναι ελλιπής για το είδος %1."
"bad","κακό"
"smtp down","smtp down"
"smtp","smtp"
"down","εκτός λειτουργίας"
"No shipment found for order 42.","Δεν βρέθηκε αποστολή για την παραγγελία 42."
"View","Προβολή"
"Withdrawal & Customer Information","Στοιχεία υπαναχώρησης και πελάτη"
"Request # %1","Αίτημα # %1"
"Request Status","Κατάσταση αιτήματος"
"Submitted At","Υποβλήθηκε στις"
"Confirmed At","Επιβεβαιώθηκε στις"
"Related Order","Σχετική παραγγελία"
"Jurisdiction","Δικαιοδοσία"
"Contract Type","Τύπος σύμβασης"
"Receipt Status","Κατάσταση απόδειξης"
"%1 attempt(s)","%1 προσπάθεια(ες)"
"Receipt Error","Σφάλμα απόδειξης"
"Customer Information","Στοιχεία πελάτη"
"Customer Name","Όνομα πελάτη"
"Email","E-mail"
"Locale","Γλώσσα"
"Items Selected for Withdrawal","Είδη που επιλέχθηκαν για υπαναχώρηση"
"Product","Προϊόν"
"Price","Τιμή"
"Qty","Ποσότ."
"Subtotal","Υποσύνολο"
"Refund","Επιστροφή χρημάτων"
"Reason","Λόγος"
"Eligibility","Επιλεξιμότητα"
"No items associated with this request.","Δεν υπάρχουν συσχετισμένα είδη με αυτό το αίτημα."
"SKU","SKU"
"Ordered","Παραγγέλθηκαν"
"Withdrawing","Υπαναχώρηση"
"Refund Total","Σύνολο επιστροφής"
"Notes for this Request","Σημειώσεις για αυτό το αίτημα"
"Internal notes — visible to admin staff only. Not sent to the customer.","Εσωτερικές σημειώσεις — ορατές μόνο στο προσωπικό διαχείρισης. Δεν αποστέλλονται στον πελάτη."
"Comment","Σχόλιο"
"Add internal note (max 2000 chars)","Προσθήκη εσωτερικής σημείωσης (μέγ. 2000 χαρακτήρες)"
"Submit Comment","Υποβολή σχολίου"
"No comments added yet.","Δεν έχουν προστεθεί ακόμη σχόλια."
" by %1"," από %1"
"Refund Totals","Σύνολα επιστροφής χρημάτων"
"Items Subtotal","Υποσύνολο ειδών"
"Shipping Refund","Επιστροφή μεταφορικών"
"Total Refund","Συνολική επιστροφή"
"Changes have been made to this section that have not been saved.","Έχουν γίνει αλλαγές σε αυτή την ενότητα που δεν έχουν αποθηκευτεί."
"This tab contains invalid data. Please resolve this before saving.","Αυτή η καρτέλα περιέχει μη έγκυρα δεδομένα. Επιλύστε το πρόβλημα πριν την αποθήκευση."
"Contact us","Επικοινωνία"
"Returns","Επιστροφές"
"FAQs","Συχνές ερωτήσεις"
"All rights reserved.","Με την επιφύλαξη παντός δικαιώματος."
"Returned items","Επιστραμμένα είδη"
"No image","Χωρίς εικόνα"
"Item status","Κατάσταση είδους"
"Withdrawal options for this order","Επιλογές υπαναχώρησης για αυτή την παραγγελία"
"You can return this order until %1.","Μπορείτε να επιστρέψετε αυτή την παραγγελία έως %1."
"(Art. 11a Directive 2011/83/EU)","(Άρθρο 11α Οδηγία 2011/83/ΕΕ)"
"Submit a withdrawal request to start the refund process.","Υποβάλετε αίτημα υπαναχώρησης για να ξεκινήσει η διαδικασία επιστροφής χρημάτων."
"(Art. 9(2)(b) Directive 2011/83/EU)","(Άρθρο 9(2)(β) Οδηγία 2011/83/ΕΕ)"
"Start withdrawal","Έναρξη υπαναχώρησης"
"Your withdrawal requests","Τα αιτήματα υπαναχώρησής σας"
"Submitted %1","Υποβλήθηκε %1"
"Show items","Προβολή ειδών"
"Cancel withdrawal","Ακύρωση υπαναχώρησης"
"Qty %1","Ποσότητα %1"
"Receipt details","Λεπτομέρειες απόδειξης"
"Receipt number","Αριθμός απόδειξης"
"Order number","Αριθμός παραγγελίας"
"Confirmed","Επιβεβαιώθηκε"
"Consumer","Καταναλωτής"
"Refund total","Συνολική επιστροφή"
"Merchant","Πωλητής"
"Legal basis","Νομική βάση"
"SKU %1","SKU %1"
"Shipping refund","Επιστροφή μεταφορικών"
"Tax refund","Επιστροφή φόρου"
"Total refund","Συνολική επιστροφή"
"Digital content — Art. 16(m) notice","Ψηφιακό περιεχόμενο — γνωστοποίηση Άρθρου 16(μ)"
"By placing the order you agreed to begin performance of the digital content before the end of the withdrawal period and acknowledged that, once performance has begun, the right of withdrawal no longer applies. This notice is shown for your records.","Με την υποβολή της παραγγελίας συμφωνήσατε στην έναρξη εκτέλεσης του ψηφιακού περιεχομένου πριν τη λήξη της προθεσμίας υπαναχώρησης και αναγνωρίσατε ότι, μόλις η εκτέλεση ξεκινήσει, το δικαίωμα υπαναχώρησης δεν ισχύει πλέον. Αυτή η γνωστοποίηση εμφανίζεται για τα αρχεία σας."
"Existing withdrawals for this order","Υφιστάμενες υπαναχωρήσεις για αυτή την παραγγελία"
"You can cancel a withdrawal here until it is approved.","Μπορείτε να ακυρώσετε μια υπαναχώρηση εδώ έως ότου εγκριθεί."
"Request #%1","Αίτημα #%1"
"SKU: %1","SKU: %1"
"Estimated refund: %1 %2","Εκτιμώμενη επιστροφή: %1 %2"
"Cancel this withdrawal","Ακύρωση αυτής της υπαναχώρησης"
"Are you sure? This cannot be undone.","Είστε βέβαιοι; Η ενέργεια δεν μπορεί να αναιρεθεί."
"Yes, cancel","Ναι, ακύρωση"
"Keep it","Διατήρηση"
"That order does not belong to your account. Please select one of your own orders.","Αυτή η παραγγελία δεν ανήκει στον λογαριασμό σας. Επιλέξτε μια από τις δικές σας παραγγελίες."
"Select items to return","Επιλέξτε αντικείμενα προς επιστροφή"
"Choose all items or only some of them. Set the return quantity for each item you want to withdraw.","Επιλέξτε όλα τα αντικείμενα ή μόνο μερικά από αυτά. Ορίστε την ποσότητα επιστροφής για κάθε αντικείμενο που θέλετε να υπαναχωρήσετε."
"You have 14 days from the day you received your order to withdraw from the contract without giving a reason.","Έχετε 14 ημέρες από την ημερομηνία παραλαβής της παραγγελίας σας για να υπαναχωρήσετε από τη σύμβαση χωρίς να δηλώσετε λόγο."
"Back to order search","Πίσω στην αναζήτηση παραγγελιών"
"Cancel","Ακύρωση"
"Continue to review","Συνέχεια στην επανεξέταση"
"Review and confirm","Επανεξέταση και επιβεβαίωση"
"Order #%1","Παραγγελία #%1"
"Placed on %1","Πραγματοποιήθηκε στις %1"
"Awaiting delivery","Αναμένεται παράδοση"
"Delivered on %1","Παραδόθηκε στις %1"
"Total","Σύνολο"
"Return shipping","Αποστολή επιστροφής"
"View return policy","Προβολή πολιτικής επιστροφών"
"Refund method","Μέθοδος επιστροφής χρημάτων"
"Refund will be issued to your original payment method.","Η επιστροφή χρημάτων θα γίνει στην αρχική μέθοδο πληρωμής σας."
"Return summary","Σύνοψη επιστροφής"
"Shipping & Handling","Αποστολή και διαχείριση"
"Tax","Φόρος"
"Back to items","Πίσω στα είδη"
"Submit return request","Υποβολή αιτήματος επιστροφής"
"Your return request has been submitted!","Το αίτημα επιστροφής σας υποβλήθηκε!"
"We've emailed you a notification with your return details and a prepaid return label (if applicable). You have 14 days from the delivery date to send your items back.","Σας έχουμε στείλει ένα email με τα στοιχεία της επιστροφής σας και μια προπληρωμένη ετικέτα επιστροφής (εφόσον ισχύει). Έχετε 14 ημέρες από την ημερομηνία παράδοσης για να αποστείλετε πίσω τα είδη σας."
"Return request number","Αριθμός αιτήματος επιστροφής"
"Copy request number","Αντιγραφή αριθμού αιτήματος"
"Copied!","Αντιγράφηκε!"
"Confirmation email sent","Στάλθηκε e-mail επιβεβαίωσης"
"We've sent the details to","Στείλαμε τα στοιχεία στο"
"What happens next?","Τι ακολουθεί;"
"Pack your items securely","Συσκευάστε τα είδη σας με ασφάλεια"
"Send them back using the provided instructions","Στείλτε τα πίσω σύμφωνα με τις παρεχόμενες οδηγίες"
"We'll inspect your return","Θα ελέγξουμε την επιστροφή σας"
"Your refund will be issued to your original payment method","Η επιστροφή χρημάτων θα γίνει στην αρχική σας μέθοδο πληρωμής"
"Need more help?","Χρειάζεστε επιπλέον βοήθεια;"
"View my returns","Προβολή των επιστροφών μου"
"Contact support","Επικοινωνία με υποστήριξη"
"Purchased","Αγορασμένα"
"Returned","Επιστραφέντα"
"Decrease quantity","Μείωση ποσότητας"
"Increase quantity","Αύξηση ποσότητας"
"Has the hygiene seal been broken after delivery?","Έχει σπάσει η σφραγίδα υγιεινής μετά την παράδοση;"
"Has the original software / media seal been broken after delivery?","Έχει σπάσει η αρχική σφραγίδα λογισμικού / μέσου μετά την παράδοση;"
"No, the seal is intact","Όχι, η σφραγίδα είναι ακέραιη"
"Refund possible — return the unopened package.","Η επιστροφή χρημάτων είναι εφικτή — επιστρέψτε το κλειστό πακέτο."
"Yes, the seal is broken","Ναι, η σφραγίδα είναι σπασμένη"
"This item cannot be returned (Art. 16(e) Directive 2011/83/EU).","Αυτό το είδος δεν μπορεί να επιστραφεί (Άρθρο 16(ε) Οδηγία 2011/83/ΕΕ)."
"This item cannot be returned (Art. 16(i) Directive 2011/83/EU).","Αυτό το είδος δεν μπορεί να επιστραφεί (Άρθρο 16(θ) Οδηγία 2011/83/ΕΕ)."
"Once you confirm the seal is broken, this item is excluded from the withdrawal request and the quantity will be reset to zero.","Μόλις επιβεβαιώσετε ότι η σφραγίδα είναι σπασμένη, αυτό το είδος εξαιρείται από το αίτημα υπαναχώρησης και η ποσότητα μηδενίζεται."
"Reason for return (optional)","Λόγος επιστροφής (προαιρετικό)"
"Tell us more (optional, max 500 chars)","Πείτε μας περισσότερα (προαιρετικό, μέγ. 500 χαρακτήρες)"
"Already returned.","Έχει ήδη επιστραφεί."
"awaiting admin review","αναμένει έλεγχο διαχειριστή"
"awaiting confirmation","αναμένει επιβεβαίωση"
"Request %1 %2 (%3 item%4).","Αίτημα %1 %2 (%3 είδος%4)."
"Return request awaiting review.","Το αίτημα επιστροφής αναμένει έλεγχο."
"Cancel request","Ακύρωση αιτήματος"
"Under EU consumer law, you may withdraw from most contracts within 14 days without giving a reason.","Σύμφωνα με το ενωσιακό δίκαιο προστασίας του καταναλωτή, μπορείτε να υπαναχωρήσετε από τις περισσότερες συμβάσεις εντός 14 ημερών χωρίς να αναφέρετε λόγο."
"Read your full pre-contract rights (Art. 6)","Δείτε αναλυτικά τα προσυμβατικά σας δικαιώματα (Άρθρο 6)"
"Under Art. 6 of Directive 2011/83/EU (as amended by Directive (EU) 2023/2673), before you placed this order the seller informed you — or made available — the following information:","Σύμφωνα με το Άρθρο 6 της Οδηγίας 2011/83/ΕΕ (όπως τροποποιήθηκε από την Οδηγία (ΕΕ) 2023/2673), πριν υποβάλετε αυτή την παραγγελία ο πωλητής σας ενημέρωσε — ή κατέστησε διαθέσιμες — τις ακόλουθες πληροφορίες:"
"The main characteristics of the goods or services.","Τα κύρια χαρακτηριστικά των αγαθών ή υπηρεσιών."
"The identity and contact details of the trader.","Την ταυτότητα και τα στοιχεία επικοινωνίας του εμπόρου."
"The total price including all taxes and any delivery costs.","Τη συνολική τιμή συμπεριλαμβανομένων όλων των φόρων και τυχόν εξόδων αποστολής."
"The arrangements for payment, delivery and performance, and complaint-handling.","Τις ρυθμίσεις πληρωμής, παράδοσης και εκτέλεσης, καθώς και τη διαχείριση παραπόνων."
"Your right of withdrawal: under Art. 9 you have 14 days to withdraw from this distance contract without giving a reason. For physical goods, the 14-day period starts on the day you (or a third party nominated by you) take physical possession of the goods. For services and digital content, different starting dates apply (Art. 9(2)(a)/(c)).","Το δικαίωμα υπαναχώρησής σας: βάσει του Άρθρου 9 έχετε 14 ημέρες για να υπαναχωρήσετε από αυτή την εξ αποστάσεως σύμβαση χωρίς να αναφέρετε λόγο. Για τα φυσικά αγαθά, η προθεσμία των 14 ημερών αρχίζει από την ημέρα που εσείς (ή τρίτος που έχετε ορίσει) αποκτάτε τη φυσική κατοχή των αγαθών. Για τις υπηρεσίες και το ψηφιακό περιεχόμενο ισχύουν διαφορετικές ημερομηνίες έναρξης (Άρθρο 9(2)(α)/(γ))."
"Exceptions: the right does not apply to certain goods and services listed in Art. 16 (e.g., custom-made goods, sealed hygiene items once unsealed, digital content whose performance has begun with your prior express consent and acknowledgement that you lose the withdrawal right).","Εξαιρέσεις: το δικαίωμα δεν εφαρμόζεται σε ορισμένα αγαθά και υπηρεσίες που απαριθμούνται στο Άρθρο 16 (π.χ. αγαθά κατά παραγγελία, σφραγισμένα είδη υγιεινής μετά το άνοιγμά τους, ψηφιακό περιεχόμενο του οποίου η εκτέλεση έχει αρχίσει με προηγούμενη ρητή συναίνεσή σας και αναγνώριση ότι χάνετε το δικαίωμα υπαναχώρησης)."
"The legal guarantee of conformity for goods applies under Art. 5 of Directive 2019/771, in addition to the right of withdrawal.","Η νόμιμη εγγύηση συμμόρφωσης για τα αγαθά εφαρμόζεται βάσει του Άρθρου 5 της Οδηγίας 2019/771, επιπροσθέτως του δικαιώματος υπαναχώρησης."
"Delivery: %1","Παράδοση: %1"
"Total paid","Συνολική πληρωμή"
"Pick an order to withdraw from","Επιλέξτε παραγγελία για υπαναχώρηση"
"Select a recent order to start your withdrawal.","Επιλέξτε μια πρόσφατη παραγγελία για να ξεκινήσετε την υπαναχώρηση."
"Select","Επιλογή"
"Withdrawal progress","Πρόοδος υπαναχώρησης"
"title","τίτλος"
"subtitle","υπότιτλος"
"Items to return","Είδη προς επιστροφή"
"0 items","0 είδη"
"Refund summary","Σύνοψη επιστροφής χρημάτων"
"No items in this order are currently eligible for withdrawal.","Κανένα είδος αυτής της παραγγελίας δεν είναι αυτή τη στιγμή επιλέξιμο για υπαναχώρηση."
"Each line is either already being processed, pending confirmation, or has been fully withdrawn. Check the existing requests section above for status or to cancel.","Κάθε γραμμή είτε υφίσταται ήδη επεξεργασία, είτε αναμένει επιβεβαίωση, είτε έχει ήδη υπαναχωρηθεί πλήρως. Ελέγξτε την παραπάνω ενότητα υφιστάμενων αιτημάτων για κατάσταση ή ακύρωση."
"No items selected yet. Use the + button next to an item to add it to your return.","Δεν έχουν επιλεγεί ακόμη αντικείμενα. Χρησιμοποιήστε το κουμπί + δίπλα σε ένα αντικείμενο για να το προσθέσετε στην επιστροφή σας."
"Find your order","Βρείτε την παραγγελία σας"
"Enter the details you used during checkout to start a return or withdrawal.","Εισαγάγετε τα στοιχεία που χρησιμοποιήσατε κατά την παραγγελία για να ξεκινήσετε επιστροφή ή υπαναχώρηση."
"We could not find an order matching that email. Double-check your order number and email address.","Δεν βρέθηκε παραγγελία που να αντιστοιχεί σε αυτό το email. Ελέγξτε ξανά τον αριθμό παραγγελίας και τη διεύθυνση email σας."
"e.g. 12345","π.χ. 12345"
"You can find this in your order confirmation email.","Μπορείτε να το βρείτε στο email επιβεβαίωσης παραγγελίας σας."
"Email address","Διεύθυνση e-mail"
"you@example.com","you@example.com"
"Must match the email used for the order.","Πρέπει να ταιριάζει με το email που χρησιμοποιήθηκε για την παραγγελία."
"Find my order","Εύρεση της παραγγελίας μου"
"You have the right to withdraw from your purchase within 14 days of receiving your order, without giving any reason.","Έχετε το δικαίωμα να υπαναχωρήσετε από την αγορά σας εντός 14 ημερών από την παραλαβή της παραγγελίας, χωρίς να αναφέρετε λόγο."
"Need help finding your order?","Χρειάζεστε βοήθεια για την εύρεση της παραγγελίας σας;"
"Select an order","Επιλέξτε παραγγελία"
"Choose an order from your history to start a return or withdrawal.","Επιλέξτε μια παραγγελία από το ιστορικό σας για να ξεκινήσετε επιστροφή ή υπαναχώρηση."
"You don't have any orders eligible for withdrawal. The 14-day withdrawal window runs from the day you received your order.","Δεν έχετε παραγγελίες επιλέξιμες για υπαναχώρηση. Η προθεσμία υπαναχώρησης 14 ημερών μετρά από την ημέρα παραλαβής της παραγγελίας σας."
"View all my orders","Προβολή όλων των παραγγελιών μου"
"items","είδη"
"Select order","Επιλογή παραγγελίας"
"No recent withdrawal","Καμία πρόσφατη υπαναχώρηση"
"We could not find a recent withdrawal in this session. If you have just submitted one, please check your inbox for the confirmation email.","Δεν βρέθηκε πρόσφατη υπαναχώρηση σε αυτή τη συνεδρία. Εάν μόλις υποβάλατε κάποια, ελέγξτε τα εισερχόμενά σας για το email επιβεβαίωσης."
"Start a new withdrawal","Έναρξη νέας υπαναχώρησης"
"Withdrawal #%1 submitted","Η υπαναχώρηση #%1 υποβλήθηκε"
"Related order:","Σχετική παραγγελία:"
"Items","Είδη"
"Items included in this withdrawal","Είδη που περιλαμβάνονται σε αυτή την υπαναχώρηση"
"Line Total","Σύνολο γραμμής"
"What happens next","Τι ακολουθεί"
"You will receive a receipt email with the full withdrawal statement and integrity hash within a few minutes.","Θα λάβετε email με την απόδειξη που περιλαμβάνει την πλήρη δήλωση υπαναχώρησης και το hash ακεραιότητας μέσα σε λίγα λεπτά."
"The 14-day window under Art. 9 CRD is locked to the moment you confirmed the withdrawal — nothing further is required from you to preserve the right.","Η προθεσμία 14 ημερών βάσει του Άρθρου 9 της Οδηγίας 2011/83/ΕΕ κλειδώνεται κατά τη στιγμή που επιβεβαιώσατε την υπαναχώρηση — δεν απαιτείται καμία άλλη ενέργεια από εσάς για τη διατήρηση του δικαιώματος."
"The final refund is determined after we receive the returned items (Art. 14(2)) and is issued to the original payment method. Expect the funds within 14 days of receipt.","Η τελική επιστροφή χρημάτων προσδιορίζεται μετά την παραλαβή των επιστρεφόμενων ειδών (Άρθρο 14(2)) και πραγματοποιείται στην αρχική μέθοδο πληρωμής. Αναμένετε την πίστωση εντός 14 ημερών από την παραλαβή."
"Back to Withdrawals","Πίσω στις υπαναχωρήσεις"
"Verzichtsbestätigung digitaler Inhalte — Bestellung %increment_id","Επιβεβαίωση παραίτησης ψηφιακού περιεχομένου — Παραγγελία %increment_id"
"Sehr geehrte/r %name,","Αγαπητέ/ή %name,"
"Dies ist die Bestätigung auf einem dauerhaften Datenträger Ihrer ausdrücklichen Einwilligung zum Beginn der Ausführung folgender digitaler Inhalte sowie Ihrer Bestätigung, dass Sie dadurch Ihr Widerrufsrecht verlieren (Art. 16(m) VRL).","Αυτή είναι η επιβεβαίωση σε σταθερό μέσο της ρητής συναίνεσής σας για την έναρξη εκτέλεσης του ακόλουθου ψηφιακού περιεχομένου, καθώς και της αναγνώρισής σας ότι κατ' αυτόν τον τρόπο χάνετε το δικαίωμα υπαναχώρησης (Άρθρο 16(μ) Οδηγία 2011/83/ΕΕ)."
"Durch den Verzicht abgedeckte digitale Inhalte","Ψηφιακό περιεχόμενο που καλύπτεται από την παραίτηση"
"Ihre ausdrückliche Einwilligung","Η ρητή σας συναίνεση"
"Eingewilligt am:","Συναίνεση δόθηκε στις:"
"Ihre Bestätigung zum Verlust des Widerrufsrechts","Η επιβεβαίωσή σας για την απώλεια του δικαιώματος υπαναχώρησης"
"Bestätigt am:","Επιβεβαιώθηκε στις:"
"Verzichtsreferenz:","Αναφορά παραίτησης:"
"Rechtsgrundlage: Art. 16(m) Verbraucherrechterichtlinie 2011/83/EU.","Νομική βάση: Άρθρο 16(μ) Οδηγία 2011/83/ΕΕ για τα δικαιώματα των καταναλωτών."
"Digital content waiver confirmation — Order %1","Επιβεβαίωση παραίτησης για ψηφιακό περιεχόμενο — Παραγγελία %1"
"Dear %name,","Αγαπητέ/ή %name,"
"This is the durable-medium confirmation of your express consent to begin performance of the following digital items, and your acknowledgment that by doing so you lose your right of withdrawal (Art. 16(m) CRD).","Αυτή είναι η επιβεβαίωση σε σταθερό μέσο της ρητής συναίνεσής σας για την έναρξη εκτέλεσης των ακόλουθων ψηφιακών ειδών και της αναγνώρισής σας ότι κατ' αυτόν τον τρόπο χάνετε το δικαίωμα υπαναχώρησης (Άρθρο 16(μ) Οδηγία 2011/83/ΕΕ)."
"Digital items covered by this waiver","Ψηφιακά προϊόντα που καλύπτονται από αυτή την παραίτηση"
"Your express consent","Η ρητή συναίνεσή σας"
"Consented at:","Συναίνεση δόθηκε στις:"
"Your acknowledgment of loss of withdrawal right","Η αναγνώρισή σας για την απώλεια του δικαιώματος υπαναχώρησης"
"Acknowledged at:","Αναγνωρίστηκε στις:"
"Waiver reference:","Αναφορά παραίτησης:"
"Legal basis: Art. 16(m) Consumer Rights Directive 2011/83/EU.","Νομική βάση: Art. 16(m) Οδηγία 2011/83/ΕΕ για τα δικαιώματα των καταναλωτών."
"Digitaalisen sisällön luopumisvahvistus — Tilaus %increment_id","Επιβεβαίωση παραίτησης ψηφιακού περιεχομένου — Παραγγελία %increment_id"
"Hyvä %name,","Αγαπητέ/ή %name,"
"Tämä on pysyvällä tietovälineellä annettu vahvistus nimenomaisesta suostumuksestasi aloittaa seuraavien digitaalisten sisältöjen toimitus sekä vahvistuksestasi, että menetät peruuttamisoikeutesi (KSL 6:16).","Αυτή είναι η επιβεβαίωση σε σταθερό μέσο της ρητής συναίνεσής σας για την έναρξη παράδοσης του ακόλουθου ψηφιακού περιεχομένου, καθώς και της επιβεβαίωσής σας ότι χάνετε το δικαίωμα υπαναχώρησης (Άρθρο 16(μ) Οδηγία 2011/83/ΕΕ)."
"Luopumisen kattamat digitaaliset sisällöt","Ψηφιακό περιεχόμενο που καλύπτεται από την παραίτηση"
"Nimenomainen suostumuksesi","Η ρητή σας συναίνεση"
"Suostuttu:","Συναίνεση δόθηκε στις:"
"Vahvistuksesi peruuttamisoikeuden menettämisestä","Η επιβεβαίωσή σας για την απώλεια του δικαιώματος υπαναχώρησης"
"Vahvistettu:","Επιβεβαιώθηκε στις:"
"Luopumisen viite:","Αναφορά παραίτησης:"
"Oikeusperusta: KSL 6:16 / Art. 16(m) kuluttajanoikeusdirektiivi 2011/83/EU.","Νομική βάση: Άρθρο 16(μ) Οδηγία 2011/83/ΕΕ για τα δικαιώματα των καταναλωτών."
"Confirmation de renonciation au contenu numérique — Commande %increment_id","Επιβεβαίωση παραίτησης ψηφιακού περιεχομένου — Παραγγελία %increment_id"
"Cher/Chère %name,","Αγαπητέ/ή %name,"
"Ceci est la confirmation sur un support durable de votre consentement exprès à commencer l'exécution des contenus numériques suivants, et de votre reconnaissance que vous perdez ainsi votre droit de rétractation (Art. L. 221-28 Code consommation).","Αυτή είναι η επιβεβαίωση σε σταθερό μέσο της ρητής συναίνεσής σας για την έναρξη εκτέλεσης του ακόλουθου ψηφιακού περιεχομένου και της αναγνώρισής σας ότι κατ' αυτόν τον τρόπο χάνετε το δικαίωμα υπαναχώρησης (Άρθρο 16(μ) Οδηγία 2011/83/ΕΕ)."
"Contenus numériques couverts par la présente renonciation","Ψηφιακό περιεχόμενο που καλύπτεται από την παρούσα παραίτηση"
"Votre consentement exprès","Η ρητή σας συναίνεση"
"Consenti le :","Συναίνεση δόθηκε στις:"
"Votre reconnaissance de la perte du droit de rétractation","Η αναγνώρισή σας για την απώλεια του δικαιώματος υπαναχώρησης"
"Reconnu le :","Αναγνωρίστηκε στις:"
"Référence de renonciation :","Αναφορά παραίτησης:"
"Base légale : Art. L. 221-28 Code consommation / Art. 16(m) Directive 2011/83/UE.","Νομική βάση: Άρθρο 16(μ) Οδηγία 2011/83/ΕΕ."
"Bevestiging afstand digitale inhoud — Bestelling %increment_id","Επιβεβαίωση παραίτησης ψηφιακού περιεχομένου — Παραγγελία %increment_id"
"Beste %name,","Αγαπητέ/ή %name,"
"Dit is de bevestiging op een duurzame gegevensdrager van uw uitdrukkelijke toestemming om te beginnen met de levering van de volgende digitale inhoud, en uw erkenning dat u daardoor uw herroepingsrecht verliest (Art. 6:230s BW).","Αυτή είναι η επιβεβαίωση σε σταθερό μέσο της ρητής συναίνεσής σας για την έναρξη παράδοσης του ακόλουθου ψηφιακού περιεχομένου και της αναγνώρισής σας ότι κατ' αυτόν τον τρόπο χάνετε το δικαίωμα υπαναχώρησης (Άρθρο 16(μ) Οδηγία 2011/83/ΕΕ)."
"Onder deze afstand vallende digitale items","Ψηφιακά είδη που καλύπτονται από αυτή την παραίτηση"
"Uw uitdrukkelijke toestemming","Η ρητή σας συναίνεση"
"Toestemming verleend op:","Συναίνεση δόθηκε στις:"
"Uw erkenning van verlies van herroepingsrecht","Η αναγνώρισή σας για την απώλεια του δικαιώματος υπαναχώρησης"
"Erkend op:","Αναγνωρίστηκε στις:"
"Afstandreferentie:","Αναφορά παραίτησης:"
"Rechtsgrondslag: Art. 6:230s BW / Art. 16(m) Richtlijn 2011/83/EU.","Νομική βάση: Άρθρο 16(μ) Οδηγία 2011/83/ΕΕ."
"[EU Withdrawal] Receipt send failed — request #%request_id","[EU Withdrawal] Αποτυχία αποστολής απόδειξης — αίτημα #%request_id"
"The receipt email for withdrawal request #%request_id has failed to send permanently.","Το email απόδειξης για το αίτημα υπαναχώρησης #%request_id απέτυχε οριστικά να αποσταλεί."
"Inspect the <code>mm_eu_withdrawal_request.receipt_last_error</code> column for the last error message, and the <code>mm_eu_withdrawal_request.receipt_send_attempts</code> column for the retry count.","Ελέγξτε τη στήλη <code>mm_eu_withdrawal_request.receipt_last_error</code> για το τελευταίο μήνυμα σφάλματος και τη στήλη <code>mm_eu_withdrawal_request.receipt_send_attempts</code> για τον αριθμό των επαναλήψεων."
"You can requeue the send from the admin grid after resolving the underlying issue.","Μπορείτε να επανατοποθετήσετε την αποστολή στην ουρά από το πλέγμα διαχείρισης μετά την επίλυση του υποκείμενου προβλήματος."
"Your refund is on its way — Withdrawal #%1","Η επιστροφή χρημάτων σας είναι καθ' οδόν — Υπαναχώρηση #%1"
"Your refund is on its way","Η επιστροφή σας είναι καθ' οδόν"
"Hi %name, we've approved your withdrawal request and started the refund process.","Γεια σας %name, εγκρίναμε το αίτημα υπαναχώρησής σας και ξεκινήσαμε τη διαδικασία επιστροφής χρημάτων."
"View refund details","Προβολή λεπτομερειών επιστροφής"
"Withdrawal number","Αριθμός υπαναχώρησης"
"Approved on","Εγκρίθηκε στις"
"Estimated arrival","Εκτιμώμενη άφιξη"
"Status","Κατάσταση"
"Your refund will be issued to your original payment method within 5–7 business days. You'll see it on your card or bank statement once it lands.","Η επιστροφή χρημάτων θα γίνει στην αρχική σας μέθοδο πληρωμής εντός 5–7 εργάσιμων ημερών. Θα την δείτε στην κάρτα ή στο τραπεζικό σας αντίγραφο μόλις πιστωθεί."
"Need help?","Χρειάζεστε βοήθεια;"
"Reply to this email or contact us at","Απαντήστε σε αυτό το e-mail ή επικοινωνήστε στο"
"Your withdrawal was cancelled — Withdrawal #%1","Η υπαναχώρησή σας ακυρώθηκε — Υπαναχώρηση #%1"
"Your withdrawal was cancelled","Η υπαναχώρησή σας ακυρώθηκε"
"Hi %name, we've cancelled your withdrawal request.","Γεια σας %name, ακυρώσαμε το αίτημα υπαναχώρησής σας."
"Submit a new request","Υποβολή νέου αιτήματος"
"Cancelled request","Ακυρωμένο αίτημα"
"Cancelled on","Ακυρώθηκε στις"
"Refund requested","Επιστροφή ζητήθηκε"
"If this was unexpected, you can submit a new withdrawal request as long as your 14-day window is still open. Reach out if you need help — we're happy to clarify.","Εάν αυτό ήταν απρόσμενο, μπορείτε να υποβάλετε νέο αίτημα υπαναχώρησης όσο η προθεσμία των 14 ημερών παραμένει ενεργή. Επικοινωνήστε μαζί μας αν χρειάζεστε βοήθεια — με χαρά σας εξηγούμε."
"Cancellation confirmed — Withdrawal #%1","Η ακύρωση επιβεβαιώθηκε — Υπαναχώρηση #%1"
"Cancellation confirmed","Η ακύρωση επιβεβαιώθηκε"
"Hi %name, your withdrawal request has been cancelled as you asked.","Γεια σας %name, το αίτημα υπαναχώρησής σας ακυρώθηκε όπως ζητήσατε."
"Back to my orders","Πίσω στις παραγγελίες μου"
"Cancelled by","Ακυρώθηκε από"
"You","Εσείς"
"Your order remains active and there's no further action needed. If you change your mind, you can start a new withdrawal request any time within your 14-day window.","Η παραγγελία σας παραμένει ενεργή και δεν απαιτείται κάποια άλλη ενέργεια. Αν αλλάξετε γνώμη, μπορείτε να υποβάλετε νέο αίτημα υπαναχώρησης οποιαδήποτε στιγμή εντός της προθεσμίας των 14 ημερών."
"Update on your withdrawal request — Withdrawal #%1","Ενημέρωση για το αίτημα υπαναχώρησής σας — Υπαναχώρηση #%1"
"We can't process this withdrawal","Δεν μπορούμε να επεξεργαστούμε αυτή την υπαναχώρηση"
"Hi %name, after reviewing your withdrawal request we're unable to approve it.","Γεια σας %name, μετά από εξέταση του αιτήματος υπαναχώρησής σας δεν μπορούμε να το εγκρίνουμε."
"Request details","Λεπτομέρειες αιτήματος"
"Reviewed on","Ελέγχθηκε στις"
"Decision","Απόφαση"
"Reason from our team","Λόγος από την ομάδα μας"
"If you'd like to discuss this decision, our team is here to help. Reply to this email or use the button above.","Αν θέλετε να συζητήσετε αυτή την απόφαση, η ομάδα μας είναι στη διάθεσή σας. Απαντήστε σε αυτό το email ή χρησιμοποιήστε το παραπάνω κουμπί."
"Your withdrawal request has been submitted — Order #%1","Το αίτημα υπαναχώρησής σας υποβλήθηκε — Παραγγελία #%1"
"Your return request has been submitted","Το αίτημα επιστροφής σας υποβλήθηκε"
"Hi %name, we've received your return request and are currently reviewing it. You'll hear back when we've inspected your return and processed your refund.","Γεια σας %name, λάβαμε το αίτημα επιστροφής σας και αυτή τη στιγμή το εξετάζουμε. Θα σας ενημερώσουμε μόλις ελέγξουμε την επιστροφή και ολοκληρώσουμε την πίστωση."
"Return number","Αριθμός επιστροφής"
"Requested on","Ζητήθηκε στις"
"We'll inspect your return and notify you once approved. Refunds are issued to your original payment method within 5–7 business days after approval.","Θα ελέγξουμε την επιστροφή σας και θα σας ενημερώσουμε μόλις εγκριθεί. Οι επιστροφές χρημάτων γίνονται στην αρχική σας μέθοδο πληρωμής εντός 5–7 εργάσιμων ημερών μετά την έγκριση."
"If you have any questions, our customer service team is here to help.","Αν έχετε οποιαδήποτε ερώτηση, η ομάδα εξυπηρέτησης πελατών είναι στη διάθεσή σας."
"Visit our help center","Επισκεφθείτε το κέντρο βοήθειας"
"If you did not initiate this request, contact us immediately at","Αν δεν υποβάλατε εσείς το αίτημα, επικοινωνήστε μαζί μας άμεσα στο"
"Withdrawal receipt — Order #%1","Αποδεικτικό υπαναχώρησης — Παραγγελία #%1"
"Withdrawal receipt","Απόδειξη υπαναχώρησης"
"Hi %name, this email is your durable-medium proof of withdrawal under Art. 11a Directive 2011/83/EU. Keep it for your records.","Γεια σας %name, αυτό το email είναι το αποδεικτικό υπαναχώρησής σας σε σταθερό μέσο σύμφωνα με το Art. 11a Οδηγία 2011/83/ΕΕ. Φυλάξτε το για τα αρχεία σας."
"Submitted on","Υποβλήθηκε στις"
"Your %store_name order confirmation","Η επιβεβαίωση της παραγγελίας σας στο %store_name"
"%customer_name,","%customer_name,"
"Thank you for your order from %store_name.","Σας ευχαριστούμε για την παραγγελία σας από το %store_name."
"Once your package ships we will send you a tracking number.","Μόλις αποσταλεί το πακέτο σας, θα σας στείλουμε αριθμό παρακολούθησης."
"You can check the status of your order by <a href=""%account_url"">logging into your account</a>.","Μπορείτε να ελέγξετε την κατάσταση της παραγγελίας σας <a href=""%account_url"">συνδεόμενοι στον λογαριασμό σας</a>."
"If you have questions about your order, you can email us at <a href=""mailto:%store_email"">%store_email</a>","Εάν έχετε ερωτήσεις σχετικά με την παραγγελία σας, μπορείτε να μας στείλετε email στο <a href=""mailto:%store_email"">%store_email</a>"
"or call us at <a href=""tel:%store_phone"">%store_phone</a>","ή να μας καλέσετε στο <a href=""tel:%store_phone"">%store_phone</a>"
"Our hours are <span class=""no-link"">%store_hours</span>.","Οι ώρες λειτουργίας μας είναι <span class=""no-link"">%store_hours</span>."
"Your Order <span class=""no-link"">#%increment_id</span>","Η παραγγελία σας <span class=""no-link"">#%increment_id</span>"
"Placed on <span class=""no-link"">%created_at</span>","Πραγματοποιήθηκε στις <span class=""no-link"">%created_at</span>"
"Billing Info","Στοιχεία χρέωσης"
"Shipping Info","Στοιχεία αποστολής"
"Payment Method","Μέθοδος πληρωμής"
"Shipping Method","Μέθοδος αποστολής"
"%name,","%name,"
"Once your package ships we will send an email with a link to track your order.","Μόλις αποσταλεί το πακέτο σας, θα σας στείλουμε email με σύνδεσμο παρακολούθησης της παραγγελίας σας."
"Your %store_name order has shipped","Η παραγγελία σας στο %store_name έχει αποσταλεί"
"Your shipping confirmation is below. Thank you again for your business.","Η επιβεβαίωση αποστολής σας ακολουθεί παρακάτω. Σας ευχαριστούμε ξανά για την προτίμησή σας."
"Your Shipment #%shipment_id for Order #%order_id","Η αποστολή σας #%shipment_id για την παραγγελία #%order_id"
"Your digital content waiver is on file","Η παραίτησή σας για το ψηφιακό περιεχόμενο έχει καταχωρηθεί"
"Hi %name, you've consented to immediate digital delivery of the items below — this is your durable-medium copy of that consent (Art. 11a(4) CRD).","Γεια σας %name, έχετε συναινέσει στην άμεση ψηφιακή παράδοση των παρακάτω προϊόντων — αυτό είναι το αντίγραφο της συναίνεσής σας σε σταθερό μέσο (Art. 11a(4) CRD)."
"View order","Προβολή παραγγελίας"
"Consented at","Συναίνεση δόθηκε στις"
"Acknowledged at","Αναγνωρίστηκε στις"
"Keep this email as your durable-medium record. The merchant has stored the SHA-256 hash of the legal text you accepted:","Φυλάξτε αυτό το email ως αρχείο σε σταθερό μέσο. Ο έμπορος έχει αποθηκεύσει το hash SHA-256 του νομικού κειμένου που αποδεχτήκατε:"
"Digital content waiver","Παραίτηση δικαιώματος για ψηφιακό περιεχόμενο"
"We need your explicit consent before you can buy this digital item — please read both points carefully.","Χρειαζόμαστε τη ρητή σας συναίνεση πριν αγοράσετε αυτό το ψηφιακό αντικείμενο — παρακαλούμε διαβάστε προσεκτικά και τα δύο σημεία."
"We log this consent with your IP and timestamp for our audit record.","Καταγράφουμε αυτή τη συναίνεση με τη διεύθυνση IP σας και χρονοσήμανση για τα αρχεία ελέγχου μας."
"Continue","Συνέχεια"
"Waiver could not be saved. Please retry.","Η παραίτηση δεν μπόρεσε να αποθηκευτεί. Δοκιμάστε ξανά."
"Enable for EU Withdrawal Lookup Form","Ενεργοποίηση για τη φόρμα αναζήτησης δικαιώματος υπαναχώρησης ΕΕ"
"MageMe Extensions","Επεκτάσεις MageMe"
"EU Withdrawal","Δικαίωμα υπαναχώρησης ΕΕ"
"General","Γενικά"
"Enable Module","Ενεργοποίηση επέκτασης"
"Activates frontend and cron jobs. Default: disabled. Complete the manual setup checklist before enabling.","Ενεργοποιεί το front-end και τις εργασίες cron. Προεπιλογή: απενεργοποιημένο. Ολοκληρώστε τη λίστα χειροκίνητης ρύθμισης πριν την ενεργοποίηση."
"Request Number Prefix","Πρόθεμα αριθμού αιτήματος"
"Optional prefix prepended to the withdrawal request increment ID in customer-facing UI (e.g. ""RR-"" renders as ""RR-000000022""). Leave blank to show the plain padded number.","Προαιρετικό πρόθεμα που προστίθεται στο αναγνωριστικό αύξησης του αιτήματος υπαναχώρησης στο περιβάλλον πελάτη (π.χ. ""RR-"" εμφανίζεται ως ""RR-000000022""). Αφήστε κενό για να εμφανίζεται μόνο ο αριθμός."
"Default Contract Type","Προεπιλεγμένος τύπος σύμβασης"
"Frontend Route","Διαδρομή καταστήματος"
"URL prefix used by the customer-facing withdrawal flow (e.g. <code>withdraw-contract</code> renders as <code>/withdraw-contract/...</code>). Lowercase letters, digits, dashes and underscores only.","Πρόθεμα URL που χρησιμοποιείται από τη ροή υπαναχώρησης πελάτη (π.χ. <code>withdraw-contract</code> εμφανίζεται ως <code>/withdraw-contract/...</code>)."
"Withdrawal Period","Προθεσμία υπαναχώρησης"
"Delivery Confirmation Statuses","Καταστάσεις επιβεβαίωσης παράδοσης"
"Pick one or more order statuses whose <em>transition</em> means the customer received the goods in your fulfillment workflow. The 14-day withdrawal window starts on the timestamp of the order's <em>earliest</em> transition into <em>any</em> of the selected statuses (Art. 9(2)(b) Directive 2011/83/EU). Multi-select supports merchants who use several ""delivered""-type statuses (e.g. <code>delivered</code> + <code>complete</code> + <code>delivered_partial</code>). Until the order reaches any of them, the right of withdrawal is open with no fixed deadline.","Επιλέξτε μία ή περισσότερες καταστάσεις παραγγελίας των οποίων η <em>μετάβαση</em> σημαίνει ότι ο πελάτης παρέλαβε τα αγαθά στη ροή εκτέλεσης παραγγελιών σας. Η προθεσμία υπαναχώρησης 14 ημερών αρχίζει από τη χρονοσήμανση της <em>πρώτης</em> μετάβασης της παραγγελίας σε <em>οποιαδήποτε</em> από τις επιλεγμένες καταστάσεις (Άρθρο 9(2)(β) Οδηγία 2011/83/ΕΕ). Η πολλαπλή επιλογή υποστηρίζει εμπόρους που χρησιμοποιούν πολλές καταστάσεις τύπου ""παραδόθηκε"" (π.χ. <code>delivered</code> + <code>complete</code> + <code>delivered_partial</code>). Μέχρι η παραγγελία να φτάσει σε κάποια από αυτές, το δικαίωμα υπαναχώρησης παραμένει ανοιχτό χωρίς ορισμένη προθεσμία."
"Eligibility Rules (Art. 16 CRD Presets)","Κανόνες επιλεξιμότητας (προρυθμίσεις Άρθρου 16 CRD)"
"Art. 16(c) Custom-Made Goods","Άρθρο 16(γ) Αγαθά κατά παραγγελία"
"Excludes products made to customer specifications or clearly personalised (e.g. engraved jewellery, made-to-measure clothing). <strong>Requires</strong> product attribute <code>is_custom_made = true</code>. If enabled, orders containing such items cannot be withdrawn — customers will see this when attempting to start withdrawal.","Εξαιρεί προϊόντα που κατασκευάζονται σύμφωνα με τις προδιαγραφές του πελάτη ή είναι σαφώς εξατομικευμένα (π.χ. χαραγμένα κοσμήματα, ρούχα κατά παραγγελία). <strong>Απαιτεί</strong> το χαρακτηριστικό προϊόντος <code>is_custom_made = true</code>. Εάν ενεργοποιηθεί, οι παραγγελίες που περιέχουν τέτοια είδη δεν μπορούν να υπαναχωρηθούν — οι πελάτες θα το δουν όταν επιχειρήσουν να ξεκινήσουν την υπαναχώρηση."
"Art. 16(d) Perishable Goods","Άρθρο 16(δ) Αλλοιώσιμα αγαθά"
"Excludes goods that can deteriorate or expire rapidly (fresh food, cut flowers, short-shelf-life pharmaceuticals). <strong>Requires</strong> product attribute <code>is_perishable = true</code>. Do not enable for all categories — apply it only to truly perishable SKUs, otherwise you will unlawfully deny valid withdrawals.","Εξαιρεί αγαθά που μπορούν να αλλοιωθούν ή να λήξουν γρήγορα (φρέσκα τρόφιμα, κομμένα λουλούδια, φάρμακα μικρής διάρκειας ζωής). <strong>Απαιτεί</strong> το χαρακτηριστικό προϊόντος <code>is_perishable = true</code>. Μην ενεργοποιείτε για όλες τις κατηγορίες — εφαρμόστε το μόνο σε πραγματικά αλλοιώσιμους κωδικούς SKU, διαφορετικά θα αρνείστε παράνομα έγκυρες υπαναχωρήσεις."
"Art. 16(e) Sealed Hygiene / Health","Άρθρο 16(ε) Σφραγισμένα είδη υγιεινής / υγείας"
"Excludes sealed hygiene or health items <strong>only if the seal has been broken after delivery</strong> (cosmetics, intimate apparel, sealed medical supplies). <strong>Requires</strong> product attribute <code>is_sealed_hygiene = true</code>. The exclusion depends on a seal-check at the time of withdrawal (workflow in phase-04) — a sealed, unopened return remains eligible.","Εξαιρεί σφραγισμένα είδη υγιεινής ή υγείας <strong>μόνο εάν η σφραγίδα έχει σπάσει μετά την παράδοση</strong> (καλλυντικά, εσώρουχα, σφραγισμένα ιατρικά προϊόντα). <strong>Απαιτεί</strong> το χαρακτηριστικό προϊόντος <code>is_sealed_hygiene = true</code>. Η εξαίρεση εξαρτάται από έλεγχο σφραγίδας κατά τη στιγμή της υπαναχώρησης (ροή εργασίας στη φάση-04) — μια σφραγισμένη, μη ανοιγμένη επιστροφή παραμένει επιλέξιμη."
"Art. 16(i) Sealed Audio / Video / Software","Άρθρο 16(θ) Σφραγισμένα ηχητικά / βίντεο / λογισμικού"
"Excludes sealed audio recordings, video recordings, or sealed computer software <strong>only if the seal has been broken after delivery</strong>. <strong>Requires</strong> product attribute <code>is_sealed_av = true</code>. Same seal-check logic as Art. 16(e). Does not apply to streaming / digital-download content — use Art. 16(m) for those.","Εξαιρεί σφραγισμένες ηχογραφήσεις, βιντεοσκοπήσεις ή σφραγισμένο λογισμικό υπολογιστή <strong>μόνο εάν η σφραγίδα έχει σπάσει μετά την παράδοση</strong>. <strong>Απαιτεί</strong> το χαρακτηριστικό προϊόντος <code>is_sealed_av = true</code>. Ίδια λογική ελέγχου σφραγίδας με το Άρθρο 16(ε). Δεν ισχύει για περιεχόμενο streaming / ψηφιακής λήψης — γι' αυτά χρησιμοποιήστε το Άρθρο 16(μ)."
"Digital Content (Art. 16(m))","Ψηφιακό περιεχόμενο (Άρθρο 16(ιγ))"
"Detection","Ανίχνευση"
"Enable Digital Content Detection","Ενεργοποίηση ανίχνευσης ψηφιακού περιεχομένου"
"Master switch for Art. 16(m) digital-content detection. When off, no product is recognised as digital, the checkout waiver step is not required, and the preset always allows withdrawal.","Κύριος διακόπτης για την ανίχνευση ψηφιακού περιεχομένου του Άρθρου 16(μ). Όταν είναι απενεργοποιημένος, κανένα προϊόν δεν αναγνωρίζεται ως ψηφιακό, το βήμα παραίτησης κατά την ολοκλήρωση παραγγελίας δεν απαιτείται και η προρύθμιση επιτρέπει πάντα την υπαναχώρηση."
"Detection Strategies","Στρατηγικές ανίχνευσης"
"Which product-type heuristics trigger the digital-content waiver gate. Downloadable + virtual are safe defaults; bundle_contains_digital inspects bundle children; custom_attribute reads the EAV flag configured below.","Ποιες ευρετικές τύπου προϊόντος ενεργοποιούν την πύλη παραίτησης ψηφιακού περιεχομένου. Τα Downloadable + virtual είναι ασφαλείς προεπιλογές· το bundle_contains_digital εξετάζει τα υποπροϊόντα του πακέτου· το custom_attribute διαβάζει τη σημαία EAV που διαμορφώνεται παρακάτω."
"Custom Attribute Code","Κωδικός προσαρμοσμένου χαρακτηριστικού"
"EAV attribute code used <strong>only</strong> when <em>Custom attribute flag</em> is picked in <em>Detection strategies</em> above. Default: <code>is_digital_content</code> (boolean attribute, 1 = digital). Ignored otherwise.","Κωδικός χαρακτηριστικού EAV που χρησιμοποιείται <strong>μόνο</strong> όταν επιλέγεται η <em>Σημαία προσαρμοσμένου χαρακτηριστικού</em> στις <em>Στρατηγικές ανίχνευσης</em> παραπάνω. Προεπιλογή: <code>is_digital_content</code> (boolean χαρακτηριστικό, 1 = ψηφιακό). Διαφορετικά αγνοείται."
"Checkout Step + Email","Βήμα ολοκλήρωσης παραγγελίας + email"
"Enable Checkout Waiver Step","Ενεργοποίηση βήματος συναίνεσης στην ολοκλήρωση παραγγελίας"
"When on, carts that contain a detected digital item render the 2-checkbox waiver step at checkout. Has no effect unless <em>Detection → Enable digital content detection</em> is also on.","Όταν είναι ενεργοποιημένο, τα καλάθια που περιέχουν εντοπισμένο ψηφιακό είδος εμφανίζουν το βήμα παραίτησης 2 πλαισίων ελέγχου κατά την ολοκλήρωση παραγγελίας. Δεν έχει αποτέλεσμα εκτός εάν είναι επίσης ενεργοποιημένο το <em>Ανίχνευση → Ενεργοποίηση ανίχνευσης ψηφιακού περιεχομένου</em>."
"Merchant BCC Address for Confirmation Emails","Διεύθυνση κρυφής κοινοποίησης εμπόρου για email επιβεβαίωσης"
"Optional. Blind-copies the waiver-confirmation email to a merchant audit address. Leave blank to skip.","Προαιρετικό. Στέλνει κρυφό αντίγραφο του email επιβεβαίωσης παραίτησης σε διεύθυνση ελέγχου του εμπόρου. Αφήστε κενό για παράλειψη."
"Mark Virtual-Only Items as Performance-Started on Confirmation","Σήμανση αποκλειστικά εικονικών ειδών ως έναρξη εκτέλεσης κατά την επιβεβαίωση"
"Virtual products have no download trigger. When on, the waiver confirmation email's dispatch counts as performance-start for virtual-only items.","Τα εικονικά προϊόντα δεν έχουν έναυσμα λήψης. Όταν είναι ενεργοποιημένο, η αποστολή του email επιβεβαίωσης παραίτησης μετρά ως έναρξη εκτέλεσης για είδη αποκλειστικά εικονικά (όριο I-6)."
"Confirmation Email Identity","Ταυτότητα αποστολέα email επιβεβαίωσης"
"Per-Locale Waiver Text Overrides","Υπερκαλύψεις κειμένου συναίνεσης ανά γλώσσα"
"English (en_US)","Αγγλικά (en_US)"
"Consent Text","Κείμενο συναίνεσης"
"Right-Loss Acknowledgment Text","Κείμενο αναγνώρισης απώλειας δικαιώματος"
"German (de_DE)","Γερμανικά (de_DE)"
"Finnish (fi_FI)","Φινλανδικά (fi_FI)"
"Dutch (nl_NL)","Ολλανδικά (nl_NL)"
"French (fr_FR)","Γαλλικά (fr_FR)"
"Italian (it_IT)","Ιταλικά (it_IT)"
"Spanish (es_ES)","Ισπανικά (es_ES)"
"Polish (pl_PL)","Πολωνικά (pl_PL)"
"Portuguese (pt_PT)","Πορτογαλικά (pt_PT)"
"Danish (da_DK)","Δανικά (da_DK)"
"Swedish (sv_SE)","Σουηδικά (sv_SE)"
"German — Austria (de_AT)","Γερμανικά — Αυστρία (de_AT)"
"Swedish — Finland (sv_FI)","Σουηδικά — Φινλανδία (sv_FI)"
"Dutch — Belgium (nl_BE)","Ολλανδικά — Βέλγιο (nl_BE)"
"French — Belgium (fr_BE)","Γαλλικά — Βέλγιο (fr_BE)"
"German — Belgium (de_BE)","Γερμανικά — Βέλγιο (de_BE)"
"French — Luxembourg (fr_LU)","Γαλλικά — Λουξεμβούργο (fr_LU)"
"Pre-Contract Information (Art. 6(1)(h))","Προσυμβατικές πληροφορίες (Άρθρο 6(1)(η))"
"Enable Pre-Contract Disclosure","Ενεργοποίηση προσυμβατικής ενημέρωσης"
"Master kill-switch. Disabled = block does not render and no display events are recorded. Disabling exposes the merchant to Art. 10 (12 month + 14 day extended withdrawal period). Default: enabled.","Κύριος διακόπτης απενεργοποίησης. Απενεργοποιημένο = το μπλοκ δεν εμφανίζεται και δεν καταγράφονται συμβάντα προβολής. Η απενεργοποίηση εκθέτει τον έμπορο στο Άρθρο 10 (παρατεταμένη προθεσμία υπαναχώρησης 12 μηνών + 14 ημερών). Προεπιλογή: ενεργοποιημένο."
"Withdrawal Period (Days)","Προθεσμία υπαναχώρησης (ημέρες)"
"Default 14 days per Art. 9(2). Extension allowed (e.g. 30, 100). Reduction below 14 is illegal — the field validates >=14 only when the module is enabled.","Προεπιλογή 14 ημέρες κατά το Άρθρο 9(2). Επιτρέπεται παράταση (π.χ. 30, 100). Η μείωση κάτω από 14 είναι παράνομη — το πεδίο επικυρώνει >=14 μόνο όταν η επέκταση είναι ενεργοποιημένη."
"Return Address","Διεύθυνση επιστροφής"
"Where consumers send goods back. Leave empty to fall back to the store address from Stores → Configuration → General → General → Store Information.","Πού επιστρέφουν τα αγαθά οι καταναλωτές. Αφήστε κενό για να χρησιμοποιηθεί η διεύθυνση από το Καταστήματα → Διαμόρφωση → Γενικά → Γενικά → Πληροφορίες καταστήματος."
"Display In Checkout","Εμφάνιση στην ολοκλήρωση παραγγελίας"
"Annex I Overrides Per Locale","Υπερκαλύψεις Παραρτήματος I ανά γλώσσα"
"Bulgarian (bg_BG)","Βουλγαρικά (bg_BG)"
"Czech (cs_CZ)","Τσεχικά (cs_CZ)"
"Greek (el_GR)","Ελληνικά (el_GR)"
"Estonian (et_EE)","Εσθονικά (et_EE)"
"Croatian (hr_HR)","Κροατικά (hr_HR)"
"Hungarian (hu_HU)","Ουγγρικά (hu_HU)"
"Lithuanian (lt_LT)","Λιθουανικά (lt_LT)"
"Latvian (lv_LV)","Λετονικά (lv_LV)"
"Romanian (ro_RO)","Ρουμανικά (ro_RO)"
"Slovak (sk_SK)","Σλοβακικά (sk_SK)"
"Slovenian (sl_SI)","Σλοβενικά (sl_SI)"
"Frontend","Front-end"
"Buttons","Κουμπιά"
"Step 1 Button Label","Ετικέτα κουμπιού βήματος 1"
"<strong>⚠ Legal warning.</strong> Art. 11a(2) CRD requires the literal text ""withdraw from contract here"" <em>or a corresponding unambiguous formulation</em>. The default value (""Withdraw from contract here"") is the Directive's verbatim phrase. Per-locale translations are counsel-signed. <strong>Do not override unless you have received written advice from qualified consumer-law counsel in the target jurisdiction.</strong> Every override is recorded in the audit log.","<strong>⚠ Νομική προειδοποίηση (κενό #4).</strong> Το Άρθρο 11α(2) της Οδηγίας 2011/83/ΕΕ απαιτεί το κατά λέξη κείμενο ""υπαναχωρήστε από τη σύμβαση εδώ"" <em>ή αντίστοιχη ξεκάθαρη διατύπωση</em>. Η προεπιλεγμένη τιμή (""Υπαναχώρηση από τη σύμβαση εδώ"") είναι η κατά λέξη φράση της Οδηγίας· οι μεταφράσεις ανά γλώσσα παρέχονται στο <code>i18n/*.csv</code> και αποτελούν τη διατύπωση που έχει υπογραφεί από νομικούς συμβούλους και έχει κλειδωθεί στην ετικέτα <code>legal.button-labels.v1</code>. <strong>Μην υπερκαλύψετε εκτός εάν έχετε λάβει γραπτή συμβουλή από εξειδικευμένο νομικό σύμβουλο καταναλωτικού δικαίου στη δικαιοδοσία-στόχο.</strong> Κάθε υπερκάλυψη καταγράφεται στο μητρώο ελέγχου."
"Step 2 Button Label (Confirmation)","Ετικέτα κουμπιού βήματος 2 (επιβεβαίωση)"
"<strong>⚠ Legal warning.</strong> This is the label on the final confirmation button. Default (""Confirm withdrawal"") is counsel-signed. Per-locale translations are counsel-signed. Override only with written legal advice; overrides are audit-logged.","<strong>⚠ Νομική προειδοποίηση (κενό #4).</strong> Αυτή είναι η ετικέτα στο τελικό κουμπί επιβεβαίωσης. Η προεπιλογή (""Επιβεβαίωση υπαναχώρησης"") είναι υπογεγραμμένη από νομικούς συμβούλους· μεταφράσεις ανά γλώσσα στο <code>i18n/*.csv</code>. Υπερκαλύψτε μόνο με γραπτή νομική συμβουλή· οι υπερκαλύψεις καταγράφονται στο μητρώο ελέγχου."
"Placements","Τοποθετήσεις"
"Show Footer Link","Εμφάνιση συνδέσμου υποσέλιδου"
"Show in My Account","Εμφάνιση στον Λογαριασμό μου"
"Return Reasons","Λόγοι επιστροφής"
"Reasons","Λόγοι"
"List of reasons offered to the customer in the per-item dropdown. <strong>Code</strong> is the machine value (lowercase, snake_case, max 32 chars); <strong>Label</strong> is the visible text. Empty grid hides the dropdown entirely.","Λίστα λόγων που προσφέρονται στον πελάτη στην αναπτυσσόμενη λίστα κάθε είδους. Ο <strong>Κωδικός</strong> είναι η μηχανική τιμή που αποθηκεύεται στη βάση δεδομένων (πεζά, snake_case, μέγ. 32 χαρακτήρες)· η <strong>Ετικέτα</strong> είναι το ορατό κείμενο. Άδειο πλέγμα αποκρύπτει εντελώς την αναπτυσσόμενη λίστα."
"Enable ""Other"" with Free Text","Ενεργοποίηση ""Άλλο"" με ελεύθερο κείμενο"
"When enabled, an ""Other"" option appears in the dropdown that reveals a free-text field (max 500 chars).","Όταν ενεργοποιηθεί, εμφανίζεται μια επιλογή ""Άλλο"" στην αναπτυσσόμενη λίστα που αποκαλύπτει ένα πεδίο ελεύθερου κειμένου (μέγ. 500 χαρακτήρες)."
"Review Step","Βήμα αναθεώρησης"
"Return Shipping Notice","Γνωστοποίηση αποστολής επιστροφής"
"Text shown on the Review & Confirm step (step 3). Example: ""You'll receive a prepaid shipping label in the confirmation email."" or ""Return shipping costs are paid by the customer."" Leave blank to hide the row.","Κείμενο που εμφανίζεται στο βήμα Επανεξέταση & Επιβεβαίωση (βήμα 3). Παράδειγμα: ""Θα λάβετε προπληρωμένη ετικέτα αποστολής στο email επιβεβαίωσης."" ή ""Τα έξοδα αποστολής επιστροφής βαρύνουν τον πελάτη."" Αφήστε κενό για απόκρυψη της γραμμής."
"Return Policy URL","URL πολιτικής επιστροφών"
"Optional link rendered next to the shipping notice (""View return policy""). Accepts absolute URLs or relative paths like ""return-policy"".","Προαιρετικός σύνδεσμος που εμφανίζεται δίπλα στη γνωστοποίηση αποστολής (""Προβολή πολιτικής επιστροφών""). Αποδέχεται απόλυτα URL ή σχετικές διαδρομές όπως ""return-policy""."
"Customer Notifications","Ειδοποιήσεις πελατών"
"All customer-facing emails sent by the module. Each email can be enabled/disabled, assigned a custom template (Marketing → Email Templates), and BCC'd to a merchant address. The shared <em>Branding</em> subgroup at the bottom controls the layout (USP strip, social links) used by every email below.","Όλα τα email προς τους πελάτες που αποστέλλει η επέκταση. Κάθε email μπορεί να ενεργοποιηθεί/απενεργοποιηθεί, να αντιστοιχιστεί σε προσαρμοσμένο πρότυπο (Marketing → Email Templates) και να αποστέλλεται σε διεύθυνση εμπόρου με κρυφή κοινοποίηση. Η κοινή υποομάδα <em>Επωνυμία</em> στο κάτω μέρος ελέγχει τη διάταξη (λωρίδα USP, σύνδεσμοι κοινωνικών δικτύων) που χρησιμοποιείται από όλα τα παρακάτω email."
"1. Submission Confirmation Email","1. Email επιβεβαίωσης υποβολής"
"Enabled","Ενεργοποιημένο"
"Email Template","Πρότυπο email"
"BCC Merchant","Κρυφή κοινοποίηση στον έμπορο"
"Comma-separated. Leave blank to disable.","Διαχωρισμένο με κόμματα. Αφήστε κενό για απενεργοποίηση."
"2. Approval Email","2. Email έγκρισης"
"3. Denial Email","3. Email απόρριψης"
"4. Cancellation Email (Admin-Initiated)","4. Email ακύρωσης (από διαχειριστή)"
"5. Cancellation Email (Customer Self-Cancel)","5. Email ακύρωσης (από τον πελάτη)"
"6. Receipt Email (Durable Medium — Art. 11a(4))","6. Email απόδειξης (σταθερό μέσο — Άρθρο 11α(4))"
"Legally required durable-medium confirmation. Cannot be fully disabled (Art. 11a(4) Directive 2011/83/EU). Disabling here only stops the sender — the receipt is still generated and stored.","Νομικά απαιτούμενη επιβεβαίωση σε σταθερό μέσο. Δεν μπορεί να απενεργοποιηθεί πλήρως (Άρθρο 11α(4) Οδηγία 2011/83/ΕΕ). Η απενεργοποίηση εδώ διακόπτει μόνο την αποστολή — η απόδειξη εξακολουθεί να δημιουργείται και να αποθηκεύεται."
"Send Email","Αποστολή email"
"Comma-separated.","Διαχωρισμένο με κόμματα."
"Delivery Retry Attempts","Προσπάθειες επανάληψης παράδοσης"
"Number of delivery attempts before a receipt is flagged as undelivered.","Number of delivery attempts before a receipt is flagged as undelivered."
"DLQ Alert Recipient","Παραλήπτης ειδοποιήσεων DLQ"
"Notified when a receipt fails permanently. Falls back to Store Email Addresses → General Contact.","Ειδοποιείται όταν μια απόδειξη αποτυγχάνει οριστικά. Επιστρέφει στις διευθύνσεις email καταστήματος → Γενική επικοινωνία."
"7. Digital Waiver Confirmation Email (Art. 11a(4))","7. Email επιβεβαίωσης ψηφιακής συναίνεσης (Άρθρο 11α(4))"
"Durable-medium copy of the customer's Art. 16(m) waiver, sent immediately after checkout when a digital item is in cart. Required by Art. 11a(4) Directive 2011/83/EU — keeps a tamper-evident record of the legal text the customer accepted.","Αντίγραφο σε σταθερό μέσο της παραίτησης του πελάτη βάσει του Άρθρου 16(μ), αποστέλλεται αμέσως μετά την ολοκλήρωση παραγγελίας όταν υπάρχει ψηφιακό είδος στο καλάθι. Απαιτείται από το Άρθρο 11α(4) Οδηγία 2011/83/ΕΕ — διατηρεί ανθεκτική στην παραποίηση καταγραφή του νομικού κειμένου που αποδέχθηκε ο πελάτης, καθώς και το SHA-256 hash για επαλήθευση αλυσίδας hash."
"Comma-separated. Receives a copy of every confirmation for audit purposes.","Διαχωρισμένο με κόμματα. Λαμβάνει αντίγραφο κάθε επιβεβαίωσης για σκοπούς ελέγχου."
"Branding (Shared by All Emails Above)","Επωνυμία (κοινή για όλα τα παραπάνω email)"
"Optional decoration of the customer-facing emails. Empty fields hide their respective rows. Brand wordmark, logo, support email, and store address are read from the standard Magento configuration tree (Stores → Configuration → General + Design → Transactional Emails).","Προαιρετική διακόσμηση των email προς πελάτες. Τα κενά πεδία αποκρύπτουν τις αντίστοιχες γραμμές. Το λεκτικό σήμα της επωνυμίας, το λογότυπο, το email υποστήριξης και η διεύθυνση καταστήματος διαβάζονται από το τυπικό δέντρο διαμόρφωσης του Magento (Stores → Configuration → General + Design → Transactional Emails)."
"USP Strip — Item 1","Λωρίδα USP — στοιχείο 1"
"Icon","Εικονίδιο"
"Title","Τίτλος"
"Subtitle","Υπότιτλος"
"USP Strip — Item 2","Λωρίδα USP — στοιχείο 2"
"USP Strip — Item 3","Λωρίδα USP — στοιχείο 3"
"Social Links","Σύνδεσμοι κοινωνικών δικτύων"
"Instagram URL","URL Instagram"
"X / Twitter URL","URL X / Twitter"
"Facebook URL","URL Facebook"
"YouTube URL","URL YouTube"
"Privacy & Retention","Απόρρητο και διατήρηση"
"Two-stage GDPR data lifecycle for the <code>mm_eu_withdrawal_request</code> table. Withdrawal requests carry both <em>personally identifiable</em> data (customer name, email, IP, user agent, admin notes, denial reasons) and a content hash that is the Art. 11a(4) <em>durable-medium</em> legal proof. The two have different mandatory retention periods, so we store them on the same row and age them out separately.","Κύκλος ζωής δεδομένων GDPR δύο σταδίων για τον πίνακα <code>mm_eu_withdrawal_request</code>. Τα αιτήματα υπαναχώρησης περιέχουν τόσο <em>προσωπικά αναγνωρίσιμα</em> δεδομένα (όνομα πελάτη, email, IP, user agent, σημειώσεις διαχειριστή, λόγους απόρριψης) όσο και ένα hash περιεχομένου που αποτελεί τη νομική απόδειξη <em>σταθερού μέσου</em> του Άρθρου 11α(4). Τα δύο έχουν διαφορετικές υποχρεωτικές περιόδους διατήρησης, οπότε τα αποθηκεύουμε στην ίδια γραμμή και τα διαγράφουμε ξεχωριστά."
"PII Retention (days)","Διατήρηση PII (ημέρες)"
"How long the <strong>personally identifiable columns</strong> stay on a row before the daily cron <strong>nullifies</strong> them: <code>customer_name</code>, <code>customer_email</code>, <code>customer_ip</code>, <code>user_agent</code>, <code>denial_reason</code>, <code>admin_note</code>. The row itself stays — only PII is wiped. Counted from the row's <code>created_at</code>.<br/><br/>
                        <strong>Default: 730 days (2 years).</strong> This is the floor — GDPR Art. 5(1)(e) (""storage limitation"") balanced against the statute of limitations for consumer-rights claims in most EU member states (1–2 years). Range: 730–3650 days.","Πόσο καιρό παραμένουν οι <strong>προσωπικά αναγνωρίσιμες στήλες</strong> σε μια γραμμή πριν το ημερήσιο cron τις <strong>μηδενίσει</strong>: <code>customer_name</code>, <code>customer_email</code>, <code>customer_ip</code>, <code>user_agent</code>, <code>denial_reason</code>, <code>admin_note</code>. Η ίδια η γραμμή παραμένει — διαγράφονται μόνο τα PII. Μετρά από το <code>created_at</code> της γραμμής.<br/><br/>
                        <strong>Προεπιλογή: 730 ημέρες (2 έτη).</strong> Αυτό είναι το ελάχιστο — Άρθρο 5(1)(ε) ΓΚΠΔ (""περιορισμός αποθήκευσης"") σε ισορροπία με τις προθεσμίες παραγραφής αξιώσεων καταναλωτικών δικαιωμάτων στα περισσότερα κράτη μέλη της ΕΕ (1–2 έτη). Εύρος: 730–3650 ημέρες."
"Hash Retention (days)","Διατήρηση hash (ημέρες)"
"How long the <strong>content hash</strong> (Art. 11a(4) durable-medium proof) stays. After PII has been wiped above, the row keeps only the SHA-256 hash + receipt timestamps until this period expires; then the cron <strong>deletes the whole row</strong>.<br/><br/>
                        <strong>Default: 2190 days (6 years).</strong> Matches the longest commercial-records retention obligation in EU member states (typically 6 years for accounting / VAT). Must be ≥ PII Retention. Range: 2190–3650 days.","Πόσο καιρό παραμένει το <strong>hash περιεχομένου</strong> (απόδειξη σταθερού μέσου του Άρθρου 11α(4)). Μετά τη διαγραφή των PII παραπάνω, η γραμμή διατηρεί μόνο το SHA-256 hash και τις χρονοσημάνσεις απόδειξης μέχρι τη λήξη αυτής της περιόδου· τότε το cron <strong>διαγράφει ολόκληρη τη γραμμή</strong>.<br/><br/>
                        <strong>Προεπιλογή: 2190 ημέρες (6 έτη).</strong> Αντιστοιχεί στη μεγαλύτερη υποχρέωση διατήρησης εμπορικών αρχείων σε κράτη μέλη της ΕΕ (συνήθως 6 έτη για λογιστική / ΦΠΑ). Πρέπει να είναι ≥ Διατήρηση PII. Εύρος: 2190–3650 ημέρες."
"Append-only audit log of all withdrawal lifecycle events (GDPR Art. 5(2) accountability).
                    Personal data (IP, user agent, customer actor ID) is automatically nullified after the retention period.
                    The audit rows themselves are never deleted — only anonymised.","Μητρώο ελέγχου μόνο προσθήκης για όλα τα συμβάντα κύκλου ζωής υπαναχώρησης (λογοδοσία Άρθρο 5(2) ΓΚΠΔ).
                    Τα προσωπικά δεδομένα (IP, user agent, αναγνωριστικό δράστη πελάτη) μηδενίζονται αυτόματα μετά την περίοδο διατήρησης.
                    Οι ίδιες οι γραμμές μητρώου δεν διαγράφονται ποτέ — μόνο ανωνυμοποιούνται."
"Order #","Παραγγελία #"
"Contract","Σύμβαση"
"Submitter","Υποβάλλων"
"Withdrawal submitted","Η υπαναχώρηση υποβλήθηκε"
"Right of Withdrawal — Required Information","Δικαίωμα υπαναχώρησης — Απαιτούμενες πληροφορίες"
"Before placing your order, please review the conditions, time limit, and procedures for exercising your 14-day right of withdrawal. This information forms part of your contract.","Πριν υποβάλετε την παραγγελία σας, παρακαλούμε ανατρέξτε στους όρους, την προθεσμία και τις διαδικασίες άσκησης του 14ήμερου δικαιώματος υπαναχώρησης. Αυτές οι πληροφορίες αποτελούν μέρος της σύμβασής σας."
"Conditions, Time Limit and Procedures for Withdrawal","Όροι, προθεσμία και διαδικασίες υπαναχώρησης"
"Start Online Return","Έναρξη επιστροφής online"
"Download Model Withdrawal Form (Annex I(B))","Λήψη υποδείγματος εντύπου υπαναχώρησης (Παράρτημα I(Β))"
"Withdrawal Information v%1 — Issued %2","Πληροφορίες υπαναχώρησης v%1 — έκδοση %2"
"You'll receive a prepaid shipping label in the confirmation email.","Θα λάβετε προπληρωμένη ετικέτα αποστολής στο email επιβεβαίωσης."
"← Back to order search","← Επιστροφή στην αναζήτηση παραγγελίας"
"← Back to items","← Επιστροφή στα αντικείμενα"
"Find order","Βρείτε παραγγελία"
"Enter your order number and email","Εισαγάγετε αριθμό παραγγελίας και email"
"Select items","Επιλογή αντικειμένων"
"Choose items to return (partial withdrawal)","Επιλέξτε αντικείμενα προς επιστροφή (μερική υπαναχώρηση)"
"Review & confirm","Επανεξέταση & επιβεβαίωση"
"Review your return details and confirm","Ελέγξτε τα στοιχεία επιστροφής και επιβεβαιώστε"
"Request submitted","Το αίτημα υποβλήθηκε"
"We'll confirm your request by email","Θα επιβεβαιώσουμε το αίτημά σας μέσω email"
"I expressly consent to begin performance of the digital content before the withdrawal period expires.","Συναινώ ρητώς στην έναρξη της εκτέλεσης του ψηφιακού περιεχομένου πριν από τη λήξη της προθεσμίας υπαναχώρησης."
"I acknowledge that by giving this consent I lose my right of withdrawal once performance has begun (Art. 16(m) CRD).","Αναγνωρίζω ότι με την παροχή αυτής της συναίνεσης χάνω το δικαίωμα υπαναχώρησης μόλις αρχίσει η εκτέλεση (άρθρο 16 στοιχείο μ) Οδηγίας 2011/83/ΕΕ)."
"Withdrawals","Υπαναχωρήσεις"
"Minimum %1 characters required.","Απαιτούνται τουλάχιστον %1 χαρακτήρες."
"Failed to add note.","Αποτυχία προσθήκης σημείωσης."
"Network error while adding note.","Σφάλμα δικτύου κατά την προσθήκη σημείωσης."
"Exported Evidence","Εξαγωγή αποδεικτικών στοιχείων"
"Pending Confirm","Εκκρεμεί επιβεβαίωση"
"Sent","Απεστάλη"
"Failed Permanent","Μόνιμη αποτυχία"
"Failed Retry","Αποτυχία με επανάληψη"
"Eligible","Επιλέξιμο"
"Excluded","Εξαιρούμενο"
"Action","Ενέργεια"
"From","Από"
"To","Προς"
"Admin Id","ID διαχειριστή"
"Order Id","ID παραγγελίας"
"Request Id","ID αιτήματος"
"Item Count","Πλήθος ειδών"
"Rules Fired","Ενεργοποιημένοι κανόνες"
"Topic","Θέμα"
"Message Id","ID μηνύματος"
"Email To Hash","Hash e-mail"
"Attempts","Προσπάθειες"
"Viewed At","Προβολή στις"
"Referrer Host","Παραπέμπων κεντρικός υπολογιστής"
"Enable \Other\"" with Free Text""","Ενεργοποίηση \Άλλο\"" με ελεύθερο κείμενο"""
"Optional legal template — not required to use; you can also exercise the right of withdrawal by any unequivocal statement.","Προαιρετικό νομικό πρότυπο — η χρήση του δεν είναι υποχρεωτική· μπορείτε επίσης να ασκήσετε το δικαίωμα υπαναχώρησης με οποιαδήποτε σαφή δήλωση."
"Right of withdrawal","Δικαίωμα υπαναχώρησης"
"You have 14 days from the day you receive your order to withdraw without giving any reason — full refund to your original payment method.","Έχετε 14 ημέρες από την ημέρα παραλαβής της παραγγελίας σας για να υπαναχωρήσετε χωρίς να αναφέρετε κανέναν λόγο — πλήρης επιστροφή χρημάτων στην αρχική σας μέθοδο πληρωμής."
"Some items may be excluded by law (perishable goods, custom-made items, sealed hygiene or audio/video products). We'll show you exactly what's eligible on the next page.","Ορισμένα είδη ενδέχεται να εξαιρούνται από τον νόμο (αλλοιώσιμα αγαθά, είδη κατά παραγγελία, σφραγισμένα είδη υγιεινής ή ήχου/βίντεο). Θα σας δείξουμε ακριβώς τι είναι επιλέξιμο στην επόμενη σελίδα."
"Direct link — no login or account password required.","Απευθείας σύνδεσμος — δεν απαιτείται σύνδεση ή κωδικός λογαριασμού."
"Art. 16(m) CRD exclusion — digital content where the customer has (1) given express prior consent to begin performance and (2) acknowledged that they lose the withdrawal right. Two switches: the <em>Detection</em> subgroup decides what counts as digital (master switch), the <em>Checkout step + Email</em> subgroup renders the 2-checkbox waiver UX and dispatches the confirmation email. Both must be ON for the feature to work end-to-end. Use this only for <strong>one-time digital purchases</strong> (ebooks, software installers, music files, games). Do <strong>not</strong> enable it for ongoing digital <strong>subscriptions or services</strong> (SaaS, streaming, hosted software) — EU case law (CJEU Sky, C-641/19) requires a different consent flow for those.","Art. 16(m) CRD exclusion — digital content where the customer has (1) given express prior consent to begin performance and (2) acknowledged that they lose the withdrawal right. Two switches: the <em>Detection</em> subgroup decides what counts as digital (master switch), the <em>Checkout step + Email</em> subgroup renders the 2-checkbox waiver UX and dispatches the confirmation email. Both must be ON for the feature to work end-to-end. Use this only for <strong>one-time digital purchases</strong> (ebooks, software installers, music files, games). Do <strong>not</strong> enable it for ongoing digital <strong>subscriptions or services</strong> (SaaS, streaming, hosted software) — EU case law (CJEU Sky, C-641/19) requires a different consent flow for those."
"Customer-facing UX for the withdrawal flow. Subgroups: <em>Buttons</em> (legal-critical labels), <em>Placements</em> (where to surface the link), <em>Return Reasons</em> (per-item dropdown), <em>Review Step</em> (content on step 3 of the flow).","UX προς τον πελάτη για τη ροή υπαναχώρησης. Υποομάδες: <em>Κουμπιά</em> (νομικά κρίσιμες ετικέτες), <em>Τοποθετήσεις</em> (πού εμφανίζεται ο σύνδεσμος), <em>Λόγοι επιστροφής</em> (αναπτυσσόμενο ανά είδος), <em>Βήμα επισκόπησης</em> (περιεχόμενο στο 3ο βήμα της ροής)."
"Disable only if you deliver the durable-medium confirmation through a different channel.","Απενεργοποιήστε μόνο εάν παραδίδετε την επιβεβαίωση σε σταθερό μέσο μέσω άλλου καναλιού."
"Disable only if you deliver the receipt through a different durable medium (postal mail, customer account download, etc.).","Απενεργοποιήστε μόνο εάν παραδίδετε την απόδειξη μέσω άλλου σταθερού μέσου (ταχυδρομείο, λήψη από τον λογαριασμό πελάτη κ.λπ.)."
"Empty fields fall through to the locale baseline. Any override value becomes part of the SHA-256 hash stored per consent event — changing a field after customers have consented does <strong>not</strong> retroactively invalidate prior consents.","Τα κενά πεδία επανέρχονται στη βασική γραμμή του the locale baseline για τη γλώσσα/δικαιοδοσία. Οποιαδήποτε υπερισχύουσα τιμή ενσωματώνεται στο hash SHA-256 που αποθηκεύεται ανά γεγονός συναίνεσης — η αλλαγή ενός πεδίου αφού οι πελάτες έχουν ήδη συναινέσει <strong>δεν</strong> ακυρώνει αναδρομικά προηγούμενες συναινέσεις."
"Mandatory pre-contractual disclosure of the right of withdrawal. Displayed on the checkout payment step. Each display is logged forensically (Art. 10 defence). Snapshot of the rendered text is stored immutably (Art. 6(5)). <strong>Counsel review recommended before customising any Annex I text.</strong>","Υποχρεωτική προσυμβατική ενημέρωση για το δικαίωμα υπαναχώρησης. Εμφανίζεται στο βήμα πληρωμής της ολοκλήρωσης παραγγελίας. Κάθε εμφάνιση καταγράφεται με δικανικό τρόπο (υπεράσπιση κατά Άρθρο 10). Στιγμιότυπο του αποδιδόμενου κειμένου αποθηκεύεται αμετάβλητα (Άρθρο 6(5)). <strong>Συνιστάται νομική αξιολόγηση πριν από οποιαδήποτε προσαρμογή του κειμένου του Παραρτήματος I.</strong>"
"Off = block hidden but display events still recorded server-side via predispatch fallback. Use only for sandbox testing. Default: on.","Off = το μπλοκ είναι κρυφό αλλά τα γεγονότα εμφάνισης καταγράφονται στον διακομιστή μέσω predispatch fallback. Χρησιμοποιήστε μόνο για δοκιμές sandbox. Προεπιλογή: on."
"Optional URLs rendered as round monogram badges in the email footer. Leave blank to hide.","Προαιρετικές διευθύνσεις URL που αποδίδονται ως στρογγυλά σήματα μονογράμματος στο υποσέλιδο του email. Αφήστε κενό για απόκρυψη."
"Sent when a customer cancels their own pending withdrawal.","Αποστέλλεται όταν ο πελάτης ακυρώνει τη δική του εκκρεμή υπαναχώρηση."
"Sent when a customer completes the withdrawal form.","Αποστέλλεται όταν ο πελάτης συμπληρώσει τη φόρμα υπαναχώρησης."
"Sent when an admin approves a withdrawal request.","Αποστέλλεται όταν διαχειριστής εγκρίνει αίτημα υπαναχώρησης."
"Sent when an admin cancels a withdrawal request on the customer's behalf.","Αποστέλλεται όταν διαχειριστής ακυρώνει αίτημα υπαναχώρησης για λογαριασμό του πελάτη."
"Sent when an admin denies a withdrawal request.","Αποστέλλεται όταν διαχειριστής απορρίψει αίτημα υπαναχώρησης."
"These presets exclude specific product categories from the 14-day withdrawal right, per Art. 16 CRD. Each rule is OFF by default — enable only after confirming the corresponding product attribute is set correctly on your catalog.","Αυτές οι προεπιλογές εξαιρούν συγκεκριμένες κατηγορίες προϊόντων από το 14ήμερο δικαίωμα υπαναχώρησης, σύμφωνα με το Άρθρο 16 της Οδηγίας 2011/83/ΕΕ. Κάθε κανόνας είναι από προεπιλογή ΑΠΕΝΕΡΓΟΠΟΙΗΜΕΝΟΣ — ενεργοποιήστε τον μόνο αφού επιβεβαιώσετε ότι το αντίστοιχο χαρακτηριστικό προϊόντος είναι σωστά ρυθμισμένο στον κατάλογό σας."
"e.g. ""EU orders above €50""","π.χ. «Παραγγελίες ΕΕ άνω των 50 €»"
"e.g. ""Free delivery""","π.χ. «Δωρεάν παράδοση»"
"Qty: ","Ποσ.: "
"Submission failed. Please try again.","Η υποβολή απέτυχε. Παρακαλώ δοκιμάστε ξανά."
"Network error. Please try again.","Σφάλμα δικτύου. Παρακαλώ δοκιμάστε ξανά."
"Invalid server response.","Μη έγκυρη απόκριση διακομιστή."
"Admin Notifications","Ειδοποιήσεις διαχειριστή"
"Internal alerts to your team. Independent of the per-email <em>BCC Merchant</em> checkboxes under <em>Customer Notifications</em> below — if you enable both, you will receive two emails per request.","Εσωτερικές ειδοποιήσεις προς την ομάδα σας. Ανεξάρτητες από τα κουτάκια <em>BCC στον έμπορο</em> στις <em>Ειδοποιήσεις πελατών</em> παρακάτω — αν ενεργοποιήσετε και τα δύο, θα λαμβάνετε δύο email ανά αίτημα."
"1. New Request Alert","1. Ειδοποίηση νέου αιτήματος"
"Sent the moment a customer completes the two-step withdrawal flow.","Αποστέλλεται τη στιγμή που ένας πελάτης ολοκληρώνει τη ροή υπαναχώρησης δύο βημάτων."
"Recipient Email(s)","Email παραλήπτη"
"BCC","Κρυφή κοινοποίηση"
"New Withdrawal Request","Νέο αίτημα υπαναχώρησης"
"A new withdrawal request was just submitted.","Μόλις υποβλήθηκε νέο αίτημα υπαναχώρησης."
"Request:","Αίτημα:"
"Order:","Παραγγελία:"
"Customer:","Πελάτης:"
"Refund Total:","Συνολική επιστροφή:"
"[Withdrawal] New request %request_increment_id · Order #%order_increment_id · %refund_total","[Υπαναχώρηση] Νέο αίτημα %request_increment_id · Παραγγελία #%order_increment_id · %refund_total"
"Anonymised","Ανωνυμοποιημένο"
"Audit","Έλεγχος"
"Cancel Order","Ακύρωση παραγγελίας"
"Confirmation Email (Art. 11a(4))","Email επιβεβαίωσης (Άρθρο 11α(4))"
"Detection (Art. 16(m))","Ανίχνευση (Άρθρο 16(μ))"
"Digital Waiver (Art. 16(m))","Παραίτηση για ψηφιακό περιεχόμενο (Άρθρο 16(μ))"
"Email Identity","Ταυτότητα αποστολέα"
"ID","Αναγν."
"Integrity hash","Κατακερματισμός ακεραιότητας"
"Pre-Contract Proof","Προσυμβατική απόδειξη"
"Verify this receipt","Επαλήθευση αυτής της απόδειξης"
"Withdrawal Window","Παράθυρο υπαναχώρησης"
"This SHA-256 hash uniquely identifies your withdrawal record. Verify it at any time using the button above.","Αυτό το hash SHA-256 ταυτοποιεί μοναδικά την εγγραφή υπαναχώρησής σας. Μπορείτε να το επαληθεύσετε ανά πάσα στιγμή με το παραπάνω κουμπί."
"Digital content waiver confirmation — Order %increment_id","Επιβεβαίωση παραίτησης για ψηφιακό περιεχόμενο — Παραγγελία %increment_id"
"Comma-separated. Each recipient receives a separate email rendered in their own admin locale (looked up via the admin user's interface_locale; fallback to general/locale/code). Invalid addresses dropped silently.","Διαχωρισμένα με κόμμα. Κάθε παραλήπτης λαμβάνει ξεχωριστό email στη δική του γλώσσα διαχείρισης (μέσω του interface_locale του διαχειριστή· εφεδρικά — general/locale/code). Οι μη έγκυρες διευθύνσεις απορρίπτονται σιωπηρά."
"Art. 16(m) CRD digital-content detection. Determines what counts as digital content for eligibility purposes. The actual checkout-step waiver UI and email lives in the next section ""Digital Waiver"".","Ανίχνευση ψηφιακού περιεχομένου κατά το Άρθρο 16(μ) ΟΔΚΠ. Καθορίζει τι μετράται ως ψηφιακό περιεχόμενο για σκοπούς επιλεξιμότητας. Το πραγματικό UI παραίτησης κατά την ολοκλήρωση παραγγελίας και το email βρίσκονται στην επόμενη ενότητα „Παραίτηση για ψηφιακό περιεχόμενο“."
"Art. 16(m) CRD exclusion — digital content where the customer has (1) given express prior consent to begin performance and (2) acknowledged that they lose the withdrawal right. Two switches control this feature end-to-end: the <em>Detection</em> subgroup under <em>Eligibility Rules</em> decides what counts as digital (master switch); this section renders the 2-checkbox waiver UX at checkout and dispatches the Art. 11a(4) confirmation email. Both must be ON for the feature to work end-to-end. Per-locale text overrides below. Use this only for <strong>one-time digital purchases</strong> (ebooks, software installers, music files, games). Do <strong>not</strong> enable it for ongoing digital <strong>subscriptions or services</strong> (SaaS, streaming, hosted software) — EU case law (CJEU Sky, C-641/19) requires a different consent flow for those.","Εξαίρεση Άρθρου 16(μ) ΟΔΚΠ — ψηφιακό περιεχόμενο όπου ο πελάτης (1) έχει δώσει ρητή προηγούμενη συναίνεση για την έναρξη εκτέλεσης και (2) έχει αναγνωρίσει ότι χάνει το δικαίωμα υπαναχώρησης. Δύο διακόπτες ελέγχουν τη λειτουργία: η υποομάδα <em>Ανίχνευση</em> στους <em>Κανόνες επιλεξιμότητας</em> αποφασίζει τι είναι ψηφιακό (κύριος διακόπτης)· αυτή η ενότητα αποδίδει το UI με 2 πλαίσια ελέγχου στο checkout και στέλνει το email επιβεβαίωσης κατά το Άρθρο 11α(4). Και τα δύο πρέπει να είναι ΕΝΕΡΓΑ. Παρακάτω παρακάμψεις κειμένου ανά γλώσσα. Χρησιμοποιήστε το μόνο για <strong>εφάπαξ ψηφιακές αγορές</strong> (ebook, εγκαταστάτες λογισμικού, αρχεία μουσικής, παιχνίδια). <strong>Μην</strong> το ενεργοποιείτε για συνεχιζόμενες ψηφιακές <strong>συνδρομές ή υπηρεσίες</strong> (SaaS, streaming, φιλοξενούμενες) — η νομολογία της ΕΕ (CJEU Sky, C-641/19) απαιτεί διαφορετική ροή συναίνεσης."
"Defines <strong>when</strong> the 14-day withdrawal right starts running (the delivery trigger, Art. 9(2)(b)) and <strong>how long</strong> it lasts in days (Art. 9(2)). Together these control the period each order's withdrawal is open.","Καθορίζει <strong>πότε</strong> ξεκινά το 14ήμερο δικαίωμα υπαναχώρησης (έναυσμα παράδοσης, Άρθρο 9(2)(β)) και <strong>πόσο</strong> διαρκεί σε ημέρες (Άρθρο 9(2)). Μαζί ελέγχουν την περίοδο κατά την οποία η υπαναχώρηση κάθε παραγγελίας είναι ανοιχτή."
"Default 14 days per Art. 9(2). Extension allowed (e.g. 30, 100). Reduction below 14 is illegal — the field validates 14-3650 only.","Προεπιλογή 14 ημέρες σύμφωνα με το Άρθρο 9(2). Επιτρέπεται παράταση (π.χ. 30, 100). Μείωση κάτω από 14 είναι παράνομη — το πεδίο επικυρώνει μόνο 14-3650."
"When on, carts that contain a detected digital item render the 2-checkbox waiver step at checkout. Has no effect unless <em>Eligibility Rules → Detection → Enable Digital Content Detection</em> is also on.","Όταν είναι ενεργό, καλάθια που περιέχουν εντοπισμένο ψηφιακό προϊόν εμφανίζουν το βήμα παραίτησης με 2 πλαίσια ελέγχου κατά την ολοκλήρωση. Δεν έχει αποτέλεσμα εκτός αν είναι ενεργό και το <em>Κανόνες επιλεξιμότητας → Ανίχνευση → Ενεργοποίηση ανίχνευσης ψηφιακού περιεχομένου</em>."
"Optional. Comma-separated. Blind-copies the waiver-confirmation email to a merchant audit address. Leave blank to skip.","Προαιρετικό. Διαχωρισμένο με κόμμα. Στέλνει κρυφή κοινοποίηση του email επιβεβαίωσης παραίτησης σε διεύθυνση ελέγχου του εμπόρου. Αφήστε κενό για παράλειψη."
"<strong>⚠ Legal warning.</strong> Art. 11a(2) CRD requires the literal text ""withdraw from contract here"" <em>or a corresponding unambiguous formulation</em>. The default value (""Withdraw from contract here"") is the Directive's verbatim phrase; Per-locale translations are counsel-signed. <strong>Do not override unless you have received written advice from qualified consumer-law counsel in the target jurisdiction.</strong> Every override is recorded in the audit log.","<strong>⚠ Νομική προειδοποίηση.</strong> Το Άρθρο 11α(2) ΟΔΚΠ απαιτεί την κυριολεκτική φράση „υπαναχωρήστε από τη σύμβαση εδώ“ <em>ή αντίστοιχη σαφή διατύπωση</em>. Η προεπιλεγμένη τιμή („Υπαναχωρήστε από τη σύμβαση εδώ“) είναι η κατά λέξη φράση της Οδηγίας· Οι μεταφράσεις ανά γλώσσα έχουν υπογραφεί από νομικό. <strong>Μην παρακάμψετε, εκτός εάν έχετε λάβει γραπτή συμβουλή από έμπειρο δικηγόρο καταναλωτικού δικαίου στη συγκεκριμένη δικαιοδοσία.</strong> Κάθε παράκαμψη καταγράφεται στο αρχείο ελέγχου."
"<strong>⚠ Legal warning.</strong> This is the label on the final confirmation button. Default (""Confirm withdrawal"") is counsel-signed; Per-locale translations are counsel-signed. Override only with written legal advice; overrides are audit-logged.","<strong>⚠ Νομική προειδοποίηση.</strong> Αυτή είναι η ετικέτα του τελικού κουμπιού επιβεβαίωσης. Η προεπιλογή („Επιβεβαίωση υπαναχώρησης“) έχει υπογραφεί από νομικό· Οι μεταφράσεις ανά γλώσσα έχουν υπογραφεί από νομικό. Παρακάμψτε μόνο με γραπτή νομική συμβουλή· οι παρακάμψεις καταγράφονται στο αρχείο ελέγχου."
"Cancel the linked order? No payment has been captured, so there is nothing to refund — the order will be cancelled in Magento.","Ακύρωση της συνδεδεμένης παραγγελίας; Δεν έχει γίνει καμία πληρωμή, οπότε δεν υπάρχει τίποτα προς επιστροφή — η παραγγελία θα ακυρωθεί στο Magento."
"Two-stage GDPR data lifecycle. Withdrawal requests carry both <em>personally identifiable</em> data (customer name, email, IP, user agent, admin notes, denial reasons) and a content hash that is the Art. 11a(4) <em>durable-medium</em> legal proof. The two have different mandatory retention periods and are aged out separately.","Δύο σταδίων κύκλος ζωής δεδομένων κατά GDPR. Τα αιτήματα υπαναχώρησης φέρουν τόσο <em>προσωπικά αναγνωρίσιμα</em> δεδομένα (όνομα πελάτη, email, IP, user agent, σημειώσεις διαχειριστή, λόγους απόρριψης) όσο και ένα hash περιεχομένου, που είναι η νομική απόδειξη <em>μόνιμου μέσου</em> κατά το Άρθρο 11α(4). Έχουν διαφορετικές υποχρεωτικές περιόδους διατήρησης και απαλείφονται χωριστά."
"How long the <strong>personally identifiable fields</strong> (customer name, email, IP, user agent, denial reason, admin note) are kept before they are nullified by the daily privacy cron. The withdrawal record itself stays — only PII is wiped. Counted from the record's creation date.<br/><br/>
                        <strong>Default: 730 days (2 years).</strong> This is the floor — GDPR Art. 5(1)(e) (""storage limitation"") balanced against the statute of limitations for consumer-rights claims in most EU member states (1–2 years). Range: 730–3650 days.","Πόσο διατηρούνται τα <strong>προσωπικά αναγνωρίσιμα πεδία</strong> (όνομα πελάτη, email, IP, user agent, λόγος απόρριψης, σημείωση διαχειριστή) πριν μηδενιστούν από το καθημερινό cron απορρήτου. Η εγγραφή υπαναχώρησης παραμένει — διαγράφονται μόνο τα PII. Μετριέται από την ημερομηνία δημιουργίας της εγγραφής.<br/><br/>
                        <strong>Προεπιλογή: 730 ημέρες (2 έτη).</strong> Αυτό είναι το κατώτατο όριο — GDPR Άρθρο 5(1)(ε) („περιορισμός διατήρησης“) εξισορροπημένος με τις προθεσμίες παραγραφής για απαιτήσεις καταναλωτικών δικαιωμάτων στα περισσότερα κράτη-μέλη της ΕΕ (1–2 χρόνια). Εύρος: 730–3650 ημέρες."
"How long the <strong>content hash</strong> (Art. 11a(4) durable-medium proof) is retained. After PII has been wiped, the record keeps only the hash and receipt timestamps until this period expires; then the record is deleted entirely.<br/><br/>
                        <strong>Default: 2190 days (6 years).</strong> Matches the longest commercial-records retention obligation in EU member states (typically 6 years for accounting / VAT). Must be ≥ PII Retention. Range: 2190–3650 days.","Πόσο διατηρείται το <strong>hash περιεχομένου</strong> (απόδειξη Άρθρου 11α(4) σε μόνιμο μέσο). Αφού διαγραφεί το PII, η εγγραφή κρατά μόνο το hash και τις χρονικές σημάνσεις απόδειξης μέχρι να λήξει αυτή η περίοδος· κατόπιν διαγράφεται πλήρως.<br/><br/>
                        <strong>Προεπιλογή: 2190 ημέρες (6 έτη).</strong> Αντιστοιχεί στη μακρύτερη υποχρέωση διατήρησης εμπορικών αρχείων στα κράτη μέλη της ΕΕ (συνήθως 6 χρόνια για λογιστική / ΦΠΑ). Πρέπει να είναι ≥ Διατήρηση PII. Εύρος: 2190–3650 ημέρες."
"Append-only audit log of all withdrawal lifecycle events (GDPR Art. 5(2) accountability). Personal data (IP, user agent, customer actor ID) is automatically nullified after the retention period. The audit log itself stays — only PII is wiped.","Append-only αρχείο ελέγχου όλων των γεγονότων κύκλου ζωής υπαναχώρησης (λογοδοσία GDPR Άρθρο 5(2)). Τα προσωπικά δεδομένα (IP, user agent, ID πελάτη-δράστη) μηδενίζονται αυτόματα μετά την περίοδο διατήρησης. Το ίδιο το αρχείο ελέγχου παραμένει — διαγράφονται μόνο τα PII."
