"View Credit Memo","Ver abono"
"Issue Credit Memo","Emitir abono"
"Approve","Aprobar"
"Approve this withdrawal request?","¿Aprobar esta solicitud de desistimiento?"
"Deny","Denegar"
"Legal reason for denial (min 10 chars):","Motivo legal de la denegación (mín. 10 caracteres):"
"Cancel Request","Cancelar solicitud"
"Cancel this withdrawal? Add an optional note for the customer (visible in their cancellation email):","¿Cancelar este desistimiento? Añada una nota opcional para el cliente (visible en su correo de cancelación):"
"Resend Receipt","Reenviar recibo"
"Send the receipt email again? The customer will receive another copy.","¿Reenviar el correo de recibo? El cliente recibirá otra copia."
"Withdrawal Request #%1","Solicitud de desistimiento #%1"
"Request Details","Detalles de la solicitud"
"Information","Información"
"Reason for Denial","Motivo de la denegación"
"Customer Cancellation Note","Nota de cancelación del cliente"
"Cancellation Note","Nota de cancelación"
"Status-Change Note","Nota de cambio de estado"
"Code","Código"
"Label","Etiqueta"
"Add Reason","Añadir motivo"
"In progress","En curso"
"Refund issued","Reembolso emitido"
"Denied","Denegada"
"Cancelled","Cancelada"
"Pending","Pendiente"
"This is a transactional email about your order.","Este es un correo transaccional relativo a su pedido."
"Reason for denial","Motivo de la denegación"
"Your cancellation note","Su nota de cancelación"
"Note from our team","Nota de nuestro equipo"
"EU right of withdrawal","Derecho de desistimiento UE"
"Withdrawal right pending delivery","Derecho de desistimiento pendiente de entrega"
"Withdrawal window has ended","Plazo de desistimiento finalizado"
"Not eligible for withdrawal","No elegible para desistimiento"
"Withdrawal already requested","Solicitud de desistimiento ya enviada"
"You can withdraw from this contract any time — the 14-day deadline begins counting once the order is delivered.","Puede desistir de este contrato en cualquier momento — el plazo de 14 días empieza a contar una vez entregado el pedido."
"Your 14-day withdrawal window will begin once this order is delivered.","Su plazo de desistimiento de 14 días comenzará al entregar este pedido."
"The 14-day window for withdrawing from this contract has ended.","El plazo de 14 días para desistir de este contrato ha finalizado."
"This order is not eligible for withdrawal under EU consumer law (Art. 16 Directive 2011/83/EU).","Este pedido no es elegible para desistimiento conforme a la legislación de consumo de la UE (art. 16 Directiva 2011/83/UE)."
"A withdrawal request for this order has been submitted. See the request details below.","Se ha enviado una solicitud de desistimiento para este pedido. Consulte los detalles de la solicitud a continuación."
"This order contains a perishable item that cannot be returned (food with short shelf life, fresh flowers, etc.).","Este pedido contiene un artículo perecedero que no puede devolverse (alimentos de corta caducidad, flores frescas, etc.)."
"This order contains a custom-made or personalised item that cannot be returned.","Este pedido contiene un artículo confeccionado a medida o personalizado que no puede devolverse."
"This order contains a sealed hygiene item. You keep the right of withdrawal only while the seal stays intact — once unsealed after delivery, the right is lost.","Este pedido contiene un artículo de higiene precintado. Conserva el derecho de desistimiento solo mientras el precinto permanezca intacto — una vez abierto tras la entrega, el derecho se pierde."
"This order contains a sealed audio / video / software item. You keep the right of withdrawal only while the seal stays intact — once unsealed after delivery, the right is lost.","Este pedido contiene un artículo de audio, vídeo o software precintado. Conserva el derecho de desistimiento solo mientras el precinto permanezca intacto — una vez abierto tras la entrega, el derecho se pierde."
"This order contains digital content. Once you start using or downloading the content, you lose the right of withdrawal (you consented to this at checkout).","Este pedido contiene contenido digital. Una vez que empiece a utilizar o descargar el contenido, perderá el derecho de desistimiento (usted lo consintió en el momento del pago)."
"%1 item(s) · Refund %2","%1 artículo(s) · Reembolso %2"
"Awaiting confirmation","Pendiente de confirmación"
"Cancel withdrawal %1? Your refund will not be processed.","¿Cancelar el desistimiento %1? Su reembolso no se procesará."
"Submitted","Enviada"
"Approved","Aprobada"
"Fully returned","Devuelta totalmente"
"Return requested","Devolución solicitada"
"Not eligible","No elegible"
"Partially requested","Solicitada parcialmente"
"— Select a reason —","— Seleccionar un motivo —"
"Other","Otro"
"The refund will be issued using your original payment method within 5-7 business days after we receive your return.","El reembolso se realizará a través de su método de pago original en un plazo de 5 a 7 días laborables tras recibir su devolución."
"Withdrawal right lost (Art. 16(m) CRD) — digital performance started on %1.","Derecho de desistimiento perdido (art. 16(m) CRD) — ejecución digital iniciada el %1."
"Request #%1 not found.","Solicitud #%1 no encontrada."
"Receipt email re-queued for request #%1. Delivery will retry asynchronously.","Correo de recibo reencolado para la solicitud n.º %1. El envío se reintentará de forma asíncrona."
"Failed to queue receipt resend: %1","No se pudo encolar el reenvío del recibo: %1"
"Note text is empty.","El texto de la nota está vacío."
"Note added to request #%1.","Nota añadida a la solicitud #%1."
"Request #%1 approved.","Solicitud #%1 aprobada."
"Request #%1 cancelled.","Solicitud #%1 cancelada."
"Request #%1 denied.","Solicitud #%1 denegada."
"Invalid request id.","ID de solicitud no válido."
"Unable to open temporary file for CSV export.","No se ha podido abrir el archivo temporal para la exportación CSV."
"Withdrawal Requests","Solicitudes de desistimiento"
"%1 requests queued for acceptance.","%1 solicitudes encoladas para aprobación."
"%1 request(s) approved.","%1 solicitud(es) aprobada(s)."
"%1 request(s) failed. First errors: %2","%1 solicitud(es) fallida(s). Primeros errores: %2"
"Note added to %1 request(s).","Nota añadida a %1 solicitud(es)."
"Underlying order #%1 not found.","No se ha encontrado el pedido subyacente n.º %1."
"Order #%1 has no invoice yet — Magento requires an invoice before a credit memo can be created. Open an invoice first (Sales → Orders → #%1 → Invoice button), then return here to refund.","El pedido n.º %1 aún no tiene factura — Magento requiere una factura antes de poder crear un abono. Abra primero una factura (Ventas → Pedidos → n.º %1 → botón Factura) y vuelva aquí para reembolsar."
"No items recorded on this withdrawal request — the credit memo will open with default invoice qtys; please adjust manually.","No hay artículos registrados en esta solicitud de desistimiento — el abono se abrirá con las cantidades de factura predeterminadas; ajústelas manualmente."
"Pre-filled credit memo for withdrawal #%1 — review the qtys + shipping refund below, then click Refund Online or Refund Offline.","Abono precargado para el desistimiento n.º %1 — revise las cantidades y el reembolso de envío a continuación y, después, haga clic en Reembolsar en línea o Reembolsar fuera de línea."
"Some items are no longer eligible. Please reload and try again.","Algunos artículos ya no son elegibles. Recargue la página e inténtelo de nuevo."
"We could not process your request. Please try again.","No hemos podido procesar su solicitud. Inténtelo de nuevo."
"Item","Artículo"
"We could not find a matching order for that email.","No hemos encontrado un pedido que coincida con ese correo electrónico."
"Withdraw from a contract","Desistir del contrato"
"Withdrawal not found.","Desistimiento no encontrado."
"This withdrawal can no longer be cancelled online. Contact us if you need help.","Este desistimiento ya no puede cancelarse en línea. Contáctenos si necesita ayuda."
"Withdrawal #%1 cancelled.","Desistimiento #%1 cancelado."
"Please fill in all required fields.","Rellena todos los campos obligatorios."
"%1 item(s) were excluded from the withdrawal because the seal is broken (Art. 16(e)/(i) Directive 2011/83/EU).","%1 artículo(s) se excluyeron del desistimiento porque el precinto está roto (art. 16, letras e/i, Directiva 2011/83/UE)."
"Please select at least one item to withdraw.","Seleccione al menos un artículo para desistir."
"One or more items are no longer available for withdrawal. Please refresh and try again.","Uno o más artículos ya no están disponibles para desistimiento. Actualice la página e inténtelo de nuevo."
"None of the selected items are eligible for withdrawal.","Ninguno de los artículos seleccionados es elegible para desistimiento."
"Hash mismatch for quote item %1","Hash no coincidente para el artículo del presupuesto %1"
"Requested qty %1 exceeds remaining %2 for order item %3","La cantidad solicitada %1 excede la cantidad restante %2 para el artículo del pedido %3"
"No delivery confirmation recorded for this order yet.","Aún no se ha registrado confirmación de entrega para este pedido."
"No eligible items selected for withdrawal","No se han seleccionado artículos elegibles para desistimiento"
"Physical goods","Bienes físicos"
"Digital content (non-tangible)","Contenido digital (no tangible)"
"Digital service (SaaS / subscription)","Servicio digital (SaaS / suscripción)"
"Financial services (not supported)","Servicios financieros (no admitido)"
"Downloadable products","Productos descargables"
"Virtual products","Productos virtuales"
"Bundles containing digital children","Paquetes que contienen elementos digitales"
"Custom attribute flag","Indicador de atributo personalizado"
"locale_inheritance.xml missing at %1","Falta locale_inheritance.xml en %1"
"locale_inheritance.xml unreadable at %1","locale_inheritance.xml ilegible en %1"
"locale_inheritance.xml failed XSD validation: %1","locale_inheritance.xml no superó la validación XSD: %1"
"Original payment method","Método de pago original"
"This is your durable-medium receipt for the withdrawal (Art. 11a(4) Directive 2011/83/EU).","Este es su recibo en soporte duradero del desistimiento (art. 11 bis, apdo. 4, Directiva 2011/83/UE)."
"This email is a notification about your withdrawal request.","Este correo es una notificación sobre su solicitud de desistimiento."
"5–7 business days","5–7 días hábiles"
"This is a confirmation that your withdrawal request has been recorded.","Esta es una confirmación de que su solicitud de desistimiento ha quedado registrada."
"MageMe EU Withdrawal is installed but not enabled. Review the compliance checklist and configure the module before enabling: <a href=""%1"">Stores → Configuration → MageMe Extensions → EU Withdrawal</a>.","MageMe EU Withdrawal está instalado pero no activado. Revise la lista de comprobación de cumplimiento y configure el módulo antes de activarlo: <a href=""%1"">Tiendas → Configuración → Extensiones MageMe → Desistimiento UE</a>."
"Delivery confirmation status is not configured. Set Stores → Configuration → MageMe Extensions → EU Withdrawal → Withdrawal Period → Delivery Confirmation Statuses.","El estado de confirmación de entrega no está configurado. Defina Tiendas → Configuración → Extensiones MageMe → Desistimiento UE → Plazo de desistimiento → Estados de confirmación de entrega."
"No Annex I source found for locale %1 along chain %2","No se ha encontrado fuente del Anexo I para el idioma %1 en la cadena %2"
"Annex I source for locale %1 is malformed","La fuente del Anexo I para el idioma %1 está mal formada"
"Missing merchant variables for Annex I rendering: %1","Faltan variables del comerciante para la renderización del Anexo I: %1"
"Receipt hash mismatch for request %1","Hash del recibo no coincidente para la solicitud %1"
"Request %1 not found.","Solicitud %1 no encontrada."
"Denying a withdrawal request requires a legal basis of at least 10 characters.","Denegar una solicitud de desistimiento requiere una base legal de al menos 10 caracteres."
"Withdrawal request cannot transition from ""%1"" to ""%2"".","La solicitud de desistimiento no puede transicionar de «%1» a «%2»."
"Request %1 is not in pending_confirm state.","La solicitud %1 no está en estado pending_confirm."
"Withdrawal request #%1 does not exist.","La solicitud de desistimiento n.º %1 no existe."
"No digital items on order %1","No hay artículos digitales en el pedido %1"
"This is your durable-medium copy of the waiver you signed at checkout (Art. 11a(4) Directive 2011/83/EU).","Esta es su copia en soporte duradero de la renuncia que firmó en el momento del pago (art. 11 bis, apdo. 4, Directiva 2011/83/UE)."
"Waived","Renunciado"
"Waiver email render failed: %1","Fallo al renderizar el correo de renuncia: %1"
"Digital content waiver text has changed — please reload checkout.","El texto de la renuncia al contenido digital ha cambiado — recarga el checkout."
"Digital content waiver is incomplete for item %1.","La renuncia al contenido digital está incompleta para el artículo %1."
"bad","incorrecto"
"smtp down","smtp down"
"smtp","smtp"
"down","caído"
"No shipment found for order 42.","No se ha encontrado envío para el pedido 42."
"View","Ver"
"Withdrawal & Customer Information","Información del desistimiento y del cliente"
"Request # %1","Solicitud n.º %1"
"Request Status","Estado de la solicitud"
"Submitted At","Enviada el"
"Confirmed At","Confirmada el"
"Related Order","Pedido relacionado"
"Jurisdiction","Jurisdicción"
"Contract Type","Tipo de contrato"
"Receipt Status","Estado del recibo"
"%1 attempt(s)","%1 intento(s)"
"Receipt Error","Error del recibo"
"Customer Information","Información del cliente"
"Customer Name","Nombre del cliente"
"Email","Correo electrónico"
"Locale","Idioma"
"Items Selected for Withdrawal","Artículos seleccionados para desistimiento"
"Product","Producto"
"Price","Precio"
"Qty","Cant."
"Subtotal","Subtotal"
"Refund","Reembolso"
"Reason","Motivo"
"Eligibility","Elegibilidad"
"No items associated with this request.","No hay artículos asociados a esta solicitud."
"SKU","SKU"
"Ordered","Pedidos"
"Withdrawing","Desistiendo"
"Refund Total","Total a reembolsar"
"Notes for this Request","Notas de esta solicitud"
"Internal notes — visible to admin staff only. Not sent to the customer.","Notas internas — visibles solo para el personal administrativo. No se envían al cliente."
"Comment","Comentario"
"Add internal note (max 2000 chars)","Añadir nota interna (máx. 2000 caracteres)"
"Submit Comment","Enviar comentario"
"No comments added yet.","Aún no se han añadido comentarios."
" by %1"," por %1"
"Refund Totals","Totales de reembolso"
"Items Subtotal","Subtotal de artículos"
"Shipping Refund","Reembolso de envío"
"Total Refund","Reembolso total"
"Changes have been made to this section that have not been saved.","Se han realizado cambios en esta sección que no se han guardado."
"This tab contains invalid data. Please resolve this before saving.","Esta pestaña contiene datos no válidos. Resuélvalo antes de guardar."
"Contact us","Contacto"
"Returns","Devoluciones"
"FAQs","Preguntas frecuentes"
"All rights reserved.","Todos los derechos reservados."
"Returned items","Artículos devueltos"
"No image","Sin imagen"
"Item status","Estado del artículo"
"Withdrawal options for this order","Opciones de desistimiento para este pedido"
"You can return this order until %1.","Puede devolver este pedido hasta el %1."
"(Art. 11a Directive 2011/83/EU)","(art. 11 bis, Directiva 2011/83/UE)"
"Submit a withdrawal request to start the refund process.","Envíe una solicitud de desistimiento para iniciar el reembolso."
"(Art. 9(2)(b) Directive 2011/83/EU)","(art. 9, apdo. 2, letra b, Directiva 2011/83/UE)"
"Start withdrawal","Iniciar desistimiento"
"Your withdrawal requests","Sus solicitudes de desistimiento"
"Submitted %1","Enviada %1"
"Show items","Mostrar artículos"
"Cancel withdrawal","Cancelar desistimiento"
"Qty %1","Cant. %1"
"Receipt details","Detalles del recibo"
"Receipt number","Número de recibo"
"Order number","Número de pedido"
"Confirmed","Confirmada"
"Consumer","Consumidor"
"Refund total","Reembolso total"
"Merchant","Comerciante"
"Legal basis","Base legal"
"SKU %1","SKU %1"
"Shipping refund","Reembolso de envío"
"Tax refund","Reembolso de impuestos"
"Total refund","Reembolso total"
"Digital content — Art. 16(m) notice","Contenido digital — Aviso art. 16(m)"
"By placing the order you agreed to begin performance of the digital content before the end of the withdrawal period and acknowledged that, once performance has begun, the right of withdrawal no longer applies. This notice is shown for your records.","Al realizar el pedido aceptaste el inicio de la ejecución del contenido digital antes del fin del plazo de desistimiento y reconociste que, una vez iniciada la ejecución, el derecho de desistimiento deja de aplicarse. Este aviso se muestra a efectos de registro."
"Existing withdrawals for this order","Desistimientos existentes para este pedido"
"You can cancel a withdrawal here until it is approved.","Puede cancelar un desistimiento aquí hasta que sea aprobado."
"Request #%1","Solicitud #%1"
"SKU: %1","SKU: %1"
"Estimated refund: %1 %2","Reembolso estimado: %1 %2"
"Cancel this withdrawal","Cancelar este desistimiento"
"Are you sure? This cannot be undone.","¿Está seguro? Esta acción no se puede deshacer."
"Yes, cancel","Sí, cancelar"
"Keep it","Mantener"
"Select items to return","Seleccionar artículos para devolver"
"Choose all items or only some of them. Set the return quantity for each item you want to withdraw.","Elija todos los artículos o solo algunos. Establezca la cantidad de devolución para cada artículo que desee desistir."
"You have 14 days from the day you received your order to withdraw from the contract without giving a reason.","Dispone de 14 días desde el día en que recibió su pedido para desistir del contrato sin necesidad de justificación."
"Back to order search","Volver a la búsqueda de pedidos"
"Cancel","Cancelar"
"Continue to review","Continuar a la revisión"
"Review and confirm","Revisar y confirmar"
"Order #%1","Pedido #%1"
"Placed on %1","Realizado el %1"
"Awaiting delivery","Pendiente de entrega"
"Delivered on %1","Entregado el %1"
"Total","Total"
"Return shipping","Envío de devolución"
"View return policy","Ver política de devoluciones"
"Refund method","Método de reembolso"
"Refund will be issued to your original payment method.","El reembolso se realizará a su método de pago original."
"Return summary","Resumen de devolución"
"Shipping & Handling","Envío y manipulación"
"Tax","Impuestos"
"Back to items","Volver a los artículos"
"Submit return request","Enviar solicitud de devolución"
"Your return request has been submitted!","¡Su solicitud de devolución ha sido enviada!"
"We've emailed you a notification with your return details and a prepaid return label (if applicable). You have 14 days from the delivery date to send your items back.","Le hemos enviado un correo con los detalles de su devolución y una etiqueta de devolución prepagada (si procede). Dispone de 14 días desde la fecha de entrega para devolvernos sus artículos."
"Return request number","Número de solicitud de devolución"
"Copy request number","Copiar número de solicitud"
"Copied!","¡Copiado!"
"Confirmation email sent","Correo de confirmación enviado"
"We've sent the details to","Hemos enviado los detalles a"
"What happens next?","¿Qué sucede ahora?"
"Pack your items securely","Empaquete sus artículos con cuidado"
"Send them back using the provided instructions","Envíelos según las instrucciones proporcionadas"
"We'll inspect your return","Inspeccionaremos su devolución"
"Your refund will be issued to your original payment method","Su reembolso se efectuará a su método de pago original"
"Need more help?","¿Necesita más ayuda?"
"View my returns","Ver mis devoluciones"
"Contact support","Contactar con soporte"
"Purchased","Comprados"
"Returned","Devueltos"
"Decrease quantity","Reducir cantidad"
"Increase quantity","Aumentar cantidad"
"Is the hygiene seal still intact?","¿El precinto de higiene sigue intacto?"
"Is the original software / media seal still intact?","¿El precinto original de software/medios sigue intacto?"
"Yes — it's still sealed","Sí — sigue precintado"
"Refund possible — return the unopened package.","Reembolso posible — devuelva el paquete sin abrir."
"No — I've opened it","No — lo he abierto"
"This item cannot be returned (Art. 16(e) Directive 2011/83/EU).","Este artículo no puede devolverse (art. 16, letra e, Directiva 2011/83/UE)."
"This item cannot be returned (Art. 16(i) Directive 2011/83/EU).","Este artículo no puede devolverse (art. 16, letra i, Directiva 2011/83/UE)."
"Once you confirm the seal is broken, this item is excluded from the withdrawal request and the quantity will be reset to zero.","Una vez que confirme que el precinto está roto, este artículo se excluye de la solicitud de desistimiento y la cantidad se restablecerá a cero."
"Reason for return (optional)","Motivo de la devolución (opcional)"
"Tell us more (optional, max 500 chars)","Cuéntenos más (opcional, máx. 500 caracteres)"
"Already returned.","Ya devuelto."
"awaiting admin review","pendiente de revisión administrativa"
"awaiting confirmation","pendiente de confirmación"
"Request %1 %2 (%3 item%4).","Solicitud %1 %2 (%3 artículo%4)."
"Return request awaiting review.","Solicitud de devolución pendiente de revisión."
"Cancel request","Cancelar solicitud"
"Under EU consumer law, you may withdraw from most contracts within 14 days without giving a reason.","Conforme a la legislación de consumo de la UE, puede desistir de la mayoría de los contratos en un plazo de 14 días sin necesidad de justificación."
"Read your full pre-contract rights (Art. 6)","Lea sus derechos precontractuales completos (Art. 6)"
"Under Art. 6 of Directive 2011/83/EU (as amended by Directive (EU) 2023/2673), before you placed this order the seller informed you — or made available — the following information:","Conforme al art. 6 de la Directiva 2011/83/UE (modificada por la Directiva (UE) 2023/2673), antes de realizar este pedido el vendedor le informó — o puso a su disposición — la siguiente información:"
"The main characteristics of the goods or services.","Las características principales de los bienes o servicios."
"The identity and contact details of the trader.","La identidad y los datos de contacto del comerciante."
"The total price including all taxes and any delivery costs.","El precio total, incluidos todos los impuestos y los gastos de envío."
"The arrangements for payment, delivery and performance, and complaint-handling.","Las modalidades de pago, entrega y ejecución, así como la gestión de reclamaciones."
"Your right of withdrawal: under Art. 9 you have 14 days to withdraw from this distance contract without giving a reason. For physical goods, the 14-day period starts on the day you (or a third party nominated by you) take physical possession of the goods. For services and digital content, different starting dates apply (Art. 9(2)(a)/(c)).","Su derecho de desistimiento: conforme al art. 9, dispone de 14 días para desistir de este contrato a distancia sin necesidad de justificación. Para los bienes físicos, el plazo de 14 días empieza el día en que usted (o un tercero designado por usted) toma posesión física de los bienes. Para los servicios y el contenido digital se aplican fechas de inicio distintas (art. 9, apdo. 2, letras a/c)."
"Exceptions: the right does not apply to certain goods and services listed in Art. 16 (e.g., custom-made goods, sealed hygiene items once unsealed, digital content whose performance has begun with your prior express consent and acknowledgement that you lose the withdrawal right).","Excepciones: el derecho no se aplica a determinados bienes y servicios enumerados en el art. 16 (por ejemplo, bienes confeccionados a medida, artículos de higiene precintados una vez abiertos, contenido digital cuya ejecución haya comenzado con su consentimiento expreso previo y reconocimiento de la pérdida del derecho de desistimiento)."
"The legal guarantee of conformity for goods applies under Art. 5 of Directive 2019/771, in addition to the right of withdrawal.","La garantía legal de conformidad de los bienes se aplica conforme al art. 5 de la Directiva 2019/771, además del derecho de desistimiento."
"Delivery: %1","Entrega: %1"
"Total paid","Total pagado"
"Pick an order to withdraw from","Elija un pedido del que desistir"
"Select a recent order to start your withdrawal.","Seleccione un pedido reciente para iniciar su desistimiento."
"Select","Seleccionar"
"Withdrawal progress","Progreso de desistimiento"
"title","título"
"subtitle","subtítulo"
"Items to return","Artículos a devolver"
"0 items","0 artículos"
"Refund summary","Resumen del reembolso"
"No items in this order are currently eligible for withdrawal.","Ningún artículo de este pedido es actualmente elegible para desistimiento."
"Each line is either already being processed, pending confirmation, or has been fully withdrawn. Check the existing requests section above for status or to cancel.","Cada línea está ya en proceso, pendiente de confirmación o ha sido objeto de un desistimiento completo. Consulte la sección de solicitudes existentes anterior para ver el estado o cancelar."
"No items selected yet. Use the + button next to an item to add it to your return.","Aún no se han seleccionado artículos. Use el botón + junto a un artículo para añadirlo a su devolución."
"Find your order","Encuentra tu pedido"
"Enter the details you used during checkout to start a return or withdrawal.","Introduzca los datos utilizados durante el pago para iniciar una devolución o desistimiento."
"We could not find an order matching that email. Double-check your order number and email address.","No hemos encontrado un pedido que coincida con ese correo. Verifique su número de pedido y dirección de correo."
"e.g. 12345","p. ej. 12345"
"You can find this in your order confirmation email.","Puede encontrar esto en el correo de confirmación del pedido."
"Email address","Dirección de correo electrónico"
"you@example.com","you@example.com"
"Must match the email used for the order.","Debe coincidir con el correo utilizado para el pedido."
"Find my order","Encontrar mi pedido"
"You have the right to withdraw from your purchase within 14 days of receiving your order, without giving any reason.","Tiene derecho a desistir de su compra en un plazo de 14 días desde la recepción del pedido, sin necesidad de justificar la decisión."
"Need help finding your order?","¿Necesita ayuda para encontrar su pedido?"
"Select an order","Seleccionar un pedido"
"Choose an order from your history to start a return or withdrawal.","Seleccione un pedido de su historial para iniciar una devolución o desistimiento."
"You don't have any orders eligible for withdrawal. The 14-day withdrawal window runs from the day you received your order.","No tiene pedidos elegibles para desistimiento. El plazo de desistimiento de 14 días empieza el día en que recibió su pedido."
"View all my orders","Ver todos mis pedidos"
"items","artículos"
"Select order","Seleccionar pedido"
"No recent withdrawal","No hay desistimientos recientes"
"We could not find a recent withdrawal in this session. If you have just submitted one, please check your inbox for the confirmation email.","No hemos encontrado un desistimiento reciente en esta sesión. Si acaba de enviar uno, revise su bandeja de entrada para encontrar el correo de confirmación."
"Start a new withdrawal","Iniciar un nuevo desistimiento"
"Withdrawal #%1 submitted","Desistimiento #%1 enviado"
"Related order:","Pedido relacionado:"
"Items","Artículos"
"Items included in this withdrawal","Artículos incluidos en este desistimiento"
"Line Total","Total de línea"
"What happens next","Pasos siguientes"
"You will receive a receipt email with the full withdrawal statement and integrity hash within a few minutes.","Recibirá un correo de recibo con la declaración completa de desistimiento y el hash de integridad en unos minutos."
"The 14-day window under Art. 9 CRD is locked to the moment you confirmed the withdrawal — nothing further is required from you to preserve the right.","El plazo de 14 días conforme al art. 9 DDC queda fijado en el momento en que usted confirmó el desistimiento — no se requiere nada más por su parte para preservar el derecho."
"The final refund is determined after we receive the returned items (Art. 14(2)) and is issued to the original payment method. Expect the funds within 14 days of receipt.","El reembolso definitivo se determina tras la recepción de los artículos devueltos (art. 14, apdo. 2) y se emite al método de pago original. Recibirá los fondos en un plazo de 14 días desde la recepción."
"Back to Withdrawals","Volver a desistimientos"
"Verzichtsbestätigung digitaler Inhalte — Bestellung %increment_id","Confirmación de renuncia al contenido digital — Pedido %increment_id"
"Sehr geehrte/r %name,","Estimado/a %name,"
"Dies ist die Bestätigung auf einem dauerhaften Datenträger Ihrer ausdrücklichen Einwilligung zum Beginn der Ausführung folgender digitaler Inhalte sowie Ihrer Bestätigung, dass Sie dadurch Ihr Widerrufsrecht verlieren (Art. 16(m) VRL).","Esta es la confirmación en soporte duradero de su consentimiento expreso para el inicio de la ejecución del siguiente contenido digital, así como de su reconocimiento de que, por ello, pierde su derecho de desistimiento (art. 16, letra m, Directiva sobre los derechos de los consumidores)."
"Durch den Verzicht abgedeckte digitale Inhalte","Contenido digital incluido en la renuncia"
"Ihre ausdrückliche Einwilligung","Su consentimiento expreso"
"Eingewilligt am:","Consentido el:"
"Ihre Bestätigung zum Verlust des Widerrufsrechts","Su reconocimiento de la pérdida del derecho de desistimiento"
"Bestätigt am:","Confirmado el:"
"Verzichtsreferenz:","Referencia de la renuncia:"
"Rechtsgrundlage: Art. 16(m) Verbraucherrechterichtlinie 2011/83/EU.","Base legal: art. 16, letra m, de la Directiva sobre los derechos de los consumidores 2011/83/UE."
"Digital content waiver confirmation — Order %1","Confirmación de renuncia al contenido digital — Pedido %1"
"Dear %name,","Estimado/a %name,"
"This is the durable-medium confirmation of your express consent to begin performance of the following digital items, and your acknowledgment that by doing so you lose your right of withdrawal (Art. 16(m) CRD).","Esta es la confirmación en soporte duradero de su consentimiento expreso para el inicio de la ejecución de los siguientes artículos digitales, así como de su reconocimiento de que, al hacerlo, pierde su derecho de desistimiento (art. 16, letra m, DDC)."
"Digital items covered by this waiver","Artículos digitales incluidos en esta renuncia"
"Your express consent","Su consentimiento expreso"
"Consented at:","Consentido el:"
"Your acknowledgment of loss of withdrawal right","Su reconocimiento de la pérdida del derecho de desistimiento"
"Acknowledged at:","Reconocido el:"
"Waiver reference:","Referencia de la renuncia:"
"Legal basis: Art. 16(m) Consumer Rights Directive 2011/83/EU.","Base legal: art. 16(m) de la Directiva 2011/83/UE sobre los derechos de los consumidores."
"Digitaalisen sisällön luopumisvahvistus — Tilaus %increment_id","Confirmación de renuncia al contenido digital — Pedido %increment_id"
"Hyvä %name,","Estimado/a %name,"
"Tämä on pysyvällä tietovälineellä annettu vahvistus nimenomaisesta suostumuksestasi aloittaa seuraavien digitaalisten sisältöjen toimitus sekä vahvistuksestasi, että menetät peruuttamisoikeutesi (KSL 6:16).","Esta es la confirmación en soporte duradero de su consentimiento expreso para el inicio de la entrega del siguiente contenido digital, así como de su reconocimiento de que pierde su derecho de desistimiento (Ley finlandesa de protección del consumidor, cap. 6, art. 16)."
"Luopumisen kattamat digitaaliset sisällöt","Contenido digital incluido en la renuncia"
"Nimenomainen suostumuksesi","Su consentimiento expreso"
"Suostuttu:","Consentido el:"
"Vahvistuksesi peruuttamisoikeuden menettämisestä","Su reconocimiento de la pérdida del derecho de desistimiento"
"Vahvistettu:","Confirmado el:"
"Luopumisen viite:","Referencia de la renuncia:"
"Oikeusperusta: KSL 6:16 / Art. 16(m) kuluttajanoikeusdirektiivi 2011/83/EU.","Base legal: Ley finlandesa de protección del consumidor, cap. 6, art. 16 / art. 16, letra m, de la Directiva sobre los derechos de los consumidores 2011/83/UE."
"Confirmation de renonciation au contenu numérique — Commande %increment_id","Confirmación de renuncia al contenido digital — Pedido %increment_id"
"Cher/Chère %name,","Estimado/a %name,"
"Ceci est la confirmation sur un support durable de votre consentement exprès à commencer l'exécution des contenus numériques suivants, et de votre reconnaissance que vous perdez ainsi votre droit de rétractation (Art. L. 221-28 Code consommation).","Esta es la confirmación en soporte duradero de su consentimiento expreso para el inicio de la ejecución del siguiente contenido digital, así como de su reconocimiento de que, por ello, pierde su derecho de desistimiento (art. L. 221-28 del Código de Consumo francés)."
"Contenus numériques couverts par la présente renonciation","Contenido digital incluido en la presente renuncia"
"Votre consentement exprès","Su consentimiento expreso"
"Consenti le :","Consentido el:"
"Votre reconnaissance de la perte du droit de rétractation","Su reconocimiento de la pérdida del derecho de desistimiento"
"Reconnu le :","Reconocido el:"
"Référence de renonciation :","Referencia de la renuncia:"
"Base légale : Art. L. 221-28 Code consommation / Art. 16(m) Directive 2011/83/UE.","Base legal: art. L. 221-28 del Código de Consumo francés / art. 16, letra m, Directiva 2011/83/UE."
"Bevestiging afstand digitale inhoud — Bestelling %increment_id","Confirmación de renuncia al contenido digital — Pedido %increment_id"
"Beste %name,","Estimado/a %name,"
"Dit is de bevestiging op een duurzame gegevensdrager van uw uitdrukkelijke toestemming om te beginnen met de levering van de volgende digitale inhoud, en uw erkenning dat u daardoor uw herroepingsrecht verliest (Art. 6:230s BW).","Esta es la confirmación en soporte duradero de su consentimiento expreso para el inicio de la entrega del siguiente contenido digital, así como de su reconocimiento de que, por ello, pierde su derecho de desistimiento (art. 6:230s del Código Civil neerlandés)."
"Onder deze afstand vallende digitale items","Artículos digitales incluidos en esta renuncia"
"Uw uitdrukkelijke toestemming","Su consentimiento expreso"
"Toestemming verleend op:","Consentimiento otorgado el:"
"Uw erkenning van verlies van herroepingsrecht","Su reconocimiento de la pérdida del derecho de desistimiento"
"Erkend op:","Reconocido el:"
"Afstandreferentie:","Referencia de la renuncia:"
"Rechtsgrondslag: Art. 6:230s BW / Art. 16(m) Richtlijn 2011/83/EU.","Base legal: art. 6:230s del Código Civil neerlandés / art. 16, letra m, Directiva 2011/83/UE."
"[EU Withdrawal] Receipt send failed — request #%request_id","[Desistimiento UE] Fallo en el envío del recibo — solicitud n.º %request_id"
"The receipt email for withdrawal request #%request_id has failed to send permanently.","El correo de recibo para la solicitud de desistimiento n.º %request_id ha fallado de forma permanente."
"Inspect the <code>mm_eu_withdrawal_request.receipt_last_error</code> column for the last error message, and the <code>mm_eu_withdrawal_request.receipt_send_attempts</code> column for the retry count.","Consulte la columna <code>mm_eu_withdrawal_request.receipt_last_error</code> para ver el último mensaje de error, y la columna <code>mm_eu_withdrawal_request.receipt_send_attempts</code> para ver el número de reintentos."
"You can requeue the send from the admin grid after resolving the underlying issue.","Puede reencolar el envío desde la cuadrícula de administración tras resolver el problema subyacente."
"Your refund is on its way — Withdrawal #%1","Su reembolso está en camino — Desistimiento n.º %1"
"Your refund is on its way","Su reembolso está en camino"
"Hi %name, we've approved your withdrawal request and started the refund process.","Hola %name, hemos aprobado su solicitud de desistimiento y hemos iniciado el proceso de reembolso."
"View refund details","Ver detalles del reembolso"
"Withdrawal number","Número de desistimiento"
"Approved on","Aprobado el"
"Estimated arrival","Llegada estimada"
"Status","Estado"
"Your refund will be issued to your original payment method within 5–7 business days. You'll see it on your card or bank statement once it lands.","Su reembolso se efectuará en su método de pago original en un plazo de 5–7 días laborables. Lo verá reflejado en el extracto de su tarjeta o cuenta bancaria una vez se haga efectivo."
"Need help?","¿Necesita ayuda?"
"Reply to this email or contact us at","Responda a este correo o escríbanos a"
"Your withdrawal was cancelled — Withdrawal #%1","Su desistimiento ha sido cancelado — Desistimiento n.º %1"
"Your withdrawal was cancelled","Su desistimiento ha sido cancelado"
"Hi %name, we've cancelled your withdrawal request.","Hola %name, hemos cancelado su solicitud de desistimiento."
"Submit a new request","Enviar nueva solicitud"
"Cancelled request","Solicitud cancelada"
"Cancelled on","Cancelada el"
"Refund requested","Reembolso solicitado"
"If this was unexpected, you can submit a new withdrawal request as long as your 14-day window is still open. Reach out if you need help — we're happy to clarify.","Si esto fue inesperado, puede enviar una nueva solicitud de desistimiento mientras su plazo de 14 días siga abierto. Contáctenos si necesita ayuda — estaremos encantados de aclarárselo."
"Cancellation confirmed — Withdrawal #%1","Cancelación confirmada — Desistimiento n.º %1"
"Cancellation confirmed","Cancelación confirmada"
"Hi %name, your withdrawal request has been cancelled as you asked.","Hola %name, su solicitud de desistimiento ha sido cancelada como nos pidió."
"Back to my orders","Volver a mis pedidos"
"Cancelled by","Cancelada por"
"You","Usted"
"Your order remains active and there's no further action needed. If you change your mind, you can start a new withdrawal request any time within your 14-day window.","Su pedido sigue activo y no se requiere ninguna acción adicional. Si cambia de opinión, puede iniciar una nueva solicitud de desistimiento en cualquier momento dentro de su plazo de 14 días."
"Update on your withdrawal request — Withdrawal #%1","Actualización sobre su solicitud de desistimiento — Desistimiento n.º %1"
"We can't process this withdrawal","No podemos procesar este desistimiento"
"Hi %name, after reviewing your withdrawal request we're unable to approve it.","Hola %name, tras revisar su solicitud de desistimiento, no podemos aprobarla."
"Request details","Detalles de la solicitud"
"Reviewed on","Revisada el"
"Decision","Decisión"
"Reason from our team","Motivo de nuestro equipo"
"If you'd like to discuss this decision, our team is here to help. Reply to this email or use the button above.","Si desea comentar esta decisión, nuestro equipo está a su disposición. Responda a este correo o utilice el botón de arriba."
"Your withdrawal request has been submitted — Order #%1","Su solicitud de desistimiento ha sido enviada — Pedido n.º %1"
"Your return request has been submitted","Su solicitud de desistimiento ha sido enviada"
"Hi %name, we've received your return request and are currently reviewing it. You'll hear back when we've inspected your return and processed your refund.","Hola %name, hemos recibido su solicitud de desistimiento y la estamos revisando. Le informaremos en cuanto hayamos inspeccionado su devolución y tramitado el reembolso."
"Return number","Número de devolución"
"Requested on","Solicitada el"
"We'll inspect your return and notify you once approved. Refunds are issued to your original payment method within 5–7 business days after approval.","Inspeccionaremos su devolución y le notificaremos una vez aprobada. Los reembolsos se emiten en su método de pago original en un plazo de 5–7 días laborables tras la aprobación."
"If you have any questions, our customer service team is here to help.","Si tiene alguna duda, nuestro equipo de atención al cliente está a su disposición."
"Visit our help center","Visite nuestro centro de ayuda"
"If you did not initiate this request, contact us immediately at","Si no inició esta solicitud, contáctenos inmediatamente en"
"Withdrawal receipt — Order #%1","Recibo de desistimiento — Pedido n.º %1"
"Withdrawal receipt","Recibo de desistimiento"
"Hi %name, this email is your durable-medium proof of withdrawal under Art. 11a Directive 2011/83/EU. Keep it for your records.","Hola %name, este correo es su prueba de desistimiento en soporte duradero conforme al art. 11a de la Directiva 2011/83/UE. Consérvelo para sus archivos."
"Submitted on","Enviada el"
"Your %store_name order confirmation","Confirmación de su pedido en %store_name"
"%customer_name,","%customer_name,"
"Thank you for your order from %store_name.","Gracias por su pedido en %store_name."
"Once your package ships we will send you a tracking number.","Una vez enviado su paquete, le facilitaremos un número de seguimiento."
"You can check the status of your order by <a href=""%account_url"">logging into your account</a>.","Puede consultar el estado de su pedido <a href=""%account_url"">accediendo a su cuenta</a>."
"If you have questions about your order, you can email us at <a href=""mailto:%store_email"">%store_email</a>","Si tiene preguntas sobre su pedido, puede escribirnos a <a href=""mailto:%store_email"">%store_email</a>"
"or call us at <a href=""tel:%store_phone"">%store_phone</a>","o llamarnos al <a href=""tel:%store_phone"">%store_phone</a>"
"Our hours are <span class=""no-link"">%store_hours</span>.","Nuestro horario es <span class=""no-link"">%store_hours</span>."
"Your Order <span class=""no-link"">#%increment_id</span>","Su pedido <span class=""no-link"">n.º %increment_id</span>"
"Placed on <span class=""no-link"">%created_at</span>","Realizado el <span class=""no-link"">%created_at</span>"
"Billing Info","Datos de facturación"
"Shipping Info","Datos de envío"
"Payment Method","Método de pago"
"Shipping Method","Método de envío"
"%name,","%name,"
"Once your package ships we will send an email with a link to track your order.","Una vez enviado su paquete, le enviaremos un correo con un enlace para hacer el seguimiento de su pedido."
"Your %store_name order has shipped","Su pedido en %store_name ha sido enviado"
"Your shipping confirmation is below. Thank you again for your business.","Su confirmación de envío aparece a continuación. Gracias de nuevo por su confianza."
"Your Shipment #%shipment_id for Order #%order_id","Su envío n.º %shipment_id correspondiente al pedido n.º %order_id"
"Your digital content waiver is on file","Su renuncia al contenido digital está registrada"
"Hi %name, you've consented to immediate digital delivery of the items below — this is your durable-medium copy of that consent (Art. 11a(4) CRD).","Hola %name, ha consentido la entrega digital inmediata de los artículos indicados a continuación — esta es su copia en soporte duradero de dicho consentimiento (art. 11a(4) Directiva sobre los derechos de los consumidores)."
"View order","Ver pedido"
"Consented at","Consentido el"
"Acknowledged at","Reconocido el"
"Keep this email as your durable-medium record. The merchant has stored the SHA-256 hash of the legal text you accepted:","Conserve este correo como su registro en soporte duradero. El comerciante ha almacenado el hash SHA-256 del texto legal que usted aceptó:"
"Digital content waiver","Renuncia para contenido digital"
"We need your explicit consent before you can buy this digital item — please read both points carefully.","Necesitamos su consentimiento expreso antes de poder comprar este producto digital — lea detenidamente ambos puntos."
"We log this consent with your IP and timestamp for our audit record.","Registramos este consentimiento con su IP y marca de tiempo para nuestro registro de auditoría."
"Continue","Continuar"
"Waiver could not be saved. Please retry.","No se pudo guardar la renuncia. Reinténtalo."
"Enable for EU Withdrawal Lookup Form","Activar para el formulario de consulta de desistimiento UE"
"MageMe Extensions","Extensiones MageMe"
"EU Withdrawal","Desistimiento UE"
"General","General"
"Enable Module","Activar el módulo"
"Activates frontend and cron jobs. Default: disabled. Complete the manual setup checklist before enabling.","Activa la tienda y las tareas cron. Predeterminado: desactivado. Complete la lista de comprobación de configuración manual antes de activar."
"Request Number Prefix","Prefijo del número de solicitud"
"Optional prefix prepended to the withdrawal request increment ID in customer-facing UI (e.g. ""RR-"" renders as ""RR-000000022""). Leave blank to show the plain padded number.","Prefijo opcional añadido al ID incremental de la solicitud de desistimiento en la interfaz del cliente (p. ej., «RR-» se muestra como «RR-000000022»). Déjelo en blanco para mostrar solo el número con relleno."
"Default Contract Type","Tipo de contrato predeterminado"
"Frontend Route","Ruta de la tienda"
"URL prefix used by the customer-facing withdrawal flow (e.g. <code>withdraw-contract</code> renders as <code>/withdraw-contract/...</code>). Lowercase letters, digits, dashes and underscores only.","Prefijo de URL utilizado por el flujo de desistimiento orientado al cliente (p. ej., <code>withdraw-contract</code> se muestra como <code>/withdraw-contract/...</code>)."
"Withdrawal Period","Plazo de desistimiento"
"Delivery Confirmation Statuses","Estados de confirmación de entrega"
"Pick one or more order statuses whose <em>transition</em> means the customer received the goods in your fulfillment workflow. The 14-day withdrawal window starts on the timestamp of the order's <em>earliest</em> transition into <em>any</em> of the selected statuses (Art. 9(2)(b) Directive 2011/83/EU). Multi-select supports merchants who use several ""delivered""-type statuses (e.g. <code>delivered</code> + <code>complete</code> + <code>delivered_partial</code>). Until the order reaches any of them, the right of withdrawal is open with no fixed deadline.","Elija uno o más estados de pedido cuya <em>transición</em> indique que el cliente ha recibido la mercancía en su flujo de procesamiento. El plazo de desistimiento de 14 días empieza en la marca temporal de la <em>primera</em> transición del pedido a <em>cualquiera</em> de los estados seleccionados (art. 9, apdo. 2, letra b, Directiva 2011/83/UE). La selección múltiple admite a los comerciantes que utilizan varios estados de tipo «entregado» (p. ej., <code>delivered</code> + <code>complete</code> + <code>delivered_partial</code>). Hasta que el pedido alcance alguno de ellos, el derecho de desistimiento permanece abierto sin plazo fijo."
"Eligibility Rules (Art. 16 CRD Presets)","Reglas de elegibilidad (preajustes del art. 16 DDC)"
"Art. 16(c) Custom-Made Goods","Art. 16, letra c) Bienes confeccionados a medida"
"Excludes products made to customer specifications or clearly personalised (e.g. engraved jewellery, made-to-measure clothing). <strong>Requires</strong> product attribute <code>is_custom_made = true</code>. If enabled, orders containing such items cannot be withdrawn — customers will see this when attempting to start withdrawal.","Excluye los productos confeccionados según especificaciones del cliente o claramente personalizados (p. ej., joyería grabada, ropa hecha a medida). <strong>Requiere</strong> el atributo de producto <code>is_custom_made = true</code>. Si está activado, los pedidos que contengan dichos artículos no podrán ser objeto de desistimiento — los clientes lo verán al intentar iniciar el desistimiento."
"Art. 16(d) Perishable Goods","Art. 16, letra d) Bienes perecederos"
"Excludes goods that can deteriorate or expire rapidly (fresh food, cut flowers, short-shelf-life pharmaceuticals). <strong>Requires</strong> product attribute <code>is_perishable = true</code>. Do not enable for all categories — apply it only to truly perishable SKUs, otherwise you will unlawfully deny valid withdrawals.","Excluye los bienes que pueden deteriorarse o caducar rápidamente (alimentos frescos, flores cortadas, productos farmacéuticos de corta caducidad). <strong>Requiere</strong> el atributo de producto <code>is_perishable = true</code>. No lo active para todas las categorías — aplíquelo únicamente a SKU realmente perecederos; de lo contrario, denegará desistimientos válidos de forma ilegal."
"Art. 16(e) Sealed Hygiene / Health","Art. 16, letra e) Artículos precintados de higiene o salud"
"Excludes sealed hygiene or health items <strong>only if the seal has been broken after delivery</strong> (cosmetics, intimate apparel, sealed medical supplies). <strong>Requires</strong> product attribute <code>is_sealed_hygiene = true</code>. The exclusion depends on a seal-check at the time of withdrawal (workflow in phase-04) — a sealed, unopened return remains eligible.","Excluye los artículos de higiene o salud precintados <strong>solo si el precinto se ha roto tras la entrega</strong> (cosméticos, ropa íntima, suministros médicos precintados). <strong>Requiere</strong> el atributo de producto <code>is_sealed_hygiene = true</code>. La exclusión depende de la comprobación del precinto en el momento del desistimiento (flujo de la fase 04) — una devolución precintada y sin abrir sigue siendo elegible."
"Art. 16(i) Sealed Audio / Video / Software","Art. 16, letra i) Soportes precintados de audio, vídeo o software"
"Excludes sealed audio recordings, video recordings, or sealed computer software <strong>only if the seal has been broken after delivery</strong>. <strong>Requires</strong> product attribute <code>is_sealed_av = true</code>. Same seal-check logic as Art. 16(e). Does not apply to streaming / digital-download content — use Art. 16(m) for those.","Excluye las grabaciones de audio o vídeo precintadas o el software informático precintado <strong>solo si el precinto se ha roto tras la entrega</strong>. <strong>Requiere</strong> el atributo de producto <code>is_sealed_av = true</code>. Misma lógica de comprobación del precinto que el art. 16, letra e. No se aplica al contenido en streaming o descarga digital — para esos casos, utilice el art. 16, letra m."
"Digital Content (Art. 16(m))","Contenido digital (art. 16, letra m)"
"Detection","Detección"
"Enable Digital Content Detection","Activar la detección de contenido digital"
"Master switch for Art. 16(m) digital-content detection. When off, no product is recognised as digital, the checkout waiver step is not required, and the preset always allows withdrawal.","Interruptor principal para la detección de contenido digital del art. 16, letra m. Cuando está desactivado, ningún producto se reconoce como digital, el paso de renuncia en el pago no se requiere y el preajuste siempre permite el desistimiento."
"Detection Strategies","Estrategias de detección"
"Which product-type heuristics trigger the digital-content waiver gate. Downloadable + virtual are safe defaults; bundle_contains_digital inspects bundle children; custom_attribute reads the EAV flag configured below.","Qué heurísticas de tipo de producto activan la puerta de renuncia al contenido digital. Descargable y virtual son valores predeterminados seguros; bundle_contains_digital inspecciona los elementos hijos del paquete; custom_attribute lee el indicador EAV configurado a continuación."
"Custom Attribute Code","Código de atributo personalizado"
"EAV attribute code used <strong>only</strong> when <em>Custom attribute flag</em> is picked in <em>Detection strategies</em> above. Default: <code>is_digital_content</code> (boolean attribute, 1 = digital). Ignored otherwise.","Código de atributo EAV utilizado <strong>solo</strong> cuando se selecciona <em>Indicador de atributo personalizado</em> en <em>Estrategias de detección</em> arriba. Predeterminado: <code>is_digital_content</code> (atributo booleano, 1 = digital). Se ignora en otros casos."
"Checkout Step + Email","Paso de pago + correo"
"Enable Checkout Waiver Step","Activar el paso de renuncia en el pago"
"When on, carts that contain a detected digital item render the 2-checkbox waiver step at checkout. Has no effect unless <em>Detection → Enable digital content detection</em> is also on.","Cuando está activado, los carritos que contienen un artículo digital detectado muestran el paso de renuncia con dos casillas de verificación en el pago. No tiene efecto a menos que <em>Detección → Activar la detección de contenido digital</em> también esté activado."
"Merchant BCC Address for Confirmation Emails","Dirección BCC del comerciante para los correos de confirmación"
"Optional. Blind-copies the waiver-confirmation email to a merchant audit address. Leave blank to skip.","Opcional. Envía una copia oculta del correo de confirmación de renuncia a una dirección de auditoría del comerciante. Déjelo en blanco para omitir."
"Mark Virtual-Only Items as Performance-Started on Confirmation","Marcar los artículos exclusivamente virtuales como «ejecución iniciada» al confirmar"
"Virtual products have no download trigger. When on, the waiver confirmation email's dispatch counts as performance-start for virtual-only items.","Los productos virtuales no tienen un activador de descarga. Cuando está activado, el envío del correo de confirmación de renuncia cuenta como inicio de la ejecución para los artículos exclusivamente virtuales (límite I-6)."
"Confirmation Email Identity","Identidad del remitente de los correos de confirmación"
"Per-Locale Waiver Text Overrides","Sobrescrituras del texto de renuncia por idioma"
"English (en_US)","Inglés (en_US)"
"Consent Text","Texto de consentimiento"
"Right-Loss Acknowledgment Text","Texto de reconocimiento de pérdida del derecho"
"German (de_DE)","Alemán (de_DE)"
"Finnish (fi_FI)","Finés (fi_FI)"
"Dutch (nl_NL)","Neerlandés (nl_NL)"
"French (fr_FR)","Francés (fr_FR)"
"Italian (it_IT)","Italiano (it_IT)"
"Spanish (es_ES)","Español (es_ES)"
"Polish (pl_PL)","Polaco (pl_PL)"
"Portuguese (pt_PT)","Portugués (pt_PT)"
"Danish (da_DK)","Danés (da_DK)"
"Swedish (sv_SE)","Sueco (sv_SE)"
"German — Austria (de_AT)","Alemán — Austria (de_AT)"
"Swedish — Finland (sv_FI)","Sueco — Finlandia (sv_FI)"
"Dutch — Belgium (nl_BE)","Neerlandés — Bélgica (nl_BE)"
"French — Belgium (fr_BE)","Francés — Bélgica (fr_BE)"
"German — Belgium (de_BE)","Alemán — Bélgica (de_BE)"
"French — Luxembourg (fr_LU)","Francés — Luxemburgo (fr_LU)"
"Pre-Contract Information (Art. 6(1)(h))","Información precontractual (art. 6, apdo. 1, letra h)"
"Enable Pre-Contract Disclosure","Activar la información precontractual"
"Master kill-switch. Disabled = block does not render and no display events are recorded. Disabling exposes the merchant to Art. 10 (12 month + 14 day extended withdrawal period). Default: enabled.","Interruptor principal de desactivación. Desactivado = el bloque no se renderiza y no se registran eventos de visualización. Desactivarlo expone al comerciante al art. 10 (plazo de desistimiento ampliado de 12 meses + 14 días). Predeterminado: activado."
"Withdrawal Period (Days)","Plazo de desistimiento (días)"
"Default 14 days per Art. 9(2). Extension allowed (e.g. 30, 100). Reduction below 14 is illegal — the field validates >=14 only when the module is enabled.","14 días por defecto conforme al art. 9, apdo. 2. Se permite ampliar (p. ej., 30, 100). Reducir por debajo de 14 es ilegal — el campo valida ≥14 solo cuando el módulo está activado."
"Return Address","Dirección de devolución"
"Where consumers send goods back. Leave empty to fall back to the store address from Stores → Configuration → General → General → Store Information.","Lugar al que los consumidores envían los bienes devueltos. Déjelo vacío para usar la dirección de Tiendas → Configuración → General → General → Información de la tienda."
"Display In Checkout","Mostrar en el pago"
"Annex I Overrides Per Locale","Sobrescrituras del anexo I por idioma"
"Bulgarian (bg_BG)","Búlgaro (bg_BG)"
"Czech (cs_CZ)","Checo (cs_CZ)"
"Greek (el_GR)","Griego (el_GR)"
"Estonian (et_EE)","Estonio (et_EE)"
"Croatian (hr_HR)","Croata (hr_HR)"
"Hungarian (hu_HU)","Húngaro (hu_HU)"
"Lithuanian (lt_LT)","Lituano (lt_LT)"
"Latvian (lv_LV)","Letón (lv_LV)"
"Romanian (ro_RO)","Rumano (ro_RO)"
"Slovak (sk_SK)","Eslovaco (sk_SK)"
"Slovenian (sl_SI)","Esloveno (sl_SI)"
"Frontend","Tienda"
"Buttons","Botones"
"Step 1 Button Label","Etiqueta del botón del paso 1"
"Step 2 Button Label (Confirmation)","Etiqueta del botón del paso 2 (confirmación)"
"<strong>⚠ Legal warning.</strong> This is the label on the final confirmation button. Default (""Confirm withdrawal"") is counsel-signed. Per-locale translations are counsel-signed. Override only with written legal advice; overrides are audit-logged.","<strong>⚠ Advertencia legal (punto #4).</strong> Esta es la etiqueta del botón de confirmación final. El valor predeterminado («Confirmar desistimiento») está firmado por asesoría jurídica. Per-locale translations are counsel-signed. Sobrescriba únicamente con asesoramiento jurídico por escrito; las sobrescrituras quedan registradas en el log de auditoría."
"Placements","Ubicaciones"
"Show Footer Link","Mostrar enlace en el pie de página"
"Show in My Account","Mostrar en Mi cuenta"
"Return Reasons","Motivos de devolución"
"Reasons","Motivos"
"List of reasons offered to the customer in the per-item dropdown. <strong>Code</strong> is the machine value (lowercase, snake_case, max 32 chars); <strong>Label</strong> is the visible text. Empty grid hides the dropdown entirely.","Lista de motivos que se ofrecen al cliente en el desplegable por artículo. <strong>Código</strong> es el valor técnico que se guarda en la base de datos (minúsculas, snake_case, máx. 32 caracteres); <strong>Etiqueta</strong> es el texto visible. Una cuadrícula vacía oculta el desplegable por completo."
"Enable ""Other"" with Free Text","Activar «Otro» con texto libre"
"When enabled, an ""Other"" option appears in the dropdown that reveals a free-text field (max 500 chars).","Cuando está activado, aparece una opción «Otro» en el desplegable que muestra un campo de texto libre (máx. 500 caracteres)."
"Review Step","Paso de revisión"
"Return Shipping Notice","Aviso de envío de devolución"
"Text shown on the Review & Confirm step (step 3). Example: ""You'll receive a prepaid shipping label in the confirmation email."" or ""Return shipping costs are paid by the customer."" Leave blank to hide the row.","Texto mostrado en el paso de revisión y confirmación (paso 3). Ejemplo: «Recibirá una etiqueta de envío prepagada en el correo de confirmación.» o «Los gastos de envío de la devolución corren a cargo del cliente.» Déjelo en blanco para ocultar la fila."
"Return Policy URL","URL de la política de devoluciones"
"Optional link rendered next to the shipping notice (""View return policy""). Accepts absolute URLs or relative paths like ""return-policy"".","Enlace opcional mostrado junto al aviso de envío («Ver política de devoluciones»). Admite URL absolutas o rutas relativas como «return-policy»."
"Customer Notifications","Notificaciones al cliente"
"All customer-facing emails sent by the module. Each email can be enabled/disabled, assigned a custom template (Marketing → Email Templates), and BCC'd to a merchant address. The shared <em>Branding</em> subgroup at the bottom controls the layout (USP strip, social links) used by every email below.","Todos los correos al cliente enviados por el módulo. Cada correo puede activarse o desactivarse, asignarse a una plantilla personalizada (Marketing → Plantillas de correo) y enviarse en copia oculta a una dirección del comerciante. El subgrupo compartido <em>Identidad de marca</em>, al final, controla el diseño (banda USP, enlaces sociales) utilizado por todos los correos siguientes."
"1. Submission Confirmation Email","1. Correo de confirmación de envío"
"Enabled","Activado"
"Email Template","Plantilla de correo"
"BCC Merchant","BCC al comerciante"
"Comma-separated. Leave blank to disable.","Separado por comas. Déjelo en blanco para desactivar."
"2. Approval Email","2. Correo de aprobación"
"3. Denial Email","3. Correo de denegación"
"4. Cancellation Email (Admin-Initiated)","4. Correo de cancelación (iniciada por el administrador)"
"5. Cancellation Email (Customer Self-Cancel)","5. Correo de cancelación (iniciada por el cliente)"
"6. Receipt Email (Durable Medium — Art. 11a(4))","6. Correo de recepción (soporte duradero — art. 11 bis, apdo. 4)"
"Legally required durable-medium confirmation. Cannot be fully disabled (Art. 11a(4) Directive 2011/83/EU). Disabling here only stops the sender — the receipt is still generated and stored.","Confirmación en soporte duradero exigida legalmente. No puede desactivarse por completo (art. 11 bis, apdo. 4, Directiva 2011/83/UE). Desactivarlo aquí solo detiene el envío — el recibo sigue generándose y almacenándose."
"Send Email","Enviar correo"
"Comma-separated.","Separado por comas."
"Delivery Retry Attempts","Intentos de reenvío"
"Number of delivery attempts before a receipt is flagged as undelivered.","Number of delivery attempts before a receipt is flagged as undelivered."
"DLQ Alert Recipient","Destinatario de alertas DLQ"
"Notified when a receipt fails permanently. Falls back to Store Email Addresses → General Contact.","Notificado cuando un recibo falla de forma permanente. Si está vacío, se utiliza Direcciones de correo de la tienda → Contacto general."
"7. Digital Waiver Confirmation Email (Art. 11a(4))","7. Correo de confirmación de renuncia al contenido digital (art. 11 bis, apdo. 4)"
"Durable-medium copy of the customer's Art. 16(m) waiver, sent immediately after checkout when a digital item is in cart. Required by Art. 11a(4) Directive 2011/83/EU — keeps a tamper-evident record of the legal text the customer accepted.","Copia en soporte duradero de la renuncia del cliente conforme al art. 16, letra m, enviada inmediatamente tras el pago cuando hay un artículo digital en el carrito. Exigida por el art. 11 bis, apdo. 4, Directiva 2011/83/UE — conserva un registro a prueba de manipulaciones del texto legal que el cliente aceptó, junto con el hash SHA-256 para la verificación de la cadena de hashes."
"Comma-separated. Receives a copy of every confirmation for audit purposes.","Separado por comas. Recibe una copia de cada confirmación con fines de auditoría."
"Branding (Shared by All Emails Above)","Identidad de marca (compartida por todos los correos anteriores)"
"Optional decoration of the customer-facing emails. Empty fields hide their respective rows. Brand wordmark, logo, support email, and store address are read from the standard Magento configuration tree (Stores → Configuration → General + Design → Transactional Emails).","Decoración opcional de los correos al cliente. Los campos vacíos ocultan sus respectivas filas. El logotipo textual, el logotipo, el correo de soporte y la dirección de la tienda se leen del árbol de configuración estándar de Magento (Tiendas → Configuración → General + Diseño → Correos transaccionales)."
"USP Strip — Item 1","Banda USP — elemento 1"
"Icon","Icono"
"Title","Título"
"Subtitle","Subtítulo"
"USP Strip — Item 2","Banda USP — elemento 2"
"USP Strip — Item 3","Banda USP — elemento 3"
"Social Links","Enlaces de redes sociales"
"Instagram URL","URL de Instagram"
"X / Twitter URL","URL de X / Twitter"
"Facebook URL","URL de Facebook"
"YouTube URL","URL de YouTube"
"Order #","Pedido #"
"Contract","Contrato"
"Submitter","Remitente"
"Withdrawal submitted","Desistimiento enviado"
"Right of Withdrawal — Required Information","Derecho de desistimiento — Información obligatoria"
"Before placing your order, please review the conditions, time limit, and procedures for exercising your 14-day right of withdrawal. This information forms part of your contract.","Antes de realizar su pedido, revise las condiciones, el plazo y los procedimientos para ejercer su derecho de desistimiento de 14 días. Esta información forma parte de su contrato."
"Conditions, Time Limit and Procedures for Withdrawal","Condiciones, plazo y procedimientos para el desistimiento"
"Start Online Return","Iniciar devolución online"
"Download Model Withdrawal Form (Annex I(B))","Descargar modelo de formulario de desistimiento (Anexo I(B))"
"Withdrawal Information v%1 — Issued %2","Información de desistimiento v%1 — emitido el %2"
"You'll receive a prepaid shipping label in the confirmation email.","Recibirá una etiqueta de envío prepagada en el correo de confirmación."
"← Back to order search","← Volver a la búsqueda de pedidos"
"← Back to items","← Volver a los artículos"
"Find order","Buscar pedido"
"Enter your order number and email","Introduzca el número de pedido y el correo electrónico"
"Select items","Seleccionar artículos"
"Choose items to return (partial withdrawal)","Elija los artículos a devolver (desistimiento parcial)"
"Review & confirm","Revisar y confirmar"
"Review your return details and confirm","Revise los detalles de su devolución y confirme"
"Request submitted","Solicitud enviada"
"We'll confirm your request by email","Confirmaremos su solicitud por correo electrónico"
"I expressly consent to begin performance of the digital content before the withdrawal period expires.","Consiento expresamente el inicio de la ejecución del contenido digital antes de que expire el plazo de desistimiento."
"I acknowledge that by giving this consent I lose my right of withdrawal once performance has begun (Art. 16(m) CRD).","Reconozco que, al prestar este consentimiento, pierdo mi derecho de desistimiento una vez iniciada la ejecución (art. 16(m) DDC)."
"Withdrawals","Desistimientos"
"Minimum %1 characters required.","Se requieren mínimo %1 caracteres."
"Failed to add note.","No se pudo añadir la nota."
"Network error while adding note.","Error de red al añadir la nota."
"Exported Evidence","Evidencia exportada"
"Pending Confirm","Pendiente de confirmar"
"Sent","Enviado"
"Failed Permanent","Fallo permanente"
"Failed Retry","Fallo reintentable"
"Eligible","Elegible"
"Excluded","Excluido"
"Action","Acción"
"From","De"
"To","A"
"Admin Id","ID de admin."
"Order Id","ID de pedido"
"Request Id","ID de solicitud"
"Item Count","Número de artículos"
"Rules Fired","Reglas aplicadas"
"Topic","Tema"
"Message Id","ID de mensaje"
"Email To Hash","Hash de correo"
"Attempts","Intentos"
"Viewed At","Visto el"
"Referrer Host","Host de referencia"
"Optional legal template — not required to use; you can also exercise the right of withdrawal by any unequivocal statement.","Plantilla legal opcional — su uso no es obligatorio; también puede ejercer el derecho de desistimiento mediante cualquier declaración inequívoca."
"Right of withdrawal","Derecho de desistimiento"
"You have 14 days from the day you receive your order to withdraw without giving any reason — full refund to your original payment method.","Dispone de 14 días desde la recepción del pedido para desistir sin necesidad de justificación — reembolso íntegro a su método de pago original."
"Some items may be excluded by law (perishable goods, custom-made items, sealed hygiene or audio/video products). We'll show you exactly what's eligible on the next page.","Algunos artículos pueden estar excluidos por ley (bienes perecederos, artículos confeccionados a medida, productos de higiene precintados o de audio/vídeo). Le mostraremos exactamente qué es elegible en la página siguiente."
"Direct link — no login or account password required.","Enlace directo — no requiere inicio de sesión ni contraseña de cuenta."
"Art. 16(m) CRD exclusion — digital content where the customer has (1) given express prior consent to begin performance and (2) acknowledged that they lose the withdrawal right. Two switches: the <em>Detection</em> subgroup decides what counts as digital (master switch), the <em>Checkout step + Email</em> subgroup renders the 2-checkbox waiver UX and dispatches the confirmation email. Both must be ON for the feature to work end-to-end. Use this only for <strong>one-time digital purchases</strong> (ebooks, software installers, music files, games). Do <strong>not</strong> enable it for ongoing digital <strong>subscriptions or services</strong> (SaaS, streaming, hosted software) — EU case law (CJEU Sky, C-641/19) requires a different consent flow for those.","Art. 16(m) CRD exclusion — digital content where the customer has (1) given express prior consent to begin performance and (2) acknowledged that they lose the withdrawal right. Two switches: the <em>Detection</em> subgroup decides what counts as digital (master switch), the <em>Checkout step + Email</em> subgroup renders the 2-checkbox waiver UX and dispatches the confirmation email. Both must be ON for the feature to work end-to-end. Use this only for <strong>one-time digital purchases</strong> (ebooks, software installers, music files, games). Do <strong>not</strong> enable it for ongoing digital <strong>subscriptions or services</strong> (SaaS, streaming, hosted software) — EU case law (CJEU Sky, C-641/19) requires a different consent flow for those."
"Customer-facing UX for the withdrawal flow. Subgroups: <em>Buttons</em> (legal-critical labels), <em>Placements</em> (where to surface the link), <em>Return Reasons</em> (per-item dropdown), <em>Review Step</em> (content on step 3 of the flow).","UX para el cliente en el flujo de desistimiento. Subgrupos: <em>Botones</em> (etiquetas con relevancia jurídica), <em>Ubicaciones</em> (dónde mostrar el enlace), <em>Motivos de devolución</em> (desplegable por artículo), <em>Paso de revisión</em> (contenido del paso 3 del flujo)."
"Disable only if you deliver the durable-medium confirmation through a different channel.","Desactive solo si entrega la confirmación en soporte duradero por otro canal."
"Disable only if you deliver the receipt through a different durable medium (postal mail, customer account download, etc.).","Desactive solo si entrega el recibo por otro soporte duradero (correo postal, descarga en la cuenta del cliente, etc.)."
"Empty fields fall through to the locale baseline. Any override value becomes part of the SHA-256 hash stored per consent event — changing a field after customers have consented does <strong>not</strong> retroactively invalidate prior consents.","Los campos vacíos recurren a la línea base en the locale baseline para la configuración regional/jurisdicción. Cualquier valor de sustitución forma parte del hash SHA-256 almacenado por cada evento de consentimiento; cambiar un campo después de que los clientes hayan consentido <strong>no</strong> invalida retroactivamente los consentimientos anteriores."
"Mandatory pre-contractual disclosure of the right of withdrawal. Displayed on the checkout payment step. Each display is logged forensically (Art. 10 defence). Snapshot of the rendered text is stored immutably (Art. 6(5)). <strong>Counsel review recommended before customising any Annex I text.</strong>","Información precontractual obligatoria del derecho de desistimiento. Se muestra en el paso de pago del checkout. Cada visualización se registra forensicamente (defensa según el art. 10). Una instantánea del texto renderizado se almacena de forma inmutable (art. 6.5). <strong>Se recomienda revisión jurídica antes de personalizar cualquier texto del Anexo I.</strong>"
"Off = block hidden but display events still recorded server-side via predispatch fallback. Use only for sandbox testing. Default: on.","Desactivado = bloque oculto, pero los eventos de visualización siguen registrándose en el servidor mediante el respaldo predispatch. Use solo para pruebas en sandbox. Predeterminado: activado."
"Optional URLs rendered as round monogram badges in the email footer. Leave blank to hide.","URLs opcionales mostradas como insignias circulares de monograma en el pie del correo. Deje en blanco para ocultar."
"Sent when a customer cancels their own pending withdrawal.","Se envía cuando un cliente cancela su propio desistimiento pendiente."
"Sent when a customer completes the withdrawal form.","Se envía cuando un cliente completa el formulario de desistimiento."
"Sent when an admin approves a withdrawal request.","Se envía cuando un administrador aprueba una solicitud de desistimiento."
"Sent when an admin cancels a withdrawal request on the customer's behalf.","Se envía cuando un administrador cancela una solicitud de desistimiento en nombre del cliente."
"Sent when an admin denies a withdrawal request.","Se envía cuando un administrador deniega una solicitud de desistimiento."
"These presets exclude specific product categories from the 14-day withdrawal right, per Art. 16 CRD. Each rule is OFF by default — enable only after confirming the corresponding product attribute is set correctly on your catalog.","Estos preajustes excluyen determinadas categorías de productos del derecho de desistimiento de 14 días, conforme al art. 16 CRD. Cada regla está DESACTIVADA por defecto — actívela solo tras confirmar que el atributo de producto correspondiente está configurado correctamente en su catálogo."
"e.g. ""EU orders above €50""","p. ej. «Pedidos UE superiores a 50 €»"
"e.g. ""Free delivery""","p. ej. «Envío gratuito»"
"Qty: ","Cant.: "
"Submission failed. Please try again.","El envío falló. Por favor, inténtelo de nuevo."
"Network error. Please try again.","Error de red. Por favor, inténtelo de nuevo."
"Invalid server response.","Respuesta del servidor no válida."
"Admin Notifications","Notificaciones del administrador"
"Internal alerts to your team. Independent of the per-email <em>BCC Merchant</em> checkboxes under <em>Customer Notifications</em> below — if you enable both, you will receive two emails per request.","Avisos internos para tu equipo. Independientes de las casillas <em>BCC al comerciante</em> en <em>Notificaciones del cliente</em> a continuación — si activas ambas, recibirás dos correos por solicitud."
"1. New Request Alert","1. Aviso de nueva solicitud"
"Sent the moment a customer completes the two-step withdrawal flow.","Se envía en el momento en que un cliente completa el flujo de desistimiento en dos pasos."
"Recipient Email(s)","Correo(s) del destinatario"
"BCC","CCO"
"New Withdrawal Request","Nueva solicitud de desistimiento"
"A new withdrawal request was just submitted.","Se acaba de enviar una nueva solicitud de desistimiento."
"Request:","Solicitud:"
"Order:","Pedido:"
"Customer:","Cliente:"
"Refund Total:","Reembolso total:"
"[Withdrawal] New request %request_increment_id · Order #%order_increment_id · %refund_total","[Desistimiento] Nueva solicitud %request_increment_id · Pedido #%order_increment_id · %refund_total"
"Anonymised","Anonimizado"
"Audit","Auditoría"
"Cancel Order","Cancelar pedido"
"Confirmation Email (Art. 11a(4))","Correo de confirmación (Art. 11a(4))"
"Detection (Art. 16(m))","Detección (Art. 16(m))"
"Digital Waiver (Art. 16(m))","Renuncia digital (Art. 16(m))"
"Email Identity","Identidad del remitente"
"ID","ID"
"Integrity hash","Hash de integridad"
"Pre-Contract Proof","Prueba precontractual"
"Verify this receipt","Verificar este recibo"
"Withdrawal Window","Plazo de desistimiento"
"This SHA-256 hash uniquely identifies your withdrawal record. Verify it at any time using the button above.","Este hash SHA-256 identifica de forma única tu registro de desistimiento. Puedes verificarlo en cualquier momento con el botón de arriba."
"Digital content waiver confirmation — Order %increment_id","Confirmación de renuncia a contenido digital — Pedido %increment_id"
"Comma-separated. Each recipient receives a separate email rendered in their own admin locale (looked up via the admin user's interface_locale; fallback to general/locale/code). Invalid addresses dropped silently.","Separados por comas. Cada destinatario recibe un correo separado renderizado en su propia configuración regional de administrador (resuelto vía interface_locale del usuario administrador; respaldo — general/locale/code). Las direcciones no válidas se descartan silenciosamente."
"Art. 16(m) CRD digital-content detection. Determines what counts as digital content for eligibility purposes. The actual checkout-step waiver UI and email lives in the next section ""Digital Waiver"".","Detección de contenido digital según Art. 16(m) DDC. Determina qué cuenta como contenido digital para la elegibilidad. La interfaz de renuncia en el checkout y el correo están en la siguiente sección «Renuncia digital»."
"Art. 16(m) CRD exclusion — digital content where the customer has (1) given express prior consent to begin performance and (2) acknowledged that they lose the withdrawal right. Two switches control this feature end-to-end: the <em>Detection</em> subgroup under <em>Eligibility Rules</em> decides what counts as digital (master switch); this section renders the 2-checkbox waiver UX at checkout and dispatches the Art. 11a(4) confirmation email. Both must be ON for the feature to work end-to-end. Per-locale text overrides below. Use this only for <strong>one-time digital purchases</strong> (ebooks, software installers, music files, games). Do <strong>not</strong> enable it for ongoing digital <strong>subscriptions or services</strong> (SaaS, streaming, hosted software) — EU case law (CJEU Sky, C-641/19) requires a different consent flow for those.","Exclusión Art. 16(m) DDC — contenido digital donde el cliente (1) ha dado consentimiento expreso previo para iniciar la prestación y (2) ha reconocido la pérdida del derecho de desistimiento. Dos interruptores controlan la función: el subgrupo <em>Detección</em> en <em>Reglas de elegibilidad</em> decide qué es digital (interruptor maestro); esta sección renderiza la UI con 2 casillas en el checkout y envía el correo de confirmación del Art. 11a(4). Ambos deben estar ACTIVADOS. Anulaciones de texto por idioma abajo. Úsalo solo para <strong>compras digitales únicas</strong> (libros electrónicos, instaladores, archivos musicales, juegos). <strong>No</strong> lo actives para <strong>suscripciones o servicios</strong> digitales continuos (SaaS, streaming, software alojado) — la jurisprudencia europea (CJEU Sky, C-641/19) exige otro flujo de consentimiento."
"Defines <strong>when</strong> the 14-day withdrawal right starts running (the delivery trigger, Art. 9(2)(b)) and <strong>how long</strong> it lasts in days (Art. 9(2)). Together these control the period each order's withdrawal is open.","Define <strong>cuándo</strong> comienza el plazo de 14 días de desistimiento (disparador de entrega, Art. 9(2)(b)) y <strong>cuánto</strong> dura en días (Art. 9(2)). Juntos controlan el periodo en el que cada pedido está abierto al desistimiento."
"Default 14 days per Art. 9(2). Extension allowed (e.g. 30, 100). Reduction below 14 is illegal — the field validates 14-3650 only.","Valor predeterminado de 14 días según Art. 9(2). Se permite ampliación (por ejemplo, 30, 100). La reducción por debajo de 14 es ilegal — el campo solo valida 14-3650."
"When on, carts that contain a detected digital item render the 2-checkbox waiver step at checkout. Has no effect unless <em>Eligibility Rules → Detection → Enable Digital Content Detection</em> is also on.","Cuando está activado, los carritos con un artículo digital detectado renderizan el paso de renuncia de 2 casillas en el checkout. No tiene efecto a menos que <em>Reglas de elegibilidad → Detección → Activar detección de contenido digital</em> también esté activado."
"Optional. Comma-separated. Blind-copies the waiver-confirmation email to a merchant audit address. Leave blank to skip.","Opcional. Separado por comas. Envía una copia oculta del correo de confirmación de renuncia a una dirección de auditoría del comerciante. Deja en blanco para omitir."
"<strong>⚠ Legal warning.</strong> Art. 11a(2) CRD requires the literal text ""withdraw from contract here"" <em>or a corresponding unambiguous formulation</em>. The default value (""Withdraw from contract here"") is the Directive's verbatim phrase; Per-locale translations are counsel-signed. <strong>Do not override unless you have received written advice from qualified consumer-law counsel in the target jurisdiction.</strong> Every override is recorded in the audit log.","<strong>⚠ Advertencia legal.</strong> El Art. 11a(2) DDC exige el texto literal «desistir del contrato aquí» <em>o una formulación equivalentemente inequívoca</em>. El valor predeterminado («Desistir del contrato aquí») es la frase literal de la Directiva; Las traducciones por idioma están firmadas por asesor jurídico. <strong>No anules a menos que hayas recibido asesoramiento escrito de un abogado de derecho del consumo cualificado en la jurisdicción correspondiente.</strong> Cada anulación se registra en el log de auditoría."
"<strong>⚠ Legal warning.</strong> This is the label on the final confirmation button. Default (""Confirm withdrawal"") is counsel-signed; Per-locale translations are counsel-signed. Override only with written legal advice; overrides are audit-logged.","<strong>⚠ Advertencia legal.</strong> Es la etiqueta del botón de confirmación final. El valor por defecto («Confirmar desistimiento») está firmado por asesor jurídico; Las traducciones por idioma están firmadas por asesor jurídico. Anula solo con asesoramiento legal por escrito; las anulaciones se registran en el log de auditoría."
"Cancel the linked order? No payment has been captured, so there is nothing to refund — the order will be cancelled in Magento.","¿Cancelar el pedido vinculado? No se ha capturado ningún pago, por lo que no hay nada que reembolsar — el pedido se cancelará en Magento."
"Scope & Applicability","Alcance y aplicabilidad"
"Controls in which markets the self-service withdrawal flow is offered. These are merchant business decisions, not legal exclusions — an EU consumer's statutory right of withdrawal does not depend on them, and declarations received by other means (email, letter) must still be honoured manually.","Controla en qué mercados se ofrece el flujo de desistimiento de autoservicio. Son decisiones comerciales del comerciante, no exclusiones legales — el derecho de desistimiento legal de un consumidor de la UE no depende de ellas, y los desistimientos recibidos por otros medios (correo electrónico, carta) deben atenderse igualmente de forma manual."
"Restrict by Country","Restringir por país"
"Offers the self-service withdrawal flow only for orders whose billing <strong>or</strong> shipping address is in the selected countries. <strong>Legal note:</strong> this restricts the storefront flow only — an EU consumer's statutory right of withdrawal does not depend on the address, and withdrawal declarations received by other means (email, letter) must still be honoured manually. Default: disabled.","Ofrece el flujo de desistimiento de autoservicio solo para los pedidos cuya dirección de facturación <strong>o</strong> de envío se encuentre en los países seleccionados. <strong>Nota legal:</strong> esto restringe únicamente el flujo en la tienda — el derecho de desistimiento legal de un consumidor de la UE no depende de la dirección, y los desistimientos recibidos por otros medios (correo electrónico, carta) deben atenderse igualmente de forma manual. Predeterminado: desactivado."
"Offer Withdrawal For Countries","Ofrecer desistimiento para los países"
"Preselected: EU-27 plus EEA (Norway, Iceland, Liechtenstein). Add the United Kingdom manually if you target UK consumers (separate national regime with a comparable 14-day right). If you clear this list, the restriction has no effect and the flow stays available to every customer.","Preseleccionados: UE-27 más EEE (Noruega, Islandia, Liechtenstein). Añada el Reino Unido manualmente si se dirige a consumidores del Reino Unido (régimen nacional independiente con un derecho de 14 días comparable). Si vacía esta lista, la restricción no surte efecto y el proceso permanece disponible para todos los clientes."
"Custom-made to your specifications","Fabricado según sus especificaciones"
"Perishable goods","Bienes perecederos"
"Sealed hygiene item — seal broken","Artículo de higiene precintado — precinto roto"
"Sealed audio/video — seal broken","Audio/vídeo precintado — precinto roto"
"Newspapers, periodicals, magazines","Periódicos, publicaciones periódicas, revistas"
"Accommodation / event on specific date","Alojamiento / evento en una fecha determinada"
"Digital content — right waived at purchase","Contenido digital — derecho renunciado en la compra"
"Withdrawal period has expired","El plazo de desistimiento ha expirado"
"Already withdrawn in a prior request","Ya desistido en una solicitud anterior"
"A draft withdrawal is holding this item. Confirm it via the email we sent, or cancel it in the 'Existing withdrawals' section above.","Un borrador de desistimiento retiene este artículo. Confírmelo mediante el correo electrónico que le enviamos o cancélelo en la sección «Desistimientos existentes» de arriba."
