"View Credit Memo","Vaata kreeditarvet"
"Issue Credit Memo","Väljasta kreeditarve"
"Approve","Kinnita"
"Approve this withdrawal request?","Kinnitada see taganemistaotlus?"
"Deny","Keeldu"
"Legal reason for denial (min 10 chars):","Õiguslik põhjus keeldumiseks (min 10 tähemärki):"
"Cancel Request","Tühista taotlus"
"Cancel this withdrawal? Add an optional note for the customer (visible in their cancellation email):","Tühistada see taganemine? Lisage kliendile valikuline märkus (nähtav tema tühistamise e-kirjas):"
"Resend Receipt","Saada kviitung uuesti"
"Send the receipt email again? The customer will receive another copy.","Saata kviitungi e-kiri uuesti? Klient saab veel ühe koopia."
"Withdrawal Request #%1","Taganemistaotlus #%1"
"Request Details","Taotluse andmed"
"Information","Teave"
"Reason for Denial","Keeldumise põhjus"
"Customer Cancellation Note","Kliendi tühistusmärkus"
"Cancellation Note","Tühistusmärkus"
"Status-Change Note","Olekumuutuse märkus"
"Code","Kood"
"Label","Silt"
"Add Reason","Lisa põhjus"
"In progress","Käimas"
"Refund issued","Tagasimakse väljastatud"
"Denied","Keeldutud"
"Cancelled","Tühistatud"
"Pending","Ootel"
"This is a transactional email about your order.","See on tehinguga seotud e-kiri teie tellimuse kohta."
"Reason for denial","Keeldumise põhjus"
"Your cancellation note","Sinu tühistusmärkus"
"Note from our team","Märkus meie meeskonnalt"
"EU right of withdrawal","EL-i taganemisõigus"
"Withdrawal right pending delivery","Taganemisõigus ootab kohaletoimetamist"
"Withdrawal window has ended","Taganemise tähtaeg möödunud"
"Not eligible for withdrawal","Taganemine ei ole võimalik"
"Withdrawal already requested","Taganemistaotlus on juba esitatud"
"You can withdraw from this contract any time — the %1-day deadline begins counting once the order is delivered.","Sellest lepingust saate taganeda igal ajal — %1-päevane tähtaeg hakkab kulgema alates tellimuse kohaletoimetamisest."
"Your %1-day withdrawal window will begin once this order is delivered.","Teie %1-päevane taganemisaken algab pärast selle tellimuse kohaletoimetamist."
"The %1-day window for withdrawing from this contract has ended.","Sellest lepingust taganemise %1-päevane tähtaeg on lõppenud."
"This order is not eligible for withdrawal under EU consumer law (Art. 16 Directive 2011/83/EU).","See tellimus ei kuulu EL tarbijaõiguse alusel taganemisele (art. 16 direktiiv 2011/83/EL)."
"A withdrawal request for this order has been submitted. See the request details below.","Selle tellimuse kohta on esitatud taganemistaotlus. Vaadake taotluse üksikasju allpool."
"This order contains a perishable item that cannot be returned (food with short shelf life, fresh flowers, etc.).","See tellimus sisaldab kiiresti riknevat kaupa, mida ei saa tagastada (lühikese säilivusajaga toit, värsked lilled jms)."
"This order contains a custom-made or personalised item that cannot be returned.","See tellimus sisaldab tellimustööna valmistatud või isikupärastatud toodet, mida ei saa tagastada."
"This order contains a sealed hygiene item. You keep the right of withdrawal only while the seal stays intact — once unsealed after delivery, the right is lost.","See tellimus sisaldab pitseeritud hügieenitoodet. Taganemisõigus säilib ainult seni, kuni pitser on terve — pärast kohaletoimetamist pitseri avamisel see õigus kaob."
"This order contains a sealed audio / video / software item. You keep the right of withdrawal only while the seal stays intact — once unsealed after delivery, the right is lost.","See tellimus sisaldab pitseeritud heli- / video- / tarkvaratoodet. Taganemisõigus säilib ainult seni, kuni pitser on terve — pärast kohaletoimetamist pitseri avamisel see õigus kaob."
"This order contains digital content. Once you start using or downloading the content, you lose the right of withdrawal (you consented to this at checkout).","See tellimus sisaldab digitaalset sisu. Kui alustate sisu kasutamist või allalaadimist, kaotate taganemisõiguse (andsite sellele kassas nõusoleku)."
"%1 item(s) · Refund %2","%1 toode/toodet · Tagasimakse %2"
"Awaiting confirmation","Ootab kinnitust"
"Cancel withdrawal %1? Your refund will not be processed.","Tühistada taganemine %1? Teie tagasimakset ei töödelda."
"Submitted","Esitatud"
"Approved","Kinnitatud"
"Fully returned","Täielikult tagastatud"
"Return requested","Tagastust taotletud"
"Not eligible","Mittevastav"
"Partially requested","Osaliselt taotletud"
"— Select a reason —","— Valige põhjus —"
"Other","Muu"
"The refund will be issued using your original payment method within 5-7 business days after we receive your return.","Raha tagastatakse algse maksemeetodiga 5–7 tööpäeva jooksul pärast tagastatud kauba saamist."
"Withdrawal right lost (Art. 16(m) CRD) — digital performance started on %1.","Taganemisõigus kaotatud (art. 16(m) tarbija õiguste direktiiv) — digitaalse sisu täitmine algas %1."
"Request #%1 not found.","Taotlust #%1 ei leitud."
"Receipt email re-queued for request #%1. Delivery will retry asynchronously.","Kviitungi e-kiri pandi taotluse #%1 jaoks uuesti järjekorda. Kohaletoimetamist proovitakse asünkroonselt uuesti."
"Failed to queue receipt resend: %1","Kviitungi taas-saatmise järjekorda lisamine ebaõnnestus: %1"
"Note text is empty.","Märkuse tekst on tühi."
"Note added to request #%1.","Märkus lisatud taotlusele #%1."
"Request #%1 approved.","Taotlus #%1 kinnitatud."
"Request #%1 cancelled.","Taotlus #%1 tühistatud."
"Request #%1 denied.","Taotlusest #%1 keelduti."
"Invalid request id.","Vigane taotluse ID."
"Unable to open temporary file for CSV export.","CSV-eksportimiseks ei õnnestu ajutist faili avada."
"Withdrawal Requests","Taganemistaotlused"
"%1 requests queued for acceptance.","%1 taotlust pandi kinnitamiseks järjekorda."
"%1 request(s) approved.","%1 taotlus(t) kinnitatud."
"%1 request(s) failed. First errors: %2","%1 taotlus(t) ebaõnnestus. Esimesed vead: %2"
"Note added to %1 request(s).","Märkus lisatud %1 taotlusele."
"Underlying order #%1 not found.","Alustellimust #%1 ei leitud."
"Order #%1 has no invoice yet — Magento requires an invoice before a credit memo can be created. Open an invoice first (Sales → Orders → #%1 → Invoice button), then return here to refund.","Tellimusel #%1 puudub veel arve — Magento nõuab arve olemasolu, enne kui saab luua kreeditarve. Avage esmalt arve (Sales → Orders → #%1 → Invoice nupp) ja seejärel naaske siia tagasimakseks."
"No items recorded on this withdrawal request — the credit memo will open with default invoice qtys; please adjust manually.","Sellele taganemistaotlusele pole tooteid registreeritud — kreeditarve avaneb arve vaikekogustega; palun reguleerige need käsitsi."
"Pre-filled credit memo for withdrawal #%1 — review the qtys + shipping refund below, then click Refund Online or Refund Offline.","Eeltäidetud kreeditarve taganemise #%1 jaoks — vaadake allolevad kogused ja saatekulu tagasimakse üle ning seejärel klõpsake Refund Online või Refund Offline."
"Some items are no longer eligible. Please reload and try again.","Mõned esemed ei ole enam sobivad. Palun laadige leht uuesti ja proovige uuesti."
"We could not process your request. Please try again.","Teie taotlust ei õnnestunud töödelda. Palun proovige uuesti."
"Item","Ese"
"We could not find a matching order for that email.","Selle e-posti aadressi jaoks sobivat tellimust ei leitud."
"Withdraw from a contract","Tagane lepingust"
"Withdrawal not found.","Taganemist ei leitud."
"This withdrawal can no longer be cancelled online. Contact us if you need help.","Seda taganemist ei saa enam veebi kaudu tühistada. Võtke vajadusel meiega ühendust."
"Withdrawal #%1 cancelled.","Taganemine #%1 tühistatud."
"Please fill in all required fields.","Palun täitke kõik kohustuslikud väljad."
"%1 item(s) were excluded from the withdrawal because the seal is broken (Art. 16(e)/(i) Directive 2011/83/EU).","%1 ese(t) jäeti taganemisest välja, kuna pitser on katki (art. 16(e)/(i) direktiiv 2011/83/EL)."
"Please select at least one item to withdraw.","Palun valige taganemiseks vähemalt üks ese."
"One or more items are no longer available for withdrawal. Please refresh and try again.","Üks või mitu eset ei ole enam taganemiseks saadaval. Palun värskendage lehte ja proovige uuesti."
"None of the selected items are eligible for withdrawal.","Ükski valitud esemetest ei kuulu taganemisele."
"Hash mismatch for quote item %1","Räsi mittevastavus pakkumise toote %1 puhul"
"Requested qty %1 exceeds remaining %2 for order item %3","Taotletud kogus %1 ületab tellimuse toote %3 järelejäänud kogust %2"
"No delivery confirmation recorded for this order yet.","Selle tellimuse kohta ei ole veel tarne kinnitust registreeritud."
"No eligible items selected for withdrawal","Taganemiseks ei ole valitud ühtegi sobivat eset"
"Physical goods","Füüsilised kaubad"
"Digital content (non-tangible)","Digitaalne sisu (mittemateriaalne)"
"Digital service (SaaS / subscription)","Digiteenus (SaaS / tellimus)"
"Financial services (not supported)","Finantsteenused (ei toetata)"
"Downloadable products","Allalaaditavad tooted"
"Virtual products","Virtuaalsed tooted"
"Bundles containing digital children","Komplektid, mis sisaldavad digitaalseid alamtooteid"
"Custom attribute flag","Kohandatud atribuudi lipp"
"locale_inheritance.xml missing at %1","locale_inheritance.xml puudub asukohas %1"
"locale_inheritance.xml unreadable at %1","locale_inheritance.xml ei ole loetav asukohas %1"
"locale_inheritance.xml failed XSD validation: %1","locale_inheritance.xml ei läbinud XSD-valideerimist: %1"
"Original payment method","Algne maksemeetod"
"This is your durable-medium receipt for the withdrawal (Art. 11a(4) Directive 2011/83/EU).","See on teie taganemise tõend püsival andmekandjal (art. 11a(4) direktiiv 2011/83/EL)."
"This email is a notification about your withdrawal request.","See e-kiri on teavitus teie taganemistaotluse kohta."
"5–7 business days","5–7 tööpäeva"
"This is a confirmation that your withdrawal request has been recorded.","See on kinnitus, et teie taganemistaotlus on registreeritud."
"MageMe EU Withdrawal is installed but not enabled. Review the compliance checklist and configure the module before enabling: <a href=""%1"">Stores → Configuration → MageMe Extensions → EU Withdrawal</a>.","MageMe EU Withdrawal on paigaldatud, kuid pole lubatud. Enne lubamist vaadake üle vastavuse kontrollnimekiri ja seadistage moodul: <a href=""%1"">Stores → Configuration → MageMe Extensions → EU Withdrawal</a>."
"Delivery confirmation status is not configured. Set Stores → Configuration → MageMe Extensions → EU Withdrawal → Withdrawal Period → Delivery Confirmation Statuses.","Tarne kinnitamise olek ei ole seadistatud. Määrake Stores → Configuration → MageMe Extensions → EU Withdrawal → Withdrawal Period → Delivery Confirmation Statuses."
"No Annex I source found for locale %1 along chain %2","Lokaadi %1 jaoks ei leitud I lisa allikat ahelas %2"
"Annex I source for locale %1 is malformed","Lokaadi %1 I lisa allikas on vigane"
"Missing merchant variables for Annex I rendering: %1","Puuduvad kaupleja muutujad I lisa renderdamiseks: %1"
"Receipt hash mismatch for request %1","Kviitungi räsi mittevastavus taotluse %1 puhul"
"Request %1 not found.","Taotlust %1 ei leitud."
"Denying a withdrawal request requires a legal basis of at least 10 characters.","Taganemistaotlusest keeldumine nõuab vähemalt 10-tähemärgilist õiguslikku alust."
"Withdrawal request cannot transition from ""%1"" to ""%2"".","Taganemistaotlus ei saa minna olekust „%1“ olekusse „%2“."
"Request %1 is not in pending_confirm state.","Taotlus %1 ei ole olekus pending_confirm."
"Withdrawal request #%1 does not exist.","Taganemistaotlust #%1 ei eksisteeri."
"No digital items on order %1","Tellimusel %1 ei ole digitaalseid esemeid"
"This is your durable-medium copy of the waiver you signed at checkout (Art. 11a(4) Directive 2011/83/EU).","See on teie kassas allkirjastatud loobumise koopia püsival andmekandjal (art. 11a(4) direktiiv 2011/83/EL)."
"Waived","Loobutud"
"Waiver email render failed: %1","Loobumise e-kirja renderdamine ebaõnnestus: %1"
"Digital content waiver text has changed — please reload checkout.","Digisisu loobumise tekst on muutunud — palun laadige kassa uuesti."
"Digital content waiver is incomplete for item %1.","Digisisu loobumine on toote %1 jaoks puudulik."
"bad","halb"
"smtp down","smtp down"
"smtp","smtp"
"down","maas"
"No shipment found for order 42.","Tellimusele 42 ei leitud saadetist."
"View","Vaata"
"Withdrawal & Customer Information","Taganemise ja kliendi andmed"
"Request # %1","Taotlus # %1"
"Request Status","Taotluse olek"
"Submitted At","Esitatud"
"Related Order","Seotud tellimus"
"Jurisdiction","Jurisdiktsioon"
"Contract Type","Lepingu tüüp"
"Receipt Status","Kviitungi olek"
"%1 attempt(s)","%1 katse(t)"
"Receipt Error","Kviitungi viga"
"Customer Information","Kliendi andmed"
"Customer Name","Kliendi nimi"
"Email","E-post"
"Locale","Keel"
"Items Selected for Withdrawal","Taganemiseks valitud esemed"
"Product","Toode"
"Price","Hind"
"Qty","Kogus"
"Subtotal","Vahesumma"
"Refund","Tagasimakse"
"Reason","Põhjus"
"Eligibility","Sobivus"
"No items associated with this request.","Selle taotlusega pole ühtegi eset seotud."
"SKU","SKU"
"Ordered","Tellitud"
"Withdrawing","Taganemisel"
"Refund Total","Tagastus kokku"
"Notes for this Request","Selle taotluse märkused"
"Internal notes — visible to admin staff only. Not sent to the customer.","Sisemised märkused — nähtavad ainult haldustöötajatele. Kliendile ei saadeta."
"Comment","Kommentaar"
"Add internal note (max 2000 chars)","Lisa sisemine märkus (kuni 2000 tähemärki)"
"Submit Comment","Saada kommentaar"
"No comments added yet.","Kommentaare pole veel lisatud."
" by %1"," — %1"
"Refund Totals","Tagasimakse kokkuvõte"
"Items Subtotal","Toodete vahesumma"
"Shipping Refund","Saatekulu tagasimakse"
"Total Refund","Tagasimakse kokku"
"Changes have been made to this section that have not been saved.","Selles jaotises on tehtud muudatusi, mida pole salvestatud."
"This tab contains invalid data. Please resolve this before saving.","See vahekaart sisaldab vigaseid andmeid. Palun parandage see enne salvestamist."
"Contact us","Võtke ühendust"
"Returns","Tagastused"
"FAQs","KKK"
"All rights reserved.","Kõik õigused kaitstud."
"Returned items","Tagastatud tooted"
"No image","Pildita"
"Item status","Toote olek"
"Withdrawal options for this order","Selle tellimuse taganemisvõimalused"
"You can return this order until %1.","Saate selle tellimuse tagastada kuni %1."
"(Art. 11a Directive 2011/83/EU)","(art. 11a direktiiv 2011/83/EL)"
"Submit a withdrawal request to start the refund process.","Esitage taganemistaotlus, et alustada tagasimakse menetlust."
"(Art. 9(2)(b) Directive 2011/83/EU)","(art. 9(2)(b) direktiiv 2011/83/EL)"
"Start withdrawal","Alusta taganemist"
"Your withdrawal requests","Teie taganemistaotlused"
"Submitted %1","Esitatud %1"
"Show items","Kuva tooteid"
"Cancel withdrawal","Tühista taganemine"
"Qty %1","Kogus %1"
"Receipt details","Tõendi üksikasjad"
"Receipt number","Kviitungi number"
"Order number","Tellimuse number"
"Consumer","Tarbija"
"Refund total","Tagasimakse kokku"
"Merchant","Müüja"
"Legal basis","Õiguslik alus"
"SKU %1","SKU %1"
"Shipping refund","Saatekulu tagasimakse"
"Tax refund","Maksu tagasimakse"
"Total refund","Kogu tagasimakse"
"Digital content — Art. 16(m) notice","Digitaalne sisu — art. 16(m) teade"
"By placing the order you agreed to begin performance of the digital content before the end of the withdrawal period and acknowledged that, once performance has begun, the right of withdrawal no longer applies. This notice is shown for your records.","Tellimust esitades nõustusite alustama digitaalse sisu täitmist enne taganemistähtaja lõppu ja kinnitasite, et pärast täitmise alustamist taganemisõigus enam ei kehti. See teade on kuvatud teie andmestiku jaoks."
"Existing withdrawals for this order","Selle tellimuse senised taganemised"
"You can cancel a withdrawal here until it is approved.","Saate taganemist siin tühistada kuni selle kinnitamiseni."
"Request #%1","Taotlus #%1"
"SKU: %1","SKU: %1"
"Estimated refund: %1 %2","Hinnanguline tagasimakse: %1 %2"
"Cancel this withdrawal","Tühista see taganemine"
"Are you sure? This cannot be undone.","Kas olete kindel? Seda ei saa tagasi võtta."
"Yes, cancel","Jah, tühista"
"Keep it","Säilita"
"Select items to return","Valige tagastatavad esemed"
"Choose all items or only some of them. Set the return quantity for each item you want to withdraw.","Valige kõik või ainult mõned esemed. Määrake tagastatav kogus iga eseme jaoks, millest soovite taganeda."
"You have %1 days from the day you received your order to withdraw from the contract without giving a reason.","Teil on tellimuse kättesaamisest %1 päeva, et taganeda lepingust ilma põhjust nimetamata."
"Back to order search","Tagasi tellimuse otsingusse"
"Cancel","Tühista"
"Continue to review","Jätka ülevaatusele"
"Review and confirm","Vaata üle ja kinnita"
"Order #%1","Tellimus #%1"
"Placed on %1","Tellitud %1"
"Awaiting delivery","Ootab kohaletoimetamist"
"Delivered on %1","Kohale toimetatud %1"
"Total","Kokku"
"Return shipping","Tagastusvedu"
"View return policy","Vaata tagastuspoliitikat"
"Refund method","Tagasimakse viis"
"Refund will be issued to your original payment method.","Raha tagastatakse algse maksemeetodi kaudu."
"Return summary","Tagastuse kokkuvõte"
"Shipping & Handling","Saatmine ja käsitlemine"
"Tax","Maks"
"Back to items","Tagasi toodete juurde"
"Submit return request","Saada tagastamistaotlus"
"Your return request has been submitted!","Teie tagastustaotlus on esitatud!"
"We've emailed you a notification with your return details and a prepaid return label (if applicable). You have 14 days from the delivery date to send your items back.","Saatsime teile teavituse e-kirja koos tagastuse üksikasjade ja ettemakstud tagastussildiga (kui kohaldub). Esemete tagasisaatmiseks on teil 14 päeva alates kohaletoimetamise kuupäevast."
"Return request number","Tagastustaotluse number"
"Copy request number","Kopeeri taotluse number"
"Copied!","Kopeeritud!"
"Confirmation email sent","Kinnitusmeil saadetud"
"We've sent the details to","Saatsime üksikasjad aadressile"
"What happens next?","Mis edasi saab?"
"Pack your items securely","Pakkige oma esemed korralikult"
"Send them back using the provided instructions","Saatke need tagasi vastavalt antud juhistele"
"We'll inspect your return","Vaatame teie tagastuse üle"
"Your refund will be issued to your original payment method","Tagasimakse tehakse teie algsele makseviisile"
"Need more help?","Vajate rohkem abi?"
"View my returns","Vaata minu tagastusi"
"Contact support","Võta klienditoega ühendust"
"Purchased","Ostetud"
"Returned","Tagastatud"
"Decrease quantity","Vähenda kogust"
"Increase quantity","Suurenda kogust"
"Is the hygiene seal still intact?","Kas hügieenipitser on veel terve?"
"Is the original software / media seal still intact?","Kas tarkvara / meedia originaalpitser on veel terve?"
"Yes — it's still sealed","Jah — see on endiselt pitseeritud"
"Refund possible — return the unopened package.","Tagasimakse on võimalik — tagastage avamata pakend."
"No — I've opened it","Ei — olen selle avanud"
"This item cannot be returned (Art. 16(e) Directive 2011/83/EU).","Seda eset ei saa tagastada (art. 16(e) direktiiv 2011/83/EL)."
"This item cannot be returned (Art. 16(i) Directive 2011/83/EU).","Seda eset ei saa tagastada (art. 16(i) direktiiv 2011/83/EL)."
"Once you confirm the seal is broken, this item is excluded from the withdrawal request and the quantity will be reset to zero.","Kui kinnitate, et pitser on katki, jäetakse see ese taganemistaotlusest välja ja kogus lähtestatakse nulli."
"Reason for return (optional)","Tagastuse põhjus (valikuline)"
"Tell us more (optional, max 500 chars)","Räägi meile rohkem (valikuline, kuni 500 tähemärki)"
"Already returned.","Juba tagastatud."
"awaiting admin review","ootab halduri ülevaatust"
"awaiting confirmation","ootab kinnitust"
"Request %1 %2 (%3 item%4).","Taotlus %1 %2 (%3 ese%4)."
"Return request awaiting review.","Tagastustaotlus ootab ülevaatust."
"Cancel request","Tühista taotlus"
"Under EU consumer law, you may withdraw from most contracts within 14 days without giving a reason.","EL tarbijaõiguse kohaselt võite enamikust lepingutest taganeda 14 päeva jooksul põhjust nimetamata."
"Read your full pre-contract rights (Art. 6)","Loe oma täielikud lepingueelsed õigused (art. 6)"
"Under Art. 6 of Directive 2011/83/EU (as amended by Directive (EU) 2023/2673), before you placed this order the seller informed you — or made available — the following information:","Vastavalt direktiivi 2011/83/EL artiklile 6 (muudetud direktiiviga (EL) 2023/2673) andis müüja teile enne selle tellimuse esitamist teada — või tegi kättesaadavaks — järgmise teabe:"
"The main characteristics of the goods or services.","Kauba või teenuse põhiomadused."
"The identity and contact details of the trader.","Kaupleja andmed ja kontaktteave."
"The total price including all taxes and any delivery costs.","Koguhind koos kõigi maksude ja võimalike tarnekuludega."
"The arrangements for payment, delivery and performance, and complaint-handling.","Makse-, tarne- ja täitmiskord ning kaebuste käsitlemise kord."
"Your right of withdrawal: under Art. 9 you have 14 days to withdraw from this distance contract without giving a reason. For physical goods, the 14-day period starts on the day you (or a third party nominated by you) take physical possession of the goods. For services and digital content, different starting dates apply (Art. 9(2)(a)/(c)).","Teie taganemisõigus: artikli 9 kohaselt on teil 14 päeva sellest kauglepingust taganemiseks põhjust nimetamata. Füüsiliste kaupade puhul algab 14-päevane periood päevast, mil teie (või teie määratud kolmas isik) saate kauba füüsilisse valdusesse. Teenuste ja digitaalse sisu puhul kehtivad erinevad alguskuupäevad (art. 9(2)(a)/(c))."
"Exceptions: the right does not apply to certain goods and services listed in Art. 16 (e.g., custom-made goods, sealed hygiene items once unsealed, digital content whose performance has begun with your prior express consent and acknowledgement that you lose the withdrawal right).","Erandid: õigus ei kehti teatud kaupade ja teenuste suhtes, mis on loetletud artiklis 16 (nt tellimustööna valmistatud kaubad, pitseeritud hügieenitooted pärast pitseri avamist, digitaalne sisu, mille täitmine on alanud teie eelneva selgesõnalise nõusoleku ja kinnitusega, et kaotate taganemisõiguse)."
"The legal guarantee of conformity for goods applies under Art. 5 of Directive 2019/771, in addition to the right of withdrawal.","Kaubale kehtib lisaks taganemisõigusele direktiivi 2019/771 artikli 5 kohane vastavuse seaduslik garantii."
"Delivery: %1","Kohaletoimetamine: %1"
"Total paid","Makstud kokku"
"Pick an order to withdraw from","Valige tellimus, millest taganeda"
"Select a recent order to start your withdrawal.","Valige hiljutine tellimus, et alustada taganemist."
"Select","Vali"
"Withdrawal progress","Taganemise käik"
"title","pealkiri"
"subtitle","alapealkiri"
"Items to return","Tagastatavad tooted"
"0 items","0 toodet"
"Refund summary","Tagasimakse kokkuvõte"
"No items in this order are currently eligible for withdrawal.","Selle tellimuse ükski toode ei ole hetkel taganemiseks sobiv."
"Each line is either already being processed, pending confirmation, or has been fully withdrawn. Check the existing requests section above for status or to cancel.","Iga rida on kas juba töötlemisel, ootab kinnitust või on täielikult tagasi võetud. Oleku kontrollimiseks või tühistamiseks vaadake ülaltoodud senised taotlused jaotist."
"No items selected yet. Use the + button next to an item to add it to your return.","Esemeid pole veel valitud. Kasutage eseme kõrval olevat + nuppu, et lisada see oma tagastusse."
"Find your order","Leidke oma tellimus"
"Enter the details you used during checkout to start a return or withdrawal.","Sisestage andmed, mida kasutasite tellimuse vormistamisel, et alustada tagastust või taganemist."
"We could not find an order matching that email. Double-check your order number and email address.","Sellele e-postile vastavat tellimust ei leitud. Kontrollige veel kord oma tellimuse numbrit ja e-posti aadressi."
"e.g. 12345","nt 12345"
"You can find this in your order confirmation email.","Selle leiate oma tellimuse kinnituskirjast."
"Email address","E-posti aadress"
"you@example.com","you@example.com"
"Must match the email used for the order.","Peab kattuma tellimuse jaoks kasutatud e-posti aadressiga."
"Find my order","Leia minu tellimus"
"You have the right to withdraw from your purchase within %1 days of receiving your order, without giving any reason.","Teil on õigus %1 päeva jooksul pärast tellimuse kättesaamist taganeda ostust põhjust nimetamata."
"Need help finding your order?","Vajate abi tellimuse leidmisel?"
"Select an order","Valige tellimus"
"Choose an order from your history to start a return or withdrawal.","Valige oma ajaloost tellimus, et alustada tagastust või taganemist."
"You don't have any orders eligible for withdrawal. The %1-day withdrawal window runs from the day you received your order.","Teil ei ole ühtegi taganemiseks sobivat tellimust. %1-päevane taganemisaken algab tellimuse kättesaamise päevast."
"View all my orders","Vaata kõiki minu tellimusi"
"items","toodet"
"Select order","Vali tellimus"
"No recent withdrawal","Hiljutist taganemist ei leitud"
"We could not find a recent withdrawal in this session. If you have just submitted one, please check your inbox for the confirmation email.","Selles seansis ei leitud hiljutist taganemist. Kui esitasite just sellise, palun kontrollige oma postkasti kinnituskirja saamiseks."
"Start a new withdrawal","Alusta uut taganemist"
"Withdrawal #%1 submitted","Taganemine #%1 esitatud"
"Related order:","Seotud tellimus:"
"Items","Tooted"
"Items included in this withdrawal","Sellesse taganemisse kaasatud tooted"
"Line Total","Rea kogusumma"
"What happens next","Mis edasi"
"You will receive a receipt email with the full withdrawal statement and integrity hash within a few minutes.","Saate mõne minuti jooksul kviitungi e-kirja koos täieliku taganemise avalduse ja terviklikkuse räsiga."
"The %1-day window under Art. 9 CRD is locked to the moment you confirmed the withdrawal — nothing further is required from you to preserve the right.","Tarbija õiguste direktiivi artikli 9 kohane %1-päevane aken on lukustatud taganemise kinnitamise hetkele — õiguse säilitamiseks ei nõuta teilt midagi muud."
"The final refund is determined after we receive the returned items (Art. 14(2)) and is issued to the original payment method. Expect the funds within 14 days of receipt.","Lõplik tagasimakse määratakse pärast tagastatud esemete kättesaamist (art. 14(2)) ja tehakse algsele makseviisile. Vahendid laekuvad 14 päeva jooksul kättesaamisest."
"Back to Withdrawals","Tagasi taganemiste juurde"
"Verzichtsbestätigung digitaler Inhalte — Bestellung %increment_id","Digisisu loobumiskinnitus — Tellimus %increment_id"
"Sehr geehrte/r %name,","Lugupeetud %name,"
"Dies ist die Bestätigung auf einem dauerhaften Datenträger Ihrer ausdrücklichen Einwilligung zum Beginn der Ausführung folgender digitaler Inhalte sowie Ihrer Bestätigung, dass Sie dadurch Ihr Widerrufsrecht verlieren (Art. 16(m) VRL).","See on püsival andmekandjal kinnitus teie selgesõnalisele nõusolekule alustada järgmise digitaalse sisu täitmist ning teie kinnitusele, et seetõttu kaotate oma taganemisõiguse (art. 16(m) tarbija õiguste direktiiv)."
"Durch den Verzicht abgedeckte digitale Inhalte","Loobumisega hõlmatud digitaalsed sisud"
"Ihre ausdrückliche Einwilligung","Teie selgesõnaline nõusolek"
"Eingewilligt am:","Nõustutud:"
"Ihre Bestätigung zum Verlust des Widerrufsrechts","Teie kinnitus taganemisõiguse kaotamise kohta"
"Bestätigt am:","Kinnitatud:"
"Verzichtsreferenz:","Loobumise viide:"
"Rechtsgrundlage: Art. 16(m) Verbraucherrechterichtlinie 2011/83/EU.","Õiguslik alus: art. 16(m) tarbija õiguste direktiiv 2011/83/EL."
"Digital content waiver confirmation — Order %1","Digisisu loobumiskinnitus — Tellimus %1"
"Dear %name,","Lugupeetud %name,"
"This is the durable-medium confirmation of your express consent to begin performance of the following digital items, and your acknowledgment that by doing so you lose your right of withdrawal (Art. 16(m) CRD).","See on püsival andmekandjal kinnitus teie selgesõnalisele nõusolekule alustada järgmiste digitaalsete esemete täitmist ja teie kinnitusele, et seda tehes kaotate oma taganemisõiguse (art. 16(m) tarbija õiguste direktiiv)."
"Digital items covered by this waiver","Selle loobumusega hõlmatud digitaalsed tooted"
"Your express consent","Sinu sõnaselge nõusolek"
"Consented at:","Nõustutud:"
"Your acknowledgment of loss of withdrawal right","Sinu kinnitus taganemisõiguse kaotamise kohta"
"Acknowledged at:","Kinnitatud:"
"Waiver reference:","Loobumise viide:"
"Legal basis: Art. 16(m) Consumer Rights Directive 2011/83/EU.","Õiguslik alus: tarbija õiguste direktiivi 2011/83/EL artikkel 16 punkt m."
"Digitaalisen sisällön luopumisvahvistus — Tilaus %increment_id","Digisisu loobumiskinnitus — Tellimus %increment_id"
"Hyvä %name,","Lugupeetud %name,"
"Tämä on pysyvällä tietovälineellä annettu vahvistus nimenomaisesta suostumuksestasi aloittaa seuraavien digitaalisten sisältöjen toimitus sekä vahvistuksestasi, että menetät peruuttamisoikeutesi (KSL 6:16).","See on püsival andmekandjal antud kinnitus teie selgesõnalisele nõusolekule alustada järgmise digitaalse sisu kohaletoimetamist ning teie kinnitusele, et kaotate oma taganemisõiguse (Soome tarbijakaitseseadus 6:16)."
"Luopumisen kattamat digitaaliset sisällöt","Loobumisega hõlmatud digitaalsed sisud"
"Nimenomainen suostumuksesi","Teie selgesõnaline nõusolek"
"Suostuttu:","Nõustutud:"
"Vahvistuksesi peruuttamisoikeuden menettämisestä","Teie kinnitus taganemisõiguse kaotamise kohta"
"Vahvistettu:","Kinnitatud:"
"Luopumisen viite:","Loobumise viide:"
"Oikeusperusta: KSL 6:16 / Art. 16(m) kuluttajanoikeusdirektiivi 2011/83/EU.","Õiguslik alus: Soome tarbijakaitseseadus 6:16 / art. 16(m) tarbija õiguste direktiiv 2011/83/EL."
"Confirmation de renonciation au contenu numérique — Commande %increment_id","Digisisu loobumiskinnitus — Tellimus %increment_id"
"Cher/Chère %name,","Lugupeetud %name,"
"Ceci est la confirmation sur un support durable de votre consentement exprès à commencer l'exécution des contenus numériques suivants, et de votre reconnaissance que vous perdez ainsi votre droit de rétractation (Art. L. 221-28 Code consommation).","See on püsival andmekandjal kinnitus teie selgesõnalisele nõusolekule alustada järgmise digitaalse sisu täitmist ning teie kinnitusele, et seetõttu kaotate oma taganemisõiguse (Prantsuse tarbijakoodeksi art. L. 221-28)."
"Contenus numériques couverts par la présente renonciation","Käesoleva loobumisega hõlmatud digitaalsed sisud"
"Votre consentement exprès","Teie selgesõnaline nõusolek"
"Consenti le :","Nõustutud:"
"Votre reconnaissance de la perte du droit de rétractation","Teie kinnitus taganemisõiguse kaotamise kohta"
"Reconnu le :","Kinnitatud:"
"Référence de renonciation :","Loobumise viide:"
"Base légale : Art. L. 221-28 Code consommation / Art. 16(m) Directive 2011/83/UE.","Õiguslik alus: Prantsuse tarbijakoodeksi art. L. 221-28 / art. 16(m) direktiiv 2011/83/EL."
"Bevestiging afstand digitale inhoud — Bestelling %increment_id","Digisisu loobumiskinnitus — Tellimus %increment_id"
"Beste %name,","Lugupeetud %name,"
"Dit is de bevestiging op een duurzame gegevensdrager van uw uitdrukkelijke toestemming om te beginnen met de levering van de volgende digitale inhoud, en uw erkenning dat u daardoor uw herroepingsrecht verliest (Art. 6:230s BW).","See on püsival andmekandjal kinnitus teie selgesõnalisele nõusolekule alustada järgmise digitaalse sisu kohaletoimetamist ning teie kinnitusele, et seetõttu kaotate oma taganemisõiguse (Madalmaade tsiviilseadustiku art. 6:230s)."
"Onder deze afstand vallende digitale items","Käesoleva loobumisega hõlmatud digitaalsed esemed"
"Uw uitdrukkelijke toestemming","Teie selgesõnaline nõusolek"
"Toestemming verleend op:","Nõusolek antud:"
"Uw erkenning van verlies van herroepingsrecht","Teie kinnitus taganemisõiguse kaotamise kohta"
"Erkend op:","Kinnitatud:"
"Afstandreferentie:","Loobumise viide:"
"Rechtsgrondslag: Art. 6:230s BW / Art. 16(m) Richtlijn 2011/83/EU.","Õiguslik alus: Madalmaade tsiviilseadustiku art. 6:230s / art. 16(m) direktiiv 2011/83/EL."
"[EU Withdrawal] Receipt send failed — request #%request_id","[EU Withdrawal] Kviitungi saatmine ebaõnnestus — taotlus #%request_id"
"The receipt email for withdrawal request #%request_id has failed to send permanently.","Taganemistaotluse #%request_id kviitungi e-kirja saatmine on lõplikult ebaõnnestunud."
"Inspect the <code>mm_eu_withdrawal_request.receipt_last_error</code> column for the last error message, and the <code>mm_eu_withdrawal_request.receipt_send_attempts</code> column for the retry count.","Vaadake viimase veateate jaoks veergu <code>mm_eu_withdrawal_request.receipt_last_error</code> ning korduskatsete arvu jaoks veergu <code>mm_eu_withdrawal_request.receipt_send_attempts</code>."
"You can requeue the send from the admin grid after resolving the underlying issue.","Saate saatmise pärast põhjuse lahendamist halduri grid'ist uuesti järjekorda panna."
"Your refund is on its way — Withdrawal #%1","Sinu tagasimakse on teel — Taganemine #%1"
"Your refund is on its way","Sinu tagasimakse on teel"
"Hi %name, we've approved your withdrawal request and started the refund process.","Tere, %name, kiitsime su taganemistaotluse heaks ja alustasime tagasimakse menetlust."
"View refund details","Vaata tagasimakse üksikasju"
"Withdrawal number","Taganemise number"
"Approved on","Kinnitatud"
"Estimated arrival","Eeldatav saabumine"
"Status","Olek"
"Your refund will be issued to your original payment method within 5–7 business days. You'll see it on your card or bank statement once it lands.","Tagasimakse tehakse sinu algsele makseviisile 5–7 tööpäeva jooksul. Näed seda kaardi- või pangaväljavõttel niipea, kui see laekub."
"Need help?","Vajad abi?"
"Reply to this email or contact us at","Vasta sellele kirjale või võta meiega ühendust aadressil"
"Your withdrawal was cancelled — Withdrawal #%1","Sinu taganemine tühistati — Taganemine #%1"
"Your withdrawal was cancelled","Sinu taganemine tühistati"
"Hi %name, we've cancelled your withdrawal request.","Tere, %name, tühistasime su taganemistaotluse."
"Submit a new request","Esita uus taotlus"
"Cancelled request","Tühistatud taotlus"
"Cancelled on","Tühistatud"
"Refund requested","Taotletud tagasimakse"
"If this was unexpected, you can submit a new withdrawal request as long as your %period_days-day window is still open. Reach out if you need help — we're happy to clarify.","Kui see oli ootamatu, saad esitada uue taganemistaotluse seni, kuni sinu %period_days-päevane aken on veel avatud. Võta ühendust, kui vajad abi — selgitame meelsasti."
"Cancellation confirmed — Withdrawal #%1","Tühistamine kinnitatud — Taganemine #%1"
"Cancellation confirmed","Tühistamine kinnitatud"
"Hi %name, your withdrawal request has been cancelled as you asked.","Tere, %name, sinu taganemistaotlus on sinu soovi kohaselt tühistatud."
"Back to my orders","Tagasi minu tellimuste juurde"
"Cancelled by","Tühistas"
"You","Teie"
"Your order remains active and there's no further action needed. If you change your mind, you can start a new withdrawal request any time within your %period_days-day window.","Sinu tellimus jääb kehtima ja täiendavaid samme pole vaja. Kui mõtled ümber, saad oma %period_days-päevase akna jooksul igal ajal alustada uut taganemistaotlust."
"Update on your withdrawal request — Withdrawal #%1","Uudis sinu taganemistaotluse kohta — Taganemine #%1"
"We can't process this withdrawal","Me ei saa seda taganemist menetleda"
"Hi %name, after reviewing your withdrawal request we're unable to approve it.","Tere, %name, pärast su taganemistaotluse läbivaatamist ei saa me seda heaks kiita."
"Request details","Taotluse üksikasjad"
"Reviewed on","Läbi vaadatud"
"Decision","Otsus"
"Reason from our team","Põhjendus meie meeskonnalt"
"If you'd like to discuss this decision, our team is here to help. Reply to this email or use the button above.","Kui soovid seda otsust arutada, on meie meeskond valmis aitama. Vasta sellele kirjale või kasuta ülaltoodud nuppu."
"Your withdrawal request has been submitted — Order #%1","Sinu taganemistaotlus on esitatud — Tellimus #%1"
"Your return request has been submitted","Sinu tagastustaotlus on esitatud"
"Hi %name, we've received your return request and are currently reviewing it. You'll hear back when we've inspected your return and processed your refund.","Tere, %name, saime su tagastustaotluse kätte ja vaatame selle praegu üle. Anname teada, kui oleme tagastuse kontrollinud ja tagasimakse menetlenud."
"Return number","Tagastusnumber"
"Requested on","Taotletud"
"We'll inspect your return and notify you once approved. Refunds are issued to your original payment method within 5–7 business days after approval.","Vaatame su tagastuse üle ja teavitame sind pärast kinnitamist. Tagasimaksed tehakse algsele makseviisile 5–7 tööpäeva jooksul pärast kinnitamist."
"If you have any questions, our customer service team is here to help.","Kui sul on küsimusi, on meie klienditeenindusmeeskond valmis aitama."
"Visit our help center","Külasta meie abikeskust"
"If you did not initiate this request, contact us immediately at","Kui sina seda taotlust ei algatanud, võta meiega kohe ühendust aadressil"
"Withdrawal receipt — Order #%1","Taganemise tõend — Tellimus #%1"
"Withdrawal receipt","Taganemise tõend"
"Hi %name, this email is your durable-medium proof of withdrawal under Art. 11a Directive 2011/83/EU. Keep it for your records.","Tere, %name, see kiri on sinu taganemise tõend püsival andmekandjal vastavalt direktiivi 2011/83/EL artiklile 11a. Säilita see oma andmestikus."
"Submitted on","Esitatud"
"Your %store_name order confirmation","Teie %store_name tellimuse kinnitus"
"%customer_name,","%customer_name,"
"Thank you for your order from %store_name.","Täname teid tellimuse eest poest %store_name."
"Once your package ships we will send you a tracking number.","Kui teie pakk teele läheb, saadame teile jälgimisnumbri."
"You can check the status of your order by <a href=""%account_url"">logging into your account</a>.","Saate oma tellimuse olekut kontrollida, <a href=""%account_url"">logides oma kontosse sisse</a>."
"If you have questions about your order, you can email us at <a href=""mailto:%store_email"">%store_email</a>","Kui teil on küsimusi oma tellimuse kohta, kirjutage meile aadressile <a href=""mailto:%store_email"">%store_email</a>"
"or call us at <a href=""tel:%store_phone"">%store_phone</a>","või helistage meile numbril <a href=""tel:%store_phone"">%store_phone</a>"
"Our hours are <span class=""no-link"">%store_hours</span>.","Meie lahtiolekuajad on <span class=""no-link"">%store_hours</span>."
"Your Order <span class=""no-link"">#%increment_id</span>","Teie tellimus <span class=""no-link"">#%increment_id</span>"
"Placed on <span class=""no-link"">%created_at</span>","Tellitud <span class=""no-link"">%created_at</span>"
"Billing Info","Arveldusandmed"
"Shipping Info","Tarneandmed"
"Payment Method","Maksemeetod"
"Shipping Method","Tarneviis"
"%name,","%name,"
"Once your package ships we will send an email with a link to track your order.","Kui teie pakk teele läheb, saadame teile e-kirja koos tellimuse jälgimise lingiga."
"Your %store_name order has shipped","Teie %store_name tellimus on teele saadetud"
"Your shipping confirmation is below. Thank you again for your business.","Teie tarne kinnitus on allpool. Täname teid veelkord meie poe kasutamise eest."
"Your Shipment #%shipment_id for Order #%order_id","Teie saadetis #%shipment_id tellimuse #%order_id jaoks"
"Your digital content waiver is on file","Sinu digisisu loobumus on registreeritud"
"Hi %name, you've consented to immediate digital delivery of the items below — this is your durable-medium copy of that consent (Art. 11a(4) CRD).","Tere, %name, andsid nõusoleku alltoodud kaupade kohese digitaalse kohaletoimetamise kohta — see on sinu nõusoleku koopia püsival andmekandjal (direktiivi 2011/83/EL artikli 11a lõige 4)."
"View order","Vaata tellimust"
"Consented at","Nõusolek antud"
"Acknowledged at","Kinnitatud"
"Keep this email as your durable-medium record. The merchant has stored the SHA-256 hash of the legal text you accepted:","Säilita see kiri oma andmestikuna püsival andmekandjal. Kaupmees on salvestanud sinu poolt aktsepteeritud õigusteksti SHA-256 räsi:"
"Digital content waiver","Loobumine digitaalse sisu kohta"
"We need your explicit consent before you can buy this digital item — please read both points carefully.","Vajame teie sõnaselget nõusolekut enne, kui saate selle digitaalse eseme osta — palun lugege mõlemad punktid hoolikalt läbi."
"We log this consent with your IP and timestamp for our audit record.","Salvestame selle nõusoleku teie IP-aadressi ja ajatempliga meie auditikirjes."
"Continue","Jätka"
"Waiver could not be saved. Please retry.","Loobumist ei õnnestunud salvestada. Palun proovige uuesti."
"Enable for EU Withdrawal Lookup Form","Luba ELi taganemise päringuvormi jaoks"
"MageMe Extensions","MageMe laiendused"
"EU Withdrawal","ELi taganemisõigus"
"General","Üldine"
"Enable Module","Luba moodul"
"Activates frontend and cron jobs. Default: disabled. Complete the manual setup checklist before enabling.","Aktiveerib frontendi ja cron-ülesanded. Vaikimisi: keelatud. Enne lubamist täitke käsitsi seadistamise kontrollnimekiri."
"Request Number Prefix","Taotluse numbri eesliide"
"Optional prefix prepended to the withdrawal request increment ID in customer-facing UI (e.g. ""RR-"" renders as ""RR-000000022""). Leave blank to show the plain padded number.","Valikuline eesliide, mis lisatakse taganemistaotluse järjekorranumbri ette kliendile suunatud liideses (nt „RR-“ kuvatakse kui „RR-000000022“). Jätke tühjaks, et kuvada lihtne täidetud number."
"Default Contract Type","Vaikimisi lepingutüüp"
"Frontend Route","Esikülje marsruut"
"URL prefix used by the customer-facing withdrawal flow (e.g. <code>withdraw-contract</code> renders as <code>/withdraw-contract/...</code>). Lowercase letters, digits, dashes and underscores only.","URL-i eesliide, mida kasutab kliendile suunatud taganemisvoog (nt <code>withdraw-contract</code> kuvatakse kui <code>/withdraw-contract/...</code>). Lubatud on ainult väiketähed, numbrid, sidekriipsud ja alakriipsud."
"Withdrawal Period","Taganemisperiood"
"Delivery Confirmation Statuses","Tarne kinnitamise olekud"
"Pick one or more order statuses whose <em>transition</em> means the customer received the goods in your fulfillment workflow. The 14-day withdrawal window starts on the timestamp of the order's <em>earliest</em> transition into <em>any</em> of the selected statuses (Art. 9(2)(b) Directive 2011/83/EU). Multi-select supports merchants who use several ""delivered""-type statuses (e.g. <code>delivered</code> + <code>complete</code> + <code>delivered_partial</code>). Until the order reaches any of them, the right of withdrawal is open with no fixed deadline.","Valige üks või mitu tellimuse olekut, mille <em>üleminek</em> teie täitmisprotsessis tähendab seda, et klient sai kauba kätte. 14-päevane taganemisaken algab tellimuse <em>varaseima</em> ülemineku ajatemplist mis tahes <em>valitud</em> olekusse (art. 9(2)(b) direktiiv 2011/83/EL). Mitmikvalik toetab kauplejaid, kes kasutavad mitut „kohaletoimetatud“ tüüpi olekut (nt <code>delivered</code> + <code>complete</code> + <code>delivered_partial</code>). Kuni tellimus ei jõua ühessegi neist, on taganemisõigus lahtine ilma kindla tähtajata."
"Eligibility Rules (Art. 16 CRD Presets)","Sobivusreeglid (art 16 CRD eelseaded)"
"Art. 16(c) Custom-Made Goods","Art 16(c) Tellimustöö kaubad"
"Excludes products made to customer specifications or clearly personalised (e.g. engraved jewellery, made-to-measure clothing). <strong>Requires</strong> product attribute <code>is_custom_made = true</code>. If enabled, orders containing such items cannot be withdrawn — customers will see this when attempting to start withdrawal.","Välistab tooted, mis on valmistatud kliendi spetsifikatsioonide järgi või on selgelt isikupärastatud (nt graveeritud ehted, mõõdu järgi tehtud rõivad). <strong>Nõuab</strong> tooteatribuuti <code>is_custom_made = true</code>. Kui see on lubatud, siis selliseid esemeid sisaldavatest tellimustest ei saa taganeda — kliendid näevad seda taganemise alustamise katsel."
"Art. 16(d) Perishable Goods","Art 16(d) Kiiresti riknev kaup"
"Excludes goods that can deteriorate or expire rapidly (fresh food, cut flowers, short-shelf-life pharmaceuticals). <strong>Requires</strong> product attribute <code>is_perishable = true</code>. Do not enable for all categories — apply it only to truly perishable SKUs, otherwise you will unlawfully deny valid withdrawals.","Välistab kaubad, mis võivad kiiresti rikneda või aeguda (värske toit, lõikelilled, lühikese säilivusajaga ravimid). <strong>Nõuab</strong> tooteatribuuti <code>is_perishable = true</code>. Ärge lubage seda kõigi kategooriate jaoks — rakendage seda ainult tegelikult kiiresti riknevatele SKU-dele, vastasel juhul keeldute ebaseaduslikult kehtivatest taganemistest."
"Art. 16(e) Sealed Hygiene / Health","Art 16(e) Suletud hügieeni- / tervisetooted"
"Excludes sealed hygiene or health items <strong>only if the seal has been broken after delivery</strong> (cosmetics, intimate apparel, sealed medical supplies). <strong>Requires</strong> product attribute <code>is_sealed_hygiene = true</code>. The exclusion depends on a seal-check at the time of withdrawal (workflow in phase-04) — a sealed, unopened return remains eligible.","Välistab pitseeritud hügieeni- või tervisetooted <strong>ainult juhul, kui pitser on pärast kohaletoimetamist katki tehtud</strong> (kosmeetika, intiimrõivad, pitseeritud meditsiinitarbed). <strong>Nõuab</strong> tooteatribuuti <code>is_sealed_hygiene = true</code>. Välistus sõltub pitseri kontrollist taganemise hetkel (töövoog faasis 04) — pitseeritud avamata tagastus jääb sobivaks."
"Art. 16(i) Sealed Audio / Video / Software","Art 16(i) Suletud heli- / video- / tarkvaratooted"
"Excludes sealed audio recordings, video recordings, or sealed computer software <strong>only if the seal has been broken after delivery</strong>. <strong>Requires</strong> product attribute <code>is_sealed_av = true</code>. Same seal-check logic as Art. 16(e). Does not apply to streaming / digital-download content — use Art. 16(m) for those.","Välistab pitseeritud helisalvestised, videosalvestised või pitseeritud arvutitarkvara <strong>ainult juhul, kui pitser on pärast kohaletoimetamist katki tehtud</strong>. <strong>Nõuab</strong> tooteatribuuti <code>is_sealed_av = true</code>. Sama pitserikontrolli loogika nagu art. 16(e) puhul. Ei kehti voogedastatava / digitaalselt allalaaditava sisu suhtes — selle jaoks kasutage art. 16(m)."
"Digital Content (Art. 16(m))","Digitaalne sisu (art 16(m))"
"Detection","Tuvastamine"
"Enable Digital Content Detection","Luba digitaalse sisu tuvastus"
"Master switch for Art. 16(m) digital-content detection. When off, no product is recognised as digital, the checkout waiver step is not required, and the preset always allows withdrawal.","Art. 16(m) digisisu tuvastamise pealüliti. Kui see on välja lülitatud, ei tuvastata ühtegi toodet digitaalsena, kassa loobumise sammu ei nõuta ja eelseade lubab alati taganemist."
"Detection Strategies","Tuvastusstrateegiad"
"Which product-type heuristics trigger the digital-content waiver gate. Downloadable + virtual are safe defaults; bundle_contains_digital inspects bundle children; custom_attribute reads the EAV flag configured below.","Millised tooteliigi heuristikud käivitavad digisisu loobumisvärava. Allalaaditav + virtuaalne on ohutud vaikeväärtused; bundle_contains_digital uurib komplekti alamtooteid; custom_attribute loeb allpool seadistatud EAV-lippu."
"Custom Attribute Code","Kohandatud atribuudi kood"
"EAV attribute code used <strong>only</strong> when <em>Custom attribute flag</em> is picked in <em>Detection strategies</em> above. Default: <code>is_digital_content</code> (boolean attribute, 1 = digital). Ignored otherwise.","EAV-atribuudi kood, mida kasutatakse <strong>ainult</strong> siis, kui ülaltoodud <em>Tuvastusstrateegiates</em> on valitud <em>Kohandatud atribuudi lipp</em>. Vaikimisi: <code>is_digital_content</code> (tõeväärtuse atribuut, 1 = digitaalne). Muul juhul eiratakse."
"Checkout Step + Email","Kassasamm + e-kiri"
"Enable Checkout Waiver Step","Luba kassas loobumise samm"
"When on, carts that contain a detected digital item render the 2-checkbox waiver step at checkout. Has no effect unless <em>Detection → Enable digital content detection</em> is also on.","Kui see on sisse lülitatud, kuvatakse digitaalset toodet sisaldavate ostukorvide puhul kassas 2-märkeruuduga loobumise samm. Toime puudub, kui ka <em>Tuvastamine → Luba digitaalse sisu tuvastus</em> ei ole sees."
"Merchant BCC Address for Confirmation Emails","Kaupleja pimekoopia aadress kinnituskirjade jaoks"
"Optional. Blind-copies the waiver-confirmation email to a merchant audit address. Leave blank to skip.","Valikuline. Saadab loobumise kinnituse e-kirjast pimekoopia kaupleja auditi aadressile. Jätke tühjaks, et see vahele jätta."
"Mark Virtual-Only Items as Performance-Started on Confirmation","Märgi ainult virtuaalsed esemed kinnitamisel täitmise alanuks"
"Virtual products have no download trigger. When on, the waiver confirmation email's dispatch counts as performance-start for virtual-only items.","Virtuaalsetel toodetel pole allalaadimise käivitajat. Kui see on sees, loetakse loobumise kinnituse e-kirja saatmine ainult virtuaalsete esemete täitmise alguseks (I-6 piir)."
"Confirmation Email Identity","Kinnituskirja saatja"
"Per-Locale Waiver Text Overrides","Loobumisteksti keelekohased ülekirjutused"
"English (en_US)","Inglise (en_US)"
"Consent Text","Nõusoleku tekst"
"Right-Loss Acknowledgment Text","Õiguse kaotamise kinnituse tekst"
"German (de_DE)","Saksa (de_DE)"
"Finnish (fi_FI)","Soome (fi_FI)"
"Dutch (nl_NL)","Hollandi (nl_NL)"
"French (fr_FR)","Prantsuse (fr_FR)"
"Italian (it_IT)","Itaalia (it_IT)"
"Spanish (es_ES)","Hispaania (es_ES)"
"Polish (pl_PL)","Poola (pl_PL)"
"Portuguese (pt_PT)","Portugali (pt_PT)"
"Danish (da_DK)","Taani (da_DK)"
"Swedish (sv_SE)","Rootsi (sv_SE)"
"German — Austria (de_AT)","Saksa — Austria (de_AT)"
"Swedish — Finland (sv_FI)","Rootsi — Soome (sv_FI)"
"Dutch — Belgium (nl_BE)","Hollandi — Belgia (nl_BE)"
"French — Belgium (fr_BE)","Prantsuse — Belgia (fr_BE)"
"German — Belgium (de_BE)","Saksa — Belgia (de_BE)"
"French — Luxembourg (fr_LU)","Prantsuse — Luksemburg (fr_LU)"
"Pre-Contract Information (Art. 6(1)(h))","Lepingueelne teave (art 6(1)(h))"
"Enable Pre-Contract Disclosure","Luba lepingueelne teave"
"Master kill-switch. Disabled = block does not render and no display events are recorded. Disabling exposes the merchant to Art. 10 (12 month + 14 day extended withdrawal period). Default: enabled.","Pealüliti. Keelatud = plokk ei renderdu ja kuvasündmusi ei salvestata. Keelamine teeb kaupleja avatuks art. 10 nõuetele (pikendatud taganemisperiood 12 kuud + 14 päeva). Vaikimisi: lubatud."
"Withdrawal Period (Days)","Taganemisperiood (päeva)"
"Default 14 days per Art. 9(2). Extension allowed (e.g. 30, 100). Reduction below 14 is illegal — the field validates >=14 only when the module is enabled.","Vaikimisi 14 päeva vastavalt art. 9(2). Pikendamine on lubatud (nt 30, 100). Vähendamine alla 14 on ebaseaduslik — väli valideerib >=14 ainult siis, kui moodul on lubatud."
"Return Address","Tagastusaadress"
"Where consumers send goods back. Leave empty to fall back to the store address from Stores → Configuration → General → General → Store Information.","Kuhu tarbijad kaubad tagasi saadavad. Jätke tühjaks, et kasutada vaikimisi aadressi jaotisest Poed → Konfiguratsioon → Üldine → Üldine → Poe teave."
"Display In Checkout","Kuva kassas"
"Annex I Overrides Per Locale","I lisa keelekohased ülekirjutused"
"Bulgarian (bg_BG)","Bulgaaria (bg_BG)"
"Czech (cs_CZ)","Tšehhi (cs_CZ)"
"Greek (el_GR)","Kreeka (el_GR)"
"Estonian (et_EE)","Eesti (et_EE)"
"Croatian (hr_HR)","Horvaatia (hr_HR)"
"Hungarian (hu_HU)","Ungari (hu_HU)"
"Lithuanian (lt_LT)","Leedu (lt_LT)"
"Latvian (lv_LV)","Läti (lv_LV)"
"Romanian (ro_RO)","Rumeenia (ro_RO)"
"Slovak (sk_SK)","Slovaki (sk_SK)"
"Slovenian (sl_SI)","Sloveeni (sl_SI)"
"Frontend","Esikülg"
"Buttons","Nupud"
"Step 1 Button Label","1. sammu nupu silt"
"Step 2 Button Label (Confirmation)","2. sammu nupu silt (kinnitus)"
"<strong>⚠ Legal warning.</strong> This is the label on the final confirmation button. Default (""Confirm withdrawal"") is counsel-signed. Per-locale translations are counsel-signed. Override only with written legal advice; overrides are audit-logged.","<strong>⚠ Õiguslik hoiatus.</strong> See on lõpliku kinnitamisnupu silt. Vaikeväärtus („Confirm withdrawal“) on advokaadi allkirjastatud. Per-locale translations are counsel-signed. Tühistage ainult kirjaliku õigusnõuande korral; tühistused on auditilogis."
"Placements","Paigutused"
"Show Footer Link","Kuva jaluse link"
"Show in My Account","Kuva jaotises „Minu konto“"
"Return Reasons","Tagastuse põhjused"
"Reasons","Põhjused"
"List of reasons offered to the customer in the per-item dropdown. <strong>Code</strong> is the machine value (lowercase, snake_case, max 32 chars); <strong>Label</strong> is the visible text. Empty grid hides the dropdown entirely.","Esemete kaupa rippmenüüs kliendile pakutavate põhjuste loend. <strong>Kood</strong> on andmebaasi salvestatud masinväärtus (väiketähed, snake_case, kuni 32 tähemärki); <strong>Silt</strong> on nähtav tekst. Tühi tabel peidab rippmenüü täielikult."
"Enable ""Other"" with Free Text","Luba „Muu“ koos vaba tekstiga"
"When enabled, an ""Other"" option appears in the dropdown that reveals a free-text field (max 500 chars).","Kui see on lubatud, ilmub rippmenüüsse „Muu“ valik, mis avab vaba teksti välja (kuni 500 tähemärki)."
"Review Step","Ülevaate samm"
"Return Shipping Notice","Tagastusveo teade"
"Text shown on the Review & Confirm step (step 3). Example: ""You'll receive a prepaid shipping label in the confirmation email."" or ""Return shipping costs are paid by the customer."" Leave blank to hide the row.","Tekst, mida kuvatakse sammul Vaata üle ja kinnita (samm 3). Näide: „Saate ettemakstud saatmissildi kinnituskirjaga.“ või „Tagastusveo kulud kannab klient.“ Jätke tühjaks, et rida peita."
"Return Policy URL","Tagastuspoliitika URL"
"Optional link rendered next to the shipping notice (""View return policy""). Accepts absolute URLs or relative paths like ""return-policy"".","Valikuline link, mis kuvatakse saatmise teate kõrval („Vaata tagastuspoliitikat“). Aktsepteerib absoluutseid URL-e või suhtelisi teid nagu „return-policy“."
"Customer Notifications","Kliendi teavitused"
"All customer-facing emails sent by the module. Each email can be enabled/disabled, assigned a custom template (Marketing → Email Templates), and BCC'd to a merchant address. The shared <em>Branding</em> subgroup at the bottom controls the layout (USP strip, social links) used by every email below.","Kõik mooduli saadetavad kliendile suunatud e-kirjad. Iga e-kirja saab lubada/keelata, sellele saab määrata kohandatud malli (Marketing → Email Templates) ning saata pimekoopia kaupleja aadressile. All asuv jagatud alagrupp <em>Brändimine</em> juhib paigutust (USP-riba, sotsiaalmeedia lingid), mida kasutavad kõik allolevad e-kirjad."
"1. Submission Confirmation Email","1. Esitamise kinnituse e-kiri"
"Enabled","Lubatud"
"Email Template","E-kirja mall"
"BCC Merchant","Pimekoopia kauplejale"
"Comma-separated. Leave blank to disable.","Komaga eraldatud. Jätke tühjaks, et keelata."
"2. Approval Email","2. Heakskiidu e-kiri"
"3. Denial Email","3. Tagasilükkamise e-kiri"
"4. Cancellation Email (Admin-Initiated)","4. Tühistamise e-kiri (algatatud halduri poolt)"
"5. Cancellation Email (Customer Self-Cancel)","5. Tühistamise e-kiri (kliendi enda tühistus)"
"6. Receipt Email (Durable Medium — Art. 11a(4))","6. Kinnituse e-kiri (püsiv andmekandja — art 11a(4))"
"Legally required durable-medium confirmation. Cannot be fully disabled (Art. 11a(4) Directive 2011/83/EU). Disabling here only stops the sender — the receipt is still generated and stored.","Seaduslikult kohustuslik püsiva andmekandja kinnitus. Ei saa täielikult keelata (art. 11a(4) direktiiv 2011/83/EL). Keelamine peatab siin ainult saatja — kviitung luuakse ja salvestatakse endiselt."
"Send Email","Saada e-kiri"
"Comma-separated.","Komaga eraldatud."
"Delivery Retry Attempts","Tarne korduskatsed"
"Number of delivery attempts before a receipt is flagged as undelivered.","Number of delivery attempts before a receipt is flagged as undelivered."
"DLQ Alert Recipient","DLQ teavituse saaja"
"Notified when a receipt fails permanently. Falls back to Store Email Addresses → General Contact.","Teavitatakse, kui kviitung lõplikult ebaõnnestub. Vaikimisi kasutatakse Store Email Addresses → General Contact."
"7. Digital Waiver Confirmation Email (Art. 11a(4))","7. Digitaalse loobumise kinnituse e-kiri (art 11a(4))"
"Durable-medium copy of the customer's Art. 16(m) waiver, sent immediately after checkout when a digital item is in cart. Required by Art. 11a(4) Directive 2011/83/EU — keeps a tamper-evident record of the legal text the customer accepted.","Kliendi art. 16(m) loobumise koopia püsival andmekandjal, mis saadetakse kohe pärast kassaprotsessi, kui ostukorvis on digitaalne ese. Nõutav direktiivi 2011/83/EL art. 11a(4) järgi — säilitab muutusekindla kirje kliendi aktsepteeritud õigustekstist ning räsiahela kontrollimiseks ka SHA-256 räsi."
"Comma-separated. Receives a copy of every confirmation for audit purposes.","Komaga eraldatud. Saab auditi eesmärgil iga kinnituse koopia."
"Branding (Shared by All Emails Above)","Brändimine (jagatud kõigi ülaltoodud kirjadega)"
"Optional decoration of the customer-facing emails. Empty fields hide their respective rows. Brand wordmark, logo, support email, and store address are read from the standard Magento configuration tree (Stores → Configuration → General + Design → Transactional Emails).","Kliendile suunatud e-kirjade valikuline kujundus. Tühjad väljad peidavad vastavad read. Brändimärk, logo, kasutajatoe e-post ja poe aadress loetakse Magento standardsest konfiguratsioonipuust (Stores → Configuration → General + Design → Transactional Emails)."
"USP Strip — Item 1","USP-riba — element 1"
"Icon","Ikoon"
"Title","Pealkiri"
"Subtitle","Alapealkiri"
"USP Strip — Item 2","USP-riba — element 2"
"USP Strip — Item 3","USP-riba — element 3"
"Social Links","Sotsiaalmeedia lingid"
"Instagram URL","Instagrami URL"
"X / Twitter URL","X / Twitteri URL"
"Facebook URL","Facebooki URL"
"YouTube URL","YouTube'i URL"
"Order #","Tellimus #"
"Contract","Leping"
"Submitter","Esitaja"
"Withdrawal submitted","Taganemine esitatud"
"Right of Withdrawal — Required Information","Taganemisõigus — Nõutav teave"
"Before placing your order, please review the conditions, time limit, and procedures for exercising your %1-day right of withdrawal. This information forms part of your contract.","Enne tellimuse esitamist palun tutvuge taganemise tingimuste, tähtaja ja menetlustega oma %1-päevase taganemisõiguse kasutamiseks. See teave on lepingu lahutamatu osa."
"Conditions, Time Limit and Procedures for Withdrawal","Taganemise tingimused, tähtaeg ja menetlused"
"Start Online Return","Alusta veebipõhist tagastamist"
"Download Model Withdrawal Form (Annex I(B))","Laadi alla taganemise tüüpvorm (I lisa, jaotis B)"
"Withdrawal Information v%1 — Issued %2","Taganemisteave v%1 — väljastatud %2"
"You'll receive a prepaid shipping label in the confirmation email.","Saate ettemakstud saatmissildi kinnituskirjaga."
"← Back to order search","← Tagasi tellimuse otsingusse"
"← Back to items","← Tagasi esemete juurde"
"Find order","Leia tellimus"
"Enter your order number and email","Sisestage tellimuse number ja e-post"
"Select items","Valida esemed"
"Choose items to return (partial withdrawal)","Valige tagastatavad esemed (osaline taganemine)"
"Review & confirm","Vaata üle & kinnita"
"Review your return details and confirm","Vaadake oma tagastuse üksikasjad üle ja kinnitage"
"Request submitted","Taotlus esitatud"
"We'll confirm your request by email","Kinnitame teie taotlust e-posti teel"
"I expressly consent to begin performance of the digital content before the withdrawal period expires.","Nõustun sõnaselgelt digitaalse sisu täitmise alustamisega enne taganemistähtaja möödumist."
"I acknowledge that by giving this consent I lose my right of withdrawal once performance has begun (Art. 16(m) CRD).","Olen teadlik, et selle nõusoleku andmisega kaotan oma taganemisõiguse pärast täitmise alustamist (direktiivi 2011/83/EL artikkel 16 punkt m)."
"Withdrawals","Taganemised"
"Minimum %1 characters required.","Nõutav on vähemalt %1 tähemärki."
"Failed to add note.","Märkuse lisamine ebaõnnestus."
"Network error while adding note.","Võrgu viga märkuse lisamisel."
"Exported Evidence","Eksporditud tõendid"
"Pending Confirm","Ootab kinnitust"
"Sent","Saadetud"
"Failed Permanent","Püsivalt ebaõnnestunud"
"Failed Retry","Ebaõnnestus, proovitakse uuesti"
"Eligible","Sobiv"
"Excluded","Välja jäetud"
"Action","Toiming"
"From","Algus"
"To","Lõpp"
"Admin Id","Admini ID"
"Order Id","Tellimuse ID"
"Request Id","Taotluse ID"
"Item Count","Toodete arv"
"Rules Fired","Rakendatud reeglid"
"Topic","Teema"
"Message Id","Sõnumi ID"
"Email To Hash","E-posti räsi"
"Attempts","Katsed"
"Viewed At","Vaadatud"
"Referrer Host","Suunav host"
"Enable \Other\"" with Free Text""","Luba „Muu“ koos vaba tekstiga"
"Optional legal template — not required to use; you can also exercise the right of withdrawal by any unequivocal statement.","Valikuline õiguslik vorm — selle kasutamine ei ole kohustuslik; taganemisõigust saab kasutada ka mis tahes ühemõttelise avaldusega."
"Right of withdrawal","Taganemisõigus"
"You have %1 days from the day you receive your order to withdraw without giving any reason — full refund to your original payment method.","Teil on %1 päeva alates tellimuse kättesaamisest, et taganeda ilma põhjust nimetamata — täielik tagasimakse algsele makseviisile."
"Some items may be excluded by law (perishable goods, custom-made items, sealed hygiene or audio/video products). We'll show you exactly what's eligible on the next page.","Mõned esemed võivad olla seadusega välistatud (kiiresti riknevad kaubad, tellimustööna valmistatud esemed, pitseeritud hügieeni- või heli-/videotooted). Järgmisel lehel näitame teile täpselt, mis on sobiv."
"Direct link — no login or account password required.","Otselink — sisselogimist ega konto parooli ei nõuta."
"Art. 16(m) CRD exclusion — digital content where the customer has (1) given express prior consent to begin performance and (2) acknowledged that they lose the withdrawal right. Two switches: the <em>Detection</em> subgroup decides what counts as digital (master switch), the <em>Checkout step + Email</em> subgroup renders the 2-checkbox waiver UX and dispatches the confirmation email. Both must be ON for the feature to work end-to-end. Use this only for <strong>one-time digital purchases</strong> (ebooks, software installers, music files, games). Do <strong>not</strong> enable it for ongoing digital <strong>subscriptions or services</strong> (SaaS, streaming, hosted software) — EU case law (CJEU Sky, C-641/19) requires a different consent flow for those.","Art. 16(m) CRD exclusion — digital content where the customer has (1) given express prior consent to begin performance and (2) acknowledged that they lose the withdrawal right. Two switches: the <em>Detection</em> subgroup decides what counts as digital (master switch), the <em>Checkout step + Email</em> subgroup renders the 2-checkbox waiver UX and dispatches the confirmation email. Both must be ON for the feature to work end-to-end. Use this only for <strong>one-time digital purchases</strong> (ebooks, software installers, music files, games). Do <strong>not</strong> enable it for ongoing digital <strong>subscriptions or services</strong> (SaaS, streaming, hosted software) — EU case law (CJEU Sky, C-641/19) requires a different consent flow for those."
"Customer-facing UX for the withdrawal flow. Subgroups: <em>Buttons</em> (legal-critical labels), <em>Placements</em> (where to surface the link), <em>Return Reasons</em> (per-item dropdown), <em>Review Step</em> (content on step 3 of the flow).","Kliendile suunatud UX taganemise voo jaoks. Alagrupid: <em>Nupud</em> (õiguslikult olulised sildid), <em>Paigutused</em> (kus link kuvatakse), <em>Tagastuse põhjused</em> (rippmenüü iga toote kohta), <em>Ülevaate samm</em> (sisu voo 3. sammus)."
"Disable only if you deliver the durable-medium confirmation through a different channel.","Keelake ainult juhul, kui edastate püsival andmekandjal kinnituse teise kanali kaudu."
"Disable only if you deliver the receipt through a different durable medium (postal mail, customer account download, etc.).","Keelake ainult juhul, kui edastate kviitungi muu püsiva andmekandja kaudu (post, kliendikonto allalaadimine vms)."
"Empty fields fall through to the locale baseline. Any override value becomes part of the SHA-256 hash stored per consent event — changing a field after customers have consented does <strong>not</strong> retroactively invalidate prior consents.","Tühjad väljad langevad tagasi the locale baseline baasväärtustele asjakohase lokaadi/jurisdiktsiooni jaoks. Iga ülekirjutatud väärtus saab SHA-256 räsi osaks, mis salvestatakse iga nõusoleku sündmuse kohta — välja muutmine pärast seda, kui kliendid on nõusoleku andnud, <strong>ei</strong> tühista eelnevaid nõusolekuid tagasiulatuvalt."
"Mandatory pre-contractual disclosure of the right of withdrawal. Displayed on the checkout payment step. Each display is logged forensically (Art. 10 defence). Snapshot of the rendered text is stored immutably (Art. 6(5)). <strong>Counsel review recommended before customising any Annex I text.</strong>","Kohustuslik lepingueelne teave taganemisõiguse kohta. Kuvatakse kassas maksesammus. Iga kuvamine logitakse kohtulikult tõestatavalt (art. 10 kaitse). Renderdatud teksti hetkpilt salvestatakse muutumatult (art. 6 lõige 5). <strong>Enne mis tahes I lisa teksti kohandamist on soovitatav õiguslik ülevaatamine.</strong>"
"Off = block hidden but display events still recorded server-side via predispatch fallback. Use only for sandbox testing. Default: on.","Väljas = plokk peidetud, kuid kuvasündmusi salvestatakse endiselt serveri poolel predispatch-varuvariandi kaudu. Kasutage ainult sandbox-testimiseks. Vaikimisi: sees."
"Optional URLs rendered as round monogram badges in the email footer. Leave blank to hide.","Valikulised URL-id, mis kuvatakse e-kirja jaluses ümarate monogrammide märkidena. Peitmiseks jätke tühjaks."
"Sent when a customer cancels their own pending withdrawal.","Saadetakse, kui klient tühistab oma ootel taganemise."
"Sent when a customer completes the withdrawal form.","Saadetakse, kui klient täidab taganemise vormi."
"Sent when an admin approves a withdrawal request.","Saadetakse, kui administraator kinnitab taganemistaotluse."
"Sent when an admin cancels a withdrawal request on the customer's behalf.","Saadetakse, kui administraator tühistab taganemistaotluse kliendi nimel."
"Sent when an admin denies a withdrawal request.","Saadetakse, kui administraator keeldub taganemistaotlusest."
"These presets exclude specific product categories from the 14-day withdrawal right, per Art. 16 CRD. Each rule is OFF by default — enable only after confirming the corresponding product attribute is set correctly on your catalog.","Need eelseaded jätavad konkreetsed tootekategooriad 14-päevasest taganemisõigusest välja vastavalt tarbija õiguste direktiivi art. 16. Iga reegel on vaikimisi VÄLJAS — lubage see alles pärast seda, kui olete veendunud, et vastav tooteatribuut on teie kataloogis õigesti seadistatud."
"e.g. ""EU orders above €50""","nt „EL tellimused üle 50 €“"
"e.g. ""Free delivery""","nt „Tasuta kohaletoimetamine“"
"Qty: ","Kogus: "
"Submission failed. Please try again.","Esitamine ebaõnnestus. Palun proovige uuesti."
"Network error. Please try again.","Võrguviga. Palun proovige uuesti."
"Invalid server response.","Vigane serveri vastus."
"Admin Notifications","Administraatori teavitused"
"Internal alerts to your team. Independent of the per-email <em>BCC Merchant</em> checkboxes under <em>Customer Notifications</em> below — if you enable both, you will receive two emails per request.","Sisemised hoiatused teie meeskonnale. Sõltumatud allpool <em>Kliendi teavitustes</em> olevatest <em>BCC kaupmehele</em> märkeruutudest — kui mõlemad lubate, saate kaks e-kirja taotluse kohta."
"1. New Request Alert","1. Uue taotluse teade"
"Sent the moment a customer completes the two-step withdrawal flow.","Saadetakse hetkel, kui klient lõpetab kaheastmelise taganemise voo."
"Recipient Email(s)","Saaja e-post(id)"
"BCC","Pimekoopia"
"New Withdrawal Request","Uus taganemistaotlus"
"A new withdrawal request was just submitted.","Just esitati uus taganemistaotlus."
"Request:","Taotlus:"
"Order:","Tellimus:"
"Customer:","Klient:"
"Refund Total:","Tagastuse kogusumma:"
"[Withdrawal] New request %request_increment_id · Order #%order_increment_id · %refund_total","[Taganemine] Uus taotlus %request_increment_id · Tellimus #%order_increment_id · %refund_total"
"Anonymised","Anonüümitud"
"Audit","Audit"
"Cancel Order","Tühista tellimus"
"Confirmation Email (Art. 11a(4))","Kinnitus-e-kiri (art 11a(4))"
"Detection (Art. 16(m))","Tuvastamine (art 16(m))"
"Digital Waiver (Art. 16(m))","Digitaalne loobumine (art 16(m))"
"Email Identity","E-kirja saatja"
"ID","ID"
"Integrity hash","Terviklikkuse räsi"
"Pre-Contract Proof","Lepingueelne tõend"
"Verify this receipt","Kontrolli seda kviitungit"
"Withdrawal Window","Taganemise tähtaeg"
"This SHA-256 hash uniquely identifies your withdrawal record. Verify it at any time using the button above.","See SHA-256 räsi tuvastab teie taganemiskirje üheselt. Saate seda igal ajal kontrollida ülaltoodud nupu abil."
"Digital content waiver confirmation — Order %increment_id","Digitaalse sisu loobumise kinnitus — Tellimus %increment_id"
"Comma-separated. Each recipient receives a separate email rendered in their own admin locale (looked up via the admin user's interface_locale; fallback to general/locale/code). Invalid addresses dropped silently.","Komaga eraldatud. Iga saaja saab eraldi e-kirja oma administraatori keeles (administraatori interface_locale; tagavara — general/locale/code). Vigased aadressid jäetakse vaikselt välja."
"Art. 16(m) CRD digital-content detection. Determines what counts as digital content for eligibility purposes. The actual checkout-step waiver UI and email lives in the next section ""Digital Waiver"".","Digitaalse sisu tuvastamine vastavalt art 16(m) tarbijate õiguste direktiivile. Määrab, mis loetakse digitaalseks sisuks taganemisõiguse kontekstis. Vastav loobumise UI ostukorvis ja e-kiri asuvad järgmises sektsioonis „Digitaalne loobumine“."
"Art. 16(m) CRD exclusion — digital content where the customer has (1) given express prior consent to begin performance and (2) acknowledged that they lose the withdrawal right. Two switches control this feature end-to-end: the <em>Detection</em> subgroup under <em>Eligibility Rules</em> decides what counts as digital (master switch); this section renders the 2-checkbox waiver UX at checkout and dispatches the Art. 11a(4) confirmation email. Both must be ON for the feature to work end-to-end. Per-locale text overrides below. Use this only for <strong>one-time digital purchases</strong> (ebooks, software installers, music files, games). Do <strong>not</strong> enable it for ongoing digital <strong>subscriptions or services</strong> (SaaS, streaming, hosted software) — EU case law (CJEU Sky, C-641/19) requires a different consent flow for those.","Tarbijate õiguste direktiivi art 16(m) erand — digitaalne sisu, mille puhul klient on (1) andnud sõnaselge eelneva nõusoleku täitmise alustamiseks ja (2) tunnistanud taganemisõiguse kaotust. Funktsiooni juhivad kaks lülitit: alajaotis <em>Tuvastamine</em> jaotises <em>Sobivuse reeglid</em> otsustab, mis on digitaalne (peamine lüliti); see jaotis kuvab 2 märkeruuduga loobumise UI ostukorvis ja saadab art 11a(4) kinnitus-e-kirja. Mõlemad peavad olema SEES. Lokaadipõhised tekstid allpool. Kasutage ainult <strong>ühekordseteks digitaalseteks ostudeks</strong> (e-raamatud, tarkvarapaigaldajad, muusikafailid, mängud). <strong>Ärge</strong> lubage seda jätkuvateks digitaalseteks <strong>tellimusteks või teenusteks</strong> (SaaS, voogedastus, hostitud tarkvara) — EL-i kohtupraktika (CJEU Sky, C-641/19) nõuab teistsugust nõusolekuvoogu."
"Defines <strong>when</strong> the 14-day withdrawal right starts running (the delivery trigger, Art. 9(2)(b)) and <strong>how long</strong> it lasts in days (Art. 9(2)). Together these control the period each order's withdrawal is open.","Määrab, <strong>millal</strong> algab 14-päevane taganemisõigus (tarne sündmus, art 9(2)(b)) ja <strong>kui kaua</strong> see kestab päevades (art 9(2)). Koos määravad nad iga tellimuse taganemisperioodi."
"Default 14 days per Art. 9(2). Extension allowed (e.g. 30, 100). Reduction below 14 is illegal — the field validates 14-3650 only.","Vaikimisi 14 päeva vastavalt art 9(2). Pikendamine lubatud (nt 30, 100). Lühendamine alla 14 on ebaseaduslik — väli valideerib ainult 14-3650."
"When on, carts that contain a detected digital item render the 2-checkbox waiver step at checkout. Has no effect unless <em>Eligibility Rules → Detection → Enable Digital Content Detection</em> is also on.","Kui sees, kuvavad ostukorvid, mis sisaldavad tuvastatud digitaalset toodet, ostukorvis 2 märkeruuduga loobumise sammu. Mõjub ainult siis, kui <em>Sobivuse reeglid → Tuvastamine → Luba digitaalse sisu tuvastamine</em> on samuti sees."
"Optional. Comma-separated. Blind-copies the waiver-confirmation email to a merchant audit address. Leave blank to skip.","Vabatahtlik. Komaga eraldatud. Saadab loobumiskinnitus-e-kirja pimekoopia kaupmehe auditi aadressile. Jätke tühjaks vahelejätmiseks."
"<strong>⚠ Legal warning.</strong> Art. 11a(2) CRD requires the literal text ""withdraw from contract here"" <em>or a corresponding unambiguous formulation</em>. The default value (""Withdraw from contract here"") is the Directive's verbatim phrase; Per-locale translations are counsel-signed. <strong>Do not override unless you have received written advice from qualified consumer-law counsel in the target jurisdiction.</strong> Every override is recorded in the audit log.","<strong>⚠ Õiguslik hoiatus.</strong> Tarbijate õiguste direktiivi art 11a(2) nõuab sõnasõnalist teksti „taganege lepingust siin“ <em>või vastavat ühemõttelist sõnastust</em>. Vaikeväärtus („Taganege lepingust siin“) on Direktiivi sõnasõnaline fraas; Lokaalipõhised tõlked on advokaadi poolt kinnitatud. <strong>Ärge tühistage, kui te pole saanud kirjalikku nõu kvalifitseeritud tarbijaõiguse advokaadilt sihtjurisdiktsioonis.</strong> Iga tühistamine salvestatakse audit-logisse."
"<strong>⚠ Legal warning.</strong> This is the label on the final confirmation button. Default (""Confirm withdrawal"") is counsel-signed; Per-locale translations are counsel-signed. Override only with written legal advice; overrides are audit-logged.","<strong>⚠ Õiguslik hoiatus.</strong> See on lõpliku kinnitusnupu silt. Vaikeväärtus („Kinnita taganemine“) on advokaadi poolt kinnitatud; Lokaalipõhised tõlked on advokaadi poolt kinnitatud. Tühistage ainult kirjaliku õigusabi alusel; tühistamised salvestatakse audit-logisse."
"Cancel the linked order? No payment has been captured, so there is nothing to refund — the order will be cancelled in Magento.","Tühistada seotud tellimus? Ühtegi makset pole vastu võetud, seega pole midagi tagastada — tellimus tühistatakse Magentos."
"Scope & Applicability","Ulatus ja kohaldatavus"
"Controls in which markets the self-service withdrawal flow is offered. These are merchant business decisions, not legal exclusions — an EU consumer's statutory right of withdrawal does not depend on them, and declarations received by other means (email, letter) must still be honoured manually.","Määrab, millistel turgudel pakutakse iseteenindusliku taganemise protsessi. Need on kaupleja äriotsused, mitte õiguslikud erandid — ELi tarbija seadusjärgne taganemisõigus ei sõltu neist ning muul viisil (e-kiri, kiri) saadud taganemisavaldused tuleb endiselt käsitsi täita."
"Restrict by Country","Piira riigi järgi"
"Offers the self-service withdrawal flow only for orders whose billing <strong>or</strong> shipping address is in the selected countries. <strong>Legal note:</strong> this restricts the storefront flow only — an EU consumer's statutory right of withdrawal does not depend on the address, and withdrawal declarations received by other means (email, letter) must still be honoured manually. Default: disabled.","Pakub iseteenindusliku taganemise protsessi ainult tellimustele, mille arveldus- <strong>või</strong> tarneaadress on valitud riikides. <strong>Õiguslik märkus:</strong> see piirab ainult poe protsessi — ELi tarbija seadusjärgne taganemisõigus ei sõltu aadressist ning muul viisil (e-kiri, kiri) saadud taganemisavaldused tuleb endiselt käsitsi täita. Vaikimisi: keelatud."
"Offer Withdrawal For Countries","Paku taganemist riikidele"
"Preselected: EU-27 plus EEA (Norway, Iceland, Liechtenstein). Add the United Kingdom manually if you target UK consumers (separate national regime with a comparable 14-day right). If you clear this list, the restriction has no effect and the flow stays available to every customer.","Eelvalitud: EL-27 pluss EMP (Norra, Island, Liechtenstein). Lisage Ühendkuningriik käsitsi, kui sihite Ühendkuningriigi tarbijaid (eraldi riiklik kord võrreldava 14-päevase õigusega). Kui tühjendate selle loendi, ei ole piirangul mõju ja protsess jääb kõigile klientidele kättesaadavaks."
"Restrict by Customer Group","Piira kliendigrupi järgi"
"Hides the self-service withdrawal flow from orders placed by the selected customer groups (e.g. your B2B / wholesale groups). The right of withdrawal is a consumer right, so this lets you keep it off for business customers. <strong>Legal note:</strong> this restricts the storefront flow only — it does not decide who is legally a consumer, and any withdrawal declaration received by other means must still be honoured manually. Default: disabled.","Hides the self-service withdrawal flow from orders placed by the selected customer groups (e.g. your B2B / wholesale groups). The right of withdrawal is a consumer right, so this lets you keep it off for business customers. <strong>Legal note:</strong> this restricts the storefront flow only — it does not decide who is legally a consumer, and any withdrawal declaration received by other means must still be honoured manually. Default: disabled."
"Exclude Customer Groups","Välista kliendigrupid"
"Orders placed by any selected group are excluded from the self-service flow. Guests are always treated as consumers and cannot be excluded here. If you clear this list, the restriction has no effect and the flow stays available to every customer.","Orders placed by any selected group are excluded from the self-service flow. Guests are always treated as consumers and cannot be excluded here. If you clear this list, the restriction has no effect and the flow stays available to every customer."
"Custom-made to your specifications","Valmistatud teie spetsifikatsioonide järgi"
"Perishable goods","Kiiresti riknevad kaubad"
"Sealed hygiene item — seal broken","Pitseeritud hügieenitoode — pitser on rikutud"
"Sealed audio/video — seal broken","Pitseeritud audio/video — pitser on rikutud"
"Newspapers, periodicals, magazines","Ajalehed, perioodika, ajakirjad"
"Accommodation / event on specific date","Majutus / üritus kindlal kuupäeval"
"Digital content — right waived at purchase","Digitaalne sisu — õigusest loobutud ostmisel"
"Withdrawal period has expired","Taganemistähtaeg on möödunud"
"Already withdrawn in a prior request","Juba taganetud varasema taotlusega"
"A draft withdrawal is holding this item. Confirm it via the email we sent, or cancel it in the 'Existing withdrawals' section above.","Seda toodet hoiab taganemise mustand. Kinnitage see meile saadetud e-kirja kaudu või tühistage see ülal jaotises „Senised taganemised“."
"EU withdrawal request %1 was approved.","EL-i taganemistaotlus %1 kinnitati."
"EU withdrawal request %1 was approved. Refund: %2.","EL-i taganemistaotlus %1 kinnitati. Tagasimakse: %2."
"EU withdrawal request %1 was denied.","EL-i taganemistaotlus %1 lükati tagasi."
"EU withdrawal request %1 was denied. Reason: %2","EL-i taganemistaotlus %1 lükati tagasi. Põhjus: %2"
"EU withdrawal request %1 was cancelled by the customer.","EL-i taganemistaotluse %1 tühistas klient."
"EU withdrawal request %1 was cancelled by an administrator.","EL-i taganemistaotluse %1 tühistas administraator."
"If Delivery Is Never Confirmed","Kui kättetoimetamist kunagi ei kinnitata"
"When an order is already in a Delivery Confirmation Status but has no recorded transition into it (no delivery timestamp), choose whether its withdrawal stays open or it is treated as not eligible. Default: not eligible.","Kui tellimusel on juba kättetoimetamise kinnitamise olek, kuid sellesse pole salvestatud üleminekut (kättetoimetamise kuupäev puudub), valige, kas taganemine jääb avatuks või käsitletakse seda mittesobivana. Vaikimisi: mittesobiv."
"Statuses Excluded From Withdrawal","Taganemisest välistatud olekud"
"Orders whose current status is selected here are never offered for withdrawal (e.g. a legacy migration status such as <code>imported</code>). Do not select a status used by active, deliverable orders — that withholds a valid withdrawal.","Tellimusi, mille praegune olek on siin valitud, ei pakuta kunagi taganemiseks (nt migratsiooniolek nagu <code>imported</code>). Ärge valige olekut, mida kasutavad aktiivsed, tarnitavad tellimused — see keelaks kehtiva taganemise."
"Treat as not eligible","Käsitle mittesobivana"
"Keep withdrawal open","Jäta taganemine avatuks"
"Withdrawal not available for this order","Taganemine pole selle tellimuse jaoks saadaval"
"This order is not eligible for withdrawal.","See tellimus ei sobi taganemiseks."
"EU withdrawal request %1 submitted.","EL-i taganemistaotlus %1 esitati."
"EU withdrawal request %1 submitted. Requested refund: %2.","EL-i taganemistaotlus %1 esitati. Taotletud tagasimakse: %2."
"Show more orders","Näita rohkem tellimusi"
"Item Selection","Toodete valik"
"Per item (customer selects items and quantities)","Toote kaupa (klient valib tooted ja kogused)"
"Full order (all returnable items, no selection)","Kogu tellimus (kõik tagastatavad tooted, ilma valikuta)"
"<em>Per item</em>: the customer chooses lines and quantities. <em>Full order</em>: the request always covers all returnable items; items excluded by law (opened seal, expired period) are still removed automatically, and the form shows a note that partial returns can be requested via your contact page.<br/><strong>⚠ Legal warning.</strong> The explanatory materials to the German implementation law expect the withdrawal function to support selecting parts of the order. Consult your counsel before switching to Full order.","<em>Toote kaupa</em>: klient valib read ja kogused. <em>Kogu tellimus</em>: taotlus hõlmab alati kõiki tagastatavaid tooteid; seadusega välistatud tooted (avatud pitser, möödunud tähtaeg) eemaldatakse siiski automaatselt ja vorm kuvab märkuse, et osalist tagastamist saab taotleda teie kontaktilehe kaudu.<br/><strong>⚠ Õiguslik hoiatus.</strong> Saksamaa rakendusseaduse seletuskirjad eeldavad, et taganemisfunktsioon võimaldab tellimuse osade valimist. Konsulteerige enne kogu tellimuse režiimile üleminekut oma õigusnõustajaga."
"This request covers all returnable items of the order.","See taotlus hõlmab kõiki tellimuse tagastatavaid tooteid."
"Contact us for a partial return.","Osalise tagastamise korral võtke meiega ühendust."
"Review the items included in your return.","Vaadake üle oma tagastusse kaasatud tooted."
"Review the items to return","Vaadake üle tagastatavad tooted"
"Self-service withdrawal is not available for this order.","Iseteeninduslik lepingust taganemine ei ole selle tellimuse puhul saadaval."
"VAT","km"
"Of which VAT","Sellest km"
"Order Adjustment","Tellimuse korrigeerimine"
"Bundle Item Selection","Komplekti toodete valik"
"<em>No</em> (default): the bundle is shown as one returnable unit — the customer returns the whole bundle. <em>Yes</em>: the bundle's priced components are shown as separate returnable lines when they can be returned independently (e.g. a device and an accessory sold together). Enable this only for bundles that group independently returnable products; a bundle sold as a single set should remain returnable only as a whole.<br/><strong>Legal note.</strong> Configure this according to how each bundle is offered and contracted; consult your counsel if components should be withdrawable separately.","<em>Ei</em> (vaikeväärtus): komplekti kuvatakse ühe tagastatava üksusena — klient tagastab kogu komplekti. <em>Jah</em>: komplekti hinnastatud alamtooted kuvatakse eraldi tagastatavate ridadena, kui neid saab tagastada iseseisvalt (nt koos müüdav seade ja lisatarvik). Lubage see ainult komplektidele, mis koondavad iseseisvalt tagastatavaid tooteid; ühtse komplektina müüdav toode peaks jääma tagastatavaks ainult tervikuna.<br/><strong>Õiguslik märkus.</strong> Seadistage see vastavalt sellele, kuidas iga komplekti pakutakse ja lepingus kokku lepitakse; konsulteerige oma õigusnõustajaga, kui alamtooted peaksid olema eraldi taganetavad."
"Acknowledgment of loss of withdrawal (Art. 16(m)(ii))","Kinnitus taganemisõiguse kaotamise kohta (Art. 16(m)(ii))"
"Both confirmations are required to proceed. Your consent is recorded with a tamper-evident hash of the legal text shown above.","Jätkamiseks on vajalikud mõlemad kinnitused. Teie nõusolek salvestatakse koos ülal kuvatud õigusteksti muutusekindla räsiga."
"Digital Content Delivery — Required Waiver","Digitaalse sisu kohaletoimetamine — Nõutav loobumine"
"EU Art. 16(m)","EU Art. 16(m)"
"EU Art. 6(1)(h)","EU Art. 6(1)(h)"
"Express consent (Art. 16(m)(i))","Sõnaselge nõusolek (Art. 16(m)(i))"
"I acknowledge that, as a result, I will lose my right of withdrawal once performance has begun.","Olen teadlik, et selle tagajärjel kaotan oma taganemisõiguse pärast täitmise alustamist."
"I expressly request that performance of the digital content begin immediately, before the end of the 14-day withdrawal period.","Palun sõnaselgelt, et digitaalse sisu täitmine algaks kohe, enne 14-päevase taganemistähtaja lõppu."
"The digital-content consent step is temporarily unavailable. Please refresh the page; if the problem persists, contact support — your order cannot be completed until the required consent can be shown.","Digitaalse sisu nõusoleku samm on ajutiselt kättesaamatu. Palun värskendage lehte; kui probleem püsib, võtke ühendust klienditoega — teie tellimust ei saa lõpule viia enne, kui nõutav nõusolek on kuvatav."
"Your cart contains digital content. To receive it immediately, EU consumer law requires both your express consent to begin performance and your acknowledgment that doing so causes you to lose the right of withdrawal once delivery starts.","Teie ostukorv sisaldab digitaalset sisu. Selle kohe kättesaamiseks nõuab EL-i tarbijaõigus nii teie sõnaselget nõusolekut täitmise alustamiseks kui ka teie kinnitust, et sellega kaotate taganemisõiguse niipea, kui kohaletoimetamine algab."
SKU:,SKU:
"Seal photos skipped","Pitseri fotod jäeti vahele"
Submitting…,Esitamine…
"That order does not belong to your account. Please select one of your own orders.","See tellimus ei kuulu teie kontole. Palun valige üks oma tellimustest."
"Bundle contents","Komplekti sisu"
"included in the bundle price above — not returnable separately","sisaldub ülaltoodud komplekti hinnas — ei ole eraldi tagastatav"
"included: %1","sisaldub: %1"
"Included","Sisaldub"
"Individual items","Üksiktooted"
"%1 items","%1 toodet"
"Return now","Tagasta nüüd"
"Included in this bundle","Sisaldub selles komplektis"
"Included value","Sisalduv väärtus"
"Other items","Muud tooted"
"Order total","Tellimuse kogusumma"
"Hygiene seal","Hügieenipitser"
"Media seal","Meediapitser"
"Seal Photos","Pitseri fotod"
"Is the hygiene seal on “%1” still intact?","Kas toote „%1“ hügieenipitser on veel terve?"
"Is the media / software seal on “%1” still intact?","Kas toote „%1“ meedia / tarkvara pitser on veel terve?"
"Once you confirm the seal is broken, the whole bundle can’t be returned. Its quantity is set to 0.","Kui kinnitate, et pitser on rikutud, ei saa kogu komplekti tagastada. Selle kogus määratakse 0-ks."
"A credit memo can only be started for an approved withdrawal request.","Kreediti saab algatada ainult heakskiidetud taganemistaotluse jaoks."
"EU withdrawal request %1 was cancelled by an administrator. Reason: %2","EL-i taganemistaotlus %1 tühistati administraatori poolt. Põhjus: %2"
"System","Süsteem"
"View Order","Vaata tellimust"
"View Request","Vaata taotlust"
"View Shipment","Vaata saadetist"
"Please confirm both consent boxes to proceed with digital content delivery.","Digitaalse sisu kohaletoimetamiseks jätkamiseks kinnitage mõlemad nõusolekukastid."
"The digital-content consent step could not load. Please refresh and try again, or contact support.","Digitaalse sisu nõusoleku sammu ei õnnestunud laadida. Värskendage ja proovige uuesti või võtke ühendust toega."
"We could not record your consent just now. Please try again.","Me ei saanud teie nõusolekut praegu salvestada. Palun proovige uuesti."
