"View Credit Memo","Näytä hyvityslasku"
"Issue Credit Memo","Luo hyvityslasku"
"Approve","Hyväksy"
"Approve this withdrawal request?","Hyväksytäänkö tämä peruutuspyyntö?"
"Deny","Hylkää"
"Legal reason for denial (min 10 chars):","Lainmukainen peruste hylkäykselle (väh. 10 merkkiä):"
"Cancel Request","Peruuta pyyntö"
"Cancel this withdrawal? Add an optional note for the customer (visible in their cancellation email):","Peruutetaanko tämä peruutuspyyntö? Lisää valinnainen viesti asiakkaalle (näkyy heidän peruutussähköpostissaan):"
"Resend Receipt","Lähetä kuitti uudelleen"
"Send the receipt email again? The customer will receive another copy.","Lähetetäänkö kuittisähköposti uudelleen? Asiakas vastaanottaa toisen kopion."
"Withdrawal Request #%1","Peruutuspyyntö #%1"
"Request Details","Pyynnön tiedot"
"Information","Tiedot"
"Reason for Denial","Hylkäysperuste"
"Customer Cancellation Note","Asiakkaan peruutusviesti"
"Cancellation Note","Peruutusviesti"
"Status-Change Note","Tilan muutoksen viesti"
"Code","Koodi"
"Label","Otsikko"
"Add Reason","Lisää peruste"
"In progress","Käsittelyssä"
"Refund issued","Hyvitys myönnetty"
"Denied","Hylätty"
"Cancelled","Peruutettu"
"Pending","Odottaa"
"This is a transactional email about your order.","Tämä on tilaustasi koskeva tapahtumasähköposti."
"Reason for denial","Hylkäysperuste"
"Your cancellation note","Peruutusviestisi"
"Note from our team","Viesti tiimiltämme"
"EU right of withdrawal","EU:n peruuttamisoikeus"
"Withdrawal right pending delivery","Peruuttamisoikeus odottaa toimitusta"
"Withdrawal window has ended","Peruuttamisaika päättynyt"
"Not eligible for withdrawal","Ei oikeutta peruutukseen"
"Withdrawal already requested","Peruutuspyyntö on jo lähetetty"
"You can withdraw from this contract any time — the %1-day deadline begins counting once the order is delivered.","Voit peruuttaa tämän sopimuksen milloin tahansa — %1 päivän määräaika alkaa kulua, kun tilaus on toimitettu."
"Your %1-day withdrawal window will begin once this order is delivered.","Sinun %1 päivän peruuttamisaikasi alkaa, kun tämä tilaus on toimitettu."
"The %1-day window for withdrawing from this contract has ended.","Tämän sopimuksen %1 päivän peruuttamisaika on päättynyt."
"This order is not eligible for withdrawal under EU consumer law (Art. 16 Directive 2011/83/EU).","Tätä tilausta ei voi peruuttaa EU:n kuluttajalainsäädännön nojalla (direktiivin 2011/83/EU 16 artikla)."
"A withdrawal request for this order has been submitted. See the request details below.","Tästä tilauksesta on lähetetty peruutuspyyntö. Katso pyynnön tiedot alta."
"This order contains a perishable item that cannot be returned (food with short shelf life, fresh flowers, etc.).","Tämä tilaus sisältää pilaantuvan tuotteen, jota ei voi palauttaa (lyhyen säilyvyysajan elintarvikkeet, leikkokukat jne.)."
"This order contains a custom-made or personalised item that cannot be returned.","Tämä tilaus sisältää tilauksesta valmistetun tai personoidun tuotteen, jota ei voi palauttaa."
"This order contains a sealed hygiene item. You keep the right of withdrawal only while the seal stays intact — once unsealed after delivery, the right is lost.","Tämä tilaus sisältää suljetun hygieniatuotteen. Säilytät peruuttamisoikeuden vain niin kauan kuin sinetti on ehjä — kun sinetti on avattu toimituksen jälkeen, oikeus menetetään."
"This order contains a sealed audio / video / software item. You keep the right of withdrawal only while the seal stays intact — once unsealed after delivery, the right is lost.","Tämä tilaus sisältää suljetun ääni-/video-/ohjelmistotuotteen. Säilytät peruuttamisoikeuden vain niin kauan kuin sinetti on ehjä — kun sinetti on avattu toimituksen jälkeen, oikeus menetetään."
"This order contains digital content. Once you start using or downloading the content, you lose the right of withdrawal (you consented to this at checkout).","Tämä tilaus sisältää digitaalista sisältöä. Kun aloitat sisällön käytön tai latauksen, menetät peruuttamisoikeuden (annoit tähän suostumuksen kassalla)."
"%1 item(s) · Refund %2","%1 tuote(tta) · Hyvitys %2"
"Awaiting confirmation","Odottaa vahvistusta"
"Cancel withdrawal %1? Your refund will not be processed.","Peruutetaanko peruutus %1? Hyvitystäsi ei käsitellä."
"Submitted","Lähetetty"
"Approved","Hyväksytty"
"Fully returned","Palautettu kokonaan"
"Return requested","Palautus pyydetty"
"Not eligible","Ei oikeutettu"
"Partially requested","Osittain pyydetty"
"— Select a reason —","— Valitse syy —"
"Other","Muu"
"The refund will be issued using your original payment method within 5-7 business days after we receive your return.","Palautus suoritetaan alkuperäisellä maksutavallasi 5–7 työpäivän kuluessa palautuksesi vastaanottamisesta."
"Withdrawal right lost (Art. 16(m) CRD) — digital performance started on %1.","Peruuttamisoikeus menetetty (Art. 16(m) kuluttajanoikeusdirektiivi) — digitaalisen sisällön toimitus alkoi %1."
"Request #%1 not found.","Pyyntöä #%1 ei löytynyt."
"Receipt email re-queued for request #%1. Delivery will retry asynchronously.","Kuittisähköposti palautettu jonoon pyynnölle #%1. Toimitusta yritetään uudelleen asynkronisesti."
"Failed to queue receipt resend: %1","Kuitin uudelleenlähetyksen jonottaminen epäonnistui: %1"
"Note text is empty.","Viestiteksti on tyhjä."
"Note added to request #%1.","Viesti lisätty pyyntöön #%1."
"Request #%1 approved.","Pyyntö #%1 hyväksytty."
"Request #%1 cancelled.","Pyyntö #%1 peruutettu."
"Request #%1 denied.","Pyyntö #%1 hylätty."
"Invalid request id.","Virheellinen pyynnön tunnus."
"Unable to open temporary file for CSV export.","Tilapäisen tiedoston avaaminen CSV-vientiä varten epäonnistui."
"Withdrawal Requests","Peruutuspyynnöt"
"%1 requests queued for acceptance.","%1 pyyntöä laitettu jonoon hyväksyntää varten."
"%1 request(s) approved.","%1 pyyntö(ä) hyväksytty."
"%1 request(s) failed. First errors: %2","%1 pyyntö(ä) epäonnistui. Ensimmäiset virheet: %2"
"Note added to %1 request(s).","Viesti lisätty %1 pyyntöön."
"Underlying order #%1 not found.","Tilausta #%1 ei löytynyt."
"Order #%1 has no invoice yet — Magento requires an invoice before a credit memo can be created. Open an invoice first (Sales → Orders → #%1 → Invoice button), then return here to refund.","Tilauksella #%1 ei ole vielä laskua — Magento edellyttää laskua ennen kuin hyvityslaskua voidaan luoda. Luo ensin lasku (Myynti → Tilaukset → #%1 → Lasku-painike), ja palaa sitten tänne tekemään hyvitys."
"No items recorded on this withdrawal request — the credit memo will open with default invoice qtys; please adjust manually.","Tässä peruutuspyynnössä ei ole tallennettuna tuotteita — hyvityslasku avautuu laskun oletusmäärillä; säädä määrät käsin."
"Pre-filled credit memo for withdrawal #%1 — review the qtys + shipping refund below, then click Refund Online or Refund Offline.","Esitäytetty hyvityslasku peruutukselle #%1 — tarkista alla olevat määrät ja toimituskuluhyvitys ja napsauta sitten Hyvitä verkossa tai Hyvitä offline-tilassa."
"Some items are no longer eligible. Please reload and try again.","Jotkin tuotteet eivät ole enää kelpoisia. Lataa sivu uudelleen ja yritä uudelleen."
"We could not process your request. Please try again.","Pyyntöäsi ei voitu käsitellä. Yritä uudelleen."
"Item","Tuote"
"We could not find a matching order for that email.","Emme löytäneet tähän sähköpostiosoitteeseen liittyvää tilausta."
"Withdraw from a contract","Peruuta sopimus"
"Withdrawal not found.","Peruutusta ei löytynyt."
"This withdrawal can no longer be cancelled online. Contact us if you need help.","Tätä peruutusta ei voi enää perua verkossa. Ota meihin yhteyttä, jos tarvitset apua."
"Withdrawal #%1 cancelled.","Peruutus #%1 peruutettu."
"Please fill in all required fields.","Täytä kaikki pakolliset kentät."
"%1 item(s) were excluded from the withdrawal because the seal is broken (Art. 16(e)/(i) Directive 2011/83/EU).","%1 tuote(tta) jätettiin peruutuksen ulkopuolelle, koska sinetti on rikottu (direktiivin 2011/83/EU 16 artiklan e/i alakohta)."
"Please select at least one item to withdraw.","Valitse vähintään yksi peruutettava tuote."
"One or more items are no longer available for withdrawal. Please refresh and try again.","Yksi tai useampi tuote ei ole enää peruutettavissa. Päivitä sivu ja yritä uudelleen."
"None of the selected items are eligible for withdrawal.","Mitään valittua tuotetta ei voi peruuttaa."
"Hash mismatch for quote item %1","Tiivisteet eivät täsmää tarjouksen tuotteelle %1"
"Requested qty %1 exceeds remaining %2 for order item %3","Pyydetty määrä %1 ylittää jäljellä olevan määrän %2 tilauksen tuotteelle %3"
"No delivery confirmation recorded for this order yet.","Tähän tilaukseen ei ole vielä kirjattu toimitusvahvistusta."
"No eligible items selected for withdrawal","Ei valittu peruutettavissa olevia tuotteita"
"Physical goods","Fyysiset tavarat"
"Digital content (non-tangible)","Digitaalinen sisältö (aineeton)"
"Digital service (SaaS / subscription)","Digitaalinen palvelu (SaaS / tilaus)"
"Financial services (not supported)","Rahoituspalvelut (ei tuettu)"
"Downloadable products","Ladattavat tuotteet"
"Virtual products","Virtuaaliset tuotteet"
"Bundles containing digital children","Pakettituotteet, jotka sisältävät digitaalisia osia"
"Custom attribute flag","Mukautettu määriteliputus"
"locale_inheritance.xml missing at %1","locale_inheritance.xml puuttuu polusta %1"
"locale_inheritance.xml unreadable at %1","locale_inheritance.xml ei ole luettavissa polussa %1"
"locale_inheritance.xml failed XSD validation: %1","locale_inheritance.xml ei läpäissyt XSD-validointia: %1"
"Original payment method","Alkuperäinen maksutapa"
"This is your durable-medium receipt for the withdrawal (Art. 11a(4) Directive 2011/83/EU).","Tämä on peruutuksesi pysyvällä tallennusalustalla annettu kuitti (direktiivin 2011/83/EU 11a artiklan 4 kohta)."
"This email is a notification about your withdrawal request.","Tämä sähköposti on ilmoitus peruutuspyynnöstäsi."
"5–7 business days","5–7 arkipäivää"
"This is a confirmation that your withdrawal request has been recorded.","Tämä on vahvistus siitä, että peruutuspyyntösi on kirjattu."
"MageMe EU Withdrawal is installed but not enabled. Review the compliance checklist and configure the module before enabling: <a href=""%1"">Stores → Configuration → MageMe Extensions → EU Withdrawal</a>.","MageMe EU Withdrawal on asennettu, mutta ei käytössä. Tarkista vaatimustenmukaisuuslista ja määritä moduuli ennen käyttöönottoa: <a href=""%1"">Kaupat → Asetukset → MageMe-laajennukset → EU Withdrawal</a>."
"Delivery confirmation status is not configured. Set Stores → Configuration → MageMe Extensions → EU Withdrawal → Withdrawal Period → Delivery Confirmation Statuses.","Toimitusvahvistuksen tila on määrittämättä. Aseta: Kaupat → Asetukset → MageMe-laajennukset → EU Withdrawal → Peruutusaika → Toimitusvahvistuksen tilat."
"No Annex I source found for locale %1 along chain %2","Liitteen I lähdettä ei löytynyt kielelle %1 ketjussa %2"
"Annex I source for locale %1 is malformed","Liitteen I lähde kielelle %1 on virheellisesti muotoiltu"
"Missing merchant variables for Annex I rendering: %1","Liitteen I renderöinnistä puuttuu kauppiaan muuttujia: %1"
"Receipt hash mismatch for request %1","Kuitin tiivisteet eivät täsmää pyynnölle %1"
"Request %1 not found.","Pyyntöä %1 ei löytynyt."
"Denying a withdrawal request requires a legal basis of at least 10 characters.","Peruutuspyynnön hylkääminen edellyttää vähintään 10 merkin lainmukaista perustetta."
"Withdrawal request cannot transition from ""%1"" to ""%2"".","Peruutuspyyntöä ei voi siirtää tilasta ""%1"" tilaan ""%2""."
"Request %1 is not in pending_confirm state.","Pyyntö %1 ei ole pending_confirm-tilassa."
"Withdrawal request #%1 does not exist.","Peruutuspyyntöä #%1 ei ole olemassa."
"No digital items on order %1","Tilauksella %1 ei ole digitaalisia tuotteita"
"This is your durable-medium copy of the waiver you signed at checkout (Art. 11a(4) Directive 2011/83/EU).","Tämä on pysyvällä tallennusalustalla annettu kopio kassalla allekirjoittamastasi suostumuksesta (direktiivin 2011/83/EU 11a artiklan 4 kohta)."
"Waived","Luovuttu"
"Waiver email render failed: %1","Suostumussähköpostin renderöinti epäonnistui: %1"
"Digital content waiver text has changed — please reload checkout.","Digitaalisen sisällön suostumusteksti on muuttunut — lataa kassa uudelleen."
"Digital content waiver is incomplete for item %1.","Digitaalisen sisällön suostumus on puutteellinen tuotteelle %1."
"bad","huono"
"smtp down","smtp down"
"smtp","smtp"
"down","alhaalla"
"No shipment found for order 42.","Tilaukselle 42 ei löytynyt toimitusta."
"View","Näytä"
"Withdrawal & Customer Information","Peruutuksen ja asiakkaan tiedot"
"Request # %1","Pyyntö #%1"
"Request Status","Pyynnön tila"
"Submitted At","Lähetetty"
"Related Order","Liittyvä tilaus"
"Jurisdiction","Lainkäyttöalue"
"Contract Type","Sopimustyyppi"
"Receipt Status","Kuitin tila"
"%1 attempt(s)","%1 yritys(tä)"
"Receipt Error","Kuitin virhe"
"Customer Information","Asiakastiedot"
"Customer Name","Asiakkaan nimi"
"Email","Sähköposti"
"Locale","Kieli"
"Items Selected for Withdrawal","Peruutusta varten valitut tuotteet"
"Product","Tuote"
"Price","Hinta"
"Qty","Määrä"
"Subtotal","Välisumma"
"Refund","Hyvitys"
"Reason","Syy"
"Eligibility","Kelpoisuus"
"No items associated with this request.","Tähän pyyntöön ei liity tuotteita."
"SKU","SKU"
"Ordered","Tilattu"
"Withdrawing","Peruutetaan"
"Refund Total","Palautus yhteensä"
"Notes for this Request","Tämän pyynnön muistiinpanot"
"Internal notes — visible to admin staff only. Not sent to the customer.","Sisäiset muistiinpanot — näkyvät vain ylläpidon henkilökunnalle. Ei lähetetä asiakkaalle."
"Comment","Kommentti"
"Add internal note (max 2000 chars)","Lisää sisäinen muistiinpano (enint. 2000 merkkiä)"
"Submit Comment","Lähetä kommentti"
"No comments added yet.","Kommentteja ei ole vielä lisätty."
" by %1"," — %1"
"Refund Totals","Hyvityksen yhteissummat"
"Items Subtotal","Tuotteiden välisumma"
"Shipping Refund","Toimituskulujen hyvitys"
"Total Refund","Hyvitys yhteensä"
"Changes have been made to this section that have not been saved.","Tähän osioon on tehty muutoksia, joita ei ole tallennettu."
"This tab contains invalid data. Please resolve this before saving.","Tämä välilehti sisältää virheellisiä tietoja. Korjaa tämä ennen tallennusta."
"Contact us","Ota yhteyttä"
"Returns","Palautukset"
"FAQs","Usein kysytyt kysymykset"
"All rights reserved.","Kaikki oikeudet pidätetään."
"Returned items","Palautetut tuotteet"
"No image","Ei kuvaa"
"Item status","Tuotteen tila"
"Withdrawal options for this order","Tämän tilauksen peruutusvaihtoehdot"
"You can return this order until %1.","Voit palauttaa tämän tilauksen %1 saakka."
"(Art. 11a Directive 2011/83/EU)","(direktiivin 2011/83/EU 11a artikla)"
"Submit a withdrawal request to start the refund process.","Lähetä peruutuspyyntö aloittaaksesi hyvitysprosessin."
"(Art. 9(2)(b) Directive 2011/83/EU)","(direktiivin 2011/83/EU 9 artiklan 2 kohdan b alakohta)"
"Start withdrawal","Aloita peruutus"
"Your withdrawal requests","Peruutuspyyntösi"
"Submitted %1","Lähetetty %1"
"Show items","Näytä tuotteet"
"Cancel withdrawal","Peruuta peruutus"
"Qty %1","Määrä %1"
"Receipt details","Kuitin tiedot"
"Receipt number","Kuitin numero"
"Order number","Tilausnumero"
"Consumer","Kuluttaja"
"Refund total","Hyvitys yhteensä"
"Merchant","Kauppias"
"Legal basis","Oikeusperusta"
"SKU %1","SKU %1"
"Shipping refund","Toimituskulujen hyvitys"
"Tax refund","Veron hyvitys"
"Total refund","Palautus yhteensä"
"Digital content — Art. 16(m) notice","Digitaalinen sisältö — 16 artiklan m alakohdan ilmoitus"
"By placing the order you agreed to begin performance of the digital content before the end of the withdrawal period and acknowledged that, once performance has begun, the right of withdrawal no longer applies. This notice is shown for your records.","Tehdessäsi tilauksen suostuit digitaalisen sisällön toimittamisen aloittamiseen ennen peruuttamisajan päättymistä ja vahvistit ymmärtäväsi, että kun toimitus on alkanut, peruuttamisoikeutta ei enää sovelleta. Tämä ilmoitus näytetään arkistointiasi varten."
"Existing withdrawals for this order","Tämän tilauksen olemassa olevat peruutukset"
"You can cancel a withdrawal here until it is approved.","Voit perua peruutuksen täällä, kunnes se on hyväksytty."
"Request #%1","Pyyntö #%1"
"SKU: %1","SKU: %1"
"Estimated refund: %1 %2","Arvioitu hyvitys: %1 %2"
"Cancel this withdrawal","Peruuta tämä peruutus"
"Are you sure? This cannot be undone.","Oletko varma? Tätä ei voi kumota."
"Yes, cancel","Kyllä, peruuta"
"Keep it","Säilytä"
"Qty: ","Määrä: "
"Submission failed. Please try again.","Lähetys epäonnistui. Yritä uudelleen."
"Network error. Please try again.","Verkkovirhe. Yritä uudelleen."
"Invalid server response.","Virheellinen palvelinvastaus."
"Select items to return","Valitse palautettavat tuotteet"
"Choose all items or only some of them. Set the return quantity for each item you want to withdraw.","Valitse kaikki tai vain osa tuotteista. Aseta palautusmäärä jokaiselle tuotteelle, jonka haluat peruuttaa."
"You have %1 days from the day you received your order to withdraw from the contract without giving a reason.","Sinulla on %1 päivää tilauksen vastaanottamisesta peruuttaa sopimus ilman syytä."
"Back to order search","Takaisin tilaushakuun"
"Cancel","Peruuta"
"Continue to review","Jatka tarkistukseen"
"Review and confirm","Tarkista ja vahvista"
"Order #%1","Tilaus #%1"
"Placed on %1","Tehty %1"
"Awaiting delivery","Odottaa toimitusta"
"Delivered on %1","Toimitettu %1"
"Total","Yhteensä"
"Return shipping","Palautuslähetys"
"View return policy","Näytä palautuskäytäntö"
"Refund method","Palautustapa"
"Refund will be issued to your original payment method.","Palautus maksetaan alkuperäiselle maksutavallesi."
"Return summary","Palautuksen yhteenveto"
"Shipping & Handling","Toimitus ja käsittely"
"Tax","Vero"
"Back to items","Takaisin tuotteisiin"
"Submit return request","Lähetä palautuspyyntö"
"Your return request has been submitted!","Palautuspyyntösi on lähetetty!"
"We've emailed you a notification with your return details and a prepaid return label (if applicable). You have 14 days from the delivery date to send your items back.","Olemme lähettäneet sinulle sähköpostitse ilmoituksen palautuksesi tiedoista ja esimaksetun palautustarran (jos sovellettavissa). Sinulla on 14 päivää aikaa toimituspäivästä lähettää tuotteet takaisin."
"Return request number","Palautuspyynnön numero"
"Copy request number","Kopioi pyynnön numero"
"Copied!","Kopioitu!"
"Confirmation email sent","Vahvistussähköposti lähetetty"
"We've sent the details to","Olemme lähettäneet tiedot osoitteeseen"
"What happens next?","Mitä seuraavaksi?"
"Pack your items securely","Pakkaa tuotteet huolellisesti"
"Send them back using the provided instructions","Lähetä ne takaisin annettujen ohjeiden mukaan"
"We'll inspect your return","Tarkastamme palautuksesi"
"Your refund will be issued to your original payment method","Hyvitys palautetaan alkuperäiselle maksutavallesi"
"Need more help?","Tarvitsetko lisää apua?"
"View my returns","Näytä palautukseni"
"Contact support","Ota yhteyttä tukeen"
"Purchased","Ostettu"
"Returned","Palautettu"
"Decrease quantity","Vähennä määrää"
"Increase quantity","Lisää määrää"
"Is the hygiene seal still intact?","Onko hygieniasinetti edelleen ehjä?"
"Is the original software / media seal still intact?","Onko alkuperäinen ohjelmisto- tai mediasinetti edelleen ehjä?"
"Yes — it's still sealed","Kyllä — sinetti on edelleen ehjä"
"Refund possible — return the unopened package.","Hyvitys on mahdollinen — palauta avaamaton pakkaus."
"No — I've opened it","Ei — olen avannut sen"
"This item cannot be returned (Art. 16(e) Directive 2011/83/EU).","Tätä tuotetta ei voi palauttaa (direktiivin 2011/83/EU 16 artiklan e alakohta)."
"This item cannot be returned (Art. 16(i) Directive 2011/83/EU).","Tätä tuotetta ei voi palauttaa (direktiivin 2011/83/EU 16 artiklan i alakohta)."
"Once you confirm the seal is broken, this item is excluded from the withdrawal request and the quantity will be reset to zero.","Kun vahvistat sinetin olevan rikki, tämä tuote suljetaan peruutuspyynnön ulkopuolelle ja määrä nollataan."
"Reason for return (optional)","Palautuksen syy (vapaaehtoinen)"
"Tell us more (optional, max 500 chars)","Kerro lisää (vapaaehtoinen, enint. 500 merkkiä)"
"Already returned.","Jo palautettu."
"awaiting admin review","odottaa ylläpitäjän tarkistusta"
"awaiting confirmation","odottaa vahvistusta"
"Request %1 %2 (%3 item%4).","Pyyntö %1 %2 (%3 tuote%4)."
"Return request awaiting review.","Palautuspyyntö odottaa tarkistusta."
"Cancel request","Peruuta pyyntö"
"Under EU consumer law, you may withdraw from most contracts within 14 days without giving a reason.","EU:n kuluttajalainsäädännön nojalla voit peruuttaa useimmat sopimukset 14 päivän kuluessa ilman syytä."
"Read your full pre-contract rights (Art. 6)","Lue täydet ennakkotietoja koskevat oikeutesi (6 artikla)"
"Under Art. 6 of Directive 2011/83/EU (as amended by Directive (EU) 2023/2673), before you placed this order the seller informed you — or made available — the following information:","Direktiivin 2011/83/EU 6 artiklan nojalla (sellaisena kuin se on muutettuna direktiivillä (EU) 2023/2673) myyjä on ennen tilauksesi tekemistä antanut tai asettanut saataville seuraavat tiedot:"
"The main characteristics of the goods or services.","Tavaroiden tai palveluiden pääominaisuudet."
"The identity and contact details of the trader.","Elinkeinonharjoittajan tunnistetiedot ja yhteystiedot."
"The total price including all taxes and any delivery costs.","Kokonaishinta kaikkine veroineen ja toimituskuluineen."
"The arrangements for payment, delivery and performance, and complaint-handling.","Maksu-, toimitus- ja suorittamisjärjestelyt sekä valitusten käsittely."
"Your right of withdrawal: under Art. 9 you have 14 days to withdraw from this distance contract without giving a reason. For physical goods, the 14-day period starts on the day you (or a third party nominated by you) take physical possession of the goods. For services and digital content, different starting dates apply (Art. 9(2)(a)/(c)).","Peruuttamisoikeutesi: 9 artiklan nojalla sinulla on 14 päivää aikaa peruuttaa tämä etäsopimus ilman syytä. Fyysisten tavaroiden osalta 14 päivän ajanjakso alkaa päivästä, jona sinä (tai nimeämäsi kolmas osapuoli) saat tavarat fyysiseen hallintaan. Palveluille ja digitaaliselle sisällölle sovelletaan eri alkamispäiviä (9 artiklan 2 kohdan a/c alakohta)."
"Exceptions: the right does not apply to certain goods and services listed in Art. 16 (e.g., custom-made goods, sealed hygiene items once unsealed, digital content whose performance has begun with your prior express consent and acknowledgement that you lose the withdrawal right).","Poikkeukset: oikeutta ei sovelleta tiettyihin 16 artiklassa lueteltuihin tavaroihin ja palveluihin (esim. tilauksesta valmistetut tavarat, suljetut hygieniatuotteet, joiden sinetti on avattu, digitaalinen sisältö, jonka toimitus on alkanut ennakkoon antamasi nimenomaisen suostumuksen ja peruuttamisoikeuden menettämistä koskevan vahvistuksen perusteella)."
"The legal guarantee of conformity for goods applies under Art. 5 of Directive 2019/771, in addition to the right of withdrawal.","Tavaroiden lainmukainen vaatimustenmukaisuustakuu on voimassa direktiivin 2019/771 5 artiklan nojalla peruuttamisoikeuden lisäksi."
"Delivery: %1","Toimitus: %1"
"Total paid","Maksettu yhteensä"
"Pick an order to withdraw from","Valitse tilaus, jonka haluat peruuttaa"
"Select a recent order to start your withdrawal.","Valitse hiljattainen tilaus aloittaaksesi peruutuksen."
"Select","Valitse"
"Withdrawal progress","Peruuttamisen eteneminen"
"title","otsikko"
"subtitle","alaotsikko"
"Items to return","Palautettavat tuotteet"
"0 items","0 tuotetta"
"Refund summary","Hyvityksen yhteenveto"
"No items in this order are currently eligible for withdrawal.","Tällä tilauksella ei ole tällä hetkellä peruutettavissa olevia tuotteita."
"Each line is either already being processed, pending confirmation, or has been fully withdrawn. Check the existing requests section above for status or to cancel.","Jokainen rivi on joko jo käsittelyssä, odottaa vahvistusta tai on peruutettu kokonaan. Tarkista yllä olevasta olemassa olevien pyyntöjen osiosta tila tai peru pyyntö."
"No items selected yet. Use the + button next to an item to add it to your return.","Tuotteita ei ole vielä valittu. Käytä tuotteen vieressä olevaa + -painiketta lisätäksesi sen palautukseesi."
"Find your order","Etsi tilauksesi"
"Enter the details you used during checkout to start a return or withdrawal.","Anna tiedot, joita käytit kassalla, aloittaaksesi palautuksen tai peruuttamisen."
"We could not find an order matching that email. Double-check your order number and email address.","Emme löytäneet tähän sähköpostiosoitteeseen liittyvää tilausta. Tarkista tilausnumerosi ja sähköpostiosoitteesi."
"e.g. 12345","esim. 12345"
"You can find this in your order confirmation email.","Löydät tämän tilausvahvistussähköpostistasi."
"Email address","Sähköpostiosoite"
"you@example.com","you@example.com"
"Must match the email used for the order.","Pitää vastata tilauksen yhteydessä käytettyä sähköpostiosoitetta."
"Find my order","Etsi tilaukseni"
"You have the right to withdraw from your purchase within %1 days of receiving your order, without giving any reason.","Sinulla on oikeus peruuttaa ostoksesi %1 päivän kuluessa tilauksen vastaanottamisesta ilman syytä."
"Need help finding your order?","Tarvitsetko apua tilauksen löytämiseen?"
"Select an order","Valitse tilaus"
"Choose an order from your history to start a return or withdrawal.","Valitse tilaus historiastasi aloittaaksesi palautuksen tai peruuttamisen."
"You don't have any orders eligible for withdrawal. The %1-day withdrawal window runs from the day you received your order.","Sinulla ei ole peruutuskelpoisia tilauksia. %1 päivän peruuttamisaika alkaa siitä päivästä, jona vastaanotit tilauksesi."
"View all my orders","Näytä kaikki tilaukseni"
"items","tuotetta"
"Select order","Valitse tilaus"
"No recent withdrawal","Ei viimeaikaista peruutusta"
"We could not find a recent withdrawal in this session. If you have just submitted one, please check your inbox for the confirmation email.","Emme löytäneet viimeaikaista peruutusta tästä istunnosta. Jos olet juuri lähettänyt sellaisen, tarkista vahvistussähköposti postilaatikostasi."
"Start a new withdrawal","Aloita uusi peruutus"
"Withdrawal #%1 submitted","Peruutus #%1 lähetetty"
"Related order:","Liittyvä tilaus:"
"Items","Tuotteet"
"Items included in this withdrawal","Tähän peruutukseen sisältyvät tuotteet"
"Line Total","Rivin summa"
"What happens next","Mitä seuraavaksi"
"You will receive a receipt email with the full withdrawal statement and integrity hash within a few minutes.","Vastaanotat muutaman minuutin kuluessa kuittisähköpostin, joka sisältää täydellisen peruutuslausunnon ja eheystiivisteen."
"The %1-day window under Art. 9 CRD is locked to the moment you confirmed the withdrawal — nothing further is required from you to preserve the right.","Kuluttajanoikeusdirektiivin 9 artiklan mukainen %1 päivän peruuttamisaika on lukittu hetkeen, jolloin vahvistit peruutuksen — sinulta ei vaadita enempää oikeuden säilyttämiseksi."
"The final refund is determined after we receive the returned items (Art. 14(2)) and is issued to the original payment method. Expect the funds within 14 days of receipt.","Lopullinen hyvitys määritetään, kun olemme vastaanottaneet palautetut tuotteet (14 artiklan 2 kohta), ja se palautetaan alkuperäiselle maksutavalle. Odota varojen saapumista 14 päivän kuluessa vastaanottamisesta."
"Back to Withdrawals","Takaisin peruutuksiin"
"Verzichtsbestätigung digitaler Inhalte — Bestellung %increment_id","Digitaalisen sisällön luopumisvahvistus — Tilaus %increment_id"
"Sehr geehrte/r %name,","Hyvä %name,"
"Dies ist die Bestätigung auf einem dauerhaften Datenträger Ihrer ausdrücklichen Einwilligung zum Beginn der Ausführung folgender digitaler Inhalte sowie Ihrer Bestätigung, dass Sie dadurch Ihr Widerrufsrecht verlieren (Art. 16(m) VRL).","Tämä on pysyvällä tietovälineellä annettu vahvistus nimenomaisesta suostumuksestasi aloittaa seuraavien digitaalisten sisältöjen toimitus sekä vahvistuksestasi, että menetät peruuttamisoikeutesi (kuluttajanoikeusdirektiivin 16 artiklan m alakohta)."
"Durch den Verzicht abgedeckte digitale Inhalte","Luopumisen kattamat digitaaliset sisällöt"
"Ihre ausdrückliche Einwilligung","Nimenomainen suostumuksesi"
"Eingewilligt am:","Suostuttu:"
"Ihre Bestätigung zum Verlust des Widerrufsrechts","Vahvistuksesi peruuttamisoikeuden menettämisestä"
"Bestätigt am:","Vahvistettu:"
"Verzichtsreferenz:","Luopumisen viite:"
"Rechtsgrundlage: Art. 16(m) Verbraucherrechterichtlinie 2011/83/EU.","Oikeusperusta: kuluttajanoikeusdirektiivin 2011/83/EU 16 artiklan m alakohta."
"Digital content waiver confirmation — Order %1","Digitaalisen sisällön suostumuksen vahvistus — Tilaus %1"
"Dear %name,","Hyvä %name,"
"This is the durable-medium confirmation of your express consent to begin performance of the following digital items, and your acknowledgment that by doing so you lose your right of withdrawal (Art. 16(m) CRD).","Tämä on pysyvällä tallennusalustalla annettu vahvistus nimenomaisesta suostumuksestasi aloittaa seuraavien digitaalisten tuotteiden toimitus sekä vahvistuksestasi, että näin tekemällä menetät peruuttamisoikeutesi (kuluttajanoikeusdirektiivin 16 artiklan m alakohta)."
"Digital items covered by this waiver","Tämän suostumuksen kattamat digitaaliset tuotteet"
"Your express consent","Nimenomainen suostumuksesi"
"Consented at:","Suostuttu:"
"Your acknowledgment of loss of withdrawal right","Vahvistuksesi peruuttamisoikeuden menettämisestä"
"Acknowledged at:","Vahvistettu:"
"Waiver reference:","Suostumuksen viite:"
"Legal basis: Art. 16(m) Consumer Rights Directive 2011/83/EU.","Oikeusperusta: Art. 16(m) kuluttajan oikeuksia koskeva direktiivi 2011/83/EU."
"Digitaalisen sisällön luopumisvahvistus — Tilaus %increment_id","Digitaalisen sisällön luopumisvahvistus — Tilaus %increment_id"
"Hyvä %name,","Hyvä %name,"
"Tämä on pysyvällä tietovälineellä annettu vahvistus nimenomaisesta suostumuksestasi aloittaa seuraavien digitaalisten sisältöjen toimitus sekä vahvistuksestasi, että menetät peruuttamisoikeutesi (KSL 6:16).","Tämä on pysyvällä tietovälineellä annettu vahvistus nimenomaisesta suostumuksestasi aloittaa seuraavien digitaalisten sisältöjen toimitus sekä vahvistuksestasi, että menetät peruuttamisoikeutesi (KSL 6:16)."
"Luopumisen kattamat digitaaliset sisällöt","Luopumisen kattamat digitaaliset sisällöt"
"Nimenomainen suostumuksesi","Nimenomainen suostumuksesi"
"Suostuttu:","Suostuttu:"
"Vahvistuksesi peruuttamisoikeuden menettämisestä","Vahvistuksesi peruuttamisoikeuden menettämisestä"
"Vahvistettu:","Vahvistettu:"
"Luopumisen viite:","Luopumisen viite:"
"Oikeusperusta: KSL 6:16 / Art. 16(m) kuluttajanoikeusdirektiivi 2011/83/EU.","Oikeusperusta: KSL 6:16 / Art. 16(m) kuluttajanoikeusdirektiivi 2011/83/EU."
"Confirmation de renonciation au contenu numérique — Commande %increment_id","Digitaalisen sisällön luopumisvahvistus — Tilaus %increment_id"
"Cher/Chère %name,","Hyvä %name,"
"Ceci est la confirmation sur un support durable de votre consentement exprès à commencer l'exécution des contenus numériques suivants, et de votre reconnaissance que vous perdez ainsi votre droit de rétractation (Art. L. 221-28 Code consommation).","Tämä on pysyvällä tallennusalustalla annettu vahvistus nimenomaisesta suostumuksestasi aloittaa seuraavien digitaalisten sisältöjen toimitus sekä vahvistuksestasi, että näin tekemällä menetät peruuttamisoikeutesi (Ranskan kuluttajansuojalain L. 221-28 §)."
"Contenus numériques couverts par la présente renonciation","Tämän luopumisen kattamat digitaaliset sisällöt"
"Votre consentement exprès","Nimenomainen suostumuksesi"
"Consenti le :","Suostuttu:"
"Votre reconnaissance de la perte du droit de rétractation","Vahvistuksesi peruuttamisoikeuden menettämisestä"
"Reconnu le :","Vahvistettu:"
"Référence de renonciation :","Luopumisen viite:"
"Base légale : Art. L. 221-28 Code consommation / Art. 16(m) Directive 2011/83/UE.","Oikeusperusta: Ranskan kuluttajansuojalain L. 221-28 § / direktiivin 2011/83/EU 16 artiklan m alakohta."
"Bevestiging afstand digitale inhoud — Bestelling %increment_id","Digitaalisen sisällön luopumisvahvistus — Tilaus %increment_id"
"Beste %name,","Hyvä %name,"
"Dit is de bevestiging op een duurzame gegevensdrager van uw uitdrukkelijke toestemming om te beginnen met de levering van de volgende digitale inhoud, en uw erkenning dat u daardoor uw herroepingsrecht verliest (Art. 6:230s BW).","Tämä on pysyvällä tallennusalustalla annettu vahvistus nimenomaisesta suostumuksestasi aloittaa seuraavan digitaalisen sisällön toimitus sekä vahvistuksestasi, että näin tekemällä menetät peruuttamisoikeutesi (Alankomaiden siviililain 6:230s §)."
"Onder deze afstand vallende digitale items","Tämän luopumisen kattamat digitaaliset tuotteet"
"Uw uitdrukkelijke toestemming","Nimenomainen suostumuksesi"
"Toestemming verleend op:","Suostuttu:"
"Uw erkenning van verlies van herroepingsrecht","Vahvistuksesi peruuttamisoikeuden menettämisestä"
"Erkend op:","Vahvistettu:"
"Afstandreferentie:","Luopumisen viite:"
"Rechtsgrondslag: Art. 6:230s BW / Art. 16(m) Richtlijn 2011/83/EU.","Oikeusperusta: Alankomaiden siviililain 6:230s § / direktiivin 2011/83/EU 16 artiklan m alakohta."
"[EU Withdrawal] Receipt send failed — request #%request_id","[EU Withdrawal] Kuitin lähetys epäonnistui — pyyntö #%request_id"
"The receipt email for withdrawal request #%request_id has failed to send permanently.","Peruutuspyynnön #%request_id kuittisähköpostin lähetys on epäonnistunut pysyvästi."
"Inspect the <code>mm_eu_withdrawal_request.receipt_last_error</code> column for the last error message, and the <code>mm_eu_withdrawal_request.receipt_send_attempts</code> column for the retry count.","Tarkista viimeisin virheviesti sarakkeesta <code>mm_eu_withdrawal_request.receipt_last_error</code> ja uudelleenyritysten määrä sarakkeesta <code>mm_eu_withdrawal_request.receipt_send_attempts</code>."
"You can requeue the send from the admin grid after resolving the underlying issue.","Voit asettaa lähetyksen takaisin jonoon ylläpidon hallintatauluksesta, kun perimmäinen ongelma on ratkaistu."
"Your refund is on its way — Withdrawal #%1","Hyvityksesi on tulossa — Peruutus #%1"
"Your refund is on its way","Hyvityksesi on tulossa"
"Hi %name, we've approved your withdrawal request and started the refund process.","Hei %name, olemme hyväksyneet peruutuspyyntösi ja käynnistäneet hyvityksen."
"View refund details","Näytä hyvityksen tiedot"
"Withdrawal number","Peruutuksen numero"
"Approved on","Hyväksytty"
"Estimated arrival","Arvioitu saapuminen"
"Status","Tila"
"Your refund will be issued to your original payment method within 5–7 business days. You'll see it on your card or bank statement once it lands.","Hyvitys palautetaan alkuperäiselle maksutavallesi 5–7 pankkipäivän kuluessa. Näet sen kortti- tai tiliotteellasi heti, kun se on kirjautunut."
"Need help?","Tarvitsetko apua?"
"Reply to this email or contact us at","Vastaa tähän sähköpostiin tai ota yhteyttä osoitteeseen"
"Your withdrawal was cancelled — Withdrawal #%1","Peruutuksesi on peruttu — Peruutus #%1"
"Your withdrawal was cancelled","Peruutuksesi peruutettiin"
"Hi %name, we've cancelled your withdrawal request.","Hei %name, olemme peruneet peruutuspyyntösi."
"Submit a new request","Lähetä uusi pyyntö"
"Cancelled request","Peruutettu pyyntö"
"Cancelled on","Peruutettu"
"Refund requested","Hyvitystä pyydetty"
"If this was unexpected, you can submit a new withdrawal request as long as your %period_days-day window is still open. Reach out if you need help — we're happy to clarify.","Jos tämä tuli yllätyksenä, voit lähettää uuden peruutuspyynnön niin kauan kuin %period_days päivän peruuttamisaikasi on voimassa. Ota yhteyttä, jos tarvitset apua — autamme mielellämme."
"Cancellation confirmed — Withdrawal #%1","Peruutus vahvistettu — Peruutus #%1"
"Cancellation confirmed","Peruutus vahvistettu"
"Hi %name, your withdrawal request has been cancelled as you asked.","Hei %name, peruutuspyyntösi on peruttu pyyntösi mukaisesti."
"Back to my orders","Takaisin tilauksiini"
"Cancelled by","Peruuttaja"
"You","Sinä"
"Your order remains active and there's no further action needed. If you change your mind, you can start a new withdrawal request any time within your %period_days-day window.","Tilauksesi pysyy voimassa, eikä sinun tarvitse tehdä mitään muuta. Jos muutat mielesi, voit aloittaa uuden peruutuspyynnön milloin tahansa %period_days päivän peruuttamisaikasi sisällä."
"Update on your withdrawal request — Withdrawal #%1","Päivitys peruutuspyyntöösi — Peruutus #%1"
"We can't process this withdrawal","Emme voi käsitellä tätä peruutusta"
"Hi %name, after reviewing your withdrawal request we're unable to approve it.","Hei %name, peruutuspyyntösi käsittelyn jälkeen emme valitettavasti voi hyväksyä sitä."
"Request details","Pyynnön tiedot"
"Reviewed on","Tarkistettu"
"Decision","Päätös"
"Reason from our team","Tiimimme peruste"
"If you'd like to discuss this decision, our team is here to help. Reply to this email or use the button above.","Jos haluat keskustella päätöksestä, tiimimme auttaa mielellään. Vastaa tähän viestiin tai käytä yllä olevaa painiketta."
"Your withdrawal request has been submitted — Order #%1","Peruutuspyyntösi on lähetetty — Tilaus #%1"
"Your return request has been submitted","Palautuspyyntösi on lähetetty"
"Hi %name, we've received your return request and are currently reviewing it. You'll hear back when we've inspected your return and processed your refund.","Hei %name, olemme vastaanottaneet palautuspyyntösi ja käsittelemme sitä parhaillaan. Saat meiltä viestin, kun palautuksesi on tarkastettu ja hyvitys käsitelty."
"Return number","Palautusnumero"
"Requested on","Pyydetty"
"We'll inspect your return and notify you once approved. Refunds are issued to your original payment method within 5–7 business days after approval.","Tarkastamme palautuksesi ja ilmoitamme, kun se on hyväksytty. Hyvitykset palautetaan alkuperäiselle maksutavallesi 5–7 pankkipäivän kuluessa hyväksynnästä."
"If you have any questions, our customer service team is here to help.","Jos sinulla on kysymyksiä, asiakaspalvelumme auttaa mielellään."
"Visit our help center","Käy ohjekeskuksessamme"
"If you did not initiate this request, contact us immediately at","Jos et lähettänyt tätä pyyntöä, ota välittömästi yhteyttä osoitteeseen"
"Withdrawal receipt — Order #%1","Peruutuskuitti — Tilaus #%1"
"Withdrawal receipt","Peruutuskuitti"
"Hi %name, this email is your durable-medium proof of withdrawal under Art. 11a Directive 2011/83/EU. Keep it for your records.","Hei %name, tämä viesti on todistus peruutuksestasi pysyvällä tallennusalustalla Art. 11a direktiivi 2011/83/EU mukaisesti. Säilytä se omia arkistojasi varten."
"Submitted on","Lähetetty"
"Your %store_name order confirmation","Tilausvahvistuksesi kaupasta %store_name"
"%customer_name,","%customer_name,"
"Thank you for your order from %store_name.","Kiitos tilauksestasi kaupassa %store_name."
"Once your package ships we will send you a tracking number.","Kun pakettisi on lähetetty, lähetämme sinulle seurantanumeron."
"You can check the status of your order by <a href=""%account_url"">logging into your account</a>.","Voit tarkistaa tilauksesi tilan <a href=""%account_url"">kirjautumalla tilillesi</a>."
"If you have questions about your order, you can email us at <a href=""mailto:%store_email"">%store_email</a>","Jos sinulla on kysymyksiä tilauksestasi, voit lähettää sähköpostia osoitteeseen <a href=""mailto:%store_email"">%store_email</a>"
"or call us at <a href=""tel:%store_phone"">%store_phone</a>","tai soittaa numeroon <a href=""tel:%store_phone"">%store_phone</a>"
"Our hours are <span class=""no-link"">%store_hours</span>.","Aukioloaikamme ovat <span class=""no-link"">%store_hours</span>."
"Your Order <span class=""no-link"">#%increment_id</span>","Tilauksesi <span class=""no-link"">#%increment_id</span>"
"Placed on <span class=""no-link"">%created_at</span>","Tehty <span class=""no-link"">%created_at</span>"
"Billing Info","Laskutustiedot"
"Shipping Info","Toimitustiedot"
"Payment Method","Maksutapa"
"Shipping Method","Toimitustapa"
"%name,","%name,"
"Once your package ships we will send an email with a link to track your order.","Kun pakettisi on lähetetty, lähetämme sähköpostiviestin, jossa on linkki tilauksesi seuraamiseen."
"Your %store_name order has shipped","Tilauksesi kaupasta %store_name on lähetetty"
"Your shipping confirmation is below. Thank you again for your business.","Toimitusvahvistuksesi on alla. Kiitos vielä kerran asioinnistasi."
"Your Shipment #%shipment_id for Order #%order_id","Toimituksesi #%shipment_id tilauksesta #%order_id"
"Your digital content waiver is on file","Digitaalisen sisällön suostumuksesi on rekisteröity"
"Hi %name, you've consented to immediate digital delivery of the items below — this is your durable-medium copy of that consent (Art. 11a(4) CRD).","Hei %name, olet antanut suostumuksesi alla olevien tuotteiden välittömään digitaaliseen toimitukseen — tämä on suostumuksesi kopio pysyvällä tallennusalustalla (Art. 11a(4) CRD)."
"View order","Näytä tilaus"
"Consented at","Suostuttu"
"Acknowledged at","Vahvistettu"
"Keep this email as your durable-medium record. The merchant has stored the SHA-256 hash of the legal text you accepted:","Säilytä tämä viesti dokumenttina pysyvällä tallennusalustalla. Myyjä on tallentanut hyväksymäsi juridisen tekstin SHA-256-tiivisteen:"
"Digital content waiver","Digitaalisen sisällön luopumislauseke"
"We need your explicit consent before you can buy this digital item — please read both points carefully.","Tarvitsemme nimenomaisen suostumuksesi, ennen kuin voit ostaa tämän digitaalisen tuotteen — lue molemmat kohdat huolellisesti."
"We log this consent with your IP and timestamp for our audit record.","Tallennamme tämän suostumuksen IP-osoitteesi ja aikaleimasi kanssa tarkastuskirjanpitoamme varten."
"Continue","Jatka"
"Waiver could not be saved. Please retry.","Suostumusta ei voitu tallentaa. Yritä uudelleen."
"Enable for EU Withdrawal Lookup Form","Ota käyttöön EU-peruutusoikeuden hakulomakkeessa"
"MageMe Extensions","MageMe-laajennukset"
"EU Withdrawal","EU:n peruutusoikeus"
"General","Yleinen"
"Enable Module","Ota moduuli käyttöön"
"Activates frontend and cron jobs. Default: disabled. Complete the manual setup checklist before enabling.","Aktivoi verkkokauppanäkymän ja cron-tehtävät. Oletus: pois käytöstä. Suorita manuaalisen käyttöönoton tarkistuslista ennen käyttöönottoa."
"Request Number Prefix","Pyyntönumeron etuliite"
"Optional prefix prepended to the withdrawal request increment ID in customer-facing UI (e.g. ""RR-"" renders as ""RR-000000022""). Leave blank to show the plain padded number.","Valinnainen etuliite, joka lisätään peruutuspyynnön kasvavaan tunnukseen asiakkaalle näkyvässä käyttöliittymässä (esim. ""RR-"" näkyy muodossa ""RR-000000022""). Jätä tyhjäksi näyttääksesi pelkän nollatäytteisen numeron."
"Default Contract Type","Sopimuksen oletustyyppi"
"Frontend Route","Verkkokauppanäkymän reitti"
"URL prefix used by the customer-facing withdrawal flow (e.g. <code>withdraw-contract</code> renders as <code>/withdraw-contract/...</code>). Lowercase letters, digits, dashes and underscores only.","URL-etuliite, jota asiakkaalle näkyvä peruutusprosessi käyttää (esim. <code>withdraw-contract</code> renderöityy muotoon <code>/withdraw-contract/...</code>)."
"Withdrawal Period","Peruutusaika"
"Delivery Confirmation Statuses","Toimitusvahvistuksen tilat"
"Pick one or more order statuses whose <em>transition</em> means the customer received the goods in your fulfillment workflow. The 14-day withdrawal window starts on the timestamp of the order's <em>earliest</em> transition into <em>any</em> of the selected statuses (Art. 9(2)(b) Directive 2011/83/EU). Multi-select supports merchants who use several ""delivered""-type statuses (e.g. <code>delivered</code> + <code>complete</code> + <code>delivered_partial</code>). Until the order reaches any of them, the right of withdrawal is open with no fixed deadline.","Valitse yksi tai useampi tilauksen tila, jonka <em>siirtymä</em> tarkoittaa, että asiakas on vastaanottanut tavarat tilausprosessissasi. 14 päivän peruuttamisaika alkaa tilauksen <em>aikaisimmasta</em> siirtymästä <em>mihin tahansa</em> valittuun tilaan (direktiivin 2011/83/EU 9 artiklan 2 kohdan b alakohta). Monivalinta tukee kauppiaita, jotka käyttävät useita ”toimitettu”-tyyppisiä tiloja (esim. <code>delivered</code> + <code>complete</code> + <code>delivered_partial</code>). Kunnes tilaus saavuttaa jonkin niistä, peruuttamisoikeus on auki ilman määräaikaa."
"Eligibility Rules (Art. 16 CRD Presets)","Soveltuvuussäännöt (CRD:n 16 art. esiasetukset)"
"Art. 16(c) Custom-Made Goods","16 art. c kohta: Tilauksesta valmistetut tuotteet"
"Excludes products made to customer specifications or clearly personalised (e.g. engraved jewellery, made-to-measure clothing). <strong>Requires</strong> product attribute <code>is_custom_made = true</code>. If enabled, orders containing such items cannot be withdrawn — customers will see this when attempting to start withdrawal.","Sulkee pois asiakkaan eritelmien mukaan valmistetut tai selkeästi personoidut tuotteet (esim. kaiverretut korut, mittatilausvaatteet). <strong>Vaatii</strong> tuotteen määritteen <code>is_custom_made = true</code>. Kun käytössä, tällaisia tuotteita sisältäviä tilauksia ei voi peruuttaa — asiakkaat näkevät tämän yrittäessään aloittaa peruutusta."
"Art. 16(d) Perishable Goods","16 art. d kohta: Pilaantuvat tuotteet"
"Excludes goods that can deteriorate or expire rapidly (fresh food, cut flowers, short-shelf-life pharmaceuticals). <strong>Requires</strong> product attribute <code>is_perishable = true</code>. Do not enable for all categories — apply it only to truly perishable SKUs, otherwise you will unlawfully deny valid withdrawals.","Sulkee pois tavarat, jotka voivat pilaantua tai vanhentua nopeasti (tuoreet elintarvikkeet, leikkokukat, lyhyen säilyvyysajan lääkkeet). <strong>Vaatii</strong> tuotteen määritteen <code>is_perishable = true</code>. Älä ota käyttöön kaikille kategorioille — sovella vain todellisesti pilaantuviin SKU:ihin, muuten kiellät lainvastaisesti pätevät peruutukset."
"Art. 16(e) Sealed Hygiene / Health","16 art. e kohta: Suljetut hygienia-/terveystuotteet"
"Excludes sealed hygiene or health items <strong>only if the seal has been broken after delivery</strong> (cosmetics, intimate apparel, sealed medical supplies). <strong>Requires</strong> product attribute <code>is_sealed_hygiene = true</code>. The exclusion depends on a seal-check at the time of withdrawal (workflow in phase-04) — a sealed, unopened return remains eligible.","Sulkee pois suljetut hygienia- tai terveystuotteet <strong>vain jos sinetti on rikottu toimituksen jälkeen</strong> (kosmetiikka, intiimivaatteet, suljetut lääkintätarvikkeet). <strong>Vaatii</strong> tuotteen määritteen <code>is_sealed_hygiene = true</code>. Poissulkeminen riippuu peruutushetkellä tehtävästä sinetin tarkistuksesta (työnkulku vaiheessa 04) — suljettu, avaamaton palautus on edelleen kelpoinen."
"Art. 16(i) Sealed Audio / Video / Software","16 art. i kohta: Suljetut ääni-/video-/ohjelmistotallenteet"
"Excludes sealed audio recordings, video recordings, or sealed computer software <strong>only if the seal has been broken after delivery</strong>. <strong>Requires</strong> product attribute <code>is_sealed_av = true</code>. Same seal-check logic as Art. 16(e). Does not apply to streaming / digital-download content — use Art. 16(m) for those.","Sulkee pois suljetut äänitallenteet, videotallenteet tai suljetut tietokoneohjelmistot <strong>vain jos sinetti on rikottu toimituksen jälkeen</strong>. <strong>Vaatii</strong> tuotteen määritteen <code>is_sealed_av = true</code>. Sama sinetin tarkistuslogiikka kuin 16 artiklan e alakohdassa. Ei sovelleta suoratoisto- tai digitaalisesti ladattavaan sisältöön — käytä niihin 16 artiklan m alakohtaa."
"Digital Content (Art. 16(m))","Digitaalinen sisältö (16 art. m kohta)"
"Detection","Tunnistus"
"Enable Digital Content Detection","Ota digitaalisen sisällön tunnistus käyttöön"
"Master switch for Art. 16(m) digital-content detection. When off, no product is recognised as digital, the checkout waiver step is not required, and the preset always allows withdrawal.","Pääkytkin 16 artiklan m alakohdan mukaiselle digitaalisen sisällön tunnistukselle. Kun pois käytöstä, mitään tuotetta ei tunnisteta digitaaliseksi, kassan suostumusvaihetta ei vaadita, ja esiasetus sallii aina peruutuksen."
"Detection Strategies","Tunnistusstrategiat"
"Which product-type heuristics trigger the digital-content waiver gate. Downloadable + virtual are safe defaults; bundle_contains_digital inspects bundle children; custom_attribute reads the EAV flag configured below.","Mitkä tuotetyyppiheuristiikat laukaisevat digitaalisen sisällön suostumusportin. Downloadable + virtual ovat turvalliset oletukset; bundle_contains_digital tarkistaa pakettituotteen lapset; custom_attribute lukee alla määritetyn EAV-lipun."
"Custom Attribute Code","Mukautetun määritteen koodi"
"EAV attribute code used <strong>only</strong> when <em>Custom attribute flag</em> is picked in <em>Detection strategies</em> above. Default: <code>is_digital_content</code> (boolean attribute, 1 = digital). Ignored otherwise.","EAV-määritteen koodi, jota käytetään <strong>vain</strong>, kun yllä olevasta <em>Tunnistusstrategiat</em>-asetuksesta on valittu <em>Mukautettu määriteliputus</em>. Oletus: <code>is_digital_content</code> (boolean-määrite, 1 = digitaalinen). Muutoin ohitetaan."
"Checkout Step + Email","Kassavaihe ja sähköposti"
"Enable Checkout Waiver Step","Ota kassan suostumusvaihe käyttöön"
"When on, carts that contain a detected digital item render the 2-checkbox waiver step at checkout. Has no effect unless <em>Detection → Enable digital content detection</em> is also on.","Kun käytössä, ostoskorit, jotka sisältävät tunnistetun digitaalisen tuotteen, näyttävät kassalla 2-valintaruudun suostumusvaiheen. Ei vaikuta, ellei myös <em>Tunnistus → Ota digitaalisen sisällön tunnistus käyttöön</em> ole päällä."
"Merchant BCC Address for Confirmation Emails","Kauppiaan piilokopio-osoite vahvistussähköposteille"
"Optional. Blind-copies the waiver-confirmation email to a merchant audit address. Leave blank to skip.","Valinnainen. Lähettää piilokopion suostumusvahvistussähköpostista kauppiaan tarkastusosoitteeseen. Jätä tyhjäksi ohittaaksesi."
"Mark Virtual-Only Items as Performance-Started on Confirmation","Merkitse pelkästään virtuaaliset tuotteet suoritus aloitettu -tilaan vahvistuksen yhteydessä"
"Virtual products have no download trigger. When on, the waiver confirmation email's dispatch counts as performance-start for virtual-only items.","Virtuaalituotteilla ei ole latausherätettä. Kun käytössä, suostumusvahvistussähköpostin lähetys lasketaan toimituksen aloittamiseksi pelkästään virtuaalisille tuotteille (I-6-raja)."
"Confirmation Email Identity","Vahvistussähköpostin lähettäjä"
"Per-Locale Waiver Text Overrides","Suostumustekstin ohitukset kielen mukaan"
"English (en_US)","Englanti (en_US)"
"Consent Text","Suostumusteksti"
"Right-Loss Acknowledgment Text","Oikeuden menettämisen vahvistusteksti"
"German (de_DE)","Saksa (de_DE)"
"Finnish (fi_FI)","Suomi (fi_FI)"
"Dutch (nl_NL)","Hollanti (nl_NL)"
"French (fr_FR)","Ranska (fr_FR)"
"Italian (it_IT)","Italia (it_IT)"
"Spanish (es_ES)","Espanja (es_ES)"
"Polish (pl_PL)","Puola (pl_PL)"
"Portuguese (pt_PT)","Portugali (pt_PT)"
"Danish (da_DK)","Tanska (da_DK)"
"Swedish (sv_SE)","Ruotsi (sv_SE)"
"German — Austria (de_AT)","Saksa — Itävalta (de_AT)"
"Swedish — Finland (sv_FI)","Ruotsi — Suomi (sv_FI)"
"Dutch — Belgium (nl_BE)","Hollanti — Belgia (nl_BE)"
"French — Belgium (fr_BE)","Ranska — Belgia (fr_BE)"
"German — Belgium (de_BE)","Saksa — Belgia (de_BE)"
"French — Luxembourg (fr_LU)","Ranska — Luxemburg (fr_LU)"
"Pre-Contract Information (Art. 6(1)(h))","Ennakkotiedot (6 art. 1 kohdan h alakohta)"
"Enable Pre-Contract Disclosure","Ota ennakkotiedot käyttöön"
"Master kill-switch. Disabled = block does not render and no display events are recorded. Disabling exposes the merchant to Art. 10 (12 month + 14 day extended withdrawal period). Default: enabled.","Pää-katkaisin. Pois käytöstä = lohkoa ei renderöidä eikä näyttötapahtumia kirjata. Käytöstä poistaminen altistaa kauppiaan 10 artiklalle (12 kuukauden + 14 päivän pidennetty peruutusaika). Oletus: käytössä."
"Withdrawal Period (Days)","Peruutusaika (päivää)"
"Default 14 days per Art. 9(2). Extension allowed (e.g. 30, 100). Reduction below 14 is illegal — the field validates >=14 only when the module is enabled.","Oletuksena 14 päivää 9 artiklan 2 kohdan mukaisesti. Pidennys sallittu (esim. 30, 100). Lyhentäminen alle 14 päivän on lainvastaista — kenttä validoi >=14 vain, kun moduuli on käytössä."
"Return Address","Palautusosoite"
"Where consumers send goods back. Leave empty to fall back to the store address from Stores → Configuration → General → General → Store Information.","Mihin kuluttajat lähettävät tavarat takaisin. Jätä tyhjäksi käyttääksesi varalla osoitetta kohdasta Kaupat → Asetukset → Yleiset → Yleiset → Kaupan tiedot."
"Display In Checkout","Näytä kassalla"
"Annex I Overrides Per Locale","Liitteen I ohitukset kielen mukaan"
"Bulgarian (bg_BG)","Bulgaria (bg_BG)"
"Czech (cs_CZ)","Tšekki (cs_CZ)"
"Greek (el_GR)","Kreikka (el_GR)"
"Estonian (et_EE)","Viro (et_EE)"
"Croatian (hr_HR)","Kroatia (hr_HR)"
"Hungarian (hu_HU)","Unkari (hu_HU)"
"Lithuanian (lt_LT)","Liettua (lt_LT)"
"Latvian (lv_LV)","Latvia (lv_LV)"
"Romanian (ro_RO)","Romania (ro_RO)"
"Slovak (sk_SK)","Slovakia (sk_SK)"
"Slovenian (sl_SI)","Sloveeni (sl_SI)"
"Frontend","Verkkokauppanäkymä"
"Buttons","Painikkeet"
"Step 1 Button Label","Vaiheen 1 painikkeen teksti"
"Step 2 Button Label (Confirmation)","Vaiheen 2 painikkeen teksti (vahvistus)"
"<strong>⚠ Legal warning.</strong> This is the label on the final confirmation button. Default (""Confirm withdrawal"") is counsel-signed. Per-locale translations are counsel-signed. Override only with written legal advice; overrides are audit-logged.","<strong>⚠ Oikeudellinen varoitus (puute #4).</strong> Tämä on lopullisen vahvistuspainikkeen teksti. Oletus (”Vahvista peruutus”) on lakimiehen vahvistama. Per-locale translations are counsel-signed. Ohita vain kirjallisella oikeudellisella neuvolla; ohitukset kirjataan tarkastuslokiin."
"Placements","Sijoittelu"
"Show Footer Link","Näytä alatunnisteen linkki"
"Show in My Account","Näytä Oma tili -sivulla"
"Return Reasons","Palautuksen syyt"
"Reasons","Syyt"
"List of reasons offered to the customer in the per-item dropdown. <strong>Code</strong> is the machine value (lowercase, snake_case, max 32 chars); <strong>Label</strong> is the visible text. Empty grid hides the dropdown entirely.","Luettelo syistä, jotka asiakkaalle tarjotaan tuotekohtaisessa pudotusvalikossa. <strong>Koodi</strong> on tietokantaan tallennettu konearvo (pienet kirjaimet, snake_case, enint. 32 merkkiä); <strong>Otsikko</strong> on näkyvä teksti. Tyhjä taulukko piilottaa pudotusvalikon kokonaan."
"Enable ""Other"" with Free Text","Ota käyttöön ”Muu” vapaalla tekstikentällä"
"When enabled, an ""Other"" option appears in the dropdown that reveals a free-text field (max 500 chars).","Kun käytössä, pudotusvalikkoon tulee ”Muu”-vaihtoehto, joka tuo esiin vapaan tekstikentän (enint. 500 merkkiä)."
"Review Step","Tarkistusvaihe"
"Return Shipping Notice","Palautustoimituksen ohje"
"Text shown on the Review & Confirm step (step 3). Example: ""You'll receive a prepaid shipping label in the confirmation email."" or ""Return shipping costs are paid by the customer."" Leave blank to hide the row.","Tarkista ja vahvista -vaiheessa (vaihe 3) näytettävä teksti. Esimerkki: ”Saat vahvistussähköpostiin esimaksetun lähetystarran.” tai ”Asiakas maksaa palautustoimituksen kulut.” Jätä tyhjäksi piilottaaksesi rivin."
"Return Policy URL","Palautuskäytännön URL"
"Optional link rendered next to the shipping notice (""View return policy""). Accepts absolute URLs or relative paths like ""return-policy"".","Valinnainen linkki, joka näytetään toimitusilmoituksen vieressä (”Näytä palautuskäytäntö”). Hyväksyy absoluuttiset URL-osoitteet tai suhteelliset polut kuten ”return-policy”."
"Customer Notifications","Asiakasilmoitukset"
"All customer-facing emails sent by the module. Each email can be enabled/disabled, assigned a custom template (Marketing → Email Templates), and BCC'd to a merchant address. The shared <em>Branding</em> subgroup at the bottom controls the layout (USP strip, social links) used by every email below.","Kaikki moduulin lähettämät asiakkaalle näkyvät sähköpostit. Jokainen sähköposti voidaan ottaa käyttöön / poistaa käytöstä, määrittää sille mukautettu malli (Markkinointi → Sähköpostimallit) ja lisätä piilokopio kauppiaan osoitteeseen. Alaosassa oleva yhteinen <em>Brändäys</em>-alaryhmä ohjaa jokaisen alla olevan sähköpostin asettelua (USP-palkki, sosiaalisen median linkit)."
"1. Submission Confirmation Email","1. Lähetyksen vahvistussähköposti"
"Enabled","Käytössä"
"Email Template","Sähköpostimalli"
"BCC Merchant","Piilokopio kauppiaalle"
"Comma-separated. Leave blank to disable.","Pilkulla erotettuna. Jätä tyhjäksi poistaaksesi käytöstä."
"2. Approval Email","2. Hyväksyntäsähköposti"
"3. Denial Email","3. Hylkäyssähköposti"
"4. Cancellation Email (Admin-Initiated)","4. Peruutussähköposti (ylläpitäjän käynnistämä)"
"5. Cancellation Email (Customer Self-Cancel)","5. Peruutussähköposti (asiakkaan oma peruutus)"
"6. Receipt Email (Durable Medium — Art. 11a(4))","6. Kuittisähköposti (pysyvä tallennusväline — 11a artiklan 4 kohta)"
"Legally required durable-medium confirmation. Cannot be fully disabled (Art. 11a(4) Directive 2011/83/EU). Disabling here only stops the sender — the receipt is still generated and stored.","Lakisääteinen pysyvällä tallennusalustalla annettava vahvistus. Ei voi poistaa kokonaan käytöstä (direktiivin 2011/83/EU 11a artiklan 4 kohta). Käytöstä poistaminen täällä pysäyttää vain lähettäjän — kuitti luodaan ja tallennetaan silti."
"Send Email","Lähetä sähköposti"
"Comma-separated.","Pilkulla erotettuna."
"Delivery Retry Attempts","Toimituksen uudelleenyritysten määrä"
"Number of delivery attempts before a receipt is flagged as undelivered.","Number of delivery attempts before a receipt is flagged as undelivered."
"DLQ Alert Recipient","DLQ-hälytysten vastaanottaja"
"Notified when a receipt fails permanently. Falls back to Store Email Addresses → General Contact.","Saa ilmoituksen, kun kuitti epäonnistuu pysyvästi. Käyttää varalla osoitetta Kaupan sähköpostiosoitteet → Yleinen yhteyshenkilö."
"7. Digital Waiver Confirmation Email (Art. 11a(4))","7. Digitaalisen suostumuksen vahvistussähköposti (11a artiklan 4 kohta)"
"Durable-medium copy of the customer's Art. 16(m) waiver, sent immediately after checkout when a digital item is in cart. Required by Art. 11a(4) Directive 2011/83/EU — keeps a tamper-evident record of the legal text the customer accepted.","Pysyvällä tallennusalustalla annettu kopio asiakkaan 16 artiklan m alakohdan mukaisesta suostumuksesta, lähetetään välittömästi kassan jälkeen, kun ostoskorissa on digitaalinen tuote. Direktiivin 2011/83/EU 11a artiklan 4 kohdan vaatimus — säilyttää väärennystä havaitsevan kirjauksen asiakkaan hyväksymästä juridisesta tekstistä sekä SHA-256-tiivisteen tiivisteketjun tarkistusta varten."
"Comma-separated. Receives a copy of every confirmation for audit purposes.","Pilkulla erotettuna. Vastaanottaa kopion jokaisesta vahvistuksesta tarkastustarkoituksiin."
"Branding (Shared by All Emails Above)","Brändäys (yhteinen kaikille yllä oleville sähköposteille)"
"Optional decoration of the customer-facing emails. Empty fields hide their respective rows. Brand wordmark, logo, support email, and store address are read from the standard Magento configuration tree (Stores → Configuration → General + Design → Transactional Emails).","Valinnainen koristelu asiakkaalle näkyviin sähköposteihin. Tyhjät kentät piilottavat vastaavat rivit. Brändin sanamerkki, logo, tukisähköposti ja kaupan osoite luetaan Magenton vakioasetuspuusta (Kaupat → Asetukset → Yleinen + Suunnittelu → Tapahtumasähköpostit)."
"USP Strip — Item 1","USP-palkki — kohde 1"
"Icon","Kuvake"
"Title","Otsikko"
"Subtitle","Alaotsikko"
"USP Strip — Item 2","USP-palkki — kohde 2"
"USP Strip — Item 3","USP-palkki — kohde 3"
"Social Links","Sosiaalisen median linkit"
"Instagram URL","Instagramin URL"
"X / Twitter URL","X:n/Twitterin URL"
"Facebook URL","Facebookin URL"
"YouTube URL","YouTuben URL"
"Order #","Tilaus #"
"Contract","Sopimus"
"Customer","Asiakas"
"Withdrawal submitted","Peruutus lähetetty"
"Right of Withdrawal — Required Information","Peruuttamisoikeus — Vaaditut tiedot"
"Before placing your order, please review the conditions, time limit, and procedures for exercising your %1-day right of withdrawal. This information forms part of your contract.","Ennen tilauksen tekemistä, tutustu peruuttamisen ehtoihin, määräaikaan ja menettelyihin %1 päivän peruuttamisoikeutesi käyttämiseksi. Nämä tiedot ovat osa sopimustasi."
"Conditions, Time Limit and Procedures for Withdrawal","Peruuttamisen ehdot, määräaika ja menettelyt"
"Start Online Return","Aloita verkkopalautus"
"Download Model Withdrawal Form (Annex I(B))","Lataa malli peruuttamislomakkeelle (Liite I(B))"
"Withdrawal Information v%1 — Issued %2","Peruuttamistiedot v%1 — annettu %2"
"You'll receive a prepaid shipping label in the confirmation email.","Saat vahvistussähköpostiin esimaksetun lähetystarran."
"← Back to order search","← Takaisin tilaushakuun"
"← Back to items","← Takaisin tuotteisiin"
"Find order","Etsi tilaus"
"Enter your order number and email","Anna tilausnumero ja sähköposti"
"Select items","Valitse tuotteet"
"Choose items to return (partial withdrawal)","Valitse palautettavat tuotteet (osittainen peruuttaminen)"
"Review & confirm","Tarkista & vahvista"
"Review your return details and confirm","Tarkista palautuksen tiedot ja vahvista"
"Request submitted","Pyyntö lähetetty"
"We'll confirm your request by email","Vahvistamme pyyntösi sähköpostitse"
"I expressly consent to begin performance of the digital content before the withdrawal period expires.","Annan nimenomaisen suostumukseni digitaalisen sisällön toimittamisen aloittamiseen ennen peruuttamisajan päättymistä."
"I acknowledge that by giving this consent I lose my right of withdrawal once performance has begun (Art. 16(m) CRD).","Olen tietoinen siitä, että tämän suostumuksen antaessani menetän peruuttamisoikeuteni heti, kun sopimuksen täyttäminen on alkanut (kuluttajansuojadirektiivin 16 artiklan m alakohta)."
"Withdrawals","Peruutukset"
"Minimum %1 characters required.","Vaaditaan vähintään %1 merkkiä."
"Failed to add note.","Muistiinpanon lisääminen epäonnistui."
"Network error while adding note.","Verkkovirhe muistiinpanoa lisättäessä."
"Exported Evidence","Viedyt todisteet"
"Pending Confirm","Odottaa vahvistusta"
"Sent","Lähetetty"
"Failed Permanent","Epäonnistui pysyvästi"
"Failed Retry","Epäonnistui, yritetään uudelleen"
"Eligible","Kelvollinen"
"Excluded","Jätetty pois"
"Action","Toiminto"
"From","Mistä"
"To","Mihin"
"Admin Id","Admin-ID"
"Order Id","Tilauksen ID"
"Request Id","Pyynnön ID"
"Item Count","Tuotteita"
"Rules Fired","Käytetyt säännöt"
"Topic","Aihe"
"Message Id","Viestin ID"
"Email To Hash","Sähköpostin tiiviste"
"Attempts","Yritykset"
"Viewed At","Katsottu"
"Referrer Host","Viittaava palvelin"
"Enable \Other\"" with Free Text""","Ota käyttöön \Muu\"" vapaalla tekstikentällä"""
"Optional legal template — not required to use; you can also exercise the right of withdrawal by any unequivocal statement.","Valinnainen oikeudellinen malli — ei ole pakko käyttää; peruuttamisoikeutta voi käyttää myös millä tahansa yksiselitteisellä ilmoituksella."
"Right of withdrawal","Peruuttamisoikeus"
"You have %1 days from the day you receive your order to withdraw without giving any reason — full refund to your original payment method.","Sinulla on %1 päivää tilauksen vastaanottamisesta peruuttaa sopimus ilman syytä — täysi hyvitys alkuperäiselle maksutavallesi."
"Some items may be excluded by law (perishable goods, custom-made items, sealed hygiene or audio/video products). We'll show you exactly what's eligible on the next page.","Tietyt tuotteet voidaan sulkea pois lain nojalla (pilaantuvat tavarat, tilauksesta valmistetut tuotteet, suljetut hygienia- tai ääni-/videotuotteet). Näytämme seuraavalla sivulla tarkasti, mikä on peruutuskelpoista."
"Direct link — no login or account password required.","Suora linkki — kirjautumista tai tilin salasanaa ei tarvita."
"Art. 16(m) CRD exclusion — digital content where the customer has (1) given express prior consent to begin performance and (2) acknowledged that they lose the withdrawal right. Two switches: the <em>Detection</em> subgroup decides what counts as digital (master switch), the <em>Checkout step + Email</em> subgroup renders the 2-checkbox waiver UX and dispatches the confirmation email. Both must be ON for the feature to work end-to-end. Use this only for <strong>one-time digital purchases</strong> (ebooks, software installers, music files, games). Do <strong>not</strong> enable it for ongoing digital <strong>subscriptions or services</strong> (SaaS, streaming, hosted software) — EU case law (CJEU Sky, C-641/19) requires a different consent flow for those.","Art. 16(m) CRD exclusion — digital content where the customer has (1) given express prior consent to begin performance and (2) acknowledged that they lose the withdrawal right. Two switches: the <em>Detection</em> subgroup decides what counts as digital (master switch), the <em>Checkout step + Email</em> subgroup renders the 2-checkbox waiver UX and dispatches the confirmation email. Both must be ON for the feature to work end-to-end. Use this only for <strong>one-time digital purchases</strong> (ebooks, software installers, music files, games). Do <strong>not</strong> enable it for ongoing digital <strong>subscriptions or services</strong> (SaaS, streaming, hosted software) — EU case law (CJEU Sky, C-641/19) requires a different consent flow for those."
"Customer-facing UX for the withdrawal flow. Subgroups: <em>Buttons</em> (legal-critical labels), <em>Placements</em> (where to surface the link), <em>Return Reasons</em> (per-item dropdown), <em>Review Step</em> (content on step 3 of the flow).","Asiakaspuolen UX peruutuksen prosessissa. Alaryhmät: <em>Painikkeet</em> (oikeudellisesti tärkeät merkinnät), <em>Sijoittelut</em> (missä linkki näytetään), <em>Palautuksen syyt</em> (pudotusvalikko tuotekohtaisesti), <em>Tarkistusvaihe</em> (sisältö prosessin vaiheessa 3)."
"Disable only if you deliver the durable-medium confirmation through a different channel.","Poista käytöstä vain, jos toimitat pysyvällä tallennusalustalla annettavan vahvistuksen toisen kanavan kautta."
"Disable only if you deliver the receipt through a different durable medium (postal mail, customer account download, etc.).","Poista käytöstä vain, jos toimitat kuitin toisella pysyvällä tallennusalustalla (postitse, asiakastilin lataus ym.)."
"Empty fields fall through to the locale baseline. Any override value becomes part of the SHA-256 hash stored per consent event — changing a field after customers have consented does <strong>not</strong> retroactively invalidate prior consents.","Tyhjät kentät palautuvat the locale baseline-perustasoon kyseisen kielen/lainkäyttöalueen osalta. Mikä tahansa korvaava arvo tulee osaksi SHA-256-tiivistettä, joka tallennetaan jokaisesta suostumustapahtumasta — kentän muuttaminen sen jälkeen, kun asiakkaat ovat antaneet suostumuksensa, <strong>ei</strong> mitätöi aiempia suostumuksia takautuvasti."
"Mandatory pre-contractual disclosure of the right of withdrawal. Displayed on the checkout payment step. Each display is logged forensically (Art. 10 defence). Snapshot of the rendered text is stored immutably (Art. 6(5)). <strong>Counsel review recommended before customising any Annex I text.</strong>","Pakollinen sopimusta edeltävä tiedonanto peruuttamisoikeudesta. Näytetään kassan maksuvaiheessa. Jokainen näyttökerta tallennetaan forensisesti (puolustus 10 artiklan nojalla). Renderöidystä tekstistä tallennetaan muuttumaton tilannevedos (6 artiklan 5 kohta). <strong>Suosittelemme oikeudellista tarkistusta ennen Liitteen I tekstin mukauttamista.</strong>"
"Off = block hidden but display events still recorded server-side via predispatch fallback. Use only for sandbox testing. Default: on.","Pois = lohko on piilotettu, mutta näyttötapahtumat tallennetaan edelleen palvelinpuolella predispatch-varamenetelmällä. Käytä vain sandbox-testaukseen. Oletus: päällä."
"Optional URLs rendered as round monogram badges in the email footer. Leave blank to hide.","Valinnaiset URL-osoitteet, jotka renderöidään pyöreinä monogrammimerkkeinä sähköpostin alatunnisteessa. Jätä tyhjäksi piilottaaksesi."
"Sent when a customer cancels their own pending withdrawal.","Lähetetään, kun asiakas peruuttaa oman vireillä olevan peruutuksensa."
"Sent when a customer completes the withdrawal form.","Lähetetään, kun asiakas täyttää peruutuslomakkeen."
"Sent when an admin approves a withdrawal request.","Lähetetään, kun ylläpitäjä hyväksyy peruutuspyynnön."
"Sent when an admin cancels a withdrawal request on the customer's behalf.","Lähetetään, kun ylläpitäjä peruuttaa peruutuspyynnön asiakkaan puolesta."
"Sent when an admin denies a withdrawal request.","Lähetetään, kun ylläpitäjä hylkää peruutuspyynnön."
"These presets exclude specific product categories from the 14-day withdrawal right, per Art. 16 CRD. Each rule is OFF by default — enable only after confirming the corresponding product attribute is set correctly on your catalog.","Nämä esiasetukset jättävät tietyt tuoteryhmät 14 päivän peruuttamisoikeuden ulkopuolelle kuluttajanoikeusdirektiivin 16 artiklan mukaisesti. Jokainen sääntö on oletuksena POIS — ota käyttöön vasta, kun olet varmistanut, että vastaava tuotemäärite on katalogissasi asetettu oikein."
"e.g. ""EU orders above €50""","esim. ”EU-tilaukset yli 50 €”"
"e.g. ""Free delivery""","esim. ”Ilmainen toimitus”"
"Admin Notifications","Ylläpitäjän ilmoitukset"
"Internal alerts to your team. Independent of the per-email <em>BCC Merchant</em> checkboxes under <em>Customer Notifications</em> below — if you enable both, you will receive two emails per request.","Sisäiset hälytykset tiimillesi. Riippumattomia alla olevien <em>Asiakasilmoitukset</em>-osion <em>Kauppiaan BCC</em>-valintaruuduista — jos otat molemmat käyttöön, saat kaksi sähköpostia per pyyntö."
"1. New Request Alert","1. Uuden pyynnön ilmoitus"
"Sent the moment a customer completes the two-step withdrawal flow.","Lähetetään sillä hetkellä, kun asiakas suorittaa kaksivaiheisen peruutusprosessin loppuun."
"Recipient Email(s)","Vastaanottajan sähköposti(t)"
"BCC","Piilokopio"
"New Withdrawal Request","Uusi peruutuspyyntö"
"A new withdrawal request was just submitted.","Uusi peruutuspyyntö lähetettiin juuri."
"Request:","Pyyntö:"
"Order:","Tilaus:"
"Customer:","Asiakas:"
"Refund Total:","Hyvityksen kokonaissumma:"
"[Withdrawal] New request %request_increment_id · Order #%order_increment_id · %refund_total","[Peruutus] Uusi pyyntö %request_increment_id · Tilaus #%order_increment_id · %refund_total"
"Anonymised","Anonymisoitu"
"Audit","Tarkastus"
"Cancel Order","Peruuta tilaus"
"Confirmation Email (Art. 11a(4))","Vahvistussähköposti (11a(4) artikla)"
"Detection (Art. 16(m))","Tunnistus (16(m) artikla)"
"Digital Waiver (Art. 16(m))","Digitaalinen luopuminen (16(m) artikla)"
"Email Identity","Lähettäjän identiteetti"
"ID","Tunnus"
"Integrity hash","Eheystiiviste"
"Pre-Contract Proof","Sopimusta edeltävä todiste"
"Verify this receipt","Vahvista tämä kuitti"
"Withdrawal Window","Peruutusaika"
"This SHA-256 hash uniquely identifies your withdrawal record. Verify it at any time using the button above.","Tämä SHA-256-tiiviste yksilöi peruutustietueesi yksiselitteisesti. Voit tarkistaa sen milloin tahansa yllä olevalla painikkeella."
"Digital content waiver confirmation — Order %increment_id","Digitaalisen sisällön luopumisilmoitus — Tilaus %increment_id"
"Comma-separated. Each recipient receives a separate email rendered in their own admin locale (looked up via the admin user's interface_locale; fallback to general/locale/code). Invalid addresses dropped silently.","Pilkulla eroteltuna. Jokainen vastaanottaja saa erillisen sähköpostin omalla ylläpitokielellään (ylläpitäjän interface_locale; varaus — general/locale/code). Virheelliset osoitteet hylätään ilman ilmoitusta."
"Art. 16(m) CRD digital-content detection. Determines what counts as digital content for eligibility purposes. The actual checkout-step waiver UI and email lives in the next section ""Digital Waiver"".","Kuluttajansuojadirektiivin 16(m) artiklan mukainen digitaalisen sisällön tunnistus. Määrittää, mikä lasketaan digitaaliseksi sisällöksi peruutusoikeuden kannalta. Varsinainen luopumisen käyttöliittymä kassalla ja sähköposti löytyvät seuraavasta osiosta „Digitaalinen luopuminen“."
"Art. 16(m) CRD exclusion — digital content where the customer has (1) given express prior consent to begin performance and (2) acknowledged that they lose the withdrawal right. Two switches control this feature end-to-end: the <em>Detection</em> subgroup under <em>Eligibility Rules</em> decides what counts as digital (master switch); this section renders the 2-checkbox waiver UX at checkout and dispatches the Art. 11a(4) confirmation email. Both must be ON for the feature to work end-to-end. Per-locale text overrides below. Use this only for <strong>one-time digital purchases</strong> (ebooks, software installers, music files, games). Do <strong>not</strong> enable it for ongoing digital <strong>subscriptions or services</strong> (SaaS, streaming, hosted software) — EU case law (CJEU Sky, C-641/19) requires a different consent flow for those.","Kuluttajansuojadirektiivin 16(m) artiklan poikkeus — digitaalinen sisältö, johon asiakas on (1) antanut nimenomaisen ennakkosuostumuksen toimituksen aloittamiseksi ja (2) tunnustanut peruutusoikeuden menettävänsä. Toimintoa ohjaa kaksi kytkintä: alaryhmä <em>Tunnistus</em> osiossa <em>Kelpoisuussäännöt</em> päättää, mikä on digitaalista (pääkytkin); tämä osio renderöi kassalla 2-valintaruutuisen luopumiskäyttöliittymän ja lähettää 11a(4) artiklan vahvistussähköpostin. Molempien on oltava PÄÄLLÄ. Maa-/kielikohtaiset tekstit alla. Käytä vain <strong>kertaluonteisiin digitaalisiin ostoksiin</strong> (e-kirjat, asennusohjelmat, musiikkitiedostot, pelit). <strong>Älä</strong> ota käyttöön jatkuviin digitaalisiin <strong>tilauksiin tai palveluihin</strong> (SaaS, suoratoisto, hostatut palvelut) — EU-oikeuskäytäntö (CJEU Sky, C-641/19) edellyttää toisenlaista suostumusvirtaa."
"Defines <strong>when</strong> the 14-day withdrawal right starts running (the delivery trigger, Art. 9(2)(b)) and <strong>how long</strong> it lasts in days (Art. 9(2)). Together these control the period each order's withdrawal is open.","Määrittää, <strong>milloin</strong> 14 päivän peruutusoikeus alkaa (toimituslaukaisin, 9(2)(b) artikla) ja <strong>kuinka kauan</strong> se kestää päivissä (9(2) artikla). Yhdessä ne ohjaavat jokaisen tilauksen peruutusajan."
"Default 14 days per Art. 9(2). Extension allowed (e.g. 30, 100). Reduction below 14 is illegal — the field validates 14-3650 only.","Oletus 14 päivää 9(2) artiklan mukaan. Pidennys sallittu (esim. 30, 100). Lyhennys alle 14:n on laitonta — kenttä hyväksyy vain 14-3650."
"When on, carts that contain a detected digital item render the 2-checkbox waiver step at checkout. Has no effect unless <em>Eligibility Rules → Detection → Enable Digital Content Detection</em> is also on.","Kun käytössä, ostoskorit, joissa on tunnistettu digitaalinen tuote, näyttävät 2-valintaruutuisen luopumisaskeleen kassalla. Ei vaikutusta, ellei myös <em>Kelpoisuussäännöt → Tunnistus → Ota digitaalisen sisällön tunnistus käyttöön</em> ole päällä."
"Optional. Comma-separated. Blind-copies the waiver-confirmation email to a merchant audit address. Leave blank to skip.","Valinnainen. Pilkulla eroteltuna. Lähettää piilokopion luopumisen vahvistussähköpostista kauppiaan tarkastusosoitteeseen. Jätä tyhjäksi ohittaaksesi."
"<strong>⚠ Legal warning.</strong> Art. 11a(2) CRD requires the literal text ""withdraw from contract here"" <em>or a corresponding unambiguous formulation</em>. The default value (""Withdraw from contract here"") is the Directive's verbatim phrase; Per-locale translations are counsel-signed. <strong>Do not override unless you have received written advice from qualified consumer-law counsel in the target jurisdiction.</strong> Every override is recorded in the audit log.","<strong>⚠ Oikeudellinen varoitus.</strong> Kuluttajansuojadirektiivin 11a(2) artikla edellyttää sananmukaista tekstiä „peruuta sopimus tästä“ <em>tai vastaavaa yksiselitteistä muotoilua</em>. Oletusarvo („Peruuta sopimus tästä“) on Direktiivin sanatarkka ilmaisu; Kielikohtaiset käännökset ovat asianajajan vahvistamia. <strong>Älä korvaa, ellet ole saanut kirjallista neuvoa pätevältä kuluttajaoikeuden asianajajalta kohdejurisdiktiossa.</strong> Jokainen korvaus tallennetaan tarkastuslokiin."
"<strong>⚠ Legal warning.</strong> This is the label on the final confirmation button. Default (""Confirm withdrawal"") is counsel-signed; Per-locale translations are counsel-signed. Override only with written legal advice; overrides are audit-logged.","<strong>⚠ Oikeudellinen varoitus.</strong> Tämä on lopullisen vahvistuspainikkeen otsikko. Oletus („Vahvista peruutus“) on asianajajan vahvistama; Kielikohtaiset käännökset ovat asianajajan vahvistamia. Korvaa vain kirjallisen oikeudellisen neuvonnan jälkeen; korvaukset tallennetaan tarkastuslokiin."
"Cancel the linked order? No payment has been captured, so there is nothing to refund — the order will be cancelled in Magento.","Peruutetaanko linkitetty tilaus? Maksua ei ole veloitettu, joten ei ole mitään palautettavaa — tilaus peruutetaan Magentossa."
"Scope & Applicability","Soveltamisala"
"Controls in which markets the self-service withdrawal flow is offered. These are merchant business decisions, not legal exclusions — an EU consumer's statutory right of withdrawal does not depend on them, and declarations received by other means (email, letter) must still be honoured manually.","Määrittää, millä markkinoilla itsepalvelullinen peruutusprosessi on tarjolla. Nämä ovat kauppiaan liiketoimintapäätöksiä, eivät oikeudellisia poikkeuksia — EU-kuluttajan lakisääteinen peruuttamisoikeus ei riipu niistä, ja muulla tavoin (sähköpostitse, kirjeitse) saadut peruutukset on silti käsiteltävä manuaalisesti."
"Restrict by Country","Rajaa maan mukaan"
"Offers the self-service withdrawal flow only for orders whose billing <strong>or</strong> shipping address is in the selected countries. <strong>Legal note:</strong> this restricts the storefront flow only — an EU consumer's statutory right of withdrawal does not depend on the address, and withdrawal declarations received by other means (email, letter) must still be honoured manually. Default: disabled.","Tarjoaa itsepalvelullisen peruutusprosessin vain tilauksille, joiden lasku- <strong>tai</strong> toimitusosoite on valituissa maissa. <strong>Oikeudellinen huomautus:</strong> tämä rajoittaa vain verkkokaupan prosessia — EU-kuluttajan lakisääteinen peruuttamisoikeus ei riipu osoitteesta, ja muulla tavoin (sähköpostitse, kirjeitse) saadut peruutukset on silti käsiteltävä manuaalisesti. Oletus: pois käytöstä."
"Offer Withdrawal For Countries","Tarjoa peruutusta maille"
"Preselected: EU-27 plus EEA (Norway, Iceland, Liechtenstein). Add the United Kingdom manually if you target UK consumers (separate national regime with a comparable 14-day right). If you clear this list, the restriction has no effect and the flow stays available to every customer.","Esivalitut: EU-27 sekä ETA (Norja, Islanti, Liechtenstein). Lisää Yhdistynyt kuningaskunta manuaalisesti, jos kohderyhmäsi ovat brittiläiset kuluttajat (erillinen kansallinen järjestelmä vastaavalla 14 päivän oikeudella). Jos tyhjennät tämän luettelon, rajoituksella ei ole vaikutusta ja toiminto pysyy kaikkien asiakkaiden käytettävissä."
"Restrict by Customer Group","Rajaa asiakasryhmän mukaan"
"Hides the self-service withdrawal flow from orders placed by the selected customer groups (e.g. your B2B / wholesale groups). The right of withdrawal is a consumer right, so this lets you keep it off for business customers. <strong>Legal note:</strong> this restricts the storefront flow only — it does not decide who is legally a consumer, and any withdrawal declaration received by other means must still be honoured manually. Default: disabled.","Hides the self-service withdrawal flow from orders placed by the selected customer groups (e.g. your B2B / wholesale groups). The right of withdrawal is a consumer right, so this lets you keep it off for business customers. <strong>Legal note:</strong> this restricts the storefront flow only — it does not decide who is legally a consumer, and any withdrawal declaration received by other means must still be honoured manually. Default: disabled."
"Exclude Customer Groups","Sulje pois asiakasryhmät"
"Orders placed by any selected group are excluded from the self-service flow. Guests are always treated as consumers and cannot be excluded here. If you clear this list, the restriction has no effect and the flow stays available to every customer.","Orders placed by any selected group are excluded from the self-service flow. Guests are always treated as consumers and cannot be excluded here. If you clear this list, the restriction has no effect and the flow stays available to every customer."
"Custom-made to your specifications","Valmistettu määritystesi mukaan"
"Perishable goods","Helposti pilaantuvat tavarat"
"Sealed hygiene item — seal broken","Sinetöity hygieniatuote — sinetti rikottu"
"Sealed audio/video — seal broken","Sinetöity ääni/video — sinetti rikottu"
"Newspapers, periodicals, magazines","Sanomalehdet, aikakauslehdet, lehdet"
"Accommodation / event on specific date","Majoitus / tapahtuma tiettynä päivänä"
"Digital content — right waived at purchase","Digitaalinen sisältö — oikeudesta luovuttu ostohetkellä"
"Withdrawal period has expired","Peruuttamisaika on päättynyt"
"Already withdrawn in a prior request","Jo peruutettu aiemmassa pyynnössä"
"A draft withdrawal is holding this item. Confirm it via the email we sent, or cancel it in the 'Existing withdrawals' section above.","Peruutusluonnos varaa tämän tuotteen. Vahvista se lähettämämme sähköpostin kautta tai peruuta se yllä olevassa osiossa ”Olemassa olevat peruutukset”."
"EU withdrawal request %1 was approved.","EU-peruutuspyyntö %1 on hyväksytty."
"EU withdrawal request %1 was approved. Refund: %2.","EU-peruutuspyyntö %1 on hyväksytty. Hyvitys: %2."
"EU withdrawal request %1 was denied.","EU-peruutuspyyntö %1 on hylätty."
"EU withdrawal request %1 was denied. Reason: %2","EU-peruutuspyyntö %1 on hylätty. Syy: %2"
"EU withdrawal request %1 was cancelled by the customer.","Asiakas peruutti EU-peruutuspyynnön %1."
"EU withdrawal request %1 was cancelled by an administrator.","Järjestelmänvalvoja peruutti EU-peruutuspyynnön %1."
"If Delivery Is Never Confirmed","Jos toimitusta ei koskaan vahvisteta"
"When an order is already in a Delivery Confirmation Status but has no recorded transition into it (no delivery timestamp), choose whether its withdrawal stays open or it is treated as not eligible. Default: not eligible.","Kun tilauksella on jo toimituksen vahvistustila, mutta siihen ei ole kirjattua siirtymää (ei toimituspäivää), valitse, pysyykö peruutus avoimena vai käsitelläänkö se ei-oikeutettuna. Oletus: ei oikeutettu."
"Statuses Excluded From Withdrawal","Peruutuksesta pois suljetut tilat"
"Orders whose current status is selected here are never offered for withdrawal (e.g. a legacy migration status such as <code>imported</code>). Do not select a status used by active, deliverable orders — that withholds a valid withdrawal.","Tilauksia, joiden nykyinen tila on valittu tässä, ei koskaan tarjota peruutettavaksi (esim. migraatiotila kuten <code>imported</code>). Älä valitse tilaa, jota aktiiviset, toimitettavat tilaukset käyttävät — se epäisi pätevän peruutuksen."
"Treat as not eligible","Käsittele ei-oikeutettuna"
"Keep withdrawal open","Pidä peruutus avoinna"
"Withdrawal not available for this order","Peruutus ei ole käytettävissä tälle tilaukselle"
"This order is not eligible for withdrawal.","Tämä tilaus ei ole oikeutettu peruutukseen."
"EU withdrawal request %1 submitted.","EU-peruutuspyyntö %1 on lähetetty."
"EU withdrawal request %1 submitted. Requested refund: %2.","EU-peruutuspyyntö %1 on lähetetty. Pyydetty hyvitys: %2."
"Show more orders","Näytä lisää tilauksia"
"Item Selection","Tuotteiden valinta"
"Per item (customer selects items and quantities)","Tuotekohtaisesti (asiakas valitsee tuotteet ja määrät)"
"Full order (all returnable items, no selection)","Koko tilaus (kaikki palautuskelpoiset tuotteet, ei valintaa)"
"<em>Per item</em>: the customer chooses lines and quantities. <em>Full order</em>: the request always covers all returnable items; items excluded by law (opened seal, expired period) are still removed automatically, and the form shows a note that partial returns can be requested via your contact page.<br/><strong>⚠ Legal warning.</strong> The explanatory materials to the German implementation law expect the withdrawal function to support selecting parts of the order. Consult your counsel before switching to Full order.","<em>Tuotekohtaisesti</em>: asiakas valitsee rivit ja määrät. <em>Koko tilaus</em>: pyyntö kattaa aina kaikki palautuskelpoiset tuotteet; lain nojalla poissuljetut tuotteet (avattu sinetti, päättynyt määräaika) poistetaan silti automaattisesti, ja lomakkeessa näytetään huomautus, että osittaisia palautuksia voi pyytää yhteydenottosivunne kautta.<br/><strong>⚠ Oikeudellinen varoitus.</strong> Saksan täytäntöönpanolain perustelut edellyttävät, että peruuttamistoiminto tukee tilauksen osien valitsemista. Pyydä neuvoa lakimieheltäsi ennen kuin vaihdat Koko tilaus -vaihtoehtoon."
"This request covers all returnable items of the order.","Tämä pyyntö kattaa tilauksen kaikki palautuskelpoiset tuotteet."
"Contact us for a partial return.","Ota yhteyttä osittaista palautusta varten."
"Review the items included in your return.","Tarkista palautukseesi sisältyvät tuotteet."
"Review the items to return","Tarkista palautettavat tuotteet"
"Self-service withdrawal is not available for this order.","Itsepalveluna tehtävä peruuttaminen ei ole käytettävissä tälle tilaukselle."
"VAT","ALV"
"Of which VAT","Josta ALV"
"Order Adjustment","Tilauksen oikaisu"
"Bundle Item Selection","Pakettituotteen osavalinta"
"<em>No</em> (default): the bundle is shown as one returnable unit — the customer returns the whole bundle. <em>Yes</em>: the bundle's priced components are shown as separate returnable lines when they can be returned independently (e.g. a device and an accessory sold together). Enable this only for bundles that group independently returnable products; a bundle sold as a single set should remain returnable only as a whole.<br/><strong>Legal note.</strong> Configure this according to how each bundle is offered and contracted; consult your counsel if components should be withdrawable separately.","<em>Ei</em> (oletus): pakettituote näytetään yhtenä palautuskelpoisena kokonaisuutena — asiakas palauttaa koko pakettituotteen. <em>Kyllä</em>: pakettituotteen hinnoitellut osat näytetään erillisinä palautuskelpoisina riveinä, kun ne voidaan palauttaa itsenäisesti (esim. yhdessä myydyt laite ja lisävaruste). Ota tämä käyttöön vain pakettituotteille, jotka kokoavat itsenäisesti palautettavia tuotteita; yhtenä tuotesettinä myyty pakettituote tulisi säilyttää palautuskelpoisena vain kokonaisuutena.<br/><strong>Oikeudellinen huomautus.</strong> Määritä tämä sen mukaan, miten kukin pakettituote tarjotaan ja mistä sopimus tehdään; pyydä neuvoa lakimieheltäsi, jos osien tulisi olla peruutettavissa erikseen."
"Acknowledgment of loss of withdrawal (Art. 16(m)(ii))","Peruuttamisoikeuden menetyksen vahvistus (Art. 16(m)(ii))"
"Both confirmations are required to proceed. Your consent is recorded with a tamper-evident hash of the legal text shown above.","Molemmat vahvistukset vaaditaan jatkaaksesi. Suostumuksesi kirjataan yllä näytetyn juridisen tekstin väärennystä havaitsevalla tiivisteellä."
"Digital Content Delivery — Required Waiver","Digitaalisen sisällön toimitus — vaadittu suostumus"
"EU Art. 16(m)","EU Art. 16(m)"
"EU Art. 6(1)(h)","EU Art. 6(1)(h)"
"Express consent (Art. 16(m)(i))","Nimenomainen suostumus (Art. 16(m)(i))"
"I acknowledge that, as a result, I will lose my right of withdrawal once performance has begun.","Olen tietoinen siitä, että tämän seurauksena menetän peruuttamisoikeuteni heti, kun sopimuksen täyttäminen on alkanut."
"I expressly request that performance of the digital content begin immediately, before the end of the 14-day withdrawal period.","Pyydän nimenomaisesti, että digitaalisen sisällön toimittaminen alkaa välittömästi, ennen 14 päivän peruuttamisajan päättymistä."
"The digital-content consent step is temporarily unavailable. Please refresh the page; if the problem persists, contact support — your order cannot be completed until the required consent can be shown.","Digitaalisen sisällön suostumusvaihe on tilapäisesti poissa käytöstä. Päivitä sivu; jos ongelma jatkuu, ota yhteyttä tukeen — tilaustasi ei voida saattaa loppuun ennen kuin vaadittu suostumus voidaan näyttää."
"Your cart contains digital content. To receive it immediately, EU consumer law requires both your express consent to begin performance and your acknowledgment that doing so causes you to lose the right of withdrawal once delivery starts.","Ostoskorisi sisältää digitaalista sisältöä. Saadaksesi sen välittömästi, EU:n kuluttajalainsäädäntö edellyttää sekä nimenomaisen suostumuksesi toimituksen aloittamiseen että vahvistuksesi siitä, että näin tehdessäsi menetät peruuttamisoikeuden heti, kun toimitus alkaa."
SKU:,SKU:
"Seal photos skipped","Sinetin valokuvat ohitettu"
Submitting…,Lähetetään…
"That order does not belong to your account. Please select one of your own orders.","Kyseinen tilaus ei kuulu tilillesi. Valitse jokin omista tilauksistasi."
"Bundle contents","Pakettituotteen sisältö"
"included in the bundle price above — not returnable separately","sisältyy yllä olevaan pakettihintaan — ei palautettavissa erikseen"
"included: %1","osuus: %1"
"Included","Sisältyy"
"Individual items","Yksittäiset tuotteet"
"%1 items","%1 tuotetta"
"Return now","Palauta nyt"
"Included in this bundle","Sisältyy tähän pakettiin"
"Included value","Sisältyvä arvo"
"Other items","Muut tuotteet"
"Order total","Tilauksen loppusumma"
"Hygiene seal","Hygieniasinetti"
"Media seal","Mediasinetti"
"Seal Photos","Sinetin kuvat"
"Is the hygiene seal on “%1” still intact?","Onko tuotteen ”%1” hygieniasinetti edelleen ehjä?"
"Is the media / software seal on “%1” still intact?","Onko tuotteen ”%1” media-/ohjelmistosinetti edelleen ehjä?"
"Once you confirm the seal is broken, the whole bundle can’t be returned. Its quantity is set to 0.","Kun vahvistat, että sinetti on rikki, koko pakettia ei voi palauttaa. Sen määräksi asetetaan 0."
"A credit memo can only be started for an approved withdrawal request.","Hyvityslasku voidaan aloittaa vain hyväksytylle peruutuspyynnölle."
"EU withdrawal request %1 was cancelled by an administrator. Reason: %2","EU-peruutuspyyntö %1 peruutettiin ylläpitäjän toimesta. Syy: %2"
"System","Järjestelmä"
"View Order","Näytä tilaus"
"View Request","Näytä pyyntö"
"View Shipment","Näytä toimitus"
"Please confirm both consent boxes to proceed with digital content delivery.","Vahvista molemmat suostumusruudut jatkaaksesi digitaalisen sisällön toimitusta."
"The digital-content consent step could not load. Please refresh and try again, or contact support.","Digitaalisen sisällön suostumusvaihetta ei voitu ladata. Päivitä ja yritä uudelleen tai ota yhteyttä tukeen."
"We could not record your consent just now. Please try again.","Emme voineet tallentaa suostumustasi juuri nyt. Yritä uudelleen."
