"View Credit Memo","Pregled odobrenja"
"Issue Credit Memo","Izdavanje odobrenja"
"Approve","Odobri"
"Approve this withdrawal request?","Odobriti ovaj zahtjev za odustajanje?"
"Deny","Odbij"
"Legal reason for denial (min 10 chars):","Pravni razlog za odbijanje (min. 10 znakova):"
"Cancel Request","Otkaži zahtjev"
"Cancel this withdrawal? Add an optional note for the customer (visible in their cancellation email):","Otkazati ovo odustajanje? Dodajte neobaveznu napomenu za kupca (vidljiva u e-poruci o otkazivanju):"
"Resend Receipt","Ponovno pošalji potvrdu"
"Send the receipt email again? The customer will receive another copy.","Ponovno poslati e-poruku s potvrdom? Kupac će primiti dodatnu kopiju."
"Withdrawal Request #%1","Zahtjev za odustajanje #%1"
"Request Details","Detalji zahtjeva"
"Information","Informacije"
"Reason for Denial","Razlog odbijanja"
"Customer Cancellation Note","Napomena kupca o otkazivanju"
"Cancellation Note","Napomena o otkazivanju"
"Status-Change Note","Napomena o promjeni statusa"
"Code","Kod"
"Label","Oznaka"
"Add Reason","Dodaj razlog"
"In progress","U tijeku"
"Refund issued","Povrat izdan"
"Denied","Odbijeno"
"Cancelled","Otkazano"
"Pending","Na čekanju"
"This is a transactional email about your order.","Ovo je transakcijska e-poruka u vezi s vašom narudžbom."
"Reason for denial","Razlog odbijanja"
"Your cancellation note","Vaša napomena o otkazivanju"
"Note from our team","Napomena našeg tima"
"EU right of withdrawal","EU pravo na odustajanje"
"Withdrawal right pending delivery","Pravo na odustajanje čeka isporuku"
"Withdrawal window has ended","Rok za odustajanje je istekao"
"Not eligible for withdrawal","Nije moguće odustajanje"
"Withdrawal already requested","Zahtjev za odustajanje je već predan"
"You can withdraw from this contract any time — the %1-day deadline begins counting once the order is delivered.","Od ovog ugovora možete odustati u bilo kojem trenutku — rok od %1 dana počinje teći od trenutka isporuke narudžbe."
"Your %1-day withdrawal window will begin once this order is delivered.","Vaš rok od %1 dana za odustajanje počinje teći od trenutka isporuke ove narudžbe."
"The %1-day window for withdrawing from this contract has ended.","Rok od %1 dana za odustajanje od ovog ugovora je istekao."
"This order is not eligible for withdrawal under EU consumer law (Art. 16 Directive 2011/83/EU).","Ova narudžba ne podliježe pravu na odustajanje prema potrošačkom pravu EU-a (čl. 16. Direktive 2011/83/EU)."
"A withdrawal request for this order has been submitted. See the request details below.","Za ovu narudžbu predan je zahtjev za odustajanje. Pogledajte pojedinosti zahtjeva u nastavku."
"This order contains a perishable item that cannot be returned (food with short shelf life, fresh flowers, etc.).","Ova narudžba sadrži pokvarljivu robu koja se ne može vratiti (hrana s kratkim rokom trajanja, svježe cvijeće itd.)."
"This order contains a custom-made or personalised item that cannot be returned.","Ova narudžba sadrži robu izrađenu po narudžbi ili personaliziranu robu koja se ne može vratiti."
"This order contains a sealed hygiene item. You keep the right of withdrawal only while the seal stays intact — once unsealed after delivery, the right is lost.","Ova narudžba sadrži zapečaćenu higijensku robu. Pravo na odustajanje zadržavate samo dok je pečat netaknut — nakon što se pečat oštećuje nakon isporuke, pravo se gubi."
"This order contains a sealed audio / video / software item. You keep the right of withdrawal only while the seal stays intact — once unsealed after delivery, the right is lost.","Ova narudžba sadrži zapečaćenu audio / video / softversku robu. Pravo na odustajanje zadržavate samo dok je pečat netaknut — nakon što se pečat oštećuje nakon isporuke, pravo se gubi."
"This order contains digital content. Once you start using or downloading the content, you lose the right of withdrawal (you consented to this at checkout).","Ova narudžba sadrži digitalni sadržaj. Čim započnete s korištenjem ili preuzimanjem sadržaja, gubite pravo na odustajanje (na to ste pristali tijekom naplate)."
"%1 item(s) · Refund %2","%1 stavki · Povrat %2"
"Awaiting confirmation","Čeka potvrdu"
"Cancel withdrawal %1? Your refund will not be processed.","Otkazati odustajanje %1? Vaš povrat neće biti obrađen."
"Submitted","Predano"
"Approved","Odobreno"
"Fully returned","Potpuno vraćeno"
"Return requested","Zatraženo vraćanje"
"Not eligible","Nije prihvatljivo"
"Partially requested","Djelomično zatraženo"
"— Select a reason —","— Odaberite razlog —"
"Other","Ostalo"
"The refund will be issued using your original payment method within 5-7 business days after we receive your return.","Povrat novca bit će izvršen putem vaše izvorne metode plaćanja u roku od 5-7 radnih dana nakon primitka vašeg povrata."
"Withdrawal right lost (Art. 16(m) CRD) — digital performance started on %1.","Pravo na odustajanje izgubljeno (čl. 16(m) Direktive o pravima potrošača) — digitalna izvedba započela je %1."
"Request #%1 not found.","Zahtjev #%1 nije pronađen."
"Receipt email re-queued for request #%1. Delivery will retry asynchronously.","E-poruka s potvrdom ponovno je u redu čekanja za zahtjev #%1. Isporuka će se asinkrono ponoviti."
"Failed to queue receipt resend: %1","Stavljanje ponovnog slanja potvrde u red čekanja nije uspjelo: %1"
"Note text is empty.","Tekst napomene je prazan."
"Note added to request #%1.","Napomena dodana zahtjevu #%1."
"Request #%1 approved.","Zahtjev #%1 odobren."
"Request #%1 cancelled.","Zahtjev #%1 otkazan."
"Request #%1 denied.","Zahtjev #%1 odbijen."
"Invalid request id.","Nevažeći ID zahtjeva."
"Unable to open temporary file for CSV export.","Nije moguće otvoriti privremenu datoteku za CSV izvoz."
"Withdrawal Requests","Zahtjevi za odustajanje"
"%1 requests queued for acceptance.","%1 zahtjeva stavljeno u red čekanja za prihvaćanje."
"%1 request(s) approved.","Odobreno zahtjeva: %1."
"%1 request(s) failed. First errors: %2","Neuspješnih zahtjeva: %1. Prve pogreške: %2"
"Note added to %1 request(s).","Napomena dodana broju zahtjeva: %1."
"Underlying order #%1 not found.","Pripadajuća narudžba #%1 nije pronađena."
"Order #%1 has no invoice yet — Magento requires an invoice before a credit memo can be created. Open an invoice first (Sales → Orders → #%1 → Invoice button), then return here to refund.","Narudžba #%1 još nema račun — Magento zahtijeva račun prije nego što je moguće izraditi knjižno odobrenje. Najprije otvorite račun (Prodaja → Narudžbe → #%1 → gumb Račun), a zatim se vratite ovamo za povrat."
"No items recorded on this withdrawal request — the credit memo will open with default invoice qtys; please adjust manually.","Na ovom zahtjevu za odustajanje nisu zabilježene stavke — knjižno odobrenje otvorit će se sa zadanim količinama računa; ručno prilagodite vrijednosti."
"Pre-filled credit memo for withdrawal #%1 — review the qtys + shipping refund below, then click Refund Online or Refund Offline.","Unaprijed ispunjeno knjižno odobrenje za odustajanje #%1 — pregledajte količine i povrat troškova dostave u nastavku, a zatim kliknite Povrat online ili Povrat offline."
"Some items are no longer eligible. Please reload and try again.","Neke stavke više nisu prihvatljive. Ponovno učitajte i pokušajte opet."
"We could not process your request. Please try again.","Nismo mogli obraditi vaš zahtjev. Pokušajte ponovno."
"Item","Stavka"
"We could not find a matching order for that email.","Nismo mogli pronaći odgovarajuću narudžbu za tu e-poštu."
"Withdraw from a contract","Odustani od ugovora"
"Withdrawal not found.","Odustajanje nije pronađeno."
"This withdrawal can no longer be cancelled online. Contact us if you need help.","Ovo se odustajanje više ne može otkazati online. Kontaktirajte nas ako vam je potrebna pomoć."
"Withdrawal #%1 cancelled.","Odustajanje #%1 otkazano."
"Please fill in all required fields.","Ispunite sva obavezna polja."
"%1 item(s) were excluded from the withdrawal because the seal is broken (Art. 16(e)/(i) Directive 2011/83/EU).","Iz odustajanja je isključeno stavki: %1, jer je pečat oštećen (čl. 16(e)/(i) Direktive 2011/83/EU)."
"Please select at least one item to withdraw.","Odaberite barem jednu stavku za odustajanje."
"One or more items are no longer available for withdrawal. Please refresh and try again.","Jedna ili više stavki više nisu dostupne za odustajanje. Osvježite i pokušajte ponovno."
"None of the selected items are eligible for withdrawal.","Nijedna od odabranih stavki ne ispunjava uvjete za odustajanje."
"Hash mismatch for quote item %1","Neslaganje hash-a za stavku ponude %1"
"Requested qty %1 exceeds remaining %2 for order item %3","Zatražena količina %1 premašuje preostalu %2 za stavku narudžbe %3"
"No delivery confirmation recorded for this order yet.","Za ovu narudžbu još nije zabilježena potvrda isporuke."
"No eligible items selected for withdrawal","Nije odabrana nijedna prihvatljiva stavka za odustajanje"
"Physical goods","Fizička roba"
"Digital content (non-tangible)","Digitalni sadržaj (nematerijalni)"
"Digital service (SaaS / subscription)","Digitalna usluga (SaaS / pretplata)"
"Financial services (not supported)","Financijske usluge (nije podržano)"
"Downloadable products","Proizvodi za preuzimanje"
"Virtual products","Virtualni proizvodi"
"Bundles containing digital children","Paketi koji sadrže digitalne podstavke"
"Custom attribute flag","Zastavica prilagođenog atributa"
"locale_inheritance.xml missing at %1","locale_inheritance.xml nedostaje na %1"
"locale_inheritance.xml unreadable at %1","locale_inheritance.xml nije čitljiv na %1"
"locale_inheritance.xml failed XSD validation: %1","locale_inheritance.xml nije prošao XSD validaciju: %1"
"Original payment method","Izvorni način plaćanja"
"This is your durable-medium receipt for the withdrawal (Art. 11a(4) Directive 2011/83/EU).","Ovo je vaša potvrda na trajnom mediju za odustajanje (čl. 11a(4) Direktive 2011/83/EU)."
"This email is a notification about your withdrawal request.","Ova e-poruka je obavijest o vašem zahtjevu za odustajanje."
"5–7 business days","5–7 radnih dana"
"This is a confirmation that your withdrawal request has been recorded.","Ovo je potvrda da je vaš zahtjev za odustajanje zabilježen."
"MageMe EU Withdrawal is installed but not enabled. Review the compliance checklist and configure the module before enabling: <a href=""%1"">Stores → Configuration → MageMe Extensions → EU Withdrawal</a>.","MageMe EU Withdrawal je instaliran, ali nije omogućen. Prije omogućavanja pregledajte popis za provjeru usklađenosti i konfigurirajte modul: <a href=""%1"">Trgovine → Konfiguracija → MageMe ekstenzije → EU Withdrawal</a>."
"Delivery confirmation status is not configured. Set Stores → Configuration → MageMe Extensions → EU Withdrawal → Withdrawal Period → Delivery Confirmation Statuses.","Status potvrde isporuke nije konfiguriran. Postavite Trgovine → Konfiguracija → MageMe ekstenzije → EU Withdrawal → Razdoblje odustajanja → Statusi potvrde isporuke."
"No Annex I source found for locale %1 along chain %2","Izvor Priloga I. nije pronađen za jezik %1 duž lanca %2"
"Annex I source for locale %1 is malformed","Izvor Priloga I. za jezik %1 je neispravno oblikovan"
"Missing merchant variables for Annex I rendering: %1","Nedostaju varijable trgovca za prikaz Priloga I.: %1"
"Receipt hash mismatch for request %1","Neslaganje hash-a potvrde za zahtjev %1"
"Request %1 not found.","Zahtjev %1 nije pronađen."
"Denying a withdrawal request requires a legal basis of at least 10 characters.","Za odbijanje zahtjeva za odustajanje potrebna je pravna osnova od najmanje 10 znakova."
"Withdrawal request cannot transition from ""%1"" to ""%2"".","Zahtjev za odustajanje ne može prijeći iz „%1” u „%2”."
"Request %1 is not in pending_confirm state.","Zahtjev %1 nije u stanju pending_confirm."
"Withdrawal request #%1 does not exist.","Zahtjev za odustajanje #%1 ne postoji."
"No digital items on order %1","Nema digitalnih stavki u narudžbi %1"
"This is your durable-medium copy of the waiver you signed at checkout (Art. 11a(4) Directive 2011/83/EU).","Ovo je vaš primjerak izjave o odricanju koju ste potpisali tijekom naplate, na trajnom mediju (čl. 11a(4) Direktive 2011/83/EU)."
"Waived","Odustano"
"Waiver email render failed: %1","Prikaz e-poruke o odricanju nije uspio: %1"
"Digital content waiver text has changed — please reload checkout.","Tekst odricanja za digitalni sadržaj se promijenio — ponovno učitajte naplatu."
"Digital content waiver is incomplete for item %1.","Odricanje za digitalni sadržaj nije potpuno za stavku %1."
"bad","loše"
"smtp down","smtp down"
"smtp","smtp"
"down","nedostupno"
"No shipment found for order 42.","Za narudžbu 42 nije pronađena pošiljka."
"View","Pregledaj"
"Withdrawal & Customer Information","Podaci o odustajanju i kupcu"
"Request # %1","Zahtjev # %1"
"Request Status","Status zahtjeva"
"Submitted At","Predano u"
"Related Order","Povezana narudžba"
"Jurisdiction","Nadležnost"
"Contract Type","Vrsta ugovora"
"Receipt Status","Status potvrde"
"%1 attempt(s)","Pokušaja: %1"
"Receipt Error","Pogreška potvrde"
"Customer Information","Podaci o kupcu"
"Customer Name","Ime kupca"
"Email","E-pošta"
"Locale","Jezik"
"Items Selected for Withdrawal","Stavke odabrane za odustajanje"
"Product","Proizvod"
"Price","Cijena"
"Qty","Količ."
"Subtotal","Međuzbroj"
"Refund","Povrat"
"Reason","Razlog"
"Eligibility","Prihvatljivost"
"No items associated with this request.","S ovim zahtjevom nisu povezane nikakve stavke."
"SKU","SKU"
"Ordered","Naručeno"
"Withdrawing","Odustaje se"
"Refund Total","Ukupan povrat"
"Notes for this Request","Napomene za ovaj zahtjev"
"Internal notes — visible to admin staff only. Not sent to the customer.","Interne napomene — vidljive samo administratorima. Ne šalju se kupcu."
"Comment","Komentar"
"Add internal note (max 2000 chars)","Dodaj internu napomenu (najviše 2000 znakova)"
"Submit Comment","Pošalji komentar"
"No comments added yet.","Komentari još nisu dodani."
" by %1"," od %1"
"Refund Totals","Ukupni iznosi povrata"
"Items Subtotal","Međuzbroj stavki"
"Shipping Refund","Povrat troškova dostave"
"Total Refund","Ukupni povrat"
"Changes have been made to this section that have not been saved.","U ovom su odjeljku napravljene promjene koje nisu spremljene."
"This tab contains invalid data. Please resolve this before saving.","Ova kartica sadrži nevažeće podatke. Riješite to prije spremanja."
"Contact us","Kontakt"
"Returns","Povrati"
"FAQs","Česta pitanja"
"All rights reserved.","Sva prava pridržana."
"Returned items","Vraćene stavke"
"No image","Nema slike"
"Item status","Status artikla"
"Withdrawal options for this order","Mogućnosti odustajanja za ovu narudžbu"
"You can return this order until %1.","Ovu narudžbu možete vratiti do %1."
"(Art. 11a Directive 2011/83/EU)","(čl. 11a Direktive 2011/83/EU)"
"Submit a withdrawal request to start the refund process.","Pošaljite zahtjev za odustajanje kako biste pokrenuli postupak povrata."
"(Art. 9(2)(b) Directive 2011/83/EU)","(čl. 9(2)(b) Direktive 2011/83/EU)"
"Start withdrawal","Započni odustajanje"
"Your withdrawal requests","Vaši zahtjevi za odustajanje"
"Submitted %1","Predano %1"
"Show items","Prikaži stavke"
"Cancel withdrawal","Otkaži odustajanje"
"Qty %1","Količina %1"
"Receipt details","Pojedinosti potvrde"
"Receipt number","Broj potvrde"
"Order number","Broj narudžbe"
"Consumer","Potrošač"
"Refund total","Ukupan iznos povrata"
"Merchant","Trgovac"
"Legal basis","Pravna osnova"
"SKU %1","SKU %1"
"Shipping refund","Povrat troškova dostave"
"Tax refund","Povrat poreza"
"Total refund","Ukupni povrat"
"Digital content — Art. 16(m) notice","Digitalni sadržaj — obavijest po čl. 16(m)"
"By placing the order you agreed to begin performance of the digital content before the end of the withdrawal period and acknowledged that, once performance has begun, the right of withdrawal no longer applies. This notice is shown for your records.","Slanjem narudžbe pristali ste na početak izvedbe digitalnog sadržaja prije isteka roka za odustajanje i potvrdili da se nakon početka izvedbe pravo na odustajanje više ne primjenjuje. Ova se obavijest prikazuje radi vaše evidencije."
"Existing withdrawals for this order","Postojeća odustajanja za ovu narudžbu"
"You can cancel a withdrawal here until it is approved.","Odustajanje ovdje možete otkazati sve dok nije odobreno."
"Request #%1","Zahtjev #%1"
"SKU: %1","SKU: %1"
"Estimated refund: %1 %2","Procijenjeni povrat: %1 %2"
"Cancel this withdrawal","Otkaži ovo odustajanje"
"Are you sure? This cannot be undone.","Jeste li sigurni? Ova se radnja ne može poništiti."
"Yes, cancel","Da, otkaži"
"Keep it","Zadrži"
"Select items to return","Odaberite stavke za povrat"
"Choose all items or only some of them. Set the return quantity for each item you want to withdraw.","Odaberite sve stavke ili samo neke od njih. Postavite količinu za povrat za svaku stavku od koje želite jednostrano raskinuti."
"You have %1 days from the day you received your order to withdraw from the contract without giving a reason.","Imate %1 dana od dana primitka narudžbe za jednostrani raskid ugovora bez navođenja razloga."
"Back to order search","Natrag na pretragu narudžbi"
"Cancel","Odustani"
"Continue to review","Nastavi na pregled"
"Review and confirm","Pregledaj i potvrdi"
"Order #%1","Narudžba #%1"
"Placed on %1","Naručeno %1"
"Awaiting delivery","Čeka dostavu"
"Delivered on %1","Isporučeno %1"
"Total","Ukupno"
"Return shipping","Dostava povrata"
"View return policy","Pogledaj politiku povrata"
"Refund method","Način povrata"
"Refund will be issued to your original payment method.","Povrat novca bit će izvršen na vašu izvornu metodu plaćanja."
"Return summary","Sažetak povrata"
"Shipping & Handling","Dostava i rukovanje"
"Tax","Porez"
"Back to items","Natrag na stavke"
"Submit return request","Pošalji zahtjev za povrat"
"Your return request has been submitted!","Vaš zahtjev za vraćanje je poslan!"
"We've emailed you a notification with your return details and a prepaid return label (if applicable). You have 14 days from the delivery date to send your items back.","Poslali smo vam e-poruku s pojedinostima povrata i unaprijed plaćenom naljepnicom za povrat (ako je primjenjivo). Od datuma isporuke imate 14 dana za vraćanje stavki."
"Return request number","Broj zahtjeva za vraćanje"
"Copy request number","Kopiraj broj zahtjeva"
"Copied!","Kopirano!"
"Confirmation email sent","Potvrdni e-mail poslan"
"We've sent the details to","Pojedinosti smo poslali na"
"What happens next?","Što slijedi?"
"Pack your items securely","Sigurno zapakirajte stavke"
"Send them back using the provided instructions","Pošaljite ih natrag prema priloženim uputama"
"We'll inspect your return","Pregledat ćemo vaš povrat"
"Your refund will be issued to your original payment method","Povrat će biti izvršen na vašu izvornu metodu plaćanja"
"Need more help?","Trebate dodatnu pomoć?"
"View my returns","Pogledaj moje povrate"
"Contact support","Kontaktiraj podršku"
"Purchased","Kupljeno"
"Returned","Vraćeno"
"Decrease quantity","Smanji količinu"
"Increase quantity","Povećaj količinu"
"Is the hygiene seal still intact?","Je li higijenski pečat još uvijek netaknut?"
"Is the original software / media seal still intact?","Je li izvorni pečat softvera / medija još uvijek netaknut?"
"Yes — it's still sealed","Da — još uvijek je zapečaćeno"
"Refund possible — return the unopened package.","Povrat je moguć — vratite neotvoreni paket."
"No — I've opened it","Ne — otvorio sam ga"
"This item cannot be returned (Art. 16(e) Directive 2011/83/EU).","Ovu stavku nije moguće vratiti (čl. 16(e) Direktive 2011/83/EU)."
"This item cannot be returned (Art. 16(i) Directive 2011/83/EU).","Ovu stavku nije moguće vratiti (čl. 16(i) Direktive 2011/83/EU)."
"Once you confirm the seal is broken, this item is excluded from the withdrawal request and the quantity will be reset to zero.","Nakon što potvrdite da je pečat oštećen, ova se stavka isključuje iz zahtjeva za odustajanje, a količina će biti vraćena na nulu."
"Reason for return (optional)","Razlog vraćanja (neobavezno)"
"Tell us more (optional, max 500 chars)","Recite nam više (neobavezno, najviše 500 znakova)"
"Already returned.","Već vraćeno."
"awaiting admin review","čeka pregled administratora"
"awaiting confirmation","čeka potvrdu"
"Request %1 %2 (%3 item%4).","Zahtjev %1 %2 (stavki: %3 %4)."
"Return request awaiting review.","Zahtjev za povrat čeka pregled."
"Cancel request","Otkaži zahtjev"
"Under EU consumer law, you may withdraw from most contracts within 14 days without giving a reason.","Prema potrošačkom pravu EU-a, od većine ugovora možete odustati u roku od 14 dana bez navođenja razloga."
"Read your full pre-contract rights (Art. 6)","Pročitajte cjelovit popis svojih predugovornih prava (čl. 6.)"
"Under Art. 6 of Directive 2011/83/EU (as amended by Directive (EU) 2023/2673), before you placed this order the seller informed you — or made available — the following information:","Sukladno čl. 6. Direktive 2011/83/EU (kako je izmijenjena Direktivom (EU) 2023/2673), prije slanja ove narudžbe prodavatelj vas je obavijestio — ili učinio dostupnima — sljedeće informacije:"
"The main characteristics of the goods or services.","Glavna obilježja robe ili usluga."
"The identity and contact details of the trader.","Identitet i podatke za kontakt trgovca."
"The total price including all taxes and any delivery costs.","Ukupnu cijenu uključujući sve poreze i eventualne troškove dostave."
"The arrangements for payment, delivery and performance, and complaint-handling.","Načine plaćanja, isporuke i izvedbe te postupanja s pritužbama."
"Your right of withdrawal: under Art. 9 you have 14 days to withdraw from this distance contract without giving a reason. For physical goods, the 14-day period starts on the day you (or a third party nominated by you) take physical possession of the goods. For services and digital content, different starting dates apply (Art. 9(2)(a)/(c)).","Vaše pravo na odustajanje: prema čl. 9. imate 14 dana za odustajanje od ovog ugovora na daljinu bez navođenja razloga. Za fizičku robu rok od 14 dana počinje teći onog dana kada vi (ili treća osoba koju ste imenovali) preuzmete fizički posjed robe. Za usluge i digitalni sadržaj primjenjuju se različiti početni datumi (čl. 9(2)(a)/(c))."
"Exceptions: the right does not apply to certain goods and services listed in Art. 16 (e.g., custom-made goods, sealed hygiene items once unsealed, digital content whose performance has begun with your prior express consent and acknowledgement that you lose the withdrawal right).","Iznimke: pravo se ne primjenjuje na određenu robu i usluge navedene u čl. 16. (npr. robu izrađenu po narudžbi, zapečaćenu higijensku robu nakon otvaranja pečata, digitalni sadržaj čija je izvedba započela uz vaš prethodni izričit pristanak i potvrdu da time gubite pravo na odustajanje)."
"The legal guarantee of conformity for goods applies under Art. 5 of Directive 2019/771, in addition to the right of withdrawal.","Zakonsko jamstvo sukladnosti robe primjenjuje se sukladno čl. 5. Direktive 2019/771, uz pravo na odustajanje."
"Delivery: %1","Dostava: %1"
"Total paid","Ukupno plaćeno"
"Pick an order to withdraw from","Odaberite narudžbu od koje želite odustati"
"Select a recent order to start your withdrawal.","Odaberite nedavnu narudžbu kako biste pokrenuli odustajanje."
"Select","Odaberi"
"Withdrawal progress","Napredak jednostranog raskida"
"title","naslov"
"subtitle","podnaslov"
"Items to return","Stavke za vraćanje"
"0 items","0 stavki"
"Refund summary","Sažetak povrata"
"No items in this order are currently eligible for withdrawal.","Trenutačno nijedna stavka u ovoj narudžbi ne ispunjava uvjete za odustajanje."
"Each line is either already being processed, pending confirmation, or has been fully withdrawn. Check the existing requests section above for status or to cancel.","Svaka stavka je već u obradi, čeka potvrdu ili je u potpunosti povučena. Provjerite odjeljak s postojećim zahtjevima iznad za status ili otkazivanje."
"No items selected yet. Use the + button next to an item to add it to your return.","Još nisu odabrane stavke. Koristite gumb + pored stavke za dodavanje u povrat."
"Find your order","Pronađite svoju narudžbu"
"Enter the details you used during checkout to start a return or withdrawal.","Unesite podatke korištene pri plaćanju za pokretanje povrata ili jednostranog raskida."
"We could not find an order matching that email. Double-check your order number and email address.","Nismo mogli pronaći narudžbu koja odgovara toj e-pošti. Provjerite broj narudžbe i e-mail adresu."
"e.g. 12345","npr. 12345"
"You can find this in your order confirmation email.","Ovo možete pronaći u potvrdnom e-mailu o narudžbi."
"Email address","E-mail adresa"
"you@example.com","you@example.com"
"Must match the email used for the order.","Mora odgovarati e-mailu korištenom za narudžbu."
"Find my order","Pronađi moju narudžbu"
"You have the right to withdraw from your purchase within %1 days of receiving your order, without giving any reason.","Imate pravo jednostrano raskinuti kupnju u roku od %1 dana od primitka narudžbe, bez navođenja razloga."
"Need help finding your order?","Trebate pomoć u pronalaženju narudžbe?"
"Select an order","Odaberite narudžbu"
"Choose an order from your history to start a return or withdrawal.","Odaberite narudžbu iz povijesti za pokretanje povrata ili jednostranog raskida."
"You don't have any orders eligible for withdrawal. The %1-day withdrawal window runs from the day you received your order.","Nemate narudžbi koje ispunjavaju uvjete za odustajanje. Rok od %1 dana za odustajanje teče od dana primitka narudžbe."
"View all my orders","Pregled svih mojih narudžbi"
"items","stavki"
"Select order","Odaberi narudžbu"
"No recent withdrawal","Nema nedavnog odustajanja"
"We could not find a recent withdrawal in this session. If you have just submitted one, please check your inbox for the confirmation email.","U ovoj sesiji nismo pronašli nedavno odustajanje. Ako ste ga upravo poslali, provjerite ulaznu poštu i potražite e-poruku s potvrdom."
"Start a new withdrawal","Započni novo odustajanje"
"Withdrawal #%1 submitted","Odustajanje #%1 podneseno"
"Related order:","Povezana narudžba:"
"Items","Stavke"
"Items included in this withdrawal","Stavke uključene u ovo odustajanje"
"Line Total","Ukupno po stavci"
"What happens next","Što slijedi"
"You will receive a receipt email with the full withdrawal statement and integrity hash within a few minutes.","U roku od nekoliko minuta primit ćete e-poruku s potvrdom koja sadrži cjelovitu izjavu o odustajanju i hash integriteta."
"The %1-day window under Art. 9 CRD is locked to the moment you confirmed the withdrawal — nothing further is required from you to preserve the right.","Rok od %1 dana sukladno čl. 9. Direktive o pravima potrošača vezan je uz trenutak u kojem ste potvrdili odustajanje — od vas se više ništa ne traži za očuvanje tog prava."
"The final refund is determined after we receive the returned items (Art. 14(2)) and is issued to the original payment method. Expect the funds within 14 days of receipt.","Konačan iznos povrata utvrđuje se nakon što zaprimimo vraćene stavke (čl. 14(2)) i isplaćuje se na izvornu metodu plaćanja. Sredstva očekujte u roku od 14 dana od primitka."
"Back to Withdrawals","Natrag na odustajanja"
"Verzichtsbestätigung digitaler Inhalte — Bestellung %increment_id","Potvrda odricanja za digitalni sadržaj — Narudžba %increment_id"
"Sehr geehrte/r %name,","Poštovani/a %name,"
"Dies ist die Bestätigung auf einem dauerhaften Datenträger Ihrer ausdrücklichen Einwilligung zum Beginn der Ausführung folgender digitaler Inhalte sowie Ihrer Bestätigung, dass Sie dadurch Ihr Widerrufsrecht verlieren (Art. 16(m) VRL).","Ovo je potvrda na trajnom mediju o vašem izričitom pristanku na početak izvedbe sljedećih digitalnih sadržaja te vašoj potvrdi da time gubite pravo na odustajanje (čl. 16(m) Direktive o pravima potrošača)."
"Durch den Verzicht abgedeckte digitale Inhalte","Digitalni sadržaji obuhvaćeni ovim odricanjem"
"Ihre ausdrückliche Einwilligung","Vaš izričit pristanak"
"Eingewilligt am:","Pristanak dan:"
"Ihre Bestätigung zum Verlust des Widerrufsrechts","Vaša potvrda o gubitku prava na odustajanje"
"Bestätigt am:","Potvrđeno:"
"Verzichtsreferenz:","Referenca odricanja:"
"Rechtsgrundlage: Art. 16(m) Verbraucherrechterichtlinie 2011/83/EU.","Pravna osnova: čl. 16(m) Direktive o pravima potrošača 2011/83/EU."
"Digital content waiver confirmation — Order %1","Potvrda odricanja za digitalni sadržaj — Narudžba %1"
"Dear %name,","Poštovani/a %name,"
"This is the durable-medium confirmation of your express consent to begin performance of the following digital items, and your acknowledgment that by doing so you lose your right of withdrawal (Art. 16(m) CRD).","Ovo je potvrda na trajnom mediju o vašem izričitom pristanku na početak izvedbe sljedećih digitalnih stavki te vašoj potvrdi da time gubite pravo na odustajanje (čl. 16(m) Direktive o pravima potrošača)."
"Digital items covered by this waiver","Digitalne stavke obuhvaćene ovim odricanjem"
"Your express consent","Tvoja izričita suglasnost"
"Consented at:","Pristanak dan:"
"Your acknowledgment of loss of withdrawal right","Tvoja potvrda o gubitku prava na odustanak"
"Acknowledged at:","Potvrđeno:"
"Waiver reference:","Referenca odricanja:"
"Legal basis: Art. 16(m) Consumer Rights Directive 2011/83/EU.","Pravna osnova: čl. 16. točka (m) Direktive 2011/83/EU o pravima potrošača."
"Digitaalisen sisällön luopumisvahvistus — Tilaus %increment_id","Potvrda odricanja za digitalni sadržaj — Narudžba %increment_id"
"Hyvä %name,","Poštovani/a %name,"
"Tämä on pysyvällä tietovälineellä annettu vahvistus nimenomaisesta suostumuksestasi aloittaa seuraavien digitaalisten sisältöjen toimitus sekä vahvistuksestasi, että menetät peruuttamisoikeutesi (KSL 6:16).","Ovo je potvrda na trajnom mediju o vašem izričitom pristanku na početak isporuke sljedećih digitalnih sadržaja te vašoj potvrdi da time gubite pravo na odustajanje (KSL 6:16)."
"Luopumisen kattamat digitaaliset sisällöt","Digitalni sadržaji obuhvaćeni ovim odricanjem"
"Nimenomainen suostumuksesi","Vaš izričit pristanak"
"Suostuttu:","Pristanak dan:"
"Vahvistuksesi peruuttamisoikeuden menettämisestä","Vaša potvrda o gubitku prava na odustajanje"
"Vahvistettu:","Potvrđeno:"
"Luopumisen viite:","Referenca odricanja:"
"Oikeusperusta: KSL 6:16 / Art. 16(m) kuluttajanoikeusdirektiivi 2011/83/EU.","Pravna osnova: KSL 6:16 / čl. 16(m) Direktive o pravima potrošača 2011/83/EU."
"Confirmation de renonciation au contenu numérique — Commande %increment_id","Potvrda odricanja za digitalni sadržaj — Narudžba %increment_id"
"Cher/Chère %name,","Poštovani/a %name,"
"Ceci est la confirmation sur un support durable de votre consentement exprès à commencer l'exécution des contenus numériques suivants, et de votre reconnaissance que vous perdez ainsi votre droit de rétractation (Art. L. 221-28 Code consommation).","Ovo je potvrda na trajnom mediju o vašem izričitom pristanku na početak izvedbe sljedećih digitalnih sadržaja te vašoj potvrdi da time gubite pravo na odustajanje (čl. L. 221-28 francuskog Zakona o zaštiti potrošača)."
"Contenus numériques couverts par la présente renonciation","Digitalni sadržaji obuhvaćeni ovim odricanjem"
"Votre consentement exprès","Vaš izričit pristanak"
"Consenti le :","Pristanak dan:"
"Votre reconnaissance de la perte du droit de rétractation","Vaša potvrda o gubitku prava na odustajanje"
"Reconnu le :","Potvrđeno:"
"Référence de renonciation :","Referenca odricanja:"
"Base légale : Art. L. 221-28 Code consommation / Art. 16(m) Directive 2011/83/UE.","Pravna osnova: čl. L. 221-28 francuskog Zakona o zaštiti potrošača / čl. 16(m) Direktive 2011/83/EU."
"Bevestiging afstand digitale inhoud — Bestelling %increment_id","Potvrda odricanja za digitalni sadržaj — Narudžba %increment_id"
"Beste %name,","Poštovani/a %name,"
"Dit is de bevestiging op een duurzame gegevensdrager van uw uitdrukkelijke toestemming om te beginnen met de levering van de volgende digitale inhoud, en uw erkenning dat u daardoor uw herroepingsrecht verliest (Art. 6:230s BW).","Ovo je potvrda na trajnom mediju o vašem izričitom pristanku na početak isporuke sljedećeg digitalnog sadržaja te vašoj potvrdi da time gubite pravo na odustajanje (čl. 6:230s nizozemskog Građanskog zakonika)."
"Onder deze afstand vallende digitale items","Digitalne stavke obuhvaćene ovim odricanjem"
"Uw uitdrukkelijke toestemming","Vaš izričit pristanak"
"Toestemming verleend op:","Pristanak dan:"
"Uw erkenning van verlies van herroepingsrecht","Vaša potvrda o gubitku prava na odustajanje"
"Erkend op:","Potvrđeno:"
"Afstandreferentie:","Referenca odricanja:"
"Rechtsgrondslag: Art. 6:230s BW / Art. 16(m) Richtlijn 2011/83/EU.","Pravna osnova: čl. 6:230s nizozemskog Građanskog zakonika / čl. 16(m) Direktive 2011/83/EU."
"[EU Withdrawal] Receipt send failed — request #%request_id","[EU Withdrawal] Slanje potvrde nije uspjelo — zahtjev #%request_id"
"The receipt email for withdrawal request #%request_id has failed to send permanently.","E-poruka s potvrdom za zahtjev za odustajanje #%request_id trajno nije uspjela biti poslana."
"Inspect the <code>mm_eu_withdrawal_request.receipt_last_error</code> column for the last error message, and the <code>mm_eu_withdrawal_request.receipt_send_attempts</code> column for the retry count.","Provjerite stupac <code>mm_eu_withdrawal_request.receipt_last_error</code> za posljednju poruku o pogrešci i stupac <code>mm_eu_withdrawal_request.receipt_send_attempts</code> za broj pokušaja."
"You can requeue the send from the admin grid after resolving the underlying issue.","Slanje možete ponovno staviti u red čekanja iz administratorske rešetke nakon što riješite osnovni problem."
"Your refund is on its way — Withdrawal #%1","Tvoj povrat je na putu — Odustanak #%1"
"Your refund is on its way","Tvoj povrat je na putu"
"Hi %name, we've approved your withdrawal request and started the refund process.","Bok, %name, odobrili smo tvoj zahtjev za odustanak i pokrenuli postupak povrata."
"View refund details","Pogledaj pojedinosti povrata"
"Withdrawal number","Broj odustanka"
"Approved on","Odobreno"
"Estimated arrival","Predviđeni dolazak"
"Status","Status"
"Your refund will be issued to your original payment method within 5–7 business days. You'll see it on your card or bank statement once it lands.","Povrat će biti izvršen na tvoj izvorni način plaćanja u roku od 5–7 radnih dana. Vidjet ćeš ga na izvatku kartice ili bankovnog računa čim sjedne."
"Need help?","Trebaš pomoć?"
"Reply to this email or contact us at","Odgovori na ovaj e-mail ili nas kontaktiraj na"
"Your withdrawal was cancelled — Withdrawal #%1","Tvoj odustanak je otkazan — Odustanak #%1"
"Your withdrawal was cancelled","Tvoj odustanak je otkazan"
"Hi %name, we've cancelled your withdrawal request.","Bok, %name, otkazali smo tvoj zahtjev za odustanak."
"Submit a new request","Pošalji novi zahtjev"
"Cancelled request","Otkazani zahtjev"
"Cancelled on","Otkazano"
"Refund requested","Zatraženi povrat"
"If this was unexpected, you can submit a new withdrawal request as long as your %period_days-day window is still open. Reach out if you need help — we're happy to clarify.","Ako je ovo bilo neočekivano, možeš poslati novi zahtjev za odustanak dok god je tvoj %period_days-dnevni rok otvoren. Javi nam se ako trebaš pomoć — rado ćemo pojasniti."
"Cancellation confirmed — Withdrawal #%1","Otkazivanje potvrđeno — Odustanak #%1"
"Cancellation confirmed","Otkazivanje potvrđeno"
"Hi %name, your withdrawal request has been cancelled as you asked.","Bok, %name, tvoj zahtjev za odustanak je otkazan kako si tražio/la."
"Back to my orders","Natrag na moje narudžbe"
"Cancelled by","Otkazao"
"You","Vi"
"Your order remains active and there's no further action needed. If you change your mind, you can start a new withdrawal request any time within your %period_days-day window.","Tvoja narudžba ostaje aktivna i nije potrebna nikakva daljnja radnja. Ako se predomisliš, novi zahtjev za odustanak možeš pokrenuti bilo kada unutar svog %period_days-dnevnog roka."
"Update on your withdrawal request — Withdrawal #%1","Novosti o tvom zahtjevu za odustanak — Odustanak #%1"
"We can't process this withdrawal","Ne možemo obraditi ovaj odustanak"
"Hi %name, after reviewing your withdrawal request we're unable to approve it.","Bok, %name, nakon pregleda tvog zahtjeva za odustanak ne možemo ga odobriti."
"Request details","Pojedinosti zahtjeva"
"Reviewed on","Pregledano"
"Decision","Odluka"
"Reason from our team","Obrazloženje našeg tima"
"If you'd like to discuss this decision, our team is here to help. Reply to this email or use the button above.","Ako želiš razgovarati o ovoj odluci, naš tim ti stoji na raspolaganju. Odgovori na ovaj e-mail ili koristi gumb iznad."
"Your withdrawal request has been submitted — Order #%1","Tvoj zahtjev za odustanak je poslan — Narudžba #%1"
"Your return request has been submitted","Tvoj zahtjev za povrat je poslan"
"Hi %name, we've received your return request and are currently reviewing it. You'll hear back when we've inspected your return and processed your refund.","Bok, %name, primili smo tvoj zahtjev za povrat i trenutno ga pregledavamo. Javit ćemo ti se nakon što pregledamo povrat i obradimo isplatu."
"Return number","Broj povrata"
"Requested on","Zatraženo"
"We'll inspect your return and notify you once approved. Refunds are issued to your original payment method within 5–7 business days after approval.","Pregledat ćemo tvoj povrat i obavijestiti te nakon odobrenja. Povrati se vraćaju na izvorni način plaćanja u roku od 5–7 radnih dana nakon odobrenja."
"If you have any questions, our customer service team is here to help.","Ako imaš pitanja, naš tim korisničke podrške stoji ti na raspolaganju."
"Visit our help center","Posjeti naš centar za pomoć"
"If you did not initiate this request, contact us immediately at","Ako ti nisi pokrenuo/la ovaj zahtjev, odmah nas kontaktiraj na"
"Withdrawal receipt — Order #%1","Potvrda o odustanku — Narudžba #%1"
"Withdrawal receipt","Potvrda o odustanku"
"Hi %name, this email is your durable-medium proof of withdrawal under Art. 11a Directive 2011/83/EU. Keep it for your records.","Bok, %name, ovaj e-mail je tvoj dokaz o odustanku na trajnom mediju u skladu s čl. 11.a Direktive 2011/83/EU. Sačuvaj ga za svoju evidenciju."
"Submitted on","Podneseno"
"Your %store_name order confirmation","Potvrda vaše narudžbe iz trgovine %store_name"
"%customer_name,","%customer_name,"
"Thank you for your order from %store_name.","Hvala vam na narudžbi iz trgovine %store_name."
"Once your package ships we will send you a tracking number.","Čim vaš paket bude poslan, dostavit ćemo vam broj za praćenje."
"You can check the status of your order by <a href=""%account_url"">logging into your account</a>.","Status narudžbe možete provjeriti tako da se <a href=""%account_url"">prijavite na svoj račun</a>."
"If you have questions about your order, you can email us at <a href=""mailto:%store_email"">%store_email</a>","Ako imate pitanja o svojoj narudžbi, možete nam pisati na <a href=""mailto:%store_email"">%store_email</a>"
"or call us at <a href=""tel:%store_phone"">%store_phone</a>","ili nas nazvati na <a href=""tel:%store_phone"">%store_phone</a>"
"Our hours are <span class=""no-link"">%store_hours</span>.","Naše radno vrijeme je <span class=""no-link"">%store_hours</span>."
"Your Order <span class=""no-link"">#%increment_id</span>","Vaša narudžba <span class=""no-link"">#%increment_id</span>"
"Placed on <span class=""no-link"">%created_at</span>","Naručeno <span class=""no-link"">%created_at</span>"
"Billing Info","Podaci za naplatu"
"Shipping Info","Podaci za dostavu"
"Payment Method","Način plaćanja"
"Shipping Method","Način dostave"
"%name,","%name,"
"Once your package ships we will send an email with a link to track your order.","Čim vaš paket bude poslan, poslat ćemo e-poruku s poveznicom za praćenje narudžbe."
"Your %store_name order has shipped","Vaša narudžba iz trgovine %store_name je poslana"
"Your shipping confirmation is below. Thank you again for your business.","Potvrda dostave nalazi se u nastavku. Još jednom hvala na povjerenju."
"Your Shipment #%shipment_id for Order #%order_id","Vaša pošiljka #%shipment_id za narudžbu #%order_id"
"Your digital content waiver is on file","Tvoje odricanje za digitalni sadržaj je zabilježeno"
"Hi %name, you've consented to immediate digital delivery of the items below — this is your durable-medium copy of that consent (Art. 11a(4) CRD).","Bok, %name, pristao/la si na trenutačnu digitalnu isporuku stavki u nastavku — ovo je tvoj primjerak te suglasnosti na trajnom mediju (čl. 11.a st. 4. Direktive o pravima potrošača)."
"View order","Pogledaj narudžbu"
"Consented at","Suglasnost dana"
"Acknowledged at","Potvrđeno"
"Keep this email as your durable-medium record. The merchant has stored the SHA-256 hash of the legal text you accepted:","Sačuvaj ovaj e-mail kao svoju evidenciju na trajnom mediju. Trgovac je pohranio SHA-256 hash pravnog teksta koji si prihvatio/la:"
"Digital content waiver","Odricanje od prava za digitalni sadržaj"
"We need your explicit consent before you can buy this digital item — please read both points carefully.","Trebamo vaš izričiti pristanak prije nego što možete kupiti ovu digitalnu stavku — molimo pažljivo pročitajte obje točke."
"We log this consent with your IP and timestamp for our audit record.","Bilježimo ovaj pristanak s vašom IP adresom i vremenskom oznakom za naše revizijske evidencije."
"Continue","Nastavi"
"Waiver could not be saved. Please retry.","Odricanje nije moguće spremiti. Pokušajte ponovno."
"Enable for EU Withdrawal Lookup Form","Omogući za obrazac pretrage EU odustajanja"
"MageMe Extensions","MageMe ekstenzije"
"EU Withdrawal","EU pravo odustajanja"
"General","Općenito"
"Enable Module","Omogući modul"
"Activates frontend and cron jobs. Default: disabled. Complete the manual setup checklist before enabling.","Aktivira korisničko sučelje i cron poslove. Zadano: onemogućeno. Prije omogućavanja obavite popis za ručno postavljanje."
"Request Number Prefix","Prefiks broja zahtjeva"
"Optional prefix prepended to the withdrawal request increment ID in customer-facing UI (e.g. ""RR-"" renders as ""RR-000000022""). Leave blank to show the plain padded number.","Neobavezan prefiks koji se dodaje ispred inkrementalnog ID-a zahtjeva za odustajanje u korisničkom sučelju (npr. „RR-” se prikazuje kao „RR-000000022”). Ostavite prazno za prikaz običnog broja s nulama."
"Default Contract Type","Zadana vrsta ugovora"
"Frontend Route","Ruta korisničkog sučelja"
"URL prefix used by the customer-facing withdrawal flow (e.g. <code>withdraw-contract</code> renders as <code>/withdraw-contract/...</code>). Lowercase letters, digits, dashes and underscores only.","URL prefiks koji koristi korisničko sučelje za odustajanje (npr. <code>withdraw-contract</code> prikazuje se kao <code>/withdraw-contract/...</code>)."
"Withdrawal Period","Razdoblje odustajanja"
"Delivery Confirmation Statuses","Statusi potvrde isporuke"
"Pick one or more order statuses whose <em>transition</em> means the customer received the goods in your fulfillment workflow. The 14-day withdrawal window starts on the timestamp of the order's <em>earliest</em> transition into <em>any</em> of the selected statuses (Art. 9(2)(b) Directive 2011/83/EU). Multi-select supports merchants who use several ""delivered""-type statuses (e.g. <code>delivered</code> + <code>complete</code> + <code>delivered_partial</code>). Until the order reaches any of them, the right of withdrawal is open with no fixed deadline.","Odaberite jedan ili više statusa narudžbe čiji <em>prijelaz</em> u vašem tijeku obrade označava da je kupac primio robu. Rok od 14 dana za odustajanje počinje teći od vremenske oznake <em>najranijeg</em> prijelaza narudžbe u <em>bilo koji</em> od odabranih statusa (čl. 9(2)(b) Direktive 2011/83/EU). Višestruki odabir podržava trgovce koji koriste više statusa tipa „isporučeno” (npr. <code>delivered</code> + <code>complete</code> + <code>delivered_partial</code>). Dok narudžba ne dosegne ni jedan od njih, pravo na odustajanje je otvoreno bez fiksnog roka."
"Eligibility Rules (Art. 16 CRD Presets)","Pravila prihvatljivosti (predlošci čl. 16 CRD)"
"Art. 16(c) Custom-Made Goods","Čl. 16(c) Roba izrađena po narudžbi"
"Excludes products made to customer specifications or clearly personalised (e.g. engraved jewellery, made-to-measure clothing). <strong>Requires</strong> product attribute <code>is_custom_made = true</code>. If enabled, orders containing such items cannot be withdrawn — customers will see this when attempting to start withdrawal.","Isključuje proizvode izrađene prema specifikacijama kupca ili jasno personalizirane (npr. nakit s graviranjem, odjeća šivana po mjeri). <strong>Zahtijeva</strong> atribut proizvoda <code>is_custom_made = true</code>. Ako je omogućeno, narudžbe koje sadrže takve stavke nije moguće povući — kupci će to vidjeti pri pokušaju pokretanja odustajanja."
"Art. 16(d) Perishable Goods","Čl. 16(d) Pokvarljiva roba"
"Excludes goods that can deteriorate or expire rapidly (fresh food, cut flowers, short-shelf-life pharmaceuticals). <strong>Requires</strong> product attribute <code>is_perishable = true</code>. Do not enable for all categories — apply it only to truly perishable SKUs, otherwise you will unlawfully deny valid withdrawals.","Isključuje robu koja se brzo kvari ili ima kratak rok trajanja (svježa hrana, rezano cvijeće, lijekovi s kratkim rokom). <strong>Zahtijeva</strong> atribut proizvoda <code>is_perishable = true</code>. Nemojte omogućiti za sve kategorije — primijenite samo na stvarno pokvarljive SKU-ove, inače ćete nezakonito odbiti valjana odustajanja."
"Art. 16(e) Sealed Hygiene / Health","Čl. 16(e) Zapečaćena higijenska / zdravstvena roba"
"Excludes sealed hygiene or health items <strong>only if the seal has been broken after delivery</strong> (cosmetics, intimate apparel, sealed medical supplies). <strong>Requires</strong> product attribute <code>is_sealed_hygiene = true</code>. The exclusion depends on a seal-check at the time of withdrawal (workflow in phase-04) — a sealed, unopened return remains eligible.","Isključuje zapečaćenu higijensku ili zdravstvenu robu <strong>samo ako je pečat oštećen nakon isporuke</strong> (kozmetika, intimni odjevni predmeti, zapečaćena medicinska oprema). <strong>Zahtijeva</strong> atribut proizvoda <code>is_sealed_hygiene = true</code>. Isključenje ovisi o provjeri pečata u trenutku odustajanja (tijek u fazi-04) — zapečaćeni, neotvoreni povrat ostaje prihvatljiv."
"Art. 16(i) Sealed Audio / Video / Software","Čl. 16(i) Zapečaćeni audio / video / softver"
"Excludes sealed audio recordings, video recordings, or sealed computer software <strong>only if the seal has been broken after delivery</strong>. <strong>Requires</strong> product attribute <code>is_sealed_av = true</code>. Same seal-check logic as Art. 16(e). Does not apply to streaming / digital-download content — use Art. 16(m) for those.","Isključuje zapečaćene audiozapise, videozapise ili zapečaćeni računalni softver <strong>samo ako je pečat oštećen nakon isporuke</strong>. <strong>Zahtijeva</strong> atribut proizvoda <code>is_sealed_av = true</code>. Ista logika provjere pečata kao za čl. 16(e). Ne primjenjuje se na streaming / digitalno preuzimanje — za to koristite čl. 16(m)."
"Digital Content (Art. 16(m))","Digitalni sadržaj (čl. 16(m))"
"Detection","Detekcija"
"Enable Digital Content Detection","Omogući detekciju digitalnog sadržaja"
"Master switch for Art. 16(m) digital-content detection. When off, no product is recognised as digital, the checkout waiver step is not required, and the preset always allows withdrawal.","Glavni prekidač za detekciju digitalnog sadržaja prema čl. 16(m). Kada je isključen, nijedan proizvod se ne prepoznaje kao digitalan, korak odricanja na naplati nije potreban, a predložak uvijek dopušta odustajanje."
"Detection Strategies","Strategije detekcije"
"Which product-type heuristics trigger the digital-content waiver gate. Downloadable + virtual are safe defaults; bundle_contains_digital inspects bundle children; custom_attribute reads the EAV flag configured below.","Koje heuristike vrste proizvoda pokreću ulaznu točku odricanja za digitalni sadržaj. Downloadable + virtual su sigurne zadane vrijednosti; bundle_contains_digital pregledava podstavke paketa; custom_attribute čita EAV zastavicu konfiguriranu u nastavku."
"Custom Attribute Code","Šifra prilagođenog atributa"
"EAV attribute code used <strong>only</strong> when <em>Custom attribute flag</em> is picked in <em>Detection strategies</em> above. Default: <code>is_digital_content</code> (boolean attribute, 1 = digital). Ignored otherwise.","EAV šifra atributa koja se koristi <strong>samo</strong> kada je u <em>Strategijama detekcije</em> iznad odabrana <em>Zastavica prilagođenog atributa</em>. Zadano: <code>is_digital_content</code> (boolean atribut, 1 = digitalno). Inače se zanemaruje."
"Checkout Step + Email","Korak naplate + e-pošta"
"Enable Checkout Waiver Step","Omogući korak odricanja na naplati"
"When on, carts that contain a detected digital item render the 2-checkbox waiver step at checkout. Has no effect unless <em>Detection → Enable digital content detection</em> is also on.","Kada je uključeno, košarice koje sadrže prepoznatu digitalnu stavku prikazuju korak odricanja s 2 potvrdna okvira pri naplati. Nema učinka osim ako je <em>Detekcija → Omogući detekciju digitalnog sadržaja</em> također uključeno."
"Merchant BCC Address for Confirmation Emails","Adresa skrivene kopije trgovca za e-poruke s potvrdom"
"Optional. Blind-copies the waiver-confirmation email to a merchant audit address. Leave blank to skip.","Neobavezno. Šalje skrivenu kopiju e-poruke s potvrdom odricanja na trgovčevu revizijsku adresu. Ostavite prazno za preskakanje."
"Mark Virtual-Only Items as Performance-Started on Confirmation","Označi isključivo virtualne stavke kao započete s izvedbom pri potvrdi"
"Virtual products have no download trigger. When on, the waiver confirmation email's dispatch counts as performance-start for virtual-only items.","Virtualni proizvodi nemaju okidač preuzimanja. Kada je uključeno, slanje e-poruke s potvrdom odricanja računa se kao početak izvedbe za isključivo virtualne stavke (granica I-6)."
"Confirmation Email Identity","Identitet pošiljatelja e-pošte s potvrdom"
"Per-Locale Waiver Text Overrides","Zamjene teksta odricanja po jeziku"
"English (en_US)","Engleski (en_US)"
"Consent Text","Tekst pristanka"
"Right-Loss Acknowledgment Text","Tekst potvrde gubitka prava"
"German (de_DE)","Njemački (de_DE)"
"Finnish (fi_FI)","Finski (fi_FI)"
"Dutch (nl_NL)","Nizozemski (nl_NL)"
"French (fr_FR)","Francuski (fr_FR)"
"Italian (it_IT)","Talijanski (it_IT)"
"Spanish (es_ES)","Španjolski (es_ES)"
"Polish (pl_PL)","Poljski (pl_PL)"
"Portuguese (pt_PT)","Portugalski (pt_PT)"
"Danish (da_DK)","Danski (da_DK)"
"Swedish (sv_SE)","Švedski (sv_SE)"
"German — Austria (de_AT)","Njemački — Austrija (de_AT)"
"Swedish — Finland (sv_FI)","Švedski — Finska (sv_FI)"
"Dutch — Belgium (nl_BE)","Nizozemski — Belgija (nl_BE)"
"French — Belgium (fr_BE)","Francuski — Belgija (fr_BE)"
"German — Belgium (de_BE)","Njemački — Belgija (de_BE)"
"French — Luxembourg (fr_LU)","Francuski — Luksemburg (fr_LU)"
"Pre-Contract Information (Art. 6(1)(h))","Predugovorne informacije (čl. 6(1)(h))"
"Enable Pre-Contract Disclosure","Omogući predugovorne informacije"
"Master kill-switch. Disabled = block does not render and no display events are recorded. Disabling exposes the merchant to Art. 10 (12 month + 14 day extended withdrawal period). Default: enabled.","Glavni prekidač za isključivanje. Onemogućeno = blok se ne prikazuje i ne bilježe se događaji prikaza. Onemogućavanje izlaže trgovca čl. 10. (produženi rok za odustajanje od 12 mjeseci + 14 dana). Zadano: omogućeno."
"Withdrawal Period (Days)","Razdoblje odustajanja (dani)"
"Default 14 days per Art. 9(2). Extension allowed (e.g. 30, 100). Reduction below 14 is illegal — the field validates >=14 only when the module is enabled.","Zadano 14 dana sukladno čl. 9(2). Produljenje je dopušteno (npr. 30, 100). Smanjenje ispod 14 je nezakonito — polje provjerava >=14 samo kada je modul omogućen."
"Return Address","Adresa za povrat"
"Where consumers send goods back. Leave empty to fall back to the store address from Stores → Configuration → General → General → Store Information.","Mjesto na koje potrošači šalju robu natrag. Ostavite prazno za korištenje adrese iz Trgovine → Konfiguracija → Općenito → Općenito → Informacije o trgovini."
"Display In Checkout","Prikaz na naplati"
"Annex I Overrides Per Locale","Zamjene Priloga I. po jeziku"
"Bulgarian (bg_BG)","Bugarski (bg_BG)"
"Czech (cs_CZ)","Češki (cs_CZ)"
"Greek (el_GR)","Grčki (el_GR)"
"Estonian (et_EE)","Estonski (et_EE)"
"Croatian (hr_HR)","Hrvatski (hr_HR)"
"Hungarian (hu_HU)","Mađarski (hu_HU)"
"Lithuanian (lt_LT)","Litavski (lt_LT)"
"Latvian (lv_LV)","Latvijski (lv_LV)"
"Romanian (ro_RO)","Rumunjski (ro_RO)"
"Slovak (sk_SK)","Slovački (sk_SK)"
"Slovenian (sl_SI)","Slovenski (sl_SI)"
"Frontend","Korisničko sučelje"
"Buttons","Gumbi"
"Step 1 Button Label","Oznaka gumba 1. koraka"
"Step 2 Button Label (Confirmation)","Oznaka gumba 2. koraka (potvrda)"
"<strong>⚠ Legal warning.</strong> This is the label on the final confirmation button. Default (""Confirm withdrawal"") is counsel-signed. Per-locale translations are counsel-signed. Override only with written legal advice; overrides are audit-logged.","<strong>⚠ Pravno upozorenje.</strong> Ovo je oznaka na gumbu konačne potvrde. Zadana vrijednost („Confirm withdrawal”) potpisana je od odvjetnika. Per-locale translations are counsel-signed. Mijenjajte samo uz pisani pravni savjet; izmjene se bilježe u revizijski dnevnik."
"Placements","Postavljanja"
"Show Footer Link","Prikaži poveznicu u podnožju"
"Show in My Account","Prikaži u „Moj račun“"
"Return Reasons","Razlozi povrata"
"Reasons","Razlozi"
"List of reasons offered to the customer in the per-item dropdown. <strong>Code</strong> is the machine value (lowercase, snake_case, max 32 chars); <strong>Label</strong> is the visible text. Empty grid hides the dropdown entirely.","Popis razloga ponuđenih kupcu u padajućem izborniku po stavci. <strong>Kod</strong> je strojna vrijednost koja se sprema u bazu podataka (mala slova, snake_case, najviše 32 znaka); <strong>Oznaka</strong> je vidljivi tekst. Prazna rešetka u potpunosti skriva padajući izbornik."
"Enable ""Other"" with Free Text","Omogući „Ostalo” sa slobodnim tekstom"
"When enabled, an ""Other"" option appears in the dropdown that reveals a free-text field (max 500 chars).","Kada je omogućeno, u padajućem izborniku pojavljuje se opcija „Ostalo” koja otkriva polje za slobodan tekst (najviše 500 znakova)."
"Review Step","Korak pregleda"
"Return Shipping Notice","Obavijest o slanju povrata"
"Text shown on the Review & Confirm step (step 3). Example: ""You'll receive a prepaid shipping label in the confirmation email."" or ""Return shipping costs are paid by the customer."" Leave blank to hide the row.","Tekst koji se prikazuje na koraku Pregled i potvrda (3. korak). Primjer: „U potvrdnom e-mailu primit ćete unaprijed plaćenu naljepnicu za dostavu.” ili „Troškove dostave povrata snosi kupac.” Ostavite prazno za skrivanje retka."
"Return Policy URL","URL pravila povrata"
"Optional link rendered next to the shipping notice (""View return policy""). Accepts absolute URLs or relative paths like ""return-policy"".","Neobavezna poveznica koja se prikazuje pored obavijesti o dostavi („Pogledaj politiku povrata”). Prihvaća apsolutne URL-ove ili relativne putanje poput „return-policy”."
"Customer Notifications","Obavijesti kupcima"
"All customer-facing emails sent by the module. Each email can be enabled/disabled, assigned a custom template (Marketing → Email Templates), and BCC'd to a merchant address. The shared <em>Branding</em> subgroup at the bottom controls the layout (USP strip, social links) used by every email below.","Sve e-poruke usmjerene prema kupcima koje šalje modul. Svaka se e-poruka može omogućiti/onemogućiti, dodijeliti joj prilagođeni predložak (Marketing → Predlošci e-pošte) i poslati skrivenu kopiju na adresu trgovca. Zajednička podgrupa <em>Brendiranje</em> na dnu kontrolira izgled (USP traku, poveznice društvenih mreža) koji koriste sve e-poruke u nastavku."
"1. Submission Confirmation Email","1. E-pošta s potvrdom podnošenja"
"Enabled","Omogućeno"
"Email Template","Predložak e-pošte"
"BCC Merchant","Skrivena kopija trgovcu"
"Comma-separated. Leave blank to disable.","Odvojeno zarezima. Ostavite prazno za onemogućavanje."
"2. Approval Email","2. E-pošta s odobrenjem"
"3. Denial Email","3. E-pošta s odbijanjem"
"4. Cancellation Email (Admin-Initiated)","4. E-pošta s otkazivanjem (pokrenuto od administratora)"
"5. Cancellation Email (Customer Self-Cancel)","5. E-pošta s otkazivanjem (samostalno od kupca)"
"6. Receipt Email (Durable Medium — Art. 11a(4))","6. E-pošta s potvrdom (trajni medij — čl. 11a(4))"
"Legally required durable-medium confirmation. Cannot be fully disabled (Art. 11a(4) Directive 2011/83/EU). Disabling here only stops the sender — the receipt is still generated and stored.","Zakonski obavezna potvrda na trajnom mediju. Ne može se u potpunosti onemogućiti (čl. 11a(4) Direktive 2011/83/EU). Onemogućavanje ovdje samo zaustavlja slanje — potvrda se i dalje generira i pohranjuje."
"Send Email","Pošalji e-poštu"
"Comma-separated.","Odvojeno zarezima."
"Delivery Retry Attempts","Pokušaji ponovne isporuke"
"Number of delivery attempts before a receipt is flagged as undelivered.","Number of delivery attempts before a receipt is flagged as undelivered."
"DLQ Alert Recipient","Primatelj upozorenja iz DLQ-a"
"Notified when a receipt fails permanently. Falls back to Store Email Addresses → General Contact.","Obavještava se kada potvrda trajno ne uspije. Vraća se na E-mail adrese trgovine → Opći kontakt."
"7. Digital Waiver Confirmation Email (Art. 11a(4))","7. E-pošta s potvrdom digitalnog odricanja (čl. 11a(4))"
"Durable-medium copy of the customer's Art. 16(m) waiver, sent immediately after checkout when a digital item is in cart. Required by Art. 11a(4) Directive 2011/83/EU — keeps a tamper-evident record of the legal text the customer accepted.","Primjerak na trajnom mediju kupčevog odricanja po čl. 16(m), poslan odmah nakon naplate kada se u košarici nalazi digitalna stavka. Zahtijeva se sukladno čl. 11a(4) Direktive 2011/83/EU — čuva evidenciju pravnog teksta koji je kupac prihvatio, otpornu na neovlaštene izmjene, uz SHA-256 hash za provjeru lanca hash-eva."
"Comma-separated. Receives a copy of every confirmation for audit purposes.","Odvojeno zarezima. Prima kopiju svake potvrde u svrhu revizije."
"Branding (Shared by All Emails Above)","Brendiranje (zajedničko za sve gornje e-poruke)"
"Optional decoration of the customer-facing emails. Empty fields hide their respective rows. Brand wordmark, logo, support email, and store address are read from the standard Magento configuration tree (Stores → Configuration → General + Design → Transactional Emails).","Neobavezno uređivanje e-poruka usmjerenih prema kupcima. Prazna polja skrivaju pripadajuće retke. Zaštitni znak, logotip, e-pošta podrške i adresa trgovine čitaju se iz standardnog stabla konfiguracije Magenta (Trgovine → Konfiguracija → Općenito + Dizajn → Transakcijske e-poruke)."
"USP Strip — Item 1","USP traka — stavka 1"
"Icon","Ikona"
"Title","Naslov"
"Subtitle","Podnaslov"
"USP Strip — Item 2","USP traka — stavka 2"
"USP Strip — Item 3","USP traka — stavka 3"
"Social Links","Poveznice društvenih mreža"
"Instagram URL","URL Instagrama"
"X / Twitter URL","URL X / Twittera"
"Facebook URL","URL Facebooka"
"YouTube URL","URL YouTubea"
"Order #","Narudžba #"
"Contract","Ugovor"
"Submitter","Podnositelj"
"Withdrawal submitted","Odustajanje predano"
"Right of Withdrawal — Required Information","Pravo na jednostrani raskid — Obavezne informacije"
"Before placing your order, please review the conditions, time limit, and procedures for exercising your %1-day right of withdrawal. This information forms part of your contract.","Prije nego što pošaljete narudžbu, pregledajte uvjete, rok i postupke za korištenje svog %1-dnevnog prava na jednostrani raskid. Ove informacije čine sastavni dio vašeg ugovora."
"Conditions, Time Limit and Procedures for Withdrawal","Uvjeti, rok i postupci za jednostrani raskid"
"Start Online Return","Pokreni online povrat"
"Download Model Withdrawal Form (Annex I(B))","Preuzmi obrazac za jednostrani raskid (Prilog I(B))"
"Withdrawal Information v%1 — Issued %2","Informacije o jednostranom raskidu v%1 — izdano %2"
"You'll receive a prepaid shipping label in the confirmation email.","U potvrdnom e-mailu primit ćete unaprijed plaćenu naljepnicu za dostavu."
"← Back to order search","← Natrag na pretragu narudžbi"
"← Back to items","← Natrag na stavke"
"Find order","Pronađi narudžbu"
"Enter your order number and email","Unesite broj narudžbe i e-mail"
"Select items","Odaberi stavke"
"Choose items to return (partial withdrawal)","Odaberite stavke za povrat (djelomični jednostrani raskid)"
"Review & confirm","Pregled i potvrda"
"Review your return details and confirm","Pregledajte detalje povrata i potvrdite"
"Request submitted","Zahtjev poslan"
"We'll confirm your request by email","Vaš zahtjev potvrdit ćemo e-mailom"
"I expressly consent to begin performance of the digital content before the withdrawal period expires.","Izričito pristajem na početak izvršavanja digitalnog sadržaja prije isteka roka za jednostrani raskid."
"I acknowledge that by giving this consent I lose my right of withdrawal once performance has begun (Art. 16(m) CRD).","Svjestan sam da ovim pristankom gubim pravo na jednostrani raskid ugovora od trenutka početka izvršavanja (čl. 16. t. m) Direktive 2011/83/EU)."
"Withdrawals","Jednostrani raskidi"
"Minimum %1 characters required.","Potrebno je najmanje %1 znakova."
"Failed to add note.","Dodavanje bilješke nije uspjelo."
"Network error while adding note.","Mrežna pogreška pri dodavanju bilješke."
"Exported Evidence","Izvezeno"
"Pending Confirm","Čeka potvrdu"
"Sent","Poslano"
"Failed Permanent","Trajni neuspjeh"
"Failed Retry","Privremeni neuspjeh"
"Eligible","Prihvatljivo"
"Excluded","Isključeno"
"Action","Akcija"
"From","Iz"
"To","Prema"
"Admin Id","Admin ID"
"Order Id","ID narudžbe"
"Request Id","ID zahtjeva"
"Item Count","Broj artikala"
"Rules Fired","Primijenjena pravila"
"Topic","Tema"
"Message Id","ID poruke"
"Email To Hash","Hash e-pošte"
"Attempts","Pokušaji"
"Viewed At","Pregledano"
"Referrer Host","Upućujući poslužitelj"
"Enable \Other\"" with Free Text""","Omogući „Ostalo“ sa slobodnim tekstom"
"Optional legal template — not required to use; you can also exercise the right of withdrawal by any unequivocal statement.","Neobavezan pravni predložak — njegova upotreba nije obavezna; pravo na odustanak možete ostvariti i bilo kojom jednoznačnom izjavom."
"Right of withdrawal","Pravo na odustajanje"
"You have %1 days from the day you receive your order to withdraw without giving any reason — full refund to your original payment method.","Od dana primitka narudžbe imate %1 dana za odustajanje bez navođenja razloga — puni povrat na izvornu metodu plaćanja."
"Some items may be excluded by law (perishable goods, custom-made items, sealed hygiene or audio/video products). We'll show you exactly what's eligible on the next page.","Neke stavke mogu biti zakonski isključene (pokvarljiva roba, roba izrađena po narudžbi, zapečaćena higijenska ili audio/video roba). Na sljedećoj stranici prikazat ćemo točno što je prihvatljivo."
"Direct link — no login or account password required.","Izravna poveznica — nije potrebna prijava ni lozinka računa."
"Art. 16(m) CRD exclusion — digital content where the customer has (1) given express prior consent to begin performance and (2) acknowledged that they lose the withdrawal right. Two switches: the <em>Detection</em> subgroup decides what counts as digital (master switch), the <em>Checkout step + Email</em> subgroup renders the 2-checkbox waiver UX and dispatches the confirmation email. Both must be ON for the feature to work end-to-end. Use this only for <strong>one-time digital purchases</strong> (ebooks, software installers, music files, games). Do <strong>not</strong> enable it for ongoing digital <strong>subscriptions or services</strong> (SaaS, streaming, hosted software) — EU case law (CJEU Sky, C-641/19) requires a different consent flow for those.","Art. 16(m) CRD exclusion — digital content where the customer has (1) given express prior consent to begin performance and (2) acknowledged that they lose the withdrawal right. Two switches: the <em>Detection</em> subgroup decides what counts as digital (master switch), the <em>Checkout step + Email</em> subgroup renders the 2-checkbox waiver UX and dispatches the confirmation email. Both must be ON for the feature to work end-to-end. Use this only for <strong>one-time digital purchases</strong> (ebooks, software installers, music files, games). Do <strong>not</strong> enable it for ongoing digital <strong>subscriptions or services</strong> (SaaS, streaming, hosted software) — EU case law (CJEU Sky, C-641/19) requires a different consent flow for those."
"Customer-facing UX for the withdrawal flow. Subgroups: <em>Buttons</em> (legal-critical labels), <em>Placements</em> (where to surface the link), <em>Return Reasons</em> (per-item dropdown), <em>Review Step</em> (content on step 3 of the flow).","UX prema kupcu za tok odustajanja. Podgrupe: <em>Gumbi</em> (oznake s pravnom važnošću), <em>Položaji</em> (gdje prikazati poveznicu), <em>Razlozi za povrat</em> (padajući izbornik po stavci), <em>Korak pregleda</em> (sadržaj na 3. koraku toka)."
"Disable only if you deliver the durable-medium confirmation through a different channel.","Onemogućite samo ako potvrdu na trajnom mediju dostavljate drugim kanalom."
"Disable only if you deliver the receipt through a different durable medium (postal mail, customer account download, etc.).","Onemogućite samo ako potvrdu dostavljate drugim trajnim medijem (poštom, preuzimanjem putem korisničkog računa itd.)."
"Empty fields fall through to the locale baseline. Any override value becomes part of the SHA-256 hash stored per consent event — changing a field after customers have consented does <strong>not</strong> retroactively invalidate prior consents.","Prazna polja vraćaju se na baznu vrijednost iz the locale baseline za određenu lokalu/jurisdikciju. Svaka nadjačana vrijednost postaje dio SHA-256 hash-a pohranjenog uz svaki događaj pristanka — promjena polja nakon što su kupci dali pristanak <strong>ne</strong> poništava prethodne pristanke s povratnim učinkom."
"Mandatory pre-contractual disclosure of the right of withdrawal. Displayed on the checkout payment step. Each display is logged forensically (Art. 10 defence). Snapshot of the rendered text is stored immutably (Art. 6(5)). <strong>Counsel review recommended before customising any Annex I text.</strong>","Obvezna predugovorna informacija o pravu na odustajanje. Prikazuje se u koraku plaćanja pri naplati. Svaki prikaz forenzički se bilježi (obrana iz čl. 10). Snimka prikazanog teksta pohranjuje se nepromjenjivo (čl. 6. st. 5.). <strong>Prije bilo kakve prilagodbe teksta Priloga I. preporučuje se pravna provjera.</strong>"
"Off = block hidden but display events still recorded server-side via predispatch fallback. Use only for sandbox testing. Default: on.","Isključeno = blok je skriven, ali se događaji prikaza i dalje bilježe na strani poslužitelja putem predispatch fallbacka. Koristite samo za sandbox testiranje. Zadano: uključeno."
"Optional URLs rendered as round monogram badges in the email footer. Leave blank to hide.","Neobavezne URL adrese prikazane kao okrugle monogramske oznake u podnožju e-pošte. Ostavite prazno za skrivanje."
"Sent when a customer cancels their own pending withdrawal.","Šalje se kada kupac otkaže vlastito odustajanje koje je u tijeku."
"Sent when a customer completes the withdrawal form.","Šalje se kada kupac ispuni obrazac za odustajanje."
"Sent when an admin approves a withdrawal request.","Šalje se kada administrator odobri zahtjev za odustajanje."
"Sent when an admin cancels a withdrawal request on the customer's behalf.","Šalje se kada administrator otkaže zahtjev za odustajanje u ime kupca."
"Sent when an admin denies a withdrawal request.","Šalje se kada administrator odbije zahtjev za odustajanje."
"These presets exclude specific product categories from the 14-day withdrawal right, per Art. 16 CRD. Each rule is OFF by default — enable only after confirming the corresponding product attribute is set correctly on your catalog.","Ovi unaprijed postavljeni profili izuzimaju određene kategorije proizvoda iz 14-dnevnog prava na odustajanje prema čl. 16. Direktive o pravima potrošača. Svako je pravilo prema zadanim postavkama ISKLJUČENO — uključite ga tek nakon što potvrdite da je odgovarajuće svojstvo proizvoda ispravno postavljeno u vašem katalogu."
"e.g. ""EU orders above €50""","npr. „Narudžbe iz EU iznad 50 €“"
"e.g. ""Free delivery""","npr. „Besplatna dostava“"
"Qty: ","Kol.: "
"Submission failed. Please try again.","Slanje nije uspjelo. Pokušajte ponovo."
"Network error. Please try again.","Mrežna greška. Pokušajte ponovo."
"Invalid server response.","Nevažeći odgovor poslužitelja."
"Admin Notifications","Obavijesti za administratora"
"Internal alerts to your team. Independent of the per-email <em>BCC Merchant</em> checkboxes under <em>Customer Notifications</em> below — if you enable both, you will receive two emails per request.","Interne obavijesti vašem timu. Neovisne o potvrdnim okvirima <em>BCC trgovcu</em> u odjeljku <em>Obavijesti za kupce</em> ispod — ako uključite oba, primit ćete dva e-maila po zahtjevu."
"1. New Request Alert","1. Obavijest o novom zahtjevu"
"Sent the moment a customer completes the two-step withdrawal flow.","Šalje se u trenutku kad kupac dovrši postupak odustajanja u dva koraka."
"Recipient Email(s)","E-pošta primatelja"
"BCC","Skrivena kopija"
"New Withdrawal Request","Novi zahtjev za odustajanje"
"A new withdrawal request was just submitted.","Upravo je predan novi zahtjev za odustajanje."
"Request:","Zahtjev:"
"Order:","Narudžba:"
"Customer:","Kupac:"
"Refund Total:","Ukupan povrat:"
"[Withdrawal] New request %request_increment_id · Order #%order_increment_id · %refund_total","[Odustajanje] Novi zahtjev %request_increment_id · Narudžba #%order_increment_id · %refund_total"
"Anonymised","Anonimizirano"
"Audit","Revizija"
"Cancel Order","Otkaži narudžbu"
"Confirmation Email (Art. 11a(4))","E-pošta potvrde (čl. 11a(4))"
"Detection (Art. 16(m))","Otkrivanje (čl. 16(m))"
"Digital Waiver (Art. 16(m))","Digitalno odricanje (čl. 16(m))"
"Email Identity","Identitet pošiljatelja"
"ID","ID"
"Integrity hash","Hash integriteta"
"Pre-Contract Proof","Predugovorni dokaz"
"Verify this receipt","Provjeri ovu potvrdu"
"Withdrawal Window","Rok za odustajanje"
"This SHA-256 hash uniquely identifies your withdrawal record. Verify it at any time using the button above.","Ovaj SHA-256 hash jednoznačno identificira vašu evidenciju odustajanja. Možete ga provjeriti u bilo kojem trenutku gornjim gumbom."
"Digital content waiver confirmation — Order %increment_id","Potvrda odricanja od digitalnog sadržaja — Narudžba %increment_id"
"Comma-separated. Each recipient receives a separate email rendered in their own admin locale (looked up via the admin user's interface_locale; fallback to general/locale/code). Invalid addresses dropped silently.","Odvojeno zarezima. Svaki primatelj prima zaseban e-mail prikazan na vlastitom administrativnom jeziku (kroz interface_locale administratora; pričuva — general/locale/code). Nevažeće adrese tiho se odbacuju."
"Art. 16(m) CRD digital-content detection. Determines what counts as digital content for eligibility purposes. The actual checkout-step waiver UI and email lives in the next section ""Digital Waiver"".","Otkrivanje digitalnog sadržaja prema čl. 16(m) Direktive o pravima potrošača. Određuje što se računa kao digitalni sadržaj za potrebe pravo na odustajanje. Stvarno UI odricanja na blagajni i e-pošta nalaze se u sljedećem odjeljku „Digitalno odricanje“."
"Art. 16(m) CRD exclusion — digital content where the customer has (1) given express prior consent to begin performance and (2) acknowledged that they lose the withdrawal right. Two switches control this feature end-to-end: the <em>Detection</em> subgroup under <em>Eligibility Rules</em> decides what counts as digital (master switch); this section renders the 2-checkbox waiver UX at checkout and dispatches the Art. 11a(4) confirmation email. Both must be ON for the feature to work end-to-end. Per-locale text overrides below. Use this only for <strong>one-time digital purchases</strong> (ebooks, software installers, music files, games). Do <strong>not</strong> enable it for ongoing digital <strong>subscriptions or services</strong> (SaaS, streaming, hosted software) — EU case law (CJEU Sky, C-641/19) requires a different consent flow for those.","Izuzeće prema čl. 16(m) Direktive o pravima potrošača — digitalni sadržaj kod kojeg je kupac (1) dao izričitu prethodnu suglasnost za početak izvršenja i (2) potvrdio gubitak prava na odustajanje. Dva prekidača kontroliraju značajku: podgrupa <em>Otkrivanje</em> u <em>Pravilima prihvatljivosti</em> odlučuje što je digitalno (glavni prekidač); ova sekcija prikazuje UI s 2 potvrdna okvira na blagajni i šalje potvrdni e-mail prema čl. 11a(4). Oba moraju biti UKLJUČENA. Prijevodi teksta po jeziku ispod. Koristite samo za <strong>jednokratne digitalne kupnje</strong> (e-knjige, instalacijski paketi, glazbene datoteke, igre). <strong>Nemojte</strong> aktivirati za kontinuirane digitalne <strong>pretplate ili usluge</strong> (SaaS, streaming, hostani softver) — sudska praksa EU-a (CJEU Sky, C-641/19) zahtijeva drugi postupak suglasnosti."
"Defines <strong>when</strong> the 14-day withdrawal right starts running (the delivery trigger, Art. 9(2)(b)) and <strong>how long</strong> it lasts in days (Art. 9(2)). Together these control the period each order's withdrawal is open.","Definira <strong>kada</strong> započinje 14-dnevno pravo na odustajanje (okidač isporuke, čl. 9(2)(b)) i <strong>koliko</strong> dana traje (čl. 9(2)). Zajedno kontroliraju razdoblje u kojem je odustajanje od svake narudžbe otvoreno."
"Default 14 days per Art. 9(2). Extension allowed (e.g. 30, 100). Reduction below 14 is illegal — the field validates 14-3650 only.","Zadana vrijednost 14 dana prema čl. 9(2). Produljenje dopušteno (npr. 30, 100). Smanjenje ispod 14 je nezakonito — polje validira samo 14-3650."
"When on, carts that contain a detected digital item render the 2-checkbox waiver step at checkout. Has no effect unless <em>Eligibility Rules → Detection → Enable Digital Content Detection</em> is also on.","Kad je uključeno, košarice s otkrivenom digitalnom stavkom prikazuju korak odricanja s 2 potvrdna okvira na blagajni. Nema učinka osim ako je također uključeno <em>Pravila prihvatljivosti → Otkrivanje → Omogući otkrivanje digitalnog sadržaja</em>."
"Optional. Comma-separated. Blind-copies the waiver-confirmation email to a merchant audit address. Leave blank to skip.","Neobavezno. Odvojeno zarezima. Šalje skrivenu kopiju e-pošte potvrde odricanja na trgovčevu adresu za reviziju. Ostavite prazno za preskakanje."
"<strong>⚠ Legal warning.</strong> Art. 11a(2) CRD requires the literal text ""withdraw from contract here"" <em>or a corresponding unambiguous formulation</em>. The default value (""Withdraw from contract here"") is the Directive's verbatim phrase; Per-locale translations are counsel-signed. <strong>Do not override unless you have received written advice from qualified consumer-law counsel in the target jurisdiction.</strong> Every override is recorded in the audit log.","<strong>⚠ Pravno upozorenje.</strong> Čl. 11a(2) Direktive o pravima potrošača zahtijeva doslovan tekst „odustanite od ugovora ovdje“ <em>ili odgovarajuću nedvosmislenu formulaciju</em>. Zadana vrijednost („Odustanite od ugovora ovdje“) je doslovni izraz Direktive; Prijevodi po jeziku potpisani su od strane pravnika. <strong>Nemojte mijenjati osim ako niste dobili pisani savjet od kvalificiranog odvjetnika za pravo zaštite potrošača u ciljanoj jurisdikciji.</strong> Svaka promjena evidentirana je u dnevniku revizije."
"<strong>⚠ Legal warning.</strong> This is the label on the final confirmation button. Default (""Confirm withdrawal"") is counsel-signed; Per-locale translations are counsel-signed. Override only with written legal advice; overrides are audit-logged.","<strong>⚠ Pravno upozorenje.</strong> Ovo je oznaka konačnog gumba potvrde. Zadana vrijednost („Potvrdi odustajanje“) potpisana je od strane pravnika; Prijevodi po jeziku potpisani su od strane pravnika. Mijenjajte samo uz pisani pravni savjet; promjene se evidentiraju u dnevniku revizije."
"Cancel the linked order? No payment has been captured, so there is nothing to refund — the order will be cancelled in Magento.","Otkazati povezanu narudžbu? Nije zabilježeno plaćanje, pa nema što vratiti — narudžba će biti otkazana u Magentu."
"Scope & Applicability","Opseg i primjenjivost"
"Controls in which markets the self-service withdrawal flow is offered. These are merchant business decisions, not legal exclusions — an EU consumer's statutory right of withdrawal does not depend on them, and declarations received by other means (email, letter) must still be honoured manually.","Određuje na kojim se tržištima nudi samoposlužni postupak odustajanja. To su poslovne odluke trgovca, a ne pravna izuzeća — zakonsko pravo potrošača iz EU-a na odustajanje ne ovisi o njima, a odustajanja zaprimljena drugim putem (e-poštom, pismom) i dalje se moraju ručno uvažiti."
"Restrict by Country","Ograniči po državi"
"Offers the self-service withdrawal flow only for orders whose billing <strong>or</strong> shipping address is in the selected countries. <strong>Legal note:</strong> this restricts the storefront flow only — an EU consumer's statutory right of withdrawal does not depend on the address, and withdrawal declarations received by other means (email, letter) must still be honoured manually. Default: disabled.","Nudi samoposlužni postupak odustajanja samo za narudžbe čija je adresa za naplaćivanje <strong>ili</strong> dostavu u odabranim državama. <strong>Pravna napomena:</strong> ovo ograničava samo postupak u trgovini — zakonsko pravo potrošača iz EU-a na odustajanje ne ovisi o adresi, a odustajanja zaprimljena drugim putem (e-poštom, pismom) i dalje se moraju ručno uvažiti. Zadano: isključeno."
"Offer Withdrawal For Countries","Ponudi odustajanje za države"
"Preselected: EU-27 plus EEA (Norway, Iceland, Liechtenstein). Add the United Kingdom manually if you target UK consumers (separate national regime with a comparable 14-day right). If you clear this list, the restriction has no effect and the flow stays available to every customer.","Unaprijed odabrano: EU-27 plus EGP (Norveška, Island, Lihtenštajn). Ručno dodajte Ujedinjeno Kraljevstvo ako ciljate potrošače iz Ujedinjenog Kraljevstva (zaseban nacionalni režim s usporedivim 14-dnevnim pravom). Ako ispraznite ovaj popis, ograničenje nema učinka i postupak ostaje dostupan svim kupcima."
"Restrict by Customer Group","Ograniči prema grupi kupaca"
"Hides the self-service withdrawal flow from orders placed by the selected customer groups (e.g. your B2B / wholesale groups). The right of withdrawal is a consumer right, so this lets you keep it off for business customers. <strong>Legal note:</strong> this restricts the storefront flow only — it does not decide who is legally a consumer, and any withdrawal declaration received by other means must still be honoured manually. Default: disabled.","Hides the self-service withdrawal flow from orders placed by the selected customer groups (e.g. your B2B / wholesale groups). The right of withdrawal is a consumer right, so this lets you keep it off for business customers. <strong>Legal note:</strong> this restricts the storefront flow only — it does not decide who is legally a consumer, and any withdrawal declaration received by other means must still be honoured manually. Default: disabled."
"Exclude Customer Groups","Isključi grupe kupaca"
"Orders placed by any selected group are excluded from the self-service flow. Guests are always treated as consumers and cannot be excluded here. If you clear this list, the restriction has no effect and the flow stays available to every customer.","Orders placed by any selected group are excluded from the self-service flow. Guests are always treated as consumers and cannot be excluded here. If you clear this list, the restriction has no effect and the flow stays available to every customer."
"Custom-made to your specifications","Izrađeno prema vašim specifikacijama"
"Perishable goods","Lako pokvarljiva roba"
"Sealed hygiene item — seal broken","Zapečaćeni higijenski proizvod — pečat je slomljen"
"Sealed audio/video — seal broken","Zapečaćeni audio/video — pečat je slomljen"
"Newspapers, periodicals, magazines","Novine, periodika, časopisi"
"Accommodation / event on specific date","Smještaj / događaj na određeni datum"
"Digital content — right waived at purchase","Digitalni sadržaj — odricanje od prava pri kupnji"
"Withdrawal period has expired","Rok za jednostrani raskid je istekao"
"Already withdrawn in a prior request","Već raskinuto u prethodnom zahtjevu"
"A draft withdrawal is holding this item. Confirm it via the email we sent, or cancel it in the 'Existing withdrawals' section above.","Ovu stavku zadržava skica odustajanja. Potvrdite je putem e-pošte koju smo poslali ili je otkažite u odjeljku „Postojeća odustajanja“ iznad."
"EU withdrawal request %1 was approved.","Zahtjev za odustajanje EU %1 odobren je."
"EU withdrawal request %1 was approved. Refund: %2.","Zahtjev za odustajanje EU %1 odobren je. Povrat: %2."
"EU withdrawal request %1 was denied.","Zahtjev za odustajanje EU %1 odbijen je."
"EU withdrawal request %1 was denied. Reason: %2","Zahtjev za odustajanje EU %1 odbijen je. Razlog: %2"
"EU withdrawal request %1 was cancelled by the customer.","Zahtjev za odustajanje EU %1 otkazao je kupac."
"EU withdrawal request %1 was cancelled by an administrator.","Zahtjev za odustajanje EU %1 otkazao je administrator."
"If Delivery Is Never Confirmed","Ako dostava nikada nije potvrđena"
"When an order is already in a Delivery Confirmation Status but has no recorded transition into it (no delivery timestamp), choose whether its withdrawal stays open or it is treated as not eligible. Default: not eligible.","Kada narudžba već ima status potvrde dostave, ali nema zabilježenog prijelaza u njega (bez datuma dostave), odaberite ostaje li odustajanje otvoreno ili se tretira kao neprihvatljivo. Zadano: neprihvatljivo."
"Statuses Excluded From Withdrawal","Statusi isključeni iz odustajanja"
"Orders whose current status is selected here are never offered for withdrawal (e.g. a legacy migration status such as <code>imported</code>). Do not select a status used by active, deliverable orders — that withholds a valid withdrawal.","Narudžbe čiji je trenutni status ovdje odabran nikada se ne nude za odustajanje (npr. migracijski status poput <code>imported</code>). Nemojte odabrati status koji koriste aktivne, isporučive narudžbe — time biste odbili valjano odustajanje."
"Treat as not eligible","Tretiraj kao neprihvatljivo"
"Keep withdrawal open","Ostavi odustajanje otvorenim"
"Withdrawal not available for this order","Odustajanje nije dostupno za ovu narudžbu"
"This order is not eligible for withdrawal.","Ova narudžba nije prihvatljiva za odustajanje."
"EU withdrawal request %1 submitted.","Zahtjev za odustajanje EU %1 poslan je."
"EU withdrawal request %1 submitted. Requested refund: %2.","Zahtjev za odustajanje EU %1 poslan je. Zatraženi povrat: %2."
"Show more orders","Prikaži više narudžbi"
"Item Selection","Odabir artikala"
"Per item (customer selects items and quantities)","Po artiklu (kupac odabire artikle i količine)"
"Full order (all returnable items, no selection)","Cijela narudžba (svi artikli koji se mogu vratiti, bez odabira)"
"<em>Per item</em>: the customer chooses lines and quantities. <em>Full order</em>: the request always covers all returnable items; items excluded by law (opened seal, expired period) are still removed automatically, and the form shows a note that partial returns can be requested via your contact page.<br/><strong>⚠ Legal warning.</strong> The explanatory materials to the German implementation law expect the withdrawal function to support selecting parts of the order. Consult your counsel before switching to Full order.","<em>Po artiklu</em>: kupac odabire stavke i količine. <em>Cijela narudžba</em>: zahtjev uvijek obuhvaća sve artikle koji se mogu vratiti; artikli isključeni zakonom (otvoreni pečat, istekao rok) i dalje se automatski uklanjaju, a obrazac prikazuje napomenu da se djelomični povrati mogu zatražiti putem vaše kontakt stranice.<br/><strong>⚠ Pravno upozorenje.</strong> Obrazloženja uz njemački provedbeni zakon očekuju da funkcija odustajanja od ugovora podržava odabir dijelova narudžbe. Posavjetujte se sa svojim pravnim savjetnikom prije prelaska na opciju Cijela narudžba."
"This request covers all returnable items of the order.","Ovaj zahtjev obuhvaća sve artikle narudžbe koji se mogu vratiti."
"Contact us for a partial return.","Kontaktirajte nas za djelomični povrat."
"Review the items included in your return.","Pregledajte artikle uključene u vaš povrat."
"Review the items to return","Pregledajte artikle za povrat"
"Self-service withdrawal is not available for this order.","Samostalno odustajanje od ugovora nije dostupno za ovu narudžbu."
"VAT","PDV"
"Of which VAT","Od čega PDV"
"Order Adjustment","Usklađenje narudžbe"
"Bundle Item Selection","Odabir stavki paketa"
"<em>No</em> (default): the bundle is shown as one returnable unit — the customer returns the whole bundle. <em>Yes</em>: the bundle's priced components are shown as separate returnable lines when they can be returned independently (e.g. a device and an accessory sold together). Enable this only for bundles that group independently returnable products; a bundle sold as a single set should remain returnable only as a whole.<br/><strong>Legal note.</strong> Configure this according to how each bundle is offered and contracted; consult your counsel if components should be withdrawable separately.","<em>Ne</em> (zadano): paket se prikazuje kao jedinstvena cjelina za povrat — kupac vraća cijeli paket. <em>Da</em>: komponente paketa s vlastitom cijenom prikazuju se kao zasebne stavke za povrat kada se mogu vratiti neovisno jedna o drugoj (npr. uređaj i dodatak koji se prodaju zajedno). Uključite ovo samo za pakete koji objedinjuju proizvode koji se mogu vratiti neovisno; paket koji se prodaje kao jedinstveni komplet trebao bi ostati mogućim za povrat samo kao cjelina.<br/><strong>Pravna napomena.</strong> Postavite ovo prema tome kako se svaki paket nudi i ugovara; posavjetujte se sa svojim pravnim savjetnikom ako bi se od pojedinih komponenti trebalo moći odustati zasebno."
"Acknowledgment of loss of withdrawal (Art. 16(m)(ii))","Potvrda gubitka prava na odustajanje (Art. 16(m)(ii))"
"Both confirmations are required to proceed. Your consent is recorded with a tamper-evident hash of the legal text shown above.","Obje su potvrde potrebne za nastavak. Vaš se pristanak bilježi s hash-om pravnog teksta prikazanog iznad, otpornim na neovlaštene izmjene."
"Digital Content Delivery — Required Waiver","Isporuka digitalnog sadržaja — obavezno odricanje"
"EU Art. 16(m)","EU Art. 16(m)"
"EU Art. 6(1)(h)","EU Art. 6(1)(h)"
"Express consent (Art. 16(m)(i))","Izričit pristanak (Art. 16(m)(i))"
"I acknowledge that, as a result, I will lose my right of withdrawal once performance has begun.","Potvrđujem da ću zbog toga izgubiti pravo na odustajanje nakon što izvedba započne."
"I expressly request that performance of the digital content begin immediately, before the end of the 14-day withdrawal period.","Izričito zahtijevam da izvedba digitalnog sadržaja započne odmah, prije isteka 14-dnevnog roka za odustajanje."
"The digital-content consent step is temporarily unavailable. Please refresh the page; if the problem persists, contact support — your order cannot be completed until the required consent can be shown.","Korak pristanka za digitalni sadržaj privremeno je nedostupan. Osvježite stranicu; ako se problem nastavi, obratite se podršci — vaša se narudžba ne može dovršiti dok se ne može prikazati potrebni pristanak."
"Your cart contains digital content. To receive it immediately, EU consumer law requires both your express consent to begin performance and your acknowledgment that doing so causes you to lose the right of withdrawal once delivery starts.","Vaša košarica sadrži digitalni sadržaj. Da biste ga primili odmah, potrošačko pravo EU-a zahtijeva i vaš izričit pristanak na početak izvedbe i vašu potvrdu da time gubite pravo na odustajanje čim isporuka započne."
SKU:,SKU:
"Seal photos skipped","Fotografije pečata preskočene"
Submitting…,Slanje…
"That order does not belong to your account. Please select one of your own orders.","Ta narudžba ne pripada vašem računu. Odaberite jednu od svojih narudžbi."
