"View Credit Memo","Jóváírási értesítő megtekintése"
"Issue Credit Memo","Jóváírási értesítő kibocsátása"
"Approve","Jóváhagyás"
"Approve this withdrawal request?","Jóváhagyja ezt az elállási kérelmet?"
"Deny","Elutasítás"
"Legal reason for denial (min 10 chars):","Jogi indok az elutasításhoz (min. 10 karakter):"
"Cancel Request","Kérelem visszavonása"
"Cancel this withdrawal? Add an optional note for the customer (visible in their cancellation email):","Visszavonja ezt az elállást? Hozzáadhat egy opcionális megjegyzést a vásárlónak (a visszavonási e-mailjében jelenik meg):"
"Resend Receipt","Nyugta újraküldése"
"Send the receipt email again? The customer will receive another copy.","Újraküldi a nyugta e-mailt? A vásárló egy újabb példányt fog kapni."
"Withdrawal Request #%1","Elállási kérelem #%1"
"Request Details","Kérelem részletei"
"Information","Információk"
"Reason for Denial","Elutasítás indoka"
"Customer Cancellation Note","Vásárlói visszavonási megjegyzés"
"Cancellation Note","Visszavonási megjegyzés"
"Status-Change Note","Állapotváltozási megjegyzés"
"Code","Kód"
"Label","Címke"
"Add Reason","Indok hozzáadása"
"In progress","Folyamatban"
"Refund issued","Visszatérítés kiállítva"
"Denied","Elutasítva"
"Cancelled","Visszavonva"
"Pending","Függőben"
"This is a transactional email about your order.","Ez egy tranzakciós e-mail a rendelésével kapcsolatban."
"Reason for denial","Elutasítás indoka"
"Your cancellation note","Az Ön visszavonási megjegyzése"
"Note from our team","Üzenet a csapatunktól"
"EU right of withdrawal","EU elállási jog"
"Withdrawal right pending delivery","Elállási jog kézbesítésre vár"
"Withdrawal window has ended","Az elállási határidő lejárt"
"Not eligible for withdrawal","Nem alkalmas elállásra"
"Withdrawal already requested","Elállási kérelem már beküldve"
"You can withdraw from this contract any time — the 14-day deadline begins counting once the order is delivered.","Ettől a szerződéstől bármikor elállhat — a 14 napos határidő a rendelés kézbesítésétől számítva indul."
"Your 14-day withdrawal window will begin once this order is delivered.","A 14 napos elállási határideje a rendelés kézbesítésekor kezdődik."
"The 14-day window for withdrawing from this contract has ended.","A szerződéstől való elállásra rendelkezésre álló 14 napos határidő lejárt."
"This order is not eligible for withdrawal under EU consumer law (Art. 16 Directive 2011/83/EU).","Ez a rendelés az EU fogyasztóvédelmi joga alapján nem jogosult elállásra (16. cikk 2011/83/EU irányelv)."
"A withdrawal request for this order has been submitted. See the request details below.","Erre a rendelésre elállási kérelmet nyújtottak be. A kérelem részleteit lásd alább."
"This order contains a perishable item that cannot be returned (food with short shelf life, fresh flowers, etc.).","Ez a rendelés gyorsan romló terméket tartalmaz, amely nem küldhető vissza (rövid eltarthatóságú élelmiszer, friss virágok stb.)."
"This order contains a custom-made or personalised item that cannot be returned.","Ez a rendelés egyedi gyártású vagy személyre szabott terméket tartalmaz, amely nem küldhető vissza."
"This order contains a sealed hygiene item. You keep the right of withdrawal only while the seal stays intact — once unsealed after delivery, the right is lost.","Ez a rendelés lezárt higiéniai terméket tartalmaz. Az elállási jog csak addig illeti meg, amíg a pecsét sértetlen — a kézbesítés utáni felbontást követően a jog elvész."
"This order contains a sealed audio / video / software item. You keep the right of withdrawal only while the seal stays intact — once unsealed after delivery, the right is lost.","Ez a rendelés lezárt audio / videó / szoftver terméket tartalmaz. Az elállási jog csak addig illeti meg, amíg a pecsét sértetlen — a kézbesítés utáni felbontást követően a jog elvész."
"This order contains digital content. Once you start using or downloading the content, you lose the right of withdrawal (you consented to this at checkout).","Ez a rendelés digitális tartalmat tartalmaz. A tartalom használatának vagy letöltésének megkezdésével elveszíti az elállási jogát (ehhez a pénztárnál hozzájárult)."
"%1 item(s) · Refund %2","%1 tétel · Visszatérítés %2"
"Awaiting confirmation","Megerősítésre vár"
"Cancel withdrawal %1? Your refund will not be processed.","Visszavonja a(z) %1 elállást? A visszatérítés nem kerül feldolgozásra."
"Submitted","Beküldve"
"Approved","Jóváhagyva"
"Fully returned","Teljes egészében visszaküldve"
"Return requested","Visszaküldés kérve"
"Not eligible","Nem alkalmas"
"Partially requested","Részben kérve"
"— Select a reason —","— Válasszon indokot —"
"Other","Egyéb"
"The refund will be issued using your original payment method within 5-7 business days after we receive your return.","A visszatérítés az eredeti fizetési módon történik a visszaküldött termék kézhezvételétől számított 5-7 munkanapon belül."
"Withdrawal right lost (Art. 16(m) CRD) — digital performance started on %1.","Elállási jog elvesztve (16(m) cikk 2011/83/EU irányelv) — a digitális teljesítés megkezdődött ekkor: %1."
"Request #%1 not found.","A(z) #%1 kérelem nem található."
"Receipt email re-queued for request #%1. Delivery will retry asynchronously.","A(z) #%1 kérelem nyugta e-mailje újra sorba állítva. A kézbesítés aszinkron módon újra lesz próbálva."
"Failed to queue receipt resend: %1","Nem sikerült sorba állítani a nyugta újraküldését: %1"
"Note text is empty.","A jegyzet szövege üres."
"Note added to request #%1.","Jegyzet hozzáadva a(z) #%1 kérelemhez."
"Request #%1 approved.","A(z) #%1 kérelem jóváhagyva."
"Request #%1 cancelled.","A(z) #%1 kérelem visszavonva."
"Request #%1 denied.","A(z) #%1 kérelem elutasítva."
"Invalid request id.","Érvénytelen kérelemazonosító."
"Unable to open temporary file for CSV export.","Nem sikerült megnyitni az ideiglenes fájlt a CSV exportáláshoz."
"Withdrawal Requests","Elállási kérelmek"
"%1 requests queued for acceptance.","%1 kérelem sorba állítva elfogadásra."
"%1 request(s) approved.","%1 kérelem jóváhagyva."
"%1 request(s) failed. First errors: %2","%1 kérelem feldolgozása sikertelen. Első hibák: %2"
"Note added to %1 request(s).","Jegyzet hozzáadva %1 kérelemhez."
"Underlying order #%1 not found.","A kapcsolódó #%1 rendelés nem található."
"Order #%1 has no invoice yet — Magento requires an invoice before a credit memo can be created. Open an invoice first (Sales → Orders → #%1 → Invoice button), then return here to refund.","A(z) #%1 rendeléshez még nem tartozik számla — a Magento megköveteli a számla kiállítását a jóváírási értesítő létrehozása előtt. Először állítson ki számlát (Eladások → Rendelések → #%1 → Számla gomb), majd térjen vissza ide a visszatérítéshez."
"No items recorded on this withdrawal request — the credit memo will open with default invoice qtys; please adjust manually.","Ehhez az elállási kérelemhez nincs rögzített tétel — a jóváírási értesítő alapértelmezett számlamennyiségekkel nyílik meg; kérjük, módosítsa kézzel."
"Pre-filled credit memo for withdrawal #%1 — review the qtys + shipping refund below, then click Refund Online or Refund Offline.","Előre kitöltött jóváírási értesítő a(z) #%1 elálláshoz — ellenőrizze az alábbi mennyiségeket és a szállítási díj visszatérítését, majd kattintson az Online visszatérítés vagy Offline visszatérítés gombra."
"Some items are no longer eligible. Please reload and try again.","Néhány tétel már nem jogosult. Kérjük, töltse újra az oldalt, és próbálja újra."
"We could not process your request. Please try again.","Nem tudtuk feldolgozni a kérelmét. Kérjük, próbálja újra."
"Item","Tétel"
"We could not find a matching order for that email.","Nem találtunk megfelelő rendelést ehhez az e-mail címhez."
"Withdraw from a contract","Elállás a szerződéstől"
"Withdrawal not found.","Az elállás nem található."
"This withdrawal can no longer be cancelled online. Contact us if you need help.","Ez az elállás már nem vonható vissza online. Vegye fel velünk a kapcsolatot, ha segítségre van szüksége."
"Withdrawal #%1 cancelled.","A(z) #%1 elállás visszavonva."
"Please fill in all required fields.","Töltse ki az összes kötelező mezőt."
"%1 item(s) were excluded from the withdrawal because the seal is broken (Art. 16(e)/(i) Directive 2011/83/EU).","%1 tétel kizárva az elállásból, mert a pecsét sérült (16(e)/(i) cikk 2011/83/EU irányelv)."
"Please select at least one item to withdraw.","Kérjük, válasszon ki legalább egy elállni kívánt tételt."
"One or more items are no longer available for withdrawal. Please refresh and try again.","Egy vagy több tétel már nem érhető el elállásra. Kérjük, frissítse az oldalt, és próbálja újra."
"None of the selected items are eligible for withdrawal.","A kiválasztott tételek egyike sem jogosult elállásra."
"Hash mismatch for quote item %1","Hash-eltérés a(z) %1 ajánlattételi tételnél"
"Requested qty %1 exceeds remaining %2 for order item %3","A kért %1 mennyiség meghaladja a fennmaradó %2 mennyiséget a(z) %3 rendelési tételnél"
"No delivery confirmation recorded for this order yet.","Ehhez a rendeléshez még nincs rögzített kézbesítési visszaigazolás."
"No eligible items selected for withdrawal","Nincs kiválasztva elállásra jogosult tétel"
"Physical goods","Fizikai termékek"
"Digital content (non-tangible)","Digitális tartalom (nem tárgyiasult)"
"Digital service (SaaS / subscription)","Digitális szolgáltatás (SaaS / előfizetés)"
"Financial services (not supported)","Pénzügyi szolgáltatások (nem támogatott)"
"Downloadable products","Letölthető termékek"
"Virtual products","Virtuális termékek"
"Bundles containing digital children","Digitális altételeket tartalmazó csomagok"
"Custom attribute flag","Egyéni attribútum jelző"
"locale_inheritance.xml missing at %1","locale_inheritance.xml hiányzik itt: %1"
"locale_inheritance.xml unreadable at %1","locale_inheritance.xml nem olvasható itt: %1"
"locale_inheritance.xml failed XSD validation: %1","locale_inheritance.xml XSD validáció sikertelen: %1"
"Original payment method","Eredeti fizetési mód"
"This is your durable-medium receipt for the withdrawal (Art. 11a(4) Directive 2011/83/EU).","Ez az Ön tartós adathordozón rögzített nyugtája az elállásról (11a(4) cikk 2011/83/EU irányelv)."
"This email is a notification about your withdrawal request.","Ez az e-mail értesítés az elállási kérelméről."
"5–7 business days","5–7 munkanap"
"This is a confirmation that your withdrawal request has been recorded.","Ez egy visszaigazolás arról, hogy az elállási kérelmét rögzítettük."
"MageMe EU Withdrawal is installed but not enabled. Review the compliance checklist and configure the module before enabling: <a href=""%1"">Stores → Configuration → MageMe Extensions → EU Withdrawal</a>.","A MageMe EU Withdrawal telepítve van, de nincs engedélyezve. Tekintse át a megfelelőségi ellenőrző listát, és konfigurálja a modult az engedélyezés előtt: <a href=""%1"">Áruházak → Konfiguráció → MageMe bővítmények → EU elállás</a>."
"Delivery confirmation status is not configured. Set Stores → Configuration → MageMe Extensions → EU Withdrawal → Withdrawal Period → Delivery Confirmation Statuses.","A kézbesítés-visszaigazolási státusz nincs konfigurálva. Állítsa be: Áruházak → Konfiguráció → MageMe bővítmények → EU elállás → Elállási időszak → Kézbesítés-visszaigazolási státuszok."
"No Annex I source found for locale %1 along chain %2","Nem található I. melléklet forrás a(z) %1 területi beállításhoz a(z) %2 láncon"
"Annex I source for locale %1 is malformed","A(z) %1 területi beállítás I. melléklet forrása hibás formátumú"
"Missing merchant variables for Annex I rendering: %1","Hiányzó kereskedői változók az I. melléklet megjelenítéséhez: %1"
"Receipt hash mismatch for request %1","Nyugta hash-eltérés a(z) %1 kérelemnél"
"Request %1 not found.","A(z) %1 kérelem nem található."
"Denying a withdrawal request requires a legal basis of at least 10 characters.","Az elállási kérelem elutasításához legalább 10 karakter hosszú jogalap szükséges."
"Withdrawal request cannot transition from ""%1"" to ""%2"".","Az elállási kérelem nem mehet át a következő állapotból „%1” a következőbe „%2”."
"Request %1 is not in pending_confirm state.","A(z) %1 kérelem nincs pending_confirm állapotban."
"Withdrawal request #%1 does not exist.","A(z) #%1 elállási kérelem nem létezik."
"No digital items on order %1","Nincsenek digitális tételek a(z) %1 rendelésen"
"This is your durable-medium copy of the waiver you signed at checkout (Art. 11a(4) Directive 2011/83/EU).","Ez a pénztárnál aláírt hozzájárulásának tartós adathordozón rögzített példánya (11a(4) cikk 2011/83/EU irányelv)."
"Waived","Lemondva"
"Waiver email render failed: %1","Hozzájárulási e-mail megjelenítése sikertelen: %1"
"Digital content waiver text has changed — please reload checkout.","A digitális tartalomra vonatkozó hozzájárulási szöveg megváltozott — kérjük, töltse újra a pénztárt."
"Digital content waiver is incomplete for item %1.","A digitális tartalomra vonatkozó hozzájárulás hiányos a(z) %1 tételnél."
"bad","hibás"
"smtp down","smtp down"
"smtp","smtp"
"down","leállt"
"No shipment found for order 42.","Nem található szállítmány a 42-es rendeléshez."
"View","Megtekintés"
"Withdrawal & Customer Information","Elállási és vásárlói adatok"
"Request # %1","Kérelem # %1"
"Request Status","Kérelem állapota"
"Submitted At","Beküldve"
"Confirmed At","Megerősítve"
"Related Order","Kapcsolódó rendelés"
"Jurisdiction","Joghatóság"
"Contract Type","Szerződés típusa"
"Receipt Status","Nyugta állapota"
"%1 attempt(s)","%1 próbálkozás"
"Receipt Error","Nyugta hiba"
"Customer Information","Vevő adatai"
"Customer Name","Vevő neve"
"Email","E-mail"
"Locale","Nyelv"
"Items Selected for Withdrawal","Elállásra kiválasztott tételek"
"Product","Termék"
"Price","Ár"
"Qty","Menny."
"Subtotal","Részösszeg"
"Refund","Visszatérítés"
"Reason","Indok"
"Eligibility","Jogosultság"
"No items associated with this request.","Nincsenek tételek ehhez a kérelemhez társítva."
"SKU","Cikkszám"
"Ordered","Megrendelve"
"Withdrawing","Visszavonás alatt"
"Refund Total","Visszatérítés összesen"
"Notes for this Request","Jegyzetek ehhez a kérelemhez"
"Internal notes — visible to admin staff only. Not sent to the customer.","Belső jegyzetek — csak az adminisztrátori munkatársak számára láthatók. Nem kerülnek elküldésre a vásárlónak."
"Comment","Megjegyzés"
"Add internal note (max 2000 chars)","Belső jegyzet hozzáadása (max. 2000 karakter)"
"Submit Comment","Megjegyzés beküldése"
"No comments added yet.","Még nincsenek hozzáadott megjegyzések."
" by %1"," %1 által"
"Refund Totals","Visszatérítés összegei"
"Items Subtotal","Tételek részösszege"
"Shipping Refund","Szállítási díj visszatérítése"
"Total Refund","Visszatérítés összesen"
"Changes have been made to this section that have not been saved.","Ezen a szakaszon mentetlen módosítások történtek."
"This tab contains invalid data. Please resolve this before saving.","Ez a fül érvénytelen adatokat tartalmaz. Mentés előtt oldja meg ezt."
"Contact us","Kapcsolat"
"Returns","Visszaküldések"
"FAQs","Gyakran ismételt kérdések"
"All rights reserved.","Minden jog fenntartva."
"Returned items","Visszaküldött tételek"
"No image","Nincs kép"
"Item status","Tétel állapota"
"Withdrawal options for this order","Elállási lehetőségek ehhez a rendeléshez"
"You can return this order until %1.","Ezt a rendelést %1 időpontig küldheti vissza."
"(Art. 11a Directive 2011/83/EU)","(11a. cikk 2011/83/EU irányelv)"
"Submit a withdrawal request to start the refund process.","Nyújtson be elállási kérelmet a visszatérítési folyamat elindításához."
"(Art. 9(2)(b) Directive 2011/83/EU)","(9(2)(b) cikk 2011/83/EU irányelv)"
"Start withdrawal","Elállás megkezdése"
"Your withdrawal requests","Az Ön elállási kérelmei"
"Submitted %1","Beküldve: %1"
"Show items","Tételek megjelenítése"
"Cancel withdrawal","Elállás visszavonása"
"Qty %1","Mennyiség %1"
"Receipt details","Nyugta részletei"
"Receipt number","Nyugta száma"
"Order number","Rendelésszám"
"Confirmed","Megerősítve"
"Consumer","Fogyasztó"
"Refund total","Visszatérítés végösszege"
"Merchant","Kereskedő"
"Legal basis","Jogalap"
"SKU %1","Cikkszám %1"
"Shipping refund","Szállítási díj visszatérítés"
"Tax refund","Adó visszatérítés"
"Total refund","Teljes visszatérítés"
"Digital content — Art. 16(m) notice","Digitális tartalom — 16(m) cikk tájékoztató"
"By placing the order you agreed to begin performance of the digital content before the end of the withdrawal period and acknowledged that, once performance has begun, the right of withdrawal no longer applies. This notice is shown for your records.","A megrendelés leadásával hozzájárult a digitális tartalom teljesítésének az elállási időszak vége előtti megkezdéséhez, és tudomásul vette, hogy a teljesítés megkezdését követően az elállási jog már nem érvényesül. Ezt a tájékoztatást saját nyilvántartásához mutatjuk."
"Existing withdrawals for this order","Meglévő elállások ehhez a rendeléshez"
"You can cancel a withdrawal here until it is approved.","Az elállást itt visszavonhatja, amíg nem hagyják jóvá."
"Request #%1","Kérelem #%1"
"SKU: %1","Cikkszám: %1"
"Estimated refund: %1 %2","Becsült visszatérítés: %1 %2"
"Cancel this withdrawal","Az elállás visszavonása"
"Are you sure? This cannot be undone.","Biztos benne? A művelet nem visszavonható."
"Yes, cancel","Igen, vissza"
"Keep it","Megtartás"
"Select items to return","Válassza ki a visszaküldendő tételeket"
"Choose all items or only some of them. Set the return quantity for each item you want to withdraw.","Válassza ki az összes vagy csak néhány tételt. Állítsa be a visszaküldési mennyiséget minden tételhez, amelytől el szeretne állni."
"You have 14 days from the day you received your order to withdraw from the contract without giving a reason.","A megrendelés átvételétől számított 14 napon belül indoklás nélkül elállhat a szerződéstől."
"Back to order search","Vissza a rendelés kereséshez"
"Cancel","Mégse"
"Continue to review","Tovább az áttekintéshez"
"Review and confirm","Áttekintés és megerősítés"
"Order #%1","Rendelés #%1"
"Placed on %1","Leadva: %1"
"Awaiting delivery","Kézbesítésre vár"
"Delivered on %1","Kézbesítve: %1"
"Total","Összesen"
"Return shipping","Visszaküldési szállítás"
"View return policy","Visszaküldési feltételek"
"Refund method","Visszatérítés módja"
"Refund will be issued to your original payment method.","A visszatérítés az eredeti fizetési módra történik."
"Return summary","Visszaküldés összefoglalója"
"Shipping & Handling","Szállítás és kezelés"
"Tax","Adó"
"Back to items","Vissza a tételekhez"
"Submit return request","Visszaküldési kérelem elküldése"
"Your return request has been submitted!","Visszaküldési kérelmét beküldtük!"
"We've emailed you a notification with your return details and a prepaid return label (if applicable). You have 14 days from the delivery date to send your items back.","E-mailben elküldtük Önnek a visszaküldési részleteket és (ha alkalmazandó) az előre kifizetett visszaküldési címkét. A kézbesítés napjától számítva 14 napja van a tételek visszaküldésére."
"Return request number","Visszaküldési kérelem száma"
"Copy request number","Kérelem számának másolása"
"Copied!","Másolva!"
"Confirmation email sent","Megerősítő e-mail elküldve"
"We've sent the details to","A részleteket elküldtük ide:"
"What happens next?","Mi történik ezután?"
"Pack your items securely","Csomagolja be a tételeit biztonságosan"
"Send them back using the provided instructions","Küldje vissza őket a megadott utasítások szerint"
"We'll inspect your return","Ellenőrizzük a visszaküldését"
"Your refund will be issued to your original payment method","A visszatérítés az eredeti fizetési módjára kerül kiállításra"
"Need more help?","További segítségre van szüksége?"
"View my returns","Visszaküldéseim megtekintése"
"Contact support","Ügyfélszolgálat elérése"
"Purchased","Vásárolt"
"Returned","Visszaküldött"
"Decrease quantity","Mennyiség csökkentése"
"Increase quantity","Mennyiség növelése"
"Is the hygiene seal still intact?","Még sértetlen a higiéniai pecsét?"
"Is the original software / media seal still intact?","Még sértetlen az eredeti szoftver / média pecsét?"
"Yes — it's still sealed","Igen — még le van zárva"
"Refund possible — return the unopened package.","Visszatérítés lehetséges — küldje vissza a felbontatlan csomagot."
"No — I've opened it","Nem — már felbontottam"
"This item cannot be returned (Art. 16(e) Directive 2011/83/EU).","Ez a tétel nem küldhető vissza (16(e) cikk 2011/83/EU irányelv)."
"This item cannot be returned (Art. 16(i) Directive 2011/83/EU).","Ez a tétel nem küldhető vissza (16(i) cikk 2011/83/EU irányelv)."
"Once you confirm the seal is broken, this item is excluded from the withdrawal request and the quantity will be reset to zero.","Amint megerősíti, hogy a pecsét sérült, ez a tétel kizárásra kerül az elállási kérelemből, és a mennyiség nullára áll vissza."
"Reason for return (optional)","Visszaküldés oka (opcionális)"
"Tell us more (optional, max 500 chars)","Mondjon el többet (opcionális, max. 500 karakter)"
"Already returned.","Már visszaküldve."
"awaiting admin review","adminisztrátori felülvizsgálatra vár"
"awaiting confirmation","megerősítésre vár"
"Request %1 %2 (%3 item%4).","Kérelem %1 %2 (%3 tétel%4)."
"Return request awaiting review.","Visszaküldési kérelem felülvizsgálatra vár."
"Cancel request","Kérelem visszavonása"
"Under EU consumer law, you may withdraw from most contracts within 14 days without giving a reason.","Az EU fogyasztóvédelmi joga alapján a legtöbb szerződéstől 14 napon belül indoklás nélkül elállhat."
"Read your full pre-contract rights (Art. 6)","Olvassa el a teljes szerződéskötés előtti jogait (6. cikk)"
"Under Art. 6 of Directive 2011/83/EU (as amended by Directive (EU) 2023/2673), before you placed this order the seller informed you — or made available — the following information:","A 2011/83/EU irányelv 6. cikke (az (EU) 2023/2673 irányelvvel módosítva) alapján a rendelés leadása előtt az eladó tájékoztatta Önt — vagy hozzáférhetővé tette — az alábbi információkat:"
"The main characteristics of the goods or services.","A termékek vagy szolgáltatások fő jellemzői."
"The identity and contact details of the trader.","A kereskedő azonosító adatai és elérhetőségei."
"The total price including all taxes and any delivery costs.","A teljes ár az összes adóval és bármilyen kézbesítési költséggel együtt."
"The arrangements for payment, delivery and performance, and complaint-handling.","A fizetés, kézbesítés és teljesítés, valamint a panaszkezelés feltételei."
"Your right of withdrawal: under Art. 9 you have 14 days to withdraw from this distance contract without giving a reason. For physical goods, the 14-day period starts on the day you (or a third party nominated by you) take physical possession of the goods. For services and digital content, different starting dates apply (Art. 9(2)(a)/(c)).","Elállási joga: a 9. cikk alapján 14 napja van indoklás nélkül elállni ettől a távollévők közötti szerződéstől. Fizikai termékek esetén a 14 napos időszak azon a napon kezdődik, amikor Ön (vagy az Ön által megnevezett harmadik fél) a termékeket fizikailag birtokba veszi. Szolgáltatások és digitális tartalom esetén eltérő kezdődátumok alkalmazandók (9(2)(a)/(c) cikk)."
"Exceptions: the right does not apply to certain goods and services listed in Art. 16 (e.g., custom-made goods, sealed hygiene items once unsealed, digital content whose performance has begun with your prior express consent and acknowledgement that you lose the withdrawal right).","Kivételek: a jog nem alkalmazandó a 16. cikkben felsorolt egyes termékekre és szolgáltatásokra (pl. egyedi gyártású termékek, lezárt higiéniai termékek a felbontást követően, digitális tartalom, amelynek teljesítése az Ön előzetes kifejezett hozzájárulásával és az elállási jog elvesztésének tudomásulvételével megkezdődött)."
"The legal guarantee of conformity for goods applies under Art. 5 of Directive 2019/771, in addition to the right of withdrawal.","A termékek megfelelőségére vonatkozó jótállás a 2019/771 irányelv 5. cikke alapján alkalmazandó, az elállási jogon felül."
"Delivery: %1","Kézbesítés: %1"
"Total paid","Összesen fizetett"
"Pick an order to withdraw from","Válasszon rendelést, amelytől elállna"
"Select a recent order to start your withdrawal.","Válasszon egy közelmúltbeli rendelést az elállás megkezdéséhez."
"Select","Kiválasztás"
"Withdrawal progress","Elállás előrehaladása"
"title","cím"
"subtitle","alcím"
"Items to return","Visszaküldendő tételek"
"0 items","0 tétel"
"Refund summary","Visszatérítés összefoglalója"
"No items in this order are currently eligible for withdrawal.","Ennek a rendelésnek egyetlen tétele sem jogosult jelenleg elállásra."
"Each line is either already being processed, pending confirmation, or has been fully withdrawn. Check the existing requests section above for status or to cancel.","Minden tétel vagy már feldolgozás alatt áll, megerősítésre vár, vagy teljesen visszavonásra került. Az állapot megtekintéséhez vagy visszavonáshoz tekintse meg a fenti meglévő kérelmek szakaszt."
"No items selected yet. Use the + button next to an item to add it to your return.","Még nincs kiválasztva tétel. Használja a tétel melletti + gombot a visszaküldéshez való hozzáadáshoz."
"Find your order","Keresse meg rendelését"
"Enter the details you used during checkout to start a return or withdrawal.","Adja meg a fizetéskor használt adatokat a visszaküldés vagy elállás megkezdéséhez."
"We could not find an order matching that email. Double-check your order number and email address.","Nem találtunk az e-mail címhez tartozó rendelést. Ellenőrizze újra a rendelésszámot és az e-mail címet."
"e.g. 12345","pl. 12345"
"You can find this in your order confirmation email.","Ezt a megrendelés-visszaigazoló e-mailben találja."
"Email address","E-mail cím"
"you@example.com","you@example.com"
"Must match the email used for the order.","Egyeznie kell a rendeléskor használt e-mail címmel."
"Find my order","Rendelésem keresése"
"You have the right to withdraw from your purchase within 14 days of receiving your order, without giving any reason.","A megrendelés átvételétől számított 14 napon belül indoklás nélkül elállhat vásárlásától."
"Need help finding your order?","Segítségre van szüksége a rendelés megtalálásához?"
"Select an order","Válasszon rendelést"
"Choose an order from your history to start a return or withdrawal.","Válasszon egy rendelést az előzményeiből visszaküldés vagy elállás megkezdéséhez."
"You don't have any orders eligible for withdrawal. The 14-day withdrawal window runs from the day you received your order.","Nincs olyan rendelése, amely jogosult lenne elállásra. A 14 napos elállási határidő a rendelés átvételének napjától számítódik."
"View all my orders","Minden rendelésem megtekintése"
"items","tétel"
"Select order","Rendelés kiválasztása"
"No recent withdrawal","Nincs közelmúltbeli elállás"
"We could not find a recent withdrawal in this session. If you have just submitted one, please check your inbox for the confirmation email.","Nem találtunk közelmúltbeli elállást ebben a munkamenetben. Ha most küldött be egyet, kérjük, ellenőrizze a beérkező leveleket a megerősítő e-mailért."
"Start a new withdrawal","Új elállás indítása"
"Withdrawal #%1 submitted","Elállás #%1 beküldve"
"Related order:","Kapcsolódó rendelés:"
"Items","Tételek"
"Items included in this withdrawal","Az elállásban szereplő tételek"
"Line Total","Tétel összesen"
"What happens next","Mi a következő lépés"
"You will receive a receipt email with the full withdrawal statement and integrity hash within a few minutes.","Néhány percen belül kap egy nyugta e-mailt a teljes elállási nyilatkozattal és integritási hash-sel."
"The 14-day window under Art. 9 CRD is locked to the moment you confirmed the withdrawal — nothing further is required from you to preserve the right.","A 2011/83/EU irányelv 9. cikke szerinti 14 napos határidő rögzítésre kerül az elállás megerősítésének pillanatához — a jog megőrzéséhez semmilyen további lépésre nincs szüksége."
"The final refund is determined after we receive the returned items (Art. 14(2)) and is issued to the original payment method. Expect the funds within 14 days of receipt.","A végleges visszatérítés a visszaküldött tételek kézhezvétele után kerül meghatározásra (14(2) cikk), és az eredeti fizetési módra történik. Az összeget a kézhezvételtől számított 14 napon belül kapja meg."
"Back to Withdrawals","Vissza az elállásokhoz"
"Verzichtsbestätigung digitaler Inhalte — Bestellung %increment_id","Digitális tartalomra vonatkozó hozzájárulás megerősítése — %increment_id rendelés"
"Sehr geehrte/r %name,","Tisztelt %name,"
"Dies ist die Bestätigung auf einem dauerhaften Datenträger Ihrer ausdrücklichen Einwilligung zum Beginn der Ausführung folgender digitaler Inhalte sowie Ihrer Bestätigung, dass Sie dadurch Ihr Widerrufsrecht verlieren (Art. 16(m) VRL).","Ez a tartós adathordozón rögzített megerősítése az Ön kifejezett hozzájárulásának a következő digitális tartalmak teljesítésének megkezdéséhez, valamint annak tudomásulvételéhez, hogy ezáltal elveszíti az elállási jogát (16(m) cikk 2011/83/EU irányelv)."
"Durch den Verzicht abgedeckte digitale Inhalte","A hozzájárulás által érintett digitális tartalmak"
"Ihre ausdrückliche Einwilligung","Az Ön kifejezett hozzájárulása"
"Eingewilligt am:","Hozzájárulás dátuma:"
"Ihre Bestätigung zum Verlust des Widerrufsrechts","Az Ön megerősítése az elállási jog elvesztéséről"
"Bestätigt am:","Megerősítve:"
"Verzichtsreferenz:","Hozzájárulás hivatkozási száma:"
"Rechtsgrundlage: Art. 16(m) Verbraucherrechterichtlinie 2011/83/EU.","Jogalap: a 2011/83/EU fogyasztói jogi irányelv 16(m) cikke."
"Digital content waiver confirmation — Order %1","Digitális tartalom hozzájárulás megerősítése — Rendelés %1"
"Dear %name,","Tisztelt %name,"
"This is the durable-medium confirmation of your express consent to begin performance of the following digital items, and your acknowledgment that by doing so you lose your right of withdrawal (Art. 16(m) CRD).","Ez a tartós adathordozón rögzített megerősítése az Ön kifejezett hozzájárulásának a következő digitális tételek teljesítésének megkezdéséhez, valamint annak tudomásulvételéhez, hogy ezáltal elveszíti az elállási jogát (16(m) cikk 2011/83/EU irányelv)."
"Digital items covered by this waiver","A hozzájárulás által érintett digitális tételek"
"Your express consent","Kifejezett hozzájárulásod"
"Consented at:","Hozzájárulás időpontja:"
"Your acknowledgment of loss of withdrawal right","Az elállási jog elvesztésének tudomásulvétele"
"Acknowledged at:","Tudomásul véve:"
"Waiver reference:","Hozzájárulás hivatkozási száma:"
"Legal basis: Art. 16(m) Consumer Rights Directive 2011/83/EU.","Jogalap: a fogyasztók jogairól szóló 2011/83/EU irányelv 16. cikk m) pontja."
"Digitaalisen sisällön luopumisvahvistus — Tilaus %increment_id","Digitális tartalomra vonatkozó hozzájárulás megerősítése — %increment_id rendelés"
"Hyvä %name,","Tisztelt %name,"
"Tämä on pysyvällä tietovälineellä annettu vahvistus nimenomaisesta suostumuksestasi aloittaa seuraavien digitaalisten sisältöjen toimitus sekä vahvistuksestasi, että menetät peruuttamisoikeutesi (KSL 6:16).","Ez a tartós adathordozón rögzített megerősítése az Ön kifejezett hozzájárulásának a következő digitális tartalmak teljesítésének megkezdéséhez, valamint annak tudomásulvételéhez, hogy ezáltal elveszíti az elállási jogát (16(m) cikk 2011/83/EU irányelv)."
"Luopumisen kattamat digitaaliset sisällöt","A hozzájárulás által érintett digitális tartalmak"
"Nimenomainen suostumuksesi","Az Ön kifejezett hozzájárulása"
"Suostuttu:","Hozzájárulás dátuma:"
"Vahvistuksesi peruuttamisoikeuden menettämisestä","Az Ön megerősítése az elállási jog elvesztéséről"
"Vahvistettu:","Megerősítve:"
"Luopumisen viite:","Hozzájárulás hivatkozási száma:"
"Oikeusperusta: KSL 6:16 / Art. 16(m) kuluttajanoikeusdirektiivi 2011/83/EU.","Jogalap: a 2011/83/EU fogyasztói jogi irányelv 16(m) cikke."
"Confirmation de renonciation au contenu numérique — Commande %increment_id","Digitális tartalomra vonatkozó hozzájárulás megerősítése — %increment_id rendelés"
"Cher/Chère %name,","Tisztelt %name,"
"Ceci est la confirmation sur un support durable de votre consentement exprès à commencer l'exécution des contenus numériques suivants, et de votre reconnaissance que vous perdez ainsi votre droit de rétractation (Art. L. 221-28 Code consommation).","Ez a tartós adathordozón rögzített megerősítése az Ön kifejezett hozzájárulásának a következő digitális tartalmak teljesítésének megkezdéséhez, valamint annak tudomásulvételéhez, hogy ezáltal elveszíti az elállási jogát (a francia fogyasztói törvénykönyv L. 221-28. cikke)."
"Contenus numériques couverts par la présente renonciation","A jelen hozzájárulás által érintett digitális tartalmak"
"Votre consentement exprès","Az Ön kifejezett hozzájárulása"
"Consenti le :","Hozzájárulás dátuma:"
"Votre reconnaissance de la perte du droit de rétractation","Az Ön megerősítése az elállási jog elvesztéséről"
"Reconnu le :","Tudomásul véve:"
"Référence de renonciation :","Hozzájárulás hivatkozási száma:"
"Base légale : Art. L. 221-28 Code consommation / Art. 16(m) Directive 2011/83/UE.","Jogalap: a francia fogyasztói törvénykönyv L. 221-28. cikke / a 2011/83/EU irányelv 16(m) cikke."
"Bevestiging afstand digitale inhoud — Bestelling %increment_id","Digitális tartalomra vonatkozó hozzájárulás megerősítése — %increment_id rendelés"
"Beste %name,","Tisztelt %name,"
"Dit is de bevestiging op een duurzame gegevensdrager van uw uitdrukkelijke toestemming om te beginnen met de levering van de volgende digitale inhoud, en uw erkenning dat u daardoor uw herroepingsrecht verliest (Art. 6:230s BW).","Ez a tartós adathordozón rögzített megerősítése az Ön kifejezett hozzájárulásának a következő digitális tartalmak szállításának megkezdéséhez, valamint annak tudomásulvételéhez, hogy ezáltal elveszíti az elállási jogát (a holland polgári törvénykönyv 6:230s. cikke)."
"Onder deze afstand vallende digitale items","A jelen hozzájárulás által érintett digitális tételek"
"Uw uitdrukkelijke toestemming","Az Ön kifejezett hozzájárulása"
"Toestemming verleend op:","Hozzájárulás dátuma:"
"Uw erkenning van verlies van herroepingsrecht","Az Ön megerősítése az elállási jog elvesztéséről"
"Erkend op:","Tudomásul véve:"
"Afstandreferentie:","Hozzájárulás hivatkozási száma:"
"Rechtsgrondslag: Art. 6:230s BW / Art. 16(m) Richtlijn 2011/83/EU.","Jogalap: a holland polgári törvénykönyv 6:230s. cikke / a 2011/83/EU irányelv 16(m) cikke."
"[EU Withdrawal] Receipt send failed — request #%request_id","[EU elállás] Nyugta küldése sikertelen — #%request_id kérelem"
"The receipt email for withdrawal request #%request_id has failed to send permanently.","A(z) #%request_id elállási kérelem nyugta e-mailjének küldése véglegesen sikertelen volt."
"Inspect the <code>mm_eu_withdrawal_request.receipt_last_error</code> column for the last error message, and the <code>mm_eu_withdrawal_request.receipt_send_attempts</code> column for the retry count.","Ellenőrizze a(z) <code>mm_eu_withdrawal_request.receipt_last_error</code> oszlopot az utolsó hibaüzenetért, és a(z) <code>mm_eu_withdrawal_request.receipt_send_attempts</code> oszlopot az újrapróbálkozások számáért."
"You can requeue the send from the admin grid after resolving the underlying issue.","Az alapul szolgáló probléma megoldása után az admin listanézetből újra sorba állíthatja a küldést."
"Your refund is on its way — Withdrawal #%1","Visszatérítésed úton van — Elállás #%1"
"Your refund is on its way","Visszatérítésed úton van"
"Hi %name, we've approved your withdrawal request and started the refund process.","Szia %name, jóváhagytuk az elállási kérelmedet, és elindítottuk a visszatérítési folyamatot."
"View refund details","Visszatérítés részletei"
"Withdrawal number","Elállás azonosítója"
"Approved on","Jóváhagyva"
"Estimated arrival","Várható megérkezés"
"Status","Állapot"
"Your refund will be issued to your original payment method within 5–7 business days. You'll see it on your card or bank statement once it lands.","A visszatérítés 5–7 munkanapon belül megérkezik az eredeti fizetési módodra. Amint megérkezik, látni fogod a kártya- vagy banki kivonatodon."
"Need help?","Segítségre van szükséged?"
"Reply to this email or contact us at","Válaszolj erre az e-mailre, vagy lépj velünk kapcsolatba az alábbi címen"
"Your withdrawal was cancelled — Withdrawal #%1","Elállásodat visszavontuk — Elállás #%1"
"Your withdrawal was cancelled","Elállásodat visszavontuk"
"Hi %name, we've cancelled your withdrawal request.","Szia %name, visszavontuk az elállási kérelmedet."
"Submit a new request","Új kérelem beadása"
"Cancelled request","Visszavont kérelem"
"Cancelled on","Visszavonva"
"Refund requested","Igényelt visszatérítés"
"If this was unexpected, you can submit a new withdrawal request as long as your 14-day window is still open. Reach out if you need help — we're happy to clarify.","Ha ez váratlanul ért, új elállási kérelmet adhatsz be, amíg a 14 napos határidő nyitva van. Szólj, ha segítségre van szükséged — szívesen segítünk tisztázni a helyzetet."
"Cancellation confirmed — Withdrawal #%1","Visszavonás megerősítve — Elállás #%1"
"Cancellation confirmed","Visszavonás megerősítve"
"Hi %name, your withdrawal request has been cancelled as you asked.","Szia %name, az elállási kérelmedet kérésednek megfelelően visszavontuk."
"Back to my orders","Vissza a rendeléseimhez"
"Cancelled by","Visszavonta"
"You","Ön"
"Your order remains active and there's no further action needed. If you change your mind, you can start a new withdrawal request any time within your 14-day window.","A rendelésed továbbra is aktív, és nincs szükség további lépésre. Ha meggondolnád magad, a 14 napos határidőn belül bármikor indíthatsz új elállási kérelmet."
"Update on your withdrawal request — Withdrawal #%1","Frissítés az elállási kérelmedről — Elállás #%1"
"We can't process this withdrawal","Ezt az elállást nem tudjuk feldolgozni"
"Hi %name, after reviewing your withdrawal request we're unable to approve it.","Szia %name, az elállási kérelmed felülvizsgálata után sajnos nem tudjuk jóváhagyni."
"Request details","Kérelem részletei"
"Reviewed on","Felülvizsgálva"
"Decision","Döntés"
"Reason from our team","Indoklás a csapatunktól"
"If you'd like to discuss this decision, our team is here to help. Reply to this email or use the button above.","Ha szeretnéd megbeszélni ezt a döntést, csapatunk segít. Válaszolj erre az e-mailre, vagy használd a fenti gombot."
"Your withdrawal request has been submitted — Order #%1","Elállási kérelmed beérkezett — Rendelés #%1"
"Your return request has been submitted","Visszaküldési kérelmed beérkezett"
"Hi %name, we've received your return request and are currently reviewing it. You'll hear back when we've inspected your return and processed your refund.","Szia %name, megkaptuk a visszaküldési kérelmedet, és jelenleg vizsgáljuk. Jelentkezünk, amint ellenőriztük a visszaküldést, és feldolgoztuk a visszatérítést."
"Return number","Visszaküldés azonosítója"
"Requested on","Beadva"
"We'll inspect your return and notify you once approved. Refunds are issued to your original payment method within 5–7 business days after approval.","Ellenőrizzük a visszaküldést, és a jóváhagyást követően értesítünk. A visszatérítések a jóváhagyástól számított 5–7 munkanapon belül érkeznek meg az eredeti fizetési módodra."
"If you have any questions, our customer service team is here to help.","Ha bármilyen kérdésed van, ügyfélszolgálati csapatunk készen áll, hogy segítsen."
"Visit our help center","Keresd fel a súgóközpontunkat"
"If you did not initiate this request, contact us immediately at","Ha nem te indítottad ezt a kérelmet, azonnal lépj velünk kapcsolatba az alábbi címen"
"Withdrawal receipt — Order #%1","Elállási nyugta — Rendelés #%1"
"Withdrawal receipt","Elállási nyugta"
"Hi %name, this email is your durable-medium proof of withdrawal under Art. 11a Directive 2011/83/EU. Keep it for your records.","Szia %name, ez az e-mail az elállási nyilatkozatod tartós adathordozón rögzített igazolása a 2011/83/EU irányelv 11a. cikke alapján. Őrizd meg a saját nyilvántartásodhoz."
"Submitted on","Beküldve"
"Your %store_name order confirmation","Az Ön %store_name rendelésének visszaigazolása"
"%customer_name,","%customer_name,"
"Thank you for your order from %store_name.","Köszönjük a rendelését a %store_name áruháztól."
"Once your package ships we will send you a tracking number.","Amint a csomagját elküldjük, küldünk Önnek egy nyomkövetési számot."
"You can check the status of your order by <a href=""%account_url"">logging into your account</a>.","A rendelés állapotát a <a href=""%account_url"">fiókjába való bejelentkezéssel</a> ellenőrizheti."
"If you have questions about your order, you can email us at <a href=""mailto:%store_email"">%store_email</a>","Ha kérdése van a rendelésével kapcsolatban, írjon nekünk e-mailt a következő címre: <a href=""mailto:%store_email"">%store_email</a>"
"or call us at <a href=""tel:%store_phone"">%store_phone</a>","vagy hívjon minket a következő számon: <a href=""tel:%store_phone"">%store_phone</a>"
"Our hours are <span class=""no-link"">%store_hours</span>.","Nyitvatartási időnk: <span class=""no-link"">%store_hours</span>."
"Your Order <span class=""no-link"">#%increment_id</span>","Az Ön rendelése <span class=""no-link"">#%increment_id</span>"
"Placed on <span class=""no-link"">%created_at</span>","Leadva: <span class=""no-link"">%created_at</span>"
"Billing Info","Számlázási adatok"
"Shipping Info","Szállítási adatok"
"Payment Method","Fizetési mód"
"Shipping Method","Szállítási mód"
"%name,","%name,"
"Once your package ships we will send an email with a link to track your order.","Amint a csomagját elküldjük, kap egy e-mailt a rendelés nyomon követéséhez szükséges hivatkozással."
"Your %store_name order has shipped","Az Ön %store_name rendelése elküldve"
"Your shipping confirmation is below. Thank you again for your business.","A szállítási visszaigazolása alább található. Köszönjük ismét a vásárlását."
"Your Shipment #%shipment_id for Order #%order_id","Az Ön #%shipment_id szállítmánya a(z) #%order_id rendeléshez"
"Your digital content waiver is on file","Digitális tartalomra vonatkozó hozzájárulásod rögzítve"
"Hi %name, you've consented to immediate digital delivery of the items below — this is your durable-medium copy of that consent (Art. 11a(4) CRD).","Szia %name, hozzájárultál az alábbi tételek azonnali digitális szállításához — ez a hozzájárulás tartós adathordozón rögzített példánya (CRD 11a. cikk (4) bekezdés)."
"View order","Rendelés megtekintése"
"Consented at","Hozzájárulva"
"Acknowledged at","Tudomásul véve"
"Keep this email as your durable-medium record. The merchant has stored the SHA-256 hash of the legal text you accepted:","Őrizd meg ezt az e-mailt tartós adathordozón rögzített nyilvántartásodként. A kereskedő tárolta az általad elfogadott jogi szöveg SHA-256 hash-ét:"
"Digital content waiver","Digitális tartalomra vonatkozó lemondás"
"We need your explicit consent before you can buy this digital item — please read both points carefully.","A digitális termék megvásárlásához szükségünk van az Ön kifejezett hozzájárulására — kérjük, mindkét pontot figyelmesen olvassa el."
"We log this consent with your IP and timestamp for our audit record.","Ezt a hozzájárulást az Ön IP-címével és időbélyegzőjével naplózzuk auditáláshoz."
"Continue","Tovább"
"Waiver could not be saved. Please retry.","A hozzájárulást nem sikerült menteni. Kérjük, próbálja újra."
"Enable for EU Withdrawal Lookup Form","Engedélyezés az EU-s elállási kereső űrlaphoz"
"MageMe Extensions","MageMe bővítmények"
"EU Withdrawal","EU elállás"
"General","Általános"
"Enable Module","Modul engedélyezése"
"Activates frontend and cron jobs. Default: disabled. Complete the manual setup checklist before enabling.","Aktiválja a frontendet és a cron feladatokat. Alapértelmezett: letiltva. Az engedélyezés előtt töltse ki a kézi beállítási ellenőrzőlistát."
"Request Number Prefix","Kérelemszám előtagja"
"Optional prefix prepended to the withdrawal request increment ID in customer-facing UI (e.g. ""RR-"" renders as ""RR-000000022""). Leave blank to show the plain padded number.","Opcionális előtag, amelyet a vásárlói felületen az elállási kérelem növekményi azonosítója elé fűzünk (pl. „RR-” így jelenik meg: „RR-000000022”). Hagyja üresen az egyszerű, kitöltött szám megjelenítéséhez."
"Default Contract Type","Alapértelmezett szerződéstípus"
"Frontend Route","Frontend útvonal"
"URL prefix used by the customer-facing withdrawal flow (e.g. <code>withdraw-contract</code> renders as <code>/withdraw-contract/...</code>). Lowercase letters, digits, dashes and underscores only.","A vásárlói felületen használt elállási folyamat URL előtagja (pl. <code>withdraw-contract</code> így jelenik meg: <code>/withdraw-contract/...</code>)."
"Withdrawal Period","Elállási időszak"
"Delivery Confirmation Statuses","Kézbesítés-visszaigazolási státuszok"
"Pick one or more order statuses whose <em>transition</em> means the customer received the goods in your fulfillment workflow. The 14-day withdrawal window starts on the timestamp of the order's <em>earliest</em> transition into <em>any</em> of the selected statuses (Art. 9(2)(b) Directive 2011/83/EU). Multi-select supports merchants who use several ""delivered""-type statuses (e.g. <code>delivered</code> + <code>complete</code> + <code>delivered_partial</code>). Until the order reaches any of them, the right of withdrawal is open with no fixed deadline.","Válasszon ki egy vagy több olyan rendelési státuszt, amelyre <em>átmenetük</em> azt jelenti, hogy a vásárló a teljesítési folyamatában megkapta a termékeket. A 14 napos elállási határidő a rendelés <em>legkorábbi</em> átmenetének időbélyegétől kezdődik a kiválasztott státuszok <em>bármelyikébe</em> (9(2)(b) cikk 2011/83/EU irányelv). A többszörös választás támogatja azokat a kereskedőket, akik többféle „kézbesített” típusú státuszt használnak (pl. <code>delivered</code> + <code>complete</code> + <code>delivered_partial</code>). Amíg a rendelés egyikbe sem ér el, az elállási jog nyitva van rögzített határidő nélkül."
"Eligibility Rules (Art. 16 CRD Presets)","Jogosultsági szabályok (16. cikk CRD előbeállítások)"
"Art. 16(c) Custom-Made Goods","16. cikk c) pont egyedi gyártású termékek"
"Excludes products made to customer specifications or clearly personalised (e.g. engraved jewellery, made-to-measure clothing). <strong>Requires</strong> product attribute <code>is_custom_made = true</code>. If enabled, orders containing such items cannot be withdrawn — customers will see this when attempting to start withdrawal.","Kizárja a vásárlói specifikációk szerint készült vagy egyértelműen személyre szabott termékeket (pl. gravírozott ékszerek, méretre szabott ruházat). <strong>Megköveteli</strong> az <code>is_custom_made = true</code> termékattribútumot. Ha engedélyezve van, az ilyen tételeket tartalmazó rendelésektől nem lehet elállni — a vásárlók ezt látni fogják, amikor elállást próbálnak kezdeményezni."
"Art. 16(d) Perishable Goods","16. cikk d) pont gyorsan romló termékek"
"Excludes goods that can deteriorate or expire rapidly (fresh food, cut flowers, short-shelf-life pharmaceuticals). <strong>Requires</strong> product attribute <code>is_perishable = true</code>. Do not enable for all categories — apply it only to truly perishable SKUs, otherwise you will unlawfully deny valid withdrawals.","Kizárja azokat a termékeket, amelyek gyorsan romolhatnak vagy lejárhatnak (friss élelmiszer, vágott virágok, rövid eltarthatóságú gyógyszerek). <strong>Megköveteli</strong> az <code>is_perishable = true</code> termékattribútumot. Ne engedélyezze minden kategóriához — csak valóban gyorsan romló cikkszámokra alkalmazza, különben jogellenesen utasít el érvényes elállásokat."
"Art. 16(e) Sealed Hygiene / Health","16. cikk e) pont lezárt higiéniai / egészségügyi termékek"
"Excludes sealed hygiene or health items <strong>only if the seal has been broken after delivery</strong> (cosmetics, intimate apparel, sealed medical supplies). <strong>Requires</strong> product attribute <code>is_sealed_hygiene = true</code>. The exclusion depends on a seal-check at the time of withdrawal (workflow in phase-04) — a sealed, unopened return remains eligible.","Kizárja a lezárt higiéniai vagy egészségügyi termékeket, <strong>csak ha a pecsét a kézbesítés után megsérült</strong> (kozmetikumok, intim ruházat, lezárt orvosi eszközök). <strong>Megköveteli</strong> az <code>is_sealed_hygiene = true</code> termékattribútumot. A kizárás az elállás idején végzett pecsétellenőrzéstől függ (a phase-04 munkafolyamat) — a lezárt, felbontatlan visszaküldés továbbra is jogosult marad."
"Art. 16(i) Sealed Audio / Video / Software","16. cikk i) pont lezárt audio / videó / szoftver"
"Excludes sealed audio recordings, video recordings, or sealed computer software <strong>only if the seal has been broken after delivery</strong>. <strong>Requires</strong> product attribute <code>is_sealed_av = true</code>. Same seal-check logic as Art. 16(e). Does not apply to streaming / digital-download content — use Art. 16(m) for those.","Kizárja a lezárt hangfelvételeket, videófelvételeket vagy lezárt számítógépes szoftvereket, <strong>csak ha a pecsét a kézbesítés után megsérült</strong>. <strong>Megköveteli</strong> az <code>is_sealed_av = true</code> termékattribútumot. Ugyanaz a pecsétellenőrzési logika, mint a 16(e) cikknél. Nem alkalmazandó a streaming / digitális letöltési tartalmakra — azokhoz használja a 16(m) cikket."
"Digital Content (Art. 16(m))","Digitális tartalom (16. cikk m) pont)"
"Detection","Észlelés"
"Enable Digital Content Detection","Digitális tartalom észlelésének engedélyezése"
"Master switch for Art. 16(m) digital-content detection. When off, no product is recognised as digital, the checkout waiver step is not required, and the preset always allows withdrawal.","Főkapcsoló a 16(m) cikk szerinti digitális tartalom észleléséhez. Kikapcsolt állapotban egyetlen termék sem kerül digitálisként felismerésre, a pénztári hozzájárulási lépés nem szükséges, és az előbeállítás mindig engedélyezi az elállást."
"Detection Strategies","Észlelési stratégiák"
"Which product-type heuristics trigger the digital-content waiver gate. Downloadable + virtual are safe defaults; bundle_contains_digital inspects bundle children; custom_attribute reads the EAV flag configured below.","Mely terméktípus-heurisztikák váltják ki a digitális tartalomra vonatkozó hozzájárulási kaput. A letölthető + virtuális biztonságos alapértelmezett értékek; a bundle_contains_digital a csomag altételeit ellenőrzi; a custom_attribute az alább konfigurált EAV jelzőt olvassa."
"Custom Attribute Code","Egyéni attribútum kódja"
"EAV attribute code used <strong>only</strong> when <em>Custom attribute flag</em> is picked in <em>Detection strategies</em> above. Default: <code>is_digital_content</code> (boolean attribute, 1 = digital). Ignored otherwise.","EAV attribútum kód, amelyet <strong>csak</strong> akkor használ, ha a fenti <em>Észlelési stratégiák</em> között az <em>Egyéni attribútum jelző</em> van kiválasztva. Alapértelmezett: <code>is_digital_content</code> (logikai attribútum, 1 = digitális). Egyébként figyelmen kívül marad."
"Checkout Step + Email","Pénztár lépés + e-mail"
"Enable Checkout Waiver Step","Hozzájárulási lépés engedélyezése a pénztárban"
"When on, carts that contain a detected digital item render the 2-checkbox waiver step at checkout. Has no effect unless <em>Detection → Enable digital content detection</em> is also on.","Bekapcsolt állapotban azok a kosarak, amelyek észlelt digitális tételt tartalmaznak, a pénztárnál megjelenítik a 2 jelölőnégyzetes hozzájárulási lépést. Csak akkor van hatása, ha az <em>Észlelés → Digitális tartalom észlelésének engedélyezése</em> is be van kapcsolva."
"Merchant BCC Address for Confirmation Emails","Kereskedő BCC címe visszaigazoló e-mailekhez"
"Optional. Blind-copies the waiver-confirmation email to a merchant audit address. Leave blank to skip.","Opcionális. Rejtett másolatot küld a hozzájárulási visszaigazoló e-mailről egy kereskedői auditcímre. Hagyja üresen a kihagyáshoz."
"Mark Virtual-Only Items as Performance-Started on Confirmation","Csak virtuális tételek megjelölése teljesítés-megkezdettként a visszaigazoláskor"
"Virtual products have no download trigger. When on, the waiver confirmation email's dispatch counts as performance-start for virtual-only items.","A virtuális termékeknek nincs letöltési indítójuk. Bekapcsolt állapotban a hozzájárulási visszaigazoló e-mail kiküldése a teljesítés megkezdéseként számít a csak virtuális tételeknél (I-6 határ)."
"Confirmation Email Identity","Visszaigazoló e-mail feladója"
"Per-Locale Waiver Text Overrides","Hozzájárulási szöveg felülbírálatai területi beállításonként"
"English (en_US)","Angol (en_US)"
"Consent Text","Hozzájárulási szöveg"
"Right-Loss Acknowledgment Text","Jogvesztés tudomásulvételi szöveg"
"German (de_DE)","Német (de_DE)"
"Finnish (fi_FI)","Finn (fi_FI)"
"Dutch (nl_NL)","Holland (nl_NL)"
"French (fr_FR)","Francia (fr_FR)"
"Italian (it_IT)","Olasz (it_IT)"
"Spanish (es_ES)","Spanyol (es_ES)"
"Polish (pl_PL)","Lengyel (pl_PL)"
"Portuguese (pt_PT)","Portugál (pt_PT)"
"Danish (da_DK)","Dán (da_DK)"
"Swedish (sv_SE)","Svéd (sv_SE)"
"German — Austria (de_AT)","Német — Ausztria (de_AT)"
"Swedish — Finland (sv_FI)","Svéd — Finnország (sv_FI)"
"Dutch — Belgium (nl_BE)","Holland — Belgium (nl_BE)"
"French — Belgium (fr_BE)","Francia — Belgium (fr_BE)"
"German — Belgium (de_BE)","Német — Belgium (de_BE)"
"French — Luxembourg (fr_LU)","Francia — Luxemburg (fr_LU)"
"Pre-Contract Information (Art. 6(1)(h))","Szerződéskötés előtti tájékoztatás (6. cikk (1) bek. h) pont)"
"Enable Pre-Contract Disclosure","Szerződéskötés előtti tájékoztatás engedélyezése"
"Master kill-switch. Disabled = block does not render and no display events are recorded. Disabling exposes the merchant to Art. 10 (12 month + 14 day extended withdrawal period). Default: enabled.","Fő leállító kapcsoló. Letiltva = a blokk nem jelenik meg, és nem rögzítődnek megjelenítési események. A letiltás kiteszi a kereskedőt a 10. cikk hatályának (12 hónap + 14 nap meghosszabbított elállási időszak). Alapértelmezett: engedélyezve."
"Withdrawal Period (Days)","Elállási időszak (napok)"
"Default 14 days per Art. 9(2). Extension allowed (e.g. 30, 100). Reduction below 14 is illegal — the field validates >=14 only when the module is enabled.","Alapértelmezetten 14 nap a 9(2) cikk szerint. Hosszabbítás megengedett (pl. 30, 100). A 14 alá csökkentés jogellenes — a mező csak akkor érvényesíti a >=14 értéket, ha a modul engedélyezve van."
"Return Address","Visszaküldési cím"
"Where consumers send goods back. Leave empty to fall back to the store address from Stores → Configuration → General → General → Store Information.","Ahova a fogyasztók visszaküldik a termékeket. Hagyja üresen, hogy az Üzletek → Konfiguráció → Általános → Általános → Üzletadatok címére essen vissza."
"Display In Checkout","Megjelenítés a pénztárban"
"Annex I Overrides Per Locale","I. melléklet felülbírálatai területi beállításonként"
"Bulgarian (bg_BG)","Bolgár (bg_BG)"
"Czech (cs_CZ)","Cseh (cs_CZ)"
"Greek (el_GR)","Görög (el_GR)"
"Estonian (et_EE)","Észt (et_EE)"
"Croatian (hr_HR)","Horvát (hr_HR)"
"Hungarian (hu_HU)","Magyar (hu_HU)"
"Lithuanian (lt_LT)","Litván (lt_LT)"
"Latvian (lv_LV)","Lett (lv_LV)"
"Romanian (ro_RO)","Román (ro_RO)"
"Slovak (sk_SK)","Szlovák (sk_SK)"
"Slovenian (sl_SI)","Szlovén (sl_SI)"
"Frontend","Frontend"
"Buttons","Gombok"
"Step 1 Button Label","1. lépés gomb felirata"
"Step 2 Button Label (Confirmation)","2. lépés gomb felirata (visszaigazolás)"
"<strong>⚠ Legal warning.</strong> This is the label on the final confirmation button. Default (""Confirm withdrawal"") is counsel-signed. Per-locale translations are counsel-signed. Override only with written legal advice; overrides are audit-logged.","<strong>⚠ Jogi figyelmeztetés (#4 hiányosság).</strong> Ez a végső megerősítő gomb felirata. Az alapértelmezett („Elállás megerősítése”) ügyvéd által ellenjegyzett; a területi beállításonkénti fordítások az <code>i18n/*.csv</code> fájlokban. Csak írásbeli jogi tanács alapján bírálja felül; a felülbírálások auditnaplózva vannak."
"Placements","Elhelyezések"
"Show Footer Link","Hivatkozás megjelenítése a láblécben"
"Show in My Account","Megjelenítés a Fiókomban"
"Return Reasons","Visszaküldési okok"
"Reasons","Indokok"
"List of reasons offered to the customer in the per-item dropdown. <strong>Code</strong> is the machine value (lowercase, snake_case, max 32 chars); <strong>Label</strong> is the visible text. Empty grid hides the dropdown entirely.","A vásárlónak a tételenkénti legördülő menüben felkínált indokok listája. A <strong>Kód</strong> az adatbázisba mentett gépi érték (kisbetűs, snake_case, max. 32 karakter); a <strong>Címke</strong> a látható szöveg. Az üres rács teljesen elrejti a legördülő menüt."
"Enable ""Other"" with Free Text","„Egyéb” engedélyezése szabad szöveggel"
"When enabled, an ""Other"" option appears in the dropdown that reveals a free-text field (max 500 chars).","Ha engedélyezve van, az „Egyéb” opció megjelenik a legördülő menüben, amely megnyit egy szabad szöveges mezőt (max. 500 karakter)."
"Review Step","Áttekintési lépés"
"Return Shipping Notice","Visszaküldési tájékoztató"
"Text shown on the Review & Confirm step (step 3). Example: ""You'll receive a prepaid shipping label in the confirmation email."" or ""Return shipping costs are paid by the customer."" Leave blank to hide the row.","Az Áttekintés és megerősítés lépésben (3. lépés) megjelenő szöveg. Példa: „A megerősítő e-mailben előre kifizetett szállítási címkét kap.” vagy „A visszaküldés szállítási költségét a vásárló fizeti.” Hagyja üresen a sor elrejtéséhez."
"Return Policy URL","Visszaküldési feltételek URL-je"
"Optional link rendered next to the shipping notice (""View return policy""). Accepts absolute URLs or relative paths like ""return-policy"".","Opcionális hivatkozás, amely a szállítási tájékoztató mellett jelenik meg („Visszaküldési feltételek megtekintése”). Abszolút URL-eket vagy relatív útvonalakat fogad el, például „return-policy”."
"Customer Notifications","Vásárlói értesítések"
"All customer-facing emails sent by the module. Each email can be enabled/disabled, assigned a custom template (Marketing → Email Templates), and BCC'd to a merchant address. The shared <em>Branding</em> subgroup at the bottom controls the layout (USP strip, social links) used by every email below.","A modul által küldött összes vásárlói e-mail. Minden e-mail engedélyezhető/letiltható, egyéni sablonhoz rendelhető (Marketing → E-mail sablonok), és rejtett másolatként küldhető egy kereskedői címre. Az alul található közös <em>Arculat</em> alcsoport vezérli az alábbi e-mailek elrendezését (USP sáv, közösségi hivatkozások)."
"1. Submission Confirmation Email","1. Beküldést megerősítő e-mail"
"Enabled","Engedélyezve"
"Email Template","E-mail sablon"
"BCC Merchant","Rejtett másolat a kereskedőnek (BCC)"
"Comma-separated. Leave blank to disable.","Vesszővel elválasztva. Hagyja üresen a letiltáshoz."
"2. Approval Email","2. Jóváhagyó e-mail"
"3. Denial Email","3. Elutasító e-mail"
"4. Cancellation Email (Admin-Initiated)","4. Visszavonási e-mail (adminisztrátor által kezdeményezve)"
"5. Cancellation Email (Customer Self-Cancel)","5. Visszavonási e-mail (vásárló saját visszavonása)"
"6. Receipt Email (Durable Medium — Art. 11a(4))","6. Visszaigazoló e-mail (tartós adathordozó — 11a. cikk (4) bek.)"
"Legally required durable-medium confirmation. Cannot be fully disabled (Art. 11a(4) Directive 2011/83/EU). Disabling here only stops the sender — the receipt is still generated and stored.","Jogszabály által előírt, tartós adathordozón rögzített visszaigazolás. Nem tiltható le teljesen (11a(4) cikk 2011/83/EU irányelv). Az itt történő letiltás csak a küldőt állítja le — a nyugta továbbra is generálódik és tárolódik."
"Send Email","E-mail küldése"
"Comma-separated.","Vesszővel elválasztva."
"Delivery Retry Attempts","Kézbesítési újrapróbálkozások"
"Number of delivery attempts before a receipt is flagged as undelivered.","Number of delivery attempts before a receipt is flagged as undelivered."
"DLQ Alert Recipient","DLQ riasztás címzettje"
"Notified when a receipt fails permanently. Falls back to Store Email Addresses → General Contact.","Értesítés érkezik, ha egy nyugta véglegesen sikertelen. Az Áruház e-mail címek → Általános kapcsolattartó lesz a tartalék."
"7. Digital Waiver Confirmation Email (Art. 11a(4))","7. Digitális hozzájárulás visszaigazoló e-mail (11a. cikk (4) bek.)"
"Durable-medium copy of the customer's Art. 16(m) waiver, sent immediately after checkout when a digital item is in cart. Required by Art. 11a(4) Directive 2011/83/EU — keeps a tamper-evident record of the legal text the customer accepted.","A vásárló 16(m) cikk szerinti hozzájárulásának tartós adathordozón rögzített példánya, amelyet azonnal a pénztár után küldünk, ha a kosárban digitális tétel van. A 11a(4) cikk 2011/83/EU irányelv által előírt — manipulációbiztos nyilvántartást vezet a vásárló által elfogadott jogi szövegről, valamint a SHA-256 hash-ről a hash-lánc ellenőrzéséhez."
"Comma-separated. Receives a copy of every confirmation for audit purposes.","Vesszővel elválasztva. Audit céljából minden visszaigazolásról másolatot kap."
"Branding (Shared by All Emails Above)","Arculat (a fenti összes e-mailben közös)"
"Optional decoration of the customer-facing emails. Empty fields hide their respective rows. Brand wordmark, logo, support email, and store address are read from the standard Magento configuration tree (Stores → Configuration → General + Design → Transactional Emails).","A vásárlói e-mailek opcionális díszítése. Az üres mezők elrejtik a hozzájuk tartozó sorokat. A márkanév, logó, ügyfélszolgálati e-mail és üzletcím a szabványos Magento konfigurációs fából kerül beolvasásra (Áruházak → Konfiguráció → Általános + Megjelenés → Tranzakciós e-mailek)."
"USP Strip — Item 1","USP sáv — 1. elem"
"Icon","Ikon"
"Title","Cím"
"Subtitle","Alcím"
"USP Strip — Item 2","USP sáv — 2. elem"
"USP Strip — Item 3","USP sáv — 3. elem"
"Social Links","Közösségi hivatkozások"
"Instagram URL","Instagram URL"
"X / Twitter URL","X / Twitter URL"
"Facebook URL","Facebook URL"
"YouTube URL","YouTube URL"
"Order #","Rendelés #"
"Contract","Szerződés"
"Submitter","Beküldő"
"Withdrawal submitted","Elállás beküldve"
"Right of Withdrawal — Required Information","Elállási jog — Kötelező tájékoztatás"
"Before placing your order, please review the conditions, time limit, and procedures for exercising your 14-day right of withdrawal. This information forms part of your contract.","Mielőtt leadná megrendelését, kérjük, tekintse át a 14 napos elállási jog gyakorlásának feltételeit, határidejét és eljárásait. Ez a tájékoztatás a szerződésének részét képezi."
"Conditions, Time Limit and Procedures for Withdrawal","Az elállás feltételei, határideje és eljárásai"
"Start Online Return","Online visszaküldés indítása"
"Download Model Withdrawal Form (Annex I(B))","Elállási nyilatkozatminta letöltése (I. melléklet B. rész)"
"Withdrawal Information v%1 — Issued %2","Elállási tájékoztató v%1 — kiadva %2"
"You'll receive a prepaid shipping label in the confirmation email.","Az előre kifizetett szállítási címkét a megerősítő e-mailben kapja meg."
"← Back to order search","← Vissza a rendelés kereséséhez"
"← Back to items","← Vissza a tételekhez"
"Find order","Rendelés keresése"
"Enter your order number and email","Adja meg a rendelésszámot és az e-mailt"
"Select items","Tételek kiválasztása"
"Choose items to return (partial withdrawal)","Válassza ki a visszaküldendő tételeket (részleges elállás)"
"Review & confirm","Áttekintés & megerősítés"
"Review your return details and confirm","Tekintse át a visszaküldés részleteit és erősítse meg"
"Request submitted","Kérelem elküldve"
"We'll confirm your request by email","Kérelmét e-mailben erősítjük meg"
"I expressly consent to begin performance of the digital content before the withdrawal period expires.","Kifejezetten hozzájárulok a digitális tartalom teljesítésének megkezdéséhez az elállási határidő lejárta előtt."
"I acknowledge that by giving this consent I lose my right of withdrawal once performance has begun (Art. 16(m) CRD).","Tudomásul veszem, hogy e hozzájárulás megadásával elveszítem az elállási jogomat a teljesítés megkezdésekor (a fogyasztói jogi irányelv 16. cikk m) pont)."
"Withdrawals","Elállások"
"Minimum %1 characters required.","Legalább %1 karakter szükséges."
"Failed to add note.","A jegyzet hozzáadása nem sikerült."
"Network error while adding note.","Hálózati hiba a jegyzet hozzáadása közben."
"Exported Evidence","Exportált bizonyítékok"
"Pending Confirm","Megerősítésre vár"
"Sent","Elküldve"
"Failed Permanent","Véglegesen sikertelen"
"Failed Retry","Sikertelen, újrapróbálkozás"
"Eligible","Jogosult"
"Excluded","Kizárva"
"Action","Művelet"
"From","Honnan"
"To","Hová"
"Admin Id","Admin-azonosító"
"Order Id","Rendelésazonosító"
"Request Id","Kérelem azonosítója"
"Item Count","Tételek száma"
"Rules Fired","Alkalmazott szabályok"
"Topic","Téma"
"Message Id","Üzenet azonosítója"
"Email To Hash","E-mail hash"
"Attempts","Próbálkozások"
"Viewed At","Megtekintve"
"Referrer Host","Hivatkozó kiszolgáló"
"Enable \Other\"" with Free Text""","„Egyéb” engedélyezése szabad szöveggel"
"Optional legal template — not required to use; you can also exercise the right of withdrawal by any unequivocal statement.","Választható jogi minta — használata nem kötelező; az elállási jog bármilyen egyértelmű nyilatkozattal is gyakorolható."
"Right of withdrawal","Elállási jog"
"You have 14 days from the day you receive your order to withdraw without giving any reason — full refund to your original payment method.","A rendelés kézhezvételétől számítva 14 napja van, hogy indoklás nélkül elálljon — teljes visszatérítés az eredeti fizetési módjára."
"Some items may be excluded by law (perishable goods, custom-made items, sealed hygiene or audio/video products). We'll show you exactly what's eligible on the next page.","Egyes tételeket jogszabály kizárhat (gyorsan romló termékek, egyedi gyártású tételek, lezárt higiéniai vagy audio/videó termékek). A következő oldalon pontosan megmutatjuk, mi jogosult."
"Direct link — no login or account password required.","Közvetlen hivatkozás — nincs szükség bejelentkezésre vagy fiókjelszóra."
"Art. 16(m) CRD exclusion — digital content where the customer has (1) given express prior consent to begin performance and (2) acknowledged that they lose the withdrawal right. Two switches: the <em>Detection</em> subgroup decides what counts as digital (master switch), the <em>Checkout step + Email</em> subgroup renders the 2-checkbox waiver UX and dispatches the confirmation email. Both must be ON for the feature to work end-to-end. Use this only for <strong>one-time digital purchases</strong> (ebooks, software installers, music files, games). Do <strong>not</strong> enable it for ongoing digital <strong>subscriptions or services</strong> (SaaS, streaming, hosted software) — EU case law (CJEU Sky, C-641/19) requires a different consent flow for those.","Art. 16(m) CRD exclusion — digital content where the customer has (1) given express prior consent to begin performance and (2) acknowledged that they lose the withdrawal right. Two switches: the <em>Detection</em> subgroup decides what counts as digital (master switch), the <em>Checkout step + Email</em> subgroup renders the 2-checkbox waiver UX and dispatches the confirmation email. Both must be ON for the feature to work end-to-end. Use this only for <strong>one-time digital purchases</strong> (ebooks, software installers, music files, games). Do <strong>not</strong> enable it for ongoing digital <strong>subscriptions or services</strong> (SaaS, streaming, hosted software) — EU case law (CJEU Sky, C-641/19) requires a different consent flow for those."
"Customer-facing UX for the withdrawal flow. Subgroups: <em>Buttons</em> (legal-critical labels), <em>Placements</em> (where to surface the link), <em>Return Reasons</em> (per-item dropdown), <em>Review Step</em> (content on step 3 of the flow).","Vásárlói oldali UX az elállási folyamathoz. Alcsoportok: <em>Gombok</em> (jogi szempontból kritikus címkék), <em>Elhelyezések</em> (hol jelenjen meg a hivatkozás), <em>Visszaküldési okok</em> (legördülő menü tételenként), <em>Áttekintési lépés</em> (a folyamat 3. lépésének tartalma)."
"Disable only if you deliver the durable-medium confirmation through a different channel.","Csak akkor tiltsa le, ha a tartós adathordozón rögzített visszaigazolást más csatornán juttatja el."
"Disable only if you deliver the receipt through a different durable medium (postal mail, customer account download, etc.).","Csak akkor tiltsa le, ha a nyugtát más tartós adathordozón juttatja el (postai levél, ügyfélfiókból letöltés stb.)."
"Empty fields fall through to the locale baseline. Any override value becomes part of the SHA-256 hash stored per consent event — changing a field after customers have consented does <strong>not</strong> retroactively invalidate prior consents.","Az üres mezők az adott területi beállításhoz/joghatósághoz tartozó the locale baseline alapértékeire térnek vissza. Minden felülírási érték részévé válik a hozzájárulási eseményenként tárolt SHA-256 hashnek — egy mező módosítása azt követően, hogy az ügyfelek hozzájárultak, <strong>nem</strong> érvényteleníti visszamenőleg a korábbi hozzájárulásokat."
"Mandatory pre-contractual disclosure of the right of withdrawal. Displayed on the checkout payment step. Each display is logged forensically (Art. 10 defence). Snapshot of the rendered text is stored immutably (Art. 6(5)). <strong>Counsel review recommended before customising any Annex I text.</strong>","Kötelező szerződéskötés előtti tájékoztatás az elállási jogról. A pénztár fizetési lépésében jelenik meg. Minden megjelenítés bizonyítékigény szerint naplózásra kerül (10. cikk szerinti védelem). A megjelenített szöveg pillanatképe megváltoztathatatlanul tárolódik (6. cikk (5) bek.). <strong>Bármely I. melléklet szöveg testreszabása előtt jogi felülvizsgálat ajánlott.</strong>"
"Off = block hidden but display events still recorded server-side via predispatch fallback. Use only for sandbox testing. Default: on.","Ki = a blokk rejtett, de a megjelenítési események továbbra is rögzítésre kerülnek a szerver oldalon a predispatch tartalék révén. Csak sandbox tesztelésre használja. Alapértelmezett: be."
"Optional URLs rendered as round monogram badges in the email footer. Leave blank to hide.","Opcionális URL-ek, amelyek kerek monogramjelvényekként jelennek meg az e-mail láblécében. Hagyja üresen az elrejtéshez."
"Sent when a customer cancels their own pending withdrawal.","Akkor kerül kiküldésre, amikor egy ügyfél visszavonja saját függőben lévő elállását."
"Sent when a customer completes the withdrawal form.","Akkor kerül kiküldésre, amikor egy ügyfél kitölti az elállási űrlapot."
"Sent when an admin approves a withdrawal request.","Akkor kerül kiküldésre, amikor egy adminisztrátor jóváhagy egy elállási kérelmet."
"Sent when an admin cancels a withdrawal request on the customer's behalf.","Akkor kerül kiküldésre, amikor egy adminisztrátor visszavon egy elállási kérelmet az ügyfél nevében."
"Sent when an admin denies a withdrawal request.","Akkor kerül kiküldésre, amikor egy adminisztrátor elutasít egy elállási kérelmet."
"These presets exclude specific product categories from the 14-day withdrawal right, per Art. 16 CRD. Each rule is OFF by default — enable only after confirming the corresponding product attribute is set correctly on your catalog.","Ezek az előbeállítások egyes termékkategóriákat zárnak ki a 14 napos elállási jog alól a 2011/83/EU irányelv 16. cikke alapján. Minden szabály alapértelmezetten KI van kapcsolva — csak azután engedélyezze, hogy meggyőződött róla, hogy a megfelelő termékattribútum helyesen van beállítva a katalógusában."
"e.g. ""EU orders above €50""","pl. „EU-s rendelések 50 € felett”"
"e.g. ""Free delivery""","pl. „Ingyenes szállítás”"
"Qty: ","Menny.: "
"Submission failed. Please try again.","A küldés sikertelen. Kérjük, próbálja újra."
"Network error. Please try again.","Hálózati hiba. Kérjük, próbálja újra."
"Invalid server response.","Érvénytelen szerveres válasz."
"Admin Notifications","Adminisztrátori értesítések"
"Internal alerts to your team. Independent of the per-email <em>BCC Merchant</em> checkboxes under <em>Customer Notifications</em> below — if you enable both, you will receive two emails per request.","Belső figyelmeztetések a csapatának. Függetlenek az alábbi <em>Ügyfél-értesítések</em> alatt található <em>BCC a kereskedőnek</em> jelölőnégyzetektől — ha mindkettőt bekapcsolja, kérelmenként két e-mailt kap."
"1. New Request Alert","1. Új kérelem értesítés"
"Sent the moment a customer completes the two-step withdrawal flow.","Akkor küldjük, amikor egy ügyfél befejezi a kétlépcsős elállási folyamatot."
"Recipient Email(s)","Címzett e-mail(ek)"
"BCC","Titkos másolat"
"New Withdrawal Request","Új elállási kérelem"
"A new withdrawal request was just submitted.","Új elállási kérelem érkezett."
"Request:","Kérelem:"
"Order:","Megrendelés:"
"Customer:","Vevő:"
"Refund Total:","Visszatérítés összesen:"
"[Withdrawal] New request %request_increment_id · Order #%order_increment_id · %refund_total","[Elállás] Új kérelem %request_increment_id · Megrendelés #%order_increment_id · %refund_total"
"Anonymised","Anonimizálva"
"Audit","Napló"
"Cancel Order","Megrendelés visszavonása"
"Confirmation Email (Art. 11a(4))","Visszaigazoló e-mail (11a(4). cikk)"
"Detection (Art. 16(m))","Felismerés (16(m). cikk)"
"Digital Waiver (Art. 16(m))","Digitális lemondás (16(m). cikk)"
"Email Identity","Küldő azonosítója"
"ID","Azonosító"
"Integrity hash","Integritás-hash"
"Pre-Contract Proof","Szerződéskötés előtti bizonyíték"
"Verify this receipt","Igazolás ellenőrzése"
"Withdrawal Window","Elállási időszak"
"This SHA-256 hash uniquely identifies your withdrawal record. Verify it at any time using the button above.","Ez a SHA-256 hash egyedileg azonosítja az elállási bejegyzést. Bármikor ellenőrizheti a fenti gomb segítségével."
"Digital content waiver confirmation — Order %increment_id","Digitális tartalom lemondás visszaigazolása — Megrendelés %increment_id"
"Comma-separated. Each recipient receives a separate email rendered in their own admin locale (looked up via the admin user's interface_locale; fallback to general/locale/code). Invalid addresses dropped silently.","Vesszővel elválasztva. Minden címzett külön e-mailt kap a saját adminisztrátori területi beállításán renderelve (az admin-felhasználó interface_locale-ja alapján; tartalék — general/locale/code). Az érvénytelen címeket csendben elveti."
"Art. 16(m) CRD digital-content detection. Determines what counts as digital content for eligibility purposes. The actual checkout-step waiver UI and email lives in the next section ""Digital Waiver"".","A fogyasztóvédelmi irányelv 16(m). cikke szerinti digitálistartalom-felismerés. Meghatározza, mi minősül digitális tartalomnak elállási jog szempontjából. A tényleges lemondás UI-ja a pénztárban és az e-mail a következő „Digitális lemondás“ szakaszban található."
"Art. 16(m) CRD exclusion — digital content where the customer has (1) given express prior consent to begin performance and (2) acknowledged that they lose the withdrawal right. Two switches control this feature end-to-end: the <em>Detection</em> subgroup under <em>Eligibility Rules</em> decides what counts as digital (master switch); this section renders the 2-checkbox waiver UX at checkout and dispatches the Art. 11a(4) confirmation email. Both must be ON for the feature to work end-to-end. Per-locale text overrides below. Use this only for <strong>one-time digital purchases</strong> (ebooks, software installers, music files, games). Do <strong>not</strong> enable it for ongoing digital <strong>subscriptions or services</strong> (SaaS, streaming, hosted software) — EU case law (CJEU Sky, C-641/19) requires a different consent flow for those.","A fogyasztóvédelmi irányelv 16(m) cikkének kivétele — digitális tartalom, ahol az ügyfél (1) kifejezetten előzetes hozzájárulását adta a teljesítés megkezdéséhez és (2) elismerte az elállási jog elvesztését. A funkciót két kapcsoló vezérli: az <em>Elérhetőségi szabályok</em> alatti <em>Felismerés</em> alcsoport dönti el, mi minősül digitálisnak (főkapcsoló); ez a szakasz 2 jelölőnégyzetes lemondás UI-t jelenít meg a pénztárban és kiküldi a 11a(4) cikk szerinti visszaigazoló e-mailt. Mindkettőnek BE kell lennie kapcsolva. Nyelvi szöveg-felülbírálatok alább. Csak <strong>egyszeri digitális vásárlásokra</strong> használja (e-könyvek, telepítők, zenei fájlok, játékok). <strong>Ne</strong> kapcsolja be folyamatos digitális <strong>előfizetésekhez vagy szolgáltatásokhoz</strong> (SaaS, streaming, hosztolt szoftver) — az EU joggyakorlata (CJEU Sky, C-641/19) más hozzájárulási folyamatot követel meg."
"Defines <strong>when</strong> the 14-day withdrawal right starts running (the delivery trigger, Art. 9(2)(b)) and <strong>how long</strong> it lasts in days (Art. 9(2)). Together these control the period each order's withdrawal is open.","Meghatározza, <strong>mikor</strong> kezdődik a 14 napos elállási jog (kézbesítési kiváltó, 9(2)(b). cikk) és <strong>meddig</strong> tart napokban (9(2). cikk). Együtt szabályozzák minden megrendelés elállási időszakát."
"Default 14 days per Art. 9(2). Extension allowed (e.g. 30, 100). Reduction below 14 is illegal — the field validates 14-3650 only.","Alapértelmezett 14 nap a 9(2). cikk szerint. Meghosszabbítás megengedett (pl. 30, 100). 14 alá csökkenteni jogellenes — a mező csak 14-3650 között validál."
"When on, carts that contain a detected digital item render the 2-checkbox waiver step at checkout. Has no effect unless <em>Eligibility Rules → Detection → Enable Digital Content Detection</em> is also on.","Bekapcsolva a felismert digitális tételt tartalmazó kosarak megjelenítik a 2 jelölőnégyzetes lemondási lépést a pénztárban. Nincs hatása, ha az <em>Elérhetőségi szabályok → Felismerés → Digitális tartalom felismerésének engedélyezése</em> nincs bekapcsolva."
"Optional. Comma-separated. Blind-copies the waiver-confirmation email to a merchant audit address. Leave blank to skip.","Választható. Vesszővel elválasztva. Titkos másolatot küld a lemondási visszaigazoló e-mailről a kereskedő audit-címére. Hagyja üresen a kihagyáshoz."
"<strong>⚠ Legal warning.</strong> Art. 11a(2) CRD requires the literal text ""withdraw from contract here"" <em>or a corresponding unambiguous formulation</em>. The default value (""Withdraw from contract here"") is the Directive's verbatim phrase; Per-locale translations are counsel-signed. <strong>Do not override unless you have received written advice from qualified consumer-law counsel in the target jurisdiction.</strong> Every override is recorded in the audit log.","<strong>⚠ Jogi figyelmeztetés.</strong> A fogyasztóvédelmi irányelv 11a(2) cikke megköveteli a szó szerinti szöveget „itt áll el a szerződéstől“ <em>vagy egy ennek megfelelő egyértelmű megfogalmazást</em>. Az alapértelmezett érték („Álljon el a szerződéstől itt“) az Irányelv szó szerinti kifejezése; A nyelvi fordítások jogászi aláírással rendelkeznek. <strong>Ne írja felül, hacsak nem kapott írásbeli tanácsot képzett fogyasztóvédelmi jogásztól a célországban.</strong> Minden felülírás bekerül a naplóba."
"<strong>⚠ Legal warning.</strong> This is the label on the final confirmation button. Default (""Confirm withdrawal"") is counsel-signed; Per-locale translations are counsel-signed. Override only with written legal advice; overrides are audit-logged.","<strong>⚠ Jogi figyelmeztetés.</strong> Ez a végső megerősítő gomb felirata. Az alapértelmezett („Elállás megerősítése“) jogászi aláírással rendelkezik; A nyelvi fordítások jogászi aláírással rendelkeznek. Csak írásbeli jogi tanácsadással írja felül; a felülírások a naplóba kerülnek."
"Cancel the linked order? No payment has been captured, so there is nothing to refund — the order will be cancelled in Magento.","Visszavonja a kapcsolt megrendelést? Nem történt fizetés, így nincs mit visszatéríteni — a megrendelés visszavonásra kerül a Magentóban."
"Scope & Applicability","Hatókör és alkalmazhatóság"
"Controls in which markets the self-service withdrawal flow is offered. These are merchant business decisions, not legal exclusions — an EU consumer's statutory right of withdrawal does not depend on them, and declarations received by other means (email, letter) must still be honoured manually.","Meghatározza, mely piacokon érhető el az önkiszolgáló elállási folyamat. Ezek a kereskedő üzleti döntései, nem jogi kizárások — egy uniós fogyasztó törvényes elállási joga nem függ tőlük, és az egyéb módon (e-mailben, levélben) beérkezett elállásokat továbbra is manuálisan kell teljesíteni."
"Restrict by Country","Korlátozás ország szerint"
"Offers the self-service withdrawal flow only for orders whose billing <strong>or</strong> shipping address is in the selected countries. <strong>Legal note:</strong> this restricts the storefront flow only — an EU consumer's statutory right of withdrawal does not depend on the address, and withdrawal declarations received by other means (email, letter) must still be honoured manually. Default: disabled.","Az önkiszolgáló elállási folyamatot csak azokra a rendelésekre kínálja fel, amelyek számlázási <strong>vagy</strong> szállítási címe a kiválasztott országokban van. <strong>Jogi megjegyzés:</strong> ez csak a webshopban zajló folyamatot korlátozza — egy uniós fogyasztó törvényes elállási joga nem függ a címtől, és az egyéb módon (e-mailben, levélben) beérkezett elállásokat továbbra is manuálisan kell teljesíteni. Alapértelmezett: kikapcsolva."
"Offer Withdrawal For Countries","Elállás felajánlása az országoknak"
"Preselected: EU-27 plus EEA (Norway, Iceland, Liechtenstein). Add the United Kingdom manually if you target UK consumers (separate national regime with a comparable 14-day right). If you clear this list, the restriction has no effect and the flow stays available to every customer.","Előre kiválasztva: EU-27 plusz EGT (Norvégia, Izland, Liechtenstein). Az Egyesült Királyságot kézzel adja hozzá, ha brit fogyasztókat céloz meg (külön nemzeti szabályozás hasonló 14 napos joggal). Ha törli ezt a listát, a korlátozásnak nincs hatása, és a folyamat minden vásárló számára elérhető marad."
"Custom-made to your specifications","Az Ön specifikációi szerint készült"
"Perishable goods","Romlandó áruk"
"Sealed hygiene item — seal broken","Lezárt higiéniai termék — a pecsét feltörve"
"Sealed audio/video — seal broken","Lezárt audió/videó — a pecsét feltörve"
"Newspapers, periodicals, magazines","Hírlapok, időszaki kiadványok, magazinok"
"Accommodation / event on specific date","Szállás / esemény meghatározott időpontban"
"Digital content — right waived at purchase","Digitális tartalom — a jogról a vásárláskor lemondtak"
"Withdrawal period has expired","Az elállási határidő lejárt"
"Already withdrawn in a prior request","Korábbi kérelemben már elállás történt"
"A draft withdrawal is holding this item. Confirm it via the email we sent, or cancel it in the 'Existing withdrawals' section above.","Ezt a tételt egy elállási piszkozat foglalja. Erősítse meg az általunk küldött e-mailben, vagy törölje a fenti „Meglévő elállások“ szakaszban."
