"View Credit Memo","Visualizza nota di credito"
"Issue Credit Memo","Emetti nota di credito"
"Approve","Approva"
"Approve this withdrawal request?","Approvare questa richiesta di recesso?"
"Deny","Rifiuta"
"Legal reason for denial (min 10 chars):","Motivo legale del rifiuto (min. 10 caratteri):"
"Cancel Request","Annulla richiesta"
"Cancel this withdrawal? Add an optional note for the customer (visible in their cancellation email):","Annullare questo recesso? Aggiungi una nota facoltativa per il cliente (visibile nella sua e-mail di annullamento):"
"Resend Receipt","Reinvia ricevuta"
"Send the receipt email again? The customer will receive another copy.","Inviare di nuovo l'e-mail di ricevuta? Il cliente riceverà un'altra copia."
"Withdrawal Request #%1","Richiesta di recesso #%1"
"Request Details","Dettagli della richiesta"
"Information","Informazioni"
"Reason for Denial","Motivo del rifiuto"
"Customer Cancellation Note","Nota di annullamento del cliente"
"Cancellation Note","Nota di annullamento"
"Status-Change Note","Nota di cambio stato"
"Code","Codice"
"Label","Etichetta"
"Add Reason","Aggiungi motivo"
"In progress","In corso"
"Refund issued","Rimborso emesso"
"Denied","Rifiutata"
"Cancelled","Annullata"
"Pending","In attesa"
"This is a transactional email about your order.","Questa è un'e-mail transazionale relativa al tuo ordine."
"Reason for denial","Motivo del rifiuto"
"Your cancellation note","La tua nota di annullamento"
"Note from our team","Nota dal nostro team"
"EU right of withdrawal","Diritto di recesso UE"
"Withdrawal right pending delivery","Diritto di recesso in attesa di consegna"
"Withdrawal window has ended","Periodo di recesso terminato"
"Not eligible for withdrawal","Non idoneo al recesso"
"Withdrawal already requested","Richiesta di recesso già inviata"
"You can withdraw from this contract any time — the 14-day deadline begins counting once the order is delivered.","Puoi recedere da questo contratto in qualsiasi momento — il termine di 14 giorni inizia a decorrere dalla consegna dell'ordine."
"Your 14-day withdrawal window will begin once this order is delivered.","Il tuo periodo di recesso di 14 giorni inizierà alla consegna di questo ordine."
"The 14-day window for withdrawing from this contract has ended.","Il periodo di 14 giorni per recedere da questo contratto è terminato."
"This order is not eligible for withdrawal under EU consumer law (Art. 16 Directive 2011/83/EU).","Questo ordine non è idoneo al recesso ai sensi del diritto dei consumatori UE (art. 16 Direttiva 2011/83/UE)."
"A withdrawal request for this order has been submitted. See the request details below.","È stata inviata una richiesta di recesso per questo ordine. Vedi i dettagli della richiesta di seguito."
"This order contains a perishable item that cannot be returned (food with short shelf life, fresh flowers, etc.).","Questo ordine contiene un articolo deperibile che non può essere restituito (alimenti a breve scadenza, fiori freschi, ecc.)."
"This order contains a custom-made or personalised item that cannot be returned.","Questo ordine contiene un articolo confezionato su misura o personalizzato che non può essere restituito."
"This order contains a sealed hygiene item. You keep the right of withdrawal only while the seal stays intact — once unsealed after delivery, the right is lost.","Questo ordine contiene un articolo igienico sigillato. Mantieni il diritto di recesso solo finché il sigillo resta integro — una volta rotto il sigillo dopo la consegna, il diritto viene perso."
"This order contains a sealed audio / video / software item. You keep the right of withdrawal only while the seal stays intact — once unsealed after delivery, the right is lost.","Questo ordine contiene un articolo audio / video / software sigillato. Mantieni il diritto di recesso solo finché il sigillo resta integro — una volta rotto il sigillo dopo la consegna, il diritto viene perso."
"This order contains digital content. Once you start using or downloading the content, you lose the right of withdrawal (you consented to this at checkout).","Questo ordine contiene contenuto digitale. Una volta avviato l'uso o il download del contenuto, perdi il diritto di recesso (hai prestato il tuo consenso al momento del checkout)."
"%1 item(s) · Refund %2","%1 articoli · Rimborso %2"
"Awaiting confirmation","In attesa di conferma"
"Cancel withdrawal %1? Your refund will not be processed.","Annullare il recesso %1? Il tuo rimborso non verrà elaborato."
"Submitted","Inviata"
"Approved","Approvata"
"Fully returned","Restituito interamente"
"Return requested","Restituzione richiesta"
"Not eligible","Non idoneo"
"Partially requested","Richiesto parzialmente"
"— Select a reason —","— Seleziona un motivo —"
"Other","Altro"
"The refund will be issued using your original payment method within 5-7 business days after we receive your return.","Il rimborso verrà effettuato tramite il tuo metodo di pagamento originale entro 5-7 giorni lavorativi dalla ricezione del reso."
"Withdrawal right lost (Art. 16(m) CRD) — digital performance started on %1.","Diritto di recesso perso (art. 16(m) CRD) — esecuzione digitale iniziata il %1."
"Request #%1 not found.","Richiesta #%1 non trovata."
"Receipt email re-queued for request #%1. Delivery will retry asynchronously.","E-mail di ricevuta rimessa in coda per la richiesta #%1. La consegna verrà ritentata in modo asincrono."
"Failed to queue receipt resend: %1","Impossibile mettere in coda il rinvio della ricevuta: %1"
"Note text is empty.","Il testo della nota è vuoto."
"Note added to request #%1.","Nota aggiunta alla richiesta #%1."
"Request #%1 approved.","Richiesta #%1 approvata."
"Request #%1 cancelled.","Richiesta #%1 annullata."
"Request #%1 denied.","Richiesta #%1 rifiutata."
"Invalid request id.","ID richiesta non valido."
"Unable to open temporary file for CSV export.","Impossibile aprire il file temporaneo per l'esportazione CSV."
"Withdrawal Requests","Richieste di recesso"
"%1 requests queued for acceptance.","%1 richieste in coda per l'accettazione."
"%1 request(s) approved.","%1 richiesta/e approvata/e."
"%1 request(s) failed. First errors: %2","%1 richiesta/e non riuscita/e. Primi errori: %2"
"Note added to %1 request(s).","Nota aggiunta a %1 richiesta/e."
"Underlying order #%1 not found.","Ordine sottostante #%1 non trovato."
"Order #%1 has no invoice yet — Magento requires an invoice before a credit memo can be created. Open an invoice first (Sales → Orders → #%1 → Invoice button), then return here to refund.","L'ordine #%1 non ha ancora una fattura — Magento richiede una fattura prima di poter creare una nota di credito. Crea prima una fattura (Vendite → Ordini → #%1 → pulsante Fattura), poi torna qui per il rimborso."
"No items recorded on this withdrawal request — the credit memo will open with default invoice qtys; please adjust manually.","Nessun articolo registrato su questa richiesta di recesso — la nota di credito verrà aperta con le quantità di fattura predefinite; correggi manualmente."
"Pre-filled credit memo for withdrawal #%1 — review the qtys + shipping refund below, then click Refund Online or Refund Offline.","Nota di credito precompilata per il recesso #%1 — verifica le quantità e il rimborso della spedizione qui sotto, quindi fai clic su Rimborso Online o Rimborso Offline."
"Some items are no longer eligible. Please reload and try again.","Alcuni articoli non sono più idonei. Ricarica la pagina e riprova."
"We could not process your request. Please try again.","Non è stato possibile elaborare la tua richiesta. Riprova."
"Item","Articolo"
"We could not find a matching order for that email.","Non abbiamo trovato un ordine corrispondente a questa e-mail."
"Withdraw from a contract","Recedi dal contratto"
"Withdrawal not found.","Recesso non trovato."
"This withdrawal can no longer be cancelled online. Contact us if you need help.","Questo recesso non può più essere annullato online. Contattaci se hai bisogno di aiuto."
"Withdrawal #%1 cancelled.","Recesso #%1 annullato."
"Please fill in all required fields.","Compila tutti i campi obbligatori."
"%1 item(s) were excluded from the withdrawal because the seal is broken (Art. 16(e)/(i) Directive 2011/83/EU).","%1 articolo/i è/sono stato/i escluso/i dal recesso perché il sigillo è rotto (art. 16, lett. e)/i) Direttiva 2011/83/UE)."
"Please select at least one item to withdraw.","Seleziona almeno un articolo da recedere."
"One or more items are no longer available for withdrawal. Please refresh and try again.","Uno o più articoli non sono più disponibili per il recesso. Aggiorna la pagina e riprova."
"None of the selected items are eligible for withdrawal.","Nessuno degli articoli selezionati è idoneo al recesso."
"Hash mismatch for quote item %1","Hash non corrispondente per l'articolo del preventivo %1"
"Requested qty %1 exceeds remaining %2 for order item %3","La quantità richiesta %1 supera quella residua %2 per l'articolo dell'ordine %3"
"No delivery confirmation recorded for this order yet.","Nessuna conferma di consegna ancora registrata per questo ordine."
"No eligible items selected for withdrawal","Nessun articolo idoneo selezionato per il recesso"
"Physical goods","Beni materiali"
"Digital content (non-tangible)","Contenuto digitale (non tangibile)"
"Digital service (SaaS / subscription)","Servizio digitale (SaaS / abbonamento)"
"Financial services (not supported)","Servizi finanziari (non supportato)"
"Downloadable products","Prodotti scaricabili"
"Virtual products","Prodotti virtuali"
"Bundles containing digital children","Bundle contenenti elementi figli digitali"
"Custom attribute flag","Flag attributo personalizzato"
"locale_inheritance.xml missing at %1","locale_inheritance.xml mancante in %1"
"locale_inheritance.xml unreadable at %1","locale_inheritance.xml non leggibile in %1"
"locale_inheritance.xml failed XSD validation: %1","locale_inheritance.xml non ha superato la convalida XSD: %1"
"Original payment method","Metodo di pagamento originale"
"This is your durable-medium receipt for the withdrawal (Art. 11a(4) Directive 2011/83/EU).","Questa è la tua ricevuta su supporto durevole per il recesso (art. 11 bis, par. 4 Direttiva 2011/83/UE)."
"This email is a notification about your withdrawal request.","Questa e-mail è una notifica relativa alla tua richiesta di recesso."
"5–7 business days","5–7 giorni lavorativi"
"This is a confirmation that your withdrawal request has been recorded.","Questa è una conferma che la tua richiesta di recesso è stata registrata."
"MageMe EU Withdrawal is installed but not enabled. Review the compliance checklist and configure the module before enabling: <a href=""%1"">Stores → Configuration → MageMe Extensions → EU Withdrawal</a>.","MageMe EU Withdrawal è installato ma non abilitato. Esamina la checklist di conformità e configura il modulo prima di abilitarlo: <a href=""%1"">Stores → Configuration → MageMe Extensions → EU Withdrawal</a>."
"Delivery confirmation status is not configured. Set Stores → Configuration → MageMe Extensions → EU Withdrawal → Withdrawal Period → Delivery Confirmation Statuses.","Lo stato di conferma della consegna non è configurato. Imposta Stores → Configuration → MageMe Extensions → EU Withdrawal → Withdrawal Period → Delivery Confirmation Statuses."
"No Annex I source found for locale %1 along chain %2","Nessuna sorgente dell'Allegato I trovata per la lingua %1 lungo la catena %2"
"Annex I source for locale %1 is malformed","La sorgente dell'Allegato I per la lingua %1 è malformata"
"Missing merchant variables for Annex I rendering: %1","Variabili del commerciante mancanti per il rendering dell'Allegato I: %1"
"Receipt hash mismatch for request %1","Hash della ricevuta non corrispondente per la richiesta %1"
"Request %1 not found.","Richiesta %1 non trovata."
"Denying a withdrawal request requires a legal basis of at least 10 characters.","Il rifiuto di una richiesta di recesso richiede una base legale di almeno 10 caratteri."
"Withdrawal request cannot transition from ""%1"" to ""%2"".","La richiesta di recesso non può passare da ""%1"" a ""%2""."
"Request %1 is not in pending_confirm state.","La richiesta %1 non è nello stato pending_confirm."
"Withdrawal request #%1 does not exist.","La richiesta di recesso #%1 non esiste."
"No digital items on order %1","Nessun articolo digitale nell'ordine %1"
"This is your durable-medium copy of the waiver you signed at checkout (Art. 11a(4) Directive 2011/83/EU).","Questa è la tua copia su supporto durevole della rinuncia firmata al checkout (art. 11 bis, par. 4 Direttiva 2011/83/UE)."
"Waived","Rinunciato"
"Waiver email render failed: %1","Rendering dell'email di rinuncia non riuscito: %1"
"Digital content waiver text has changed — please reload checkout.","Il testo della rinuncia al contenuto digitale è cambiato — ricarica il checkout."
"Digital content waiver is incomplete for item %1.","La rinuncia al contenuto digitale è incompleta per l'articolo %1."
"bad","errato"
"smtp down","smtp down"
"smtp","smtp"
"down","non funzionante"
"No shipment found for order 42.","Nessuna spedizione trovata per l'ordine 42."
"View","Visualizza"
"Withdrawal & Customer Information","Informazioni sul recesso e sul cliente"
"Request # %1","Richiesta n. %1"
"Request Status","Stato della richiesta"
"Submitted At","Inviata il"
"Related Order","Ordine correlato"
"Jurisdiction","Giurisdizione"
"Contract Type","Tipo di contratto"
"Receipt Status","Stato della ricevuta"
"%1 attempt(s)","%1 tentativo/i"
"Receipt Error","Errore di ricevuta"
"Customer Information","Informazioni cliente"
"Customer Name","Nome cliente"
"Email","E-mail"
"Locale","Lingua"
"Items Selected for Withdrawal","Articoli selezionati per il recesso"
"Product","Prodotto"
"Price","Prezzo"
"Qty","Qtà"
"Subtotal","Subtotale"
"Refund","Rimborso"
"Reason","Motivo"
"Eligibility","Idoneità"
"No items associated with this request.","Nessun articolo associato a questa richiesta."
"SKU","SKU"
"Ordered","Ordinati"
"Withdrawing","In recesso"
"Refund Total","Totale rimborso"
"Notes for this Request","Note per questa richiesta"
"Internal notes — visible to admin staff only. Not sent to the customer.","Note interne — visibili solo al personale amministrativo. Non inviate al cliente."
"Comment","Commento"
"Add internal note (max 2000 chars)","Aggiungi nota interna (max 2000 caratteri)"
"Submit Comment","Invia commento"
"No comments added yet.","Nessun commento ancora aggiunto."
" by %1"," da %1"
"Refund Totals","Totali rimborso"
"Items Subtotal","Subtotale articoli"
"Shipping Refund","Rimborso spedizione"
"Total Refund","Rimborso totale"
"Changes have been made to this section that have not been saved.","Sono state apportate modifiche a questa sezione che non sono state salvate."
"This tab contains invalid data. Please resolve this before saving.","Questa scheda contiene dati non validi. Correggi prima di salvare."
"Contact us","Contattaci"
"Returns","Resi"
"FAQs","FAQ"
"All rights reserved.","Tutti i diritti riservati."
"Returned items","Articoli restituiti"
"No image","Nessuna immagine"
"Item status","Stato dell'articolo"
"Withdrawal options for this order","Opzioni di recesso per questo ordine"
"You can return this order until %1.","Puoi restituire questo ordine entro il %1."
"(Art. 11a Directive 2011/83/EU)","(Art. 11 bis Direttiva 2011/83/UE)"
"Submit a withdrawal request to start the refund process.","Invia una richiesta di recesso per avviare il processo di rimborso."
"(Art. 9(2)(b) Directive 2011/83/EU)","(Art. 9, par. 2, lett. b) Direttiva 2011/83/UE)"
"Start withdrawal","Avvia recesso"
"Your withdrawal requests","Le tue richieste di recesso"
"Submitted %1","Inviata %1"
"Show items","Mostra articoli"
"Cancel withdrawal","Annulla recesso"
"Qty %1","Q.tà %1"
"Receipt details","Dettagli della ricevuta"
"Receipt number","Numero di ricevuta"
"Order number","Numero d'ordine"
"Consumer","Consumatore"
"Refund total","Rimborso totale"
"Merchant","Venditore"
"Legal basis","Base legale"
"SKU %1","SKU %1"
"Shipping refund","Rimborso spedizione"
"Tax refund","Rimborso imposte"
"Total refund","Rimborso totale"
"Digital content — Art. 16(m) notice","Contenuto digitale — Avviso art. 16(m)"
"By placing the order you agreed to begin performance of the digital content before the end of the withdrawal period and acknowledged that, once performance has begun, the right of withdrawal no longer applies. This notice is shown for your records.","Effettuando l'ordine hai accettato l'inizio dell'esecuzione del contenuto digitale prima della fine del periodo di recesso e riconosciuto che, una volta iniziata l'esecuzione, il diritto di recesso non si applica più. Questo avviso ti viene mostrato a titolo di documentazione."
"Existing withdrawals for this order","Recessi esistenti per questo ordine"
"You can cancel a withdrawal here until it is approved.","Puoi annullare un recesso qui fino a quando non viene approvato."
"Request #%1","Richiesta #%1"
"SKU: %1","SKU: %1"
"Estimated refund: %1 %2","Rimborso stimato: %1 %2"
"Cancel this withdrawal","Annulla questo recesso"
"Are you sure? This cannot be undone.","Sei sicuro? Questa azione non può essere annullata."
"Yes, cancel","Sì, annulla"
"Keep it","Mantieni"
"Select items to return","Seleziona articoli da restituire"
"Choose all items or only some of them. Set the return quantity for each item you want to withdraw.","Scegli tutti gli articoli o solo alcuni di essi. Imposta la quantità di reso per ogni articolo da cui vuoi recedere."
"You have 14 days from the day you received your order to withdraw from the contract without giving a reason.","Hai 14 giorni dal giorno in cui hai ricevuto il tuo ordine per recedere dal contratto senza fornire alcuna motivazione."
"Back to order search","Torna alla ricerca ordini"
"Cancel","Annulla"
"Continue to review","Continua alla revisione"
"Review and confirm","Rivedi e conferma"
"Order #%1","Ordine #%1"
"Placed on %1","Effettuato il %1"
"Awaiting delivery","In attesa di consegna"
"Delivered on %1","Consegnato il %1"
"Total","Totale"
"Return shipping","Spedizione di reso"
"View return policy","Vedi politica di reso"
"Refund method","Metodo di rimborso"
"Refund will be issued to your original payment method.","Il rimborso sarà effettuato sul tuo metodo di pagamento originale."
"Return summary","Riepilogo reso"
"Shipping & Handling","Spedizione e gestione"
"Tax","Imposte"
"Back to items","Torna agli articoli"
"Submit return request","Invia richiesta di reso"
"Your return request has been submitted!","La tua richiesta di reso è stata inviata!"
"We've emailed you a notification with your return details and a prepaid return label (if applicable). You have 14 days from the delivery date to send your items back.","Ti abbiamo inviato un'e-mail di notifica con i dettagli del reso e un'etichetta di reso prepagata (se applicabile). Hai 14 giorni dalla data di consegna per rispedire gli articoli."
"Return request number","Numero richiesta di reso"
"Copy request number","Copia numero richiesta"
"Copied!","Copiato!"
"Confirmation email sent","E-mail di conferma inviata"
"We've sent the details to","Abbiamo inviato i dettagli a"
"What happens next?","Cosa succede ora?"
"Pack your items securely","Imballa gli articoli con cura"
"Send them back using the provided instructions","Rispediscili seguendo le istruzioni fornite"
"We'll inspect your return","Ispezioneremo il tuo reso"
"Your refund will be issued to your original payment method","Il tuo rimborso sarà accreditato sul metodo di pagamento originale"
"Need more help?","Hai bisogno di altro aiuto?"
"View my returns","Visualizza i miei resi"
"Contact support","Contatta il supporto"
"Purchased","Acquistati"
"Returned","Restituiti"
"Decrease quantity","Diminuisci quantità"
"Increase quantity","Aumenta quantità"
"Is the hygiene seal still intact?","Il sigillo igienico è ancora intatto?"
"Is the original software / media seal still intact?","Il sigillo originale del software/supporto è ancora intatto?"
"Yes — it's still sealed","Sì — è ancora sigillato"
"Refund possible — return the unopened package.","Rimborso possibile — restituisci il pacco non aperto."
"No — I've opened it","No — l'ho aperto"
"This item cannot be returned (Art. 16(e) Directive 2011/83/EU).","Questo articolo non può essere restituito (art. 16, lett. e) Direttiva 2011/83/UE)."
"This item cannot be returned (Art. 16(i) Directive 2011/83/EU).","Questo articolo non può essere restituito (art. 16, lett. i) Direttiva 2011/83/UE)."
"Once you confirm the seal is broken, this item is excluded from the withdrawal request and the quantity will be reset to zero.","Una volta confermato che il sigillo è rotto, questo articolo viene escluso dalla richiesta di recesso e la quantità sarà azzerata."
"Reason for return (optional)","Motivo del reso (facoltativo)"
"Tell us more (optional, max 500 chars)","Dicci di più (facoltativo, max 500 caratteri)"
"Already returned.","Già restituito."
"awaiting admin review","in attesa di revisione amministrativa"
"awaiting confirmation","in attesa di conferma"
"Request %1 %2 (%3 item%4).","Richiesta %1 %2 (%3 articolo%4)."
"Return request awaiting review.","Richiesta di reso in attesa di revisione."
"Cancel request","Annulla richiesta"
"Under EU consumer law, you may withdraw from most contracts within 14 days without giving a reason.","Ai sensi del diritto dei consumatori UE, puoi recedere dalla maggior parte dei contratti entro 14 giorni senza fornire alcuna motivazione."
"Read your full pre-contract rights (Art. 6)","Leggi i tuoi diritti precontrattuali completi (art. 6)"
"Under Art. 6 of Directive 2011/83/EU (as amended by Directive (EU) 2023/2673), before you placed this order the seller informed you — or made available — the following information:","Ai sensi dell'art. 6 della Direttiva 2011/83/UE (come modificata dalla Direttiva (UE) 2023/2673), prima dell'invio dell'ordine il venditore ti ha informato — o ha messo a disposizione — le seguenti informazioni:"
"The main characteristics of the goods or services.","Le caratteristiche principali dei beni o servizi."
"The identity and contact details of the trader.","L'identità e i dati di contatto del professionista."
"The total price including all taxes and any delivery costs.","Il prezzo totale comprensivo di tutte le imposte e di eventuali spese di spedizione."
"The arrangements for payment, delivery and performance, and complaint-handling.","Le modalità di pagamento, consegna ed esecuzione, e di trattamento dei reclami."
"Your right of withdrawal: under Art. 9 you have 14 days to withdraw from this distance contract without giving a reason. For physical goods, the 14-day period starts on the day you (or a third party nominated by you) take physical possession of the goods. For services and digital content, different starting dates apply (Art. 9(2)(a)/(c)).","Il tuo diritto di recesso: ai sensi dell'art. 9 hai 14 giorni per recedere da questo contratto a distanza senza fornire alcuna motivazione. Per i beni materiali, il periodo di 14 giorni decorre dal giorno in cui tu (o un terzo da te designato) acquisisci il possesso fisico dei beni. Per i servizi e i contenuti digitali si applicano date di decorrenza diverse (art. 9, par. 2, lett. a)/c))."
"Exceptions: the right does not apply to certain goods and services listed in Art. 16 (e.g., custom-made goods, sealed hygiene items once unsealed, digital content whose performance has begun with your prior express consent and acknowledgement that you lose the withdrawal right).","Eccezioni: il diritto non si applica a determinati beni e servizi elencati nell'art. 16 (ad es., beni confezionati su misura, articoli igienici sigillati una volta rotto il sigillo, contenuti digitali la cui esecuzione è iniziata con il tuo previo consenso espresso e con la presa d'atto della perdita del diritto di recesso)."
"The legal guarantee of conformity for goods applies under Art. 5 of Directive 2019/771, in addition to the right of withdrawal.","La garanzia legale di conformità dei beni si applica ai sensi dell'art. 5 della Direttiva 2019/771, in aggiunta al diritto di recesso."
"Delivery: %1","Consegna: %1"
"Total paid","Totale pagato"
"Pick an order to withdraw from","Scegli un ordine da cui recedere"
"Select a recent order to start your withdrawal.","Seleziona un ordine recente per avviare il tuo recesso."
"Select","Seleziona"
"Withdrawal progress","Avanzamento del recesso"
"title","titolo"
"subtitle","sottotitolo"
"Items to return","Articoli da restituire"
"0 items","0 articoli"
"Refund summary","Riepilogo rimborso"
"No items in this order are currently eligible for withdrawal.","Nessun articolo di questo ordine è attualmente idoneo al recesso."
"Each line is either already being processed, pending confirmation, or has been fully withdrawn. Check the existing requests section above for status or to cancel.","Ogni riga è già in elaborazione, in attesa di conferma o è stata interamente oggetto di recesso. Controlla la sezione delle richieste esistenti qui sopra per lo stato o per annullare."
"No items selected yet. Use the + button next to an item to add it to your return.","Nessun articolo selezionato. Usa il pulsante + accanto a un articolo per aggiungerlo al tuo reso."
"Find your order","Trova il tuo ordine"
"Enter the details you used during checkout to start a return or withdrawal.","Inserisci i dati utilizzati al momento del pagamento per avviare un reso o un recesso."
"We could not find an order matching that email. Double-check your order number and email address.","Non abbiamo trovato un ordine corrispondente a questa e-mail. Verifica il numero d'ordine e l'indirizzo e-mail."
"e.g. 12345","es. 12345"
"You can find this in your order confirmation email.","Puoi trovarlo nell'email di conferma dell'ordine."
"Email address","Indirizzo email"
"you@example.com","you@example.com"
"Must match the email used for the order.","Deve corrispondere all'email utilizzata per l'ordine."
"Find my order","Trova il mio ordine"
"You have the right to withdraw from your purchase within 14 days of receiving your order, without giving any reason.","Hai il diritto di recedere dall'acquisto entro 14 giorni dalla ricezione dell'ordine, senza fornire alcuna motivazione."
"Need help finding your order?","Hai bisogno di aiuto per trovare il tuo ordine?"
"Select an order","Seleziona un ordine"
"Choose an order from your history to start a return or withdrawal.","Scegli un ordine dalla cronologia per avviare un reso o un recesso."
"You don't have any orders eligible for withdrawal. The 14-day withdrawal window runs from the day you received your order.","Non hai ordini idonei al recesso. La finestra di recesso di 14 giorni decorre dal giorno della ricezione dell'ordine."
"View all my orders","Visualizza tutti i miei ordini"
"items","articoli"
"Select order","Seleziona ordine"
"No recent withdrawal","Nessun recesso recente"
"We could not find a recent withdrawal in this session. If you have just submitted one, please check your inbox for the confirmation email.","Non abbiamo trovato un recesso recente in questa sessione. Se ne hai appena inviato uno, controlla la tua casella di posta per l'e-mail di conferma."
"Start a new withdrawal","Avvia un nuovo recesso"
"Withdrawal #%1 submitted","Recesso #%1 inviato"
"Related order:","Ordine correlato:"
"Items","Articoli"
"Items included in this withdrawal","Articoli inclusi in questo recesso"
"Line Total","Totale riga"
"What happens next","Cosa succede ora"
"You will receive a receipt email with the full withdrawal statement and integrity hash within a few minutes.","Riceverai un'e-mail di ricevuta con la dichiarazione completa di recesso e l'hash di integrità entro pochi minuti."
"The 14-day window under Art. 9 CRD is locked to the moment you confirmed the withdrawal — nothing further is required from you to preserve the right.","La finestra di 14 giorni di cui all'art. 9 della direttiva sui diritti dei consumatori è fissata al momento in cui hai confermato il recesso — non è richiesta alcuna altra azione da parte tua per preservare il diritto."
"The final refund is determined after we receive the returned items (Art. 14(2)) and is issued to the original payment method. Expect the funds within 14 days of receipt.","Il rimborso finale viene determinato dopo la ricezione degli articoli restituiti (art. 14, par. 2) ed è accreditato sul metodo di pagamento originale. I fondi sono previsti entro 14 giorni dalla ricezione."
"Back to Withdrawals","Torna ai recessi"
"Verzichtsbestätigung digitaler Inhalte — Bestellung %increment_id","Conferma di rinuncia al contenuto digitale — Ordine %increment_id"
"Sehr geehrte/r %name,","Gentile %name,"
"Dies ist die Bestätigung auf einem dauerhaften Datenträger Ihrer ausdrücklichen Einwilligung zum Beginn der Ausführung folgender digitaler Inhalte sowie Ihrer Bestätigung, dass Sie dadurch Ihr Widerrufsrecht verlieren (Art. 16(m) VRL).","Questa è la conferma su supporto durevole del tuo consenso espresso all'avvio dell'esecuzione dei seguenti contenuti digitali, nonché della tua presa d'atto che, così facendo, perdi il diritto di recesso (art. 16, lett. m) della Direttiva sui diritti dei consumatori)."
"Durch den Verzicht abgedeckte digitale Inhalte","Contenuti digitali coperti dalla rinuncia"
"Ihre ausdrückliche Einwilligung","Il tuo consenso espresso"
"Eingewilligt am:","Acconsentito il:"
"Ihre Bestätigung zum Verlust des Widerrufsrechts","La tua presa d'atto della perdita del diritto di recesso"
"Bestätigt am:","Confermato il:"
"Verzichtsreferenz:","Riferimento della rinuncia:"
"Rechtsgrundlage: Art. 16(m) Verbraucherrechterichtlinie 2011/83/EU.","Base legale: art. 16, lett. m) della Direttiva 2011/83/UE sui diritti dei consumatori."
"Digital content waiver confirmation — Order %1","Conferma di rinuncia al contenuto digitale — Ordine %1"
"Dear %name,","Gentile %name,"
"This is the durable-medium confirmation of your express consent to begin performance of the following digital items, and your acknowledgment that by doing so you lose your right of withdrawal (Art. 16(m) CRD).","Questa è la conferma su supporto durevole del tuo consenso espresso all'avvio dell'esecuzione dei seguenti articoli digitali, nonché della tua presa d'atto che, così facendo, perdi il diritto di recesso (art. 16, lett. m) della direttiva sui diritti dei consumatori)."
"Digital items covered by this waiver","Articoli digitali coperti da questa rinuncia"
"Your express consent","Il tuo consenso espresso"
"Consented at:","Acconsentito il:"
"Your acknowledgment of loss of withdrawal right","La tua presa d'atto della perdita del diritto di recesso"
"Acknowledged at:","Riconosciuto il:"
"Waiver reference:","Riferimento della rinuncia:"
"Legal basis: Art. 16(m) Consumer Rights Directive 2011/83/EU.","Base legale: art. 16(m) della direttiva 2011/83/UE sui diritti dei consumatori."
"Digitaalisen sisällön luopumisvahvistus — Tilaus %increment_id","Conferma di rinuncia al contenuto digitale — Ordine %increment_id"
"Hyvä %name,","Gentile %name,"
"Tämä on pysyvällä tietovälineellä annettu vahvistus nimenomaisesta suostumuksestasi aloittaa seuraavien digitaalisten sisältöjen toimitus sekä vahvistuksestasi, että menetät peruuttamisoikeutesi (KSL 6:16).","Questa è la conferma su supporto durevole del tuo consenso espresso all'avvio della fornitura dei seguenti contenuti digitali, nonché della tua presa d'atto che, così facendo, perdi il diritto di recesso (art. 16, lett. m) della Direttiva 2011/83/UE)."
"Luopumisen kattamat digitaaliset sisällöt","Contenuti digitali coperti dalla rinuncia"
"Nimenomainen suostumuksesi","Il tuo consenso espresso"
"Suostuttu:","Acconsentito il:"
"Vahvistuksesi peruuttamisoikeuden menettämisestä","La tua presa d'atto della perdita del diritto di recesso"
"Vahvistettu:","Confermato il:"
"Luopumisen viite:","Riferimento della rinuncia:"
"Oikeusperusta: KSL 6:16 / Art. 16(m) kuluttajanoikeusdirektiivi 2011/83/EU.","Base legale: art. 16, lett. m) della Direttiva 2011/83/UE sui diritti dei consumatori."
"Confirmation de renonciation au contenu numérique — Commande %increment_id","Conferma di rinuncia al contenuto digitale — Ordine %increment_id"
"Cher/Chère %name,","Gentile %name,"
"Ceci est la confirmation sur un support durable de votre consentement exprès à commencer l'exécution des contenus numériques suivants, et de votre reconnaissance que vous perdez ainsi votre droit de rétractation (Art. L. 221-28 Code consommation).","Questa è la conferma su supporto durevole del tuo consenso espresso all'avvio dell'esecuzione dei seguenti contenuti digitali, nonché della tua presa d'atto della perdita del diritto di recesso (art. 16, lett. m) della Direttiva 2011/83/UE)."
"Contenus numériques couverts par la présente renonciation","Contenuti digitali coperti dalla presente rinuncia"
"Votre consentement exprès","Il tuo consenso espresso"
"Consenti le :","Acconsentito il:"
"Votre reconnaissance de la perte du droit de rétractation","La tua presa d'atto della perdita del diritto di recesso"
"Reconnu le :","Riconosciuto il:"
"Référence de renonciation :","Riferimento della rinuncia:"
"Base légale : Art. L. 221-28 Code consommation / Art. 16(m) Directive 2011/83/UE.","Base legale: art. 16, lett. m) della Direttiva 2011/83/UE sui diritti dei consumatori."
"Bevestiging afstand digitale inhoud — Bestelling %increment_id","Conferma di rinuncia al contenuto digitale — Ordine %increment_id"
"Beste %name,","Gentile %name,"
"Dit is de bevestiging op een duurzame gegevensdrager van uw uitdrukkelijke toestemming om te beginnen met de levering van de volgende digitale inhoud, en uw erkenning dat u daardoor uw herroepingsrecht verliest (Art. 6:230s BW).","Questa è la conferma su supporto durevole del tuo consenso espresso all'avvio della fornitura dei seguenti contenuti digitali, nonché della tua presa d'atto che, così facendo, perdi il diritto di recesso (art. 16, lett. m) della Direttiva 2011/83/UE)."
"Onder deze afstand vallende digitale items","Articoli digitali coperti dalla presente rinuncia"
"Uw uitdrukkelijke toestemming","Il tuo consenso espresso"
"Toestemming verleend op:","Acconsentito il:"
"Uw erkenning van verlies van herroepingsrecht","La tua presa d'atto della perdita del diritto di recesso"
"Erkend op:","Riconosciuto il:"
"Afstandreferentie:","Riferimento della rinuncia:"
"Rechtsgrondslag: Art. 6:230s BW / Art. 16(m) Richtlijn 2011/83/EU.","Base legale: art. 16, lett. m) della Direttiva 2011/83/UE sui diritti dei consumatori."
"[EU Withdrawal] Receipt send failed — request #%request_id","[EU Withdrawal] Invio della ricevuta non riuscito — richiesta #%request_id"
"The receipt email for withdrawal request #%request_id has failed to send permanently.","L'invio dell'e-mail di ricevuta per la richiesta di recesso #%request_id non è andato a buon fine in modo permanente."
"Inspect the <code>mm_eu_withdrawal_request.receipt_last_error</code> column for the last error message, and the <code>mm_eu_withdrawal_request.receipt_send_attempts</code> column for the retry count.","Controlla la colonna <code>mm_eu_withdrawal_request.receipt_last_error</code> per l'ultimo messaggio di errore e la colonna <code>mm_eu_withdrawal_request.receipt_send_attempts</code> per il numero di tentativi."
"You can requeue the send from the admin grid after resolving the underlying issue.","Puoi rimettere in coda l'invio dalla griglia amministrativa dopo aver risolto il problema sottostante."
"Your refund is on its way — Withdrawal #%1","Il tuo rimborso è in arrivo — Recesso n. %1"
"Your refund is on its way","Il tuo rimborso è in arrivo"
"Hi %name, we've approved your withdrawal request and started the refund process.","Ciao %name, abbiamo approvato la tua richiesta di recesso e avviato il processo di rimborso."
"View refund details","Visualizza dettagli rimborso"
"Withdrawal number","Numero di recesso"
"Approved on","Approvato il"
"Estimated arrival","Arrivo stimato"
"Status","Stato"
"Your refund will be issued to your original payment method within 5–7 business days. You'll see it on your card or bank statement once it lands.","Il tuo rimborso sarà accreditato sul metodo di pagamento originale entro 5–7 giorni lavorativi. Lo vedrai sull'estratto conto della tua carta o banca non appena risulterà accreditato."
"Need help?","Hai bisogno di aiuto?"
"Reply to this email or contact us at","Rispondi a questa e-mail o scrivici a"
"Your withdrawal was cancelled — Withdrawal #%1","Il tuo recesso è stato annullato — Recesso n. %1"
"Your withdrawal was cancelled","Il tuo recesso è stato annullato"
"Hi %name, we've cancelled your withdrawal request.","Ciao %name, abbiamo annullato la tua richiesta di recesso."
"Submit a new request","Invia una nuova richiesta"
"Cancelled request","Richiesta annullata"
"Cancelled on","Annullata il"
"Refund requested","Rimborso richiesto"
"If this was unexpected, you can submit a new withdrawal request as long as your 14-day window is still open. Reach out if you need help — we're happy to clarify.","Se non era nei tuoi piani, puoi inviare una nuova richiesta di recesso finché la finestra di 14 giorni è ancora aperta. Contattaci se hai bisogno di aiuto — siamo qui per chiarirti i dubbi."
"Cancellation confirmed — Withdrawal #%1","Annullamento confermato — Recesso n. %1"
"Cancellation confirmed","Annullamento confermato"
"Hi %name, your withdrawal request has been cancelled as you asked.","Ciao %name, la tua richiesta di recesso è stata annullata come richiesto."
"Back to my orders","Torna ai miei ordini"
"Cancelled by","Annullata da"
"You","Tu"
"Your order remains active and there's no further action needed. If you change your mind, you can start a new withdrawal request any time within your 14-day window.","Il tuo ordine rimane attivo e non sono necessarie altre azioni. Se cambi idea, puoi avviare una nuova richiesta di recesso in qualsiasi momento entro la finestra di 14 giorni."
"Update on your withdrawal request — Withdrawal #%1","Aggiornamento sulla tua richiesta di recesso — Recesso n. %1"
"We can't process this withdrawal","Non possiamo elaborare questo recesso"
"Hi %name, after reviewing your withdrawal request we're unable to approve it.","Ciao %name, dopo aver esaminato la tua richiesta di recesso non possiamo approvarla."
"Request details","Dettagli della richiesta"
"Reviewed on","Rivista il"
"Decision","Decisione"
"Reason from our team","Motivo del nostro team"
"If you'd like to discuss this decision, our team is here to help. Reply to this email or use the button above.","Se desideri discutere questa decisione, il nostro team è a tua disposizione. Rispondi a questa e-mail o usa il pulsante qui sopra."
"Your withdrawal request has been submitted — Order #%1","La tua richiesta di recesso è stata inviata — Ordine n. %1"
"Your return request has been submitted","La tua richiesta di recesso è stata inviata"
"Hi %name, we've received your return request and are currently reviewing it. You'll hear back when we've inspected your return and processed your refund.","Ciao %name, abbiamo ricevuto la tua richiesta di recesso e la stiamo esaminando. Ti faremo sapere appena avremo controllato il reso ed elaborato il rimborso."
"Return number","Numero di reso"
"Requested on","Richiesto il"
"We'll inspect your return and notify you once approved. Refunds are issued to your original payment method within 5–7 business days after approval.","Controlleremo il tuo reso e ti avviseremo una volta approvato. I rimborsi vengono accreditati sul metodo di pagamento originale entro 5–7 giorni lavorativi dall'approvazione."
"If you have any questions, our customer service team is here to help.","Per qualsiasi domanda, il nostro servizio clienti è a tua disposizione."
"Visit our help center","Visita il nostro centro assistenza"
"If you did not initiate this request, contact us immediately at","Se non hai avviato tu questa richiesta, contattaci immediatamente all'indirizzo"
"Withdrawal receipt — Order #%1","Ricevuta di recesso — Ordine n. %1"
"Withdrawal receipt","Ricevuta di recesso"
"Hi %name, this email is your durable-medium proof of withdrawal under Art. 11a Directive 2011/83/EU. Keep it for your records.","Ciao %name, questa e-mail è la tua prova di recesso su supporto durevole ai sensi dell'art. 11a della direttiva 2011/83/UE. Conservala per i tuoi archivi."
"Submitted on","Inviata il"
"Your %store_name order confirmation","Conferma del tuo ordine %store_name"
"%customer_name,","%customer_name,"
"Thank you for your order from %store_name.","Grazie per il tuo ordine da %store_name."
"Once your package ships we will send you a tracking number.","Una volta spedito il pacco ti invieremo un numero di tracciamento."
"You can check the status of your order by <a href=""%account_url"">logging into your account</a>.","Puoi verificare lo stato del tuo ordine <a href=""%account_url"">accedendo al tuo account</a>."
"If you have questions about your order, you can email us at <a href=""mailto:%store_email"">%store_email</a>","Se hai domande sul tuo ordine, puoi scriverci a <a href=""mailto:%store_email"">%store_email</a>"
"or call us at <a href=""tel:%store_phone"">%store_phone</a>","oppure chiamaci al <a href=""tel:%store_phone"">%store_phone</a>"
"Our hours are <span class=""no-link"">%store_hours</span>.","I nostri orari sono <span class=""no-link"">%store_hours</span>."
"Your Order <span class=""no-link"">#%increment_id</span>","Il tuo ordine <span class=""no-link"">#%increment_id</span>"
"Placed on <span class=""no-link"">%created_at</span>","Effettuato il <span class=""no-link"">%created_at</span>"
"Billing Info","Dati di fatturazione"
"Shipping Info","Dati di spedizione"
"Payment Method","Metodo di pagamento"
"Shipping Method","Metodo di spedizione"
"%name,","%name,"
"Once your package ships we will send an email with a link to track your order.","Una volta spedito il pacco ti invieremo un'e-mail con un link per tracciare il tuo ordine."
"Your %store_name order has shipped","Il tuo ordine %store_name è stato spedito"
"Your shipping confirmation is below. Thank you again for your business.","Di seguito la tua conferma di spedizione. Grazie ancora per la tua fiducia."
"Your Shipment #%shipment_id for Order #%order_id","La tua spedizione n. %shipment_id per l'ordine n. %order_id"
"Your digital content waiver is on file","La tua rinuncia al contenuto digitale è registrata"
"Hi %name, you've consented to immediate digital delivery of the items below — this is your durable-medium copy of that consent (Art. 11a(4) CRD).","Ciao %name, hai acconsentito alla fornitura digitale immediata degli articoli elencati di seguito — questa è la tua copia su supporto durevole di tale consenso (art. 11a(4) Direttiva sui diritti dei consumatori)."
"View order","Visualizza ordine"
"Consented at","Acconsentito il"
"Acknowledged at","Riconosciuto il"
"Keep this email as your durable-medium record. The merchant has stored the SHA-256 hash of the legal text you accepted:","Conserva questa e-mail come prova su supporto durevole. Il commerciante ha archiviato l'hash SHA-256 del testo legale da te accettato:"
"Digital content waiver","Rinuncia per contenuti digitali"
"We need your explicit consent before you can buy this digital item — please read both points carefully.","Abbiamo bisogno del tuo consenso esplicito prima di poter acquistare questo articolo digitale — leggi attentamente entrambi i punti."
"We log this consent with your IP and timestamp for our audit record.","Registriamo questo consenso con il tuo indirizzo IP e timestamp per il nostro registro di audit."
"Continue","Continua"
"Waiver could not be saved. Please retry.","Impossibile salvare la rinuncia. Riprova."
"Enable for EU Withdrawal Lookup Form","Abilita per il modulo di ricerca del recesso UE"
"MageMe Extensions","Estensioni MageMe"
"EU Withdrawal","Recesso UE"
"General","Generale"
"Enable Module","Abilita il modulo"
"Activates frontend and cron jobs. Default: disabled. Complete the manual setup checklist before enabling.","Attiva il frontend e i job cron. Predefinito: disabilitato. Completa la checklist di configurazione manuale prima di abilitare."
"Request Number Prefix","Prefisso del numero di richiesta"
"Optional prefix prepended to the withdrawal request increment ID in customer-facing UI (e.g. ""RR-"" renders as ""RR-000000022""). Leave blank to show the plain padded number.","Prefisso facoltativo anteposto all'ID incrementale della richiesta di recesso nell'interfaccia rivolta al cliente (es. ""RR-"" viene visualizzato come ""RR-000000022""). Lascia vuoto per mostrare il numero con padding semplice."
"Default Contract Type","Tipo di contratto predefinito"
"Frontend Route","Rotta frontend"
"URL prefix used by the customer-facing withdrawal flow (e.g. <code>withdraw-contract</code> renders as <code>/withdraw-contract/...</code>). Lowercase letters, digits, dashes and underscores only.","Prefisso URL utilizzato dal flusso di recesso rivolto al cliente (es. <code>withdraw-contract</code> viene visualizzato come <code>/withdraw-contract/...</code>)."
"Withdrawal Period","Periodo di recesso"
"Delivery Confirmation Statuses","Stati di conferma della consegna"
"Pick one or more order statuses whose <em>transition</em> means the customer received the goods in your fulfillment workflow. The 14-day withdrawal window starts on the timestamp of the order's <em>earliest</em> transition into <em>any</em> of the selected statuses (Art. 9(2)(b) Directive 2011/83/EU). Multi-select supports merchants who use several ""delivered""-type statuses (e.g. <code>delivered</code> + <code>complete</code> + <code>delivered_partial</code>). Until the order reaches any of them, the right of withdrawal is open with no fixed deadline.","Seleziona uno o più stati dell'ordine la cui <em>transizione</em> indica che il cliente ha ricevuto i beni nel tuo flusso di evasione. La finestra di recesso di 14 giorni decorre dal timestamp della <em>prima</em> transizione dell'ordine in <em>uno qualsiasi</em> degli stati selezionati (art. 9, par. 2, lett. b) Direttiva 2011/83/UE). La selezione multipla supporta i commercianti che utilizzano più stati di tipo ""consegnato"" (es. <code>delivered</code> + <code>complete</code> + <code>delivered_partial</code>). Finché l'ordine non raggiunge nessuno di essi, il diritto di recesso resta aperto senza scadenza fissa."
"Eligibility Rules (Art. 16 CRD Presets)","Regole di idoneità (preimpostazioni art. 16 direttiva CRD)"
"Art. 16(c) Custom-Made Goods","Art. 16, lettera c) Beni confezionati su misura"
"Excludes products made to customer specifications or clearly personalised (e.g. engraved jewellery, made-to-measure clothing). <strong>Requires</strong> product attribute <code>is_custom_made = true</code>. If enabled, orders containing such items cannot be withdrawn — customers will see this when attempting to start withdrawal.","Esclude i prodotti realizzati su specifiche del cliente o chiaramente personalizzati (es. gioielli incisi, abbigliamento su misura). <strong>Richiede</strong> l'attributo prodotto <code>is_custom_made = true</code>. Se abilitato, gli ordini contenenti tali articoli non possono essere oggetto di recesso — i clienti lo vedranno quando tenteranno di avviare il recesso."
"Art. 16(d) Perishable Goods","Art. 16, lettera d) Beni deperibili"
"Excludes goods that can deteriorate or expire rapidly (fresh food, cut flowers, short-shelf-life pharmaceuticals). <strong>Requires</strong> product attribute <code>is_perishable = true</code>. Do not enable for all categories — apply it only to truly perishable SKUs, otherwise you will unlawfully deny valid withdrawals.","Esclude i beni che possono deteriorarsi o scadere rapidamente (alimenti freschi, fiori recisi, farmaci a breve scadenza). <strong>Richiede</strong> l'attributo prodotto <code>is_perishable = true</code>. Non abilitare per tutte le categorie — applicalo solo agli SKU realmente deperibili, altrimenti rifiuterai illegittimamente recessi validi."
"Art. 16(e) Sealed Hygiene / Health","Art. 16, lettera e) Articoli sigillati di igiene o salute"
"Excludes sealed hygiene or health items <strong>only if the seal has been broken after delivery</strong> (cosmetics, intimate apparel, sealed medical supplies). <strong>Requires</strong> product attribute <code>is_sealed_hygiene = true</code>. The exclusion depends on a seal-check at the time of withdrawal (workflow in phase-04) — a sealed, unopened return remains eligible.","Esclude gli articoli sigillati di igiene o salute <strong>solo se il sigillo è stato rotto dopo la consegna</strong> (cosmetici, abbigliamento intimo, forniture mediche sigillate). <strong>Richiede</strong> l'attributo prodotto <code>is_sealed_hygiene = true</code>. L'esclusione dipende da un controllo del sigillo al momento del recesso (flusso nella fase 04) — un reso sigillato e non aperto resta idoneo."
"Art. 16(i) Sealed Audio / Video / Software","Art. 16, lettera i) Supporti sigillati audio, video o software"
"Excludes sealed audio recordings, video recordings, or sealed computer software <strong>only if the seal has been broken after delivery</strong>. <strong>Requires</strong> product attribute <code>is_sealed_av = true</code>. Same seal-check logic as Art. 16(e). Does not apply to streaming / digital-download content — use Art. 16(m) for those.","Esclude le registrazioni audio sigillate, le registrazioni video o il software per computer sigillato <strong>solo se il sigillo è stato rotto dopo la consegna</strong>. <strong>Richiede</strong> l'attributo prodotto <code>is_sealed_av = true</code>. Stessa logica di controllo del sigillo dell'art. 16, lett. e). Non si applica ai contenuti in streaming / download digitali — utilizza l'art. 16, lett. m) per questi."
"Digital Content (Art. 16(m))","Contenuto digitale (art. 16, lettera m)"
"Detection","Rilevamento"
"Enable Digital Content Detection","Abilita il rilevamento dei contenuti digitali"
"Master switch for Art. 16(m) digital-content detection. When off, no product is recognised as digital, the checkout waiver step is not required, and the preset always allows withdrawal.","Interruttore principale per il rilevamento dei contenuti digitali ai sensi dell'art. 16, lett. m). Quando disattivato, nessun prodotto viene riconosciuto come digitale, il passaggio di rinuncia al checkout non è richiesto e la preimpostazione consente sempre il recesso."
"Detection Strategies","Strategie di rilevamento"
"Which product-type heuristics trigger the digital-content waiver gate. Downloadable + virtual are safe defaults; bundle_contains_digital inspects bundle children; custom_attribute reads the EAV flag configured below.","Quali euristiche per tipo di prodotto attivano la barriera di rinuncia ai contenuti digitali. Downloadable + virtual sono valori predefiniti sicuri; bundle_contains_digital ispeziona gli elementi figli dei bundle; custom_attribute legge il flag EAV configurato di seguito."
"Custom Attribute Code","Codice attributo personalizzato"
"EAV attribute code used <strong>only</strong> when <em>Custom attribute flag</em> is picked in <em>Detection strategies</em> above. Default: <code>is_digital_content</code> (boolean attribute, 1 = digital). Ignored otherwise.","Codice attributo EAV utilizzato <strong>solo</strong> quando in <em>Strategie di rilevamento</em> qui sopra è selezionato <em>Flag attributo personalizzato</em>. Predefinito: <code>is_digital_content</code> (attributo booleano, 1 = digitale). In caso contrario, viene ignorato."
"Checkout Step + Email","Passaggio del checkout + e-mail"
"Enable Checkout Waiver Step","Abilita il passaggio di rinuncia nel checkout"
"When on, carts that contain a detected digital item render the 2-checkbox waiver step at checkout. Has no effect unless <em>Detection → Enable digital content detection</em> is also on.","Quando abilitato, i carrelli che contengono un articolo digitale rilevato visualizzano il passaggio di rinuncia a 2 caselle di controllo al checkout. Non ha effetto se non è abilitato anche <em>Rilevamento → Abilita il rilevamento dei contenuti digitali</em>."
"Merchant BCC Address for Confirmation Emails","Indirizzo BCC del commerciante per le e-mail di conferma"
"Optional. Blind-copies the waiver-confirmation email to a merchant audit address. Leave blank to skip.","Facoltativo. Invia in copia cieca l'e-mail di conferma della rinuncia a un indirizzo di audit del commerciante. Lascia vuoto per saltare."
"Mark Virtual-Only Items as Performance-Started on Confirmation","Contrassegna gli articoli puramente virtuali come «esecuzione iniziata» alla conferma"
"Virtual products have no download trigger. When on, the waiver confirmation email's dispatch counts as performance-start for virtual-only items.","I prodotti virtuali non hanno un trigger di download. Quando abilitato, l'invio dell'e-mail di conferma della rinuncia conta come avvio dell'esecuzione per gli articoli puramente virtuali (limite I-6)."
"Confirmation Email Identity","Identità mittente delle e-mail di conferma"
"Per-Locale Waiver Text Overrides","Sovrascritture del testo di rinuncia per lingua"
"English (en_US)","Inglese (en_US)"
"Consent Text","Testo del consenso"
"Right-Loss Acknowledgment Text","Testo di presa d'atto della perdita del diritto"
"German (de_DE)","Tedesco (de_DE)"
"Finnish (fi_FI)","Finlandese (fi_FI)"
"Dutch (nl_NL)","Olandese (nl_NL)"
"French (fr_FR)","Francese (fr_FR)"
"Italian (it_IT)","Italiano (it_IT)"
"Spanish (es_ES)","Spagnolo (es_ES)"
"Polish (pl_PL)","Polacco (pl_PL)"
"Portuguese (pt_PT)","Portoghese (pt_PT)"
"Danish (da_DK)","Danese (da_DK)"
"Swedish (sv_SE)","Svedese (sv_SE)"
"German — Austria (de_AT)","Tedesco — Austria (de_AT)"
"Swedish — Finland (sv_FI)","Svedese — Finlandia (sv_FI)"
"Dutch — Belgium (nl_BE)","Olandese — Belgio (nl_BE)"
"French — Belgium (fr_BE)","Francese — Belgio (fr_BE)"
"German — Belgium (de_BE)","Tedesco — Belgio (de_BE)"
"French — Luxembourg (fr_LU)","Francese — Lussemburgo (fr_LU)"
"Pre-Contract Information (Art. 6(1)(h))","Informazioni precontrattuali (art. 6, par. 1, lettera h)"
"Enable Pre-Contract Disclosure","Abilita l'informativa precontrattuale"
"Master kill-switch. Disabled = block does not render and no display events are recorded. Disabling exposes the merchant to Art. 10 (12 month + 14 day extended withdrawal period). Default: enabled.","Interruttore principale. Disabilitato = il blocco non viene visualizzato e non viene registrato alcun evento di visualizzazione. La disabilitazione espone il commerciante all'art. 10 (periodo di recesso esteso a 12 mesi + 14 giorni). Predefinito: abilitato."
"Withdrawal Period (Days)","Periodo di recesso (giorni)"
"Default 14 days per Art. 9(2). Extension allowed (e.g. 30, 100). Reduction below 14 is illegal — the field validates >=14 only when the module is enabled.","Valore predefinito 14 giorni ai sensi dell'art. 9, par. 2. È consentita un'estensione (es. 30, 100). La riduzione al di sotto di 14 è illegale — il campo valida >=14 solo quando il modulo è abilitato."
"Return Address","Indirizzo di reso"
"Where consumers send goods back. Leave empty to fall back to the store address from Stores → Configuration → General → General → Store Information.","Indirizzo a cui i consumatori rispediscono i beni. Lascia vuoto per ricadere sull'indirizzo da Negozi → Configurazione → Generale → Generale → Informazioni sul negozio."
"Display In Checkout","Mostra nel checkout"
"Annex I Overrides Per Locale","Sovrascritture dell'allegato I per lingua"
"Bulgarian (bg_BG)","Bulgaro (bg_BG)"
"Czech (cs_CZ)","Ceco (cs_CZ)"
"Greek (el_GR)","Greco (el_GR)"
"Estonian (et_EE)","Estone (et_EE)"
"Croatian (hr_HR)","Croato (hr_HR)"
"Hungarian (hu_HU)","Ungherese (hu_HU)"
"Lithuanian (lt_LT)","Lituano (lt_LT)"
"Latvian (lv_LV)","Lettone (lv_LV)"
"Romanian (ro_RO)","Rumeno (ro_RO)"
"Slovak (sk_SK)","Slovacco (sk_SK)"
"Slovenian (sl_SI)","Sloveno (sl_SI)"
"Frontend","Frontend"
"Buttons","Pulsanti"
"Step 1 Button Label","Etichetta del pulsante del passaggio 1"
"Step 2 Button Label (Confirmation)","Etichetta del pulsante del passaggio 2 (conferma)"
"<strong>⚠ Legal warning.</strong> This is the label on the final confirmation button. Default (""Confirm withdrawal"") is counsel-signed. Per-locale translations are counsel-signed. Override only with written legal advice; overrides are audit-logged.","<strong>⚠ Avviso legale.</strong> Questa è l'etichetta del pulsante di conferma finale. Il valore predefinito (""Conferma recesso"") è firmato da un legale. Per-locale translations are counsel-signed. Sovrascrivi solo con un parere legale scritto; le sovrascritture vengono registrate nel log di audit."
"Placements","Posizionamenti"
"Show Footer Link","Mostra il link nel piè di pagina"
"Show in My Account","Mostra nel mio account"
"Return Reasons","Motivi di reso"
"Reasons","Motivi"
"List of reasons offered to the customer in the per-item dropdown. <strong>Code</strong> is the machine value (lowercase, snake_case, max 32 chars); <strong>Label</strong> is the visible text. Empty grid hides the dropdown entirely.","Elenco dei motivi offerti al cliente nel menu a discesa per articolo. <strong>Codice</strong> è il valore macchina memorizzato nel database (minuscolo, snake_case, max 32 caratteri); <strong>Etichetta</strong> è il testo visibile. Una griglia vuota nasconde completamente il menu a discesa."
"Enable ""Other"" with Free Text","Abilita «Altro» con testo libero"
"When enabled, an ""Other"" option appears in the dropdown that reveals a free-text field (max 500 chars).","Quando abilitato, nel menu a discesa appare l'opzione ""Altro"" che mostra un campo a testo libero (max 500 caratteri)."
"Review Step","Passaggio di revisione"
"Return Shipping Notice","Avviso di spedizione di reso"
"Text shown on the Review & Confirm step (step 3). Example: ""You'll receive a prepaid shipping label in the confirmation email."" or ""Return shipping costs are paid by the customer."" Leave blank to hide the row.","Testo mostrato nel passaggio Rivedi e conferma (passaggio 3). Esempio: ""Riceverai un'etichetta di spedizione prepagata nell'e-mail di conferma."" oppure ""Le spese di spedizione di reso sono a carico del cliente."" Lascia vuoto per nascondere la riga."
"Return Policy URL","URL della politica di reso"
"Optional link rendered next to the shipping notice (""View return policy""). Accepts absolute URLs or relative paths like ""return-policy"".","Link facoltativo visualizzato accanto all'avviso di spedizione (""Vedi politica di reso""). Accetta URL assoluti o percorsi relativi come ""return-policy""."
"Customer Notifications","Notifiche al cliente"
"All customer-facing emails sent by the module. Each email can be enabled/disabled, assigned a custom template (Marketing → Email Templates), and BCC'd to a merchant address. The shared <em>Branding</em> subgroup at the bottom controls the layout (USP strip, social links) used by every email below.","Tutte le e-mail rivolte al cliente inviate dal modulo. Ogni e-mail può essere abilitata/disabilitata, associata a un modello personalizzato (Marketing → Modelli e-mail) e inviata in copia cieca a un indirizzo del commerciante. Il sottogruppo condiviso <em>Identità visiva</em> in fondo controlla il layout (striscia USP, link social) utilizzato da ogni e-mail seguente."
"1. Submission Confirmation Email","1. E-mail di conferma di invio"
"Enabled","Abilitato"
"Email Template","Modello di e-mail"
"BCC Merchant","BCC al commerciante"
"Comma-separated. Leave blank to disable.","Separati da virgole. Lascia vuoto per disabilitare."
"2. Approval Email","2. E-mail di approvazione"
"3. Denial Email","3. E-mail di rifiuto"
"4. Cancellation Email (Admin-Initiated)","4. E-mail di annullamento (avviato dall'amministratore)"
"5. Cancellation Email (Customer Self-Cancel)","5. E-mail di annullamento (avviato dal cliente)"
"6. Receipt Email (Durable Medium — Art. 11a(4))","6. E-mail di ricevuta (supporto durevole — art. 11 bis, par. 4)"
"Legally required durable-medium confirmation. Cannot be fully disabled (Art. 11a(4) Directive 2011/83/EU). Disabling here only stops the sender — the receipt is still generated and stored.","Conferma su supporto durevole obbligatoria per legge. Non può essere completamente disabilitata (art. 11 bis, par. 4 Direttiva 2011/83/UE). La disabilitazione qui interrompe solo l'invio — la ricevuta viene comunque generata e archiviata."
"Send Email","Invia e-mail"
"Comma-separated.","Separati da virgole."
"Delivery Retry Attempts","Tentativi di riconsegna"
"Number of delivery attempts before a receipt is flagged as undelivered.","Number of delivery attempts before a receipt is flagged as undelivered."
"DLQ Alert Recipient","Destinatario degli avvisi DLQ"
"Notified when a receipt fails permanently. Falls back to Store Email Addresses → General Contact.","Riceve la notifica quando una ricevuta fallisce in modo permanente. Ricade su Store Email Addresses → General Contact."
"7. Digital Waiver Confirmation Email (Art. 11a(4))","7. E-mail di conferma della rinuncia al contenuto digitale (art. 11 bis, par. 4)"
"Durable-medium copy of the customer's Art. 16(m) waiver, sent immediately after checkout when a digital item is in cart. Required by Art. 11a(4) Directive 2011/83/EU — keeps a tamper-evident record of the legal text the customer accepted.","Copia su supporto durevole della rinuncia del cliente ai sensi dell'art. 16, lett. m), inviata immediatamente dopo il checkout quando un articolo digitale è nel carrello. Richiesta dall'art. 11 bis, par. 4 della Direttiva 2011/83/UE — conserva una traccia a prova di manomissione del testo legale accettato dal cliente, oltre all'hash SHA-256 per la verifica della catena di hash."
"Comma-separated. Receives a copy of every confirmation for audit purposes.","Separati da virgole. Riceve una copia di ogni conferma a fini di audit."
"Branding (Shared by All Emails Above)","Identità visiva (condivisa da tutte le e-mail sopra)"
"Optional decoration of the customer-facing emails. Empty fields hide their respective rows. Brand wordmark, logo, support email, and store address are read from the standard Magento configuration tree (Stores → Configuration → General + Design → Transactional Emails).","Decorazione facoltativa delle e-mail rivolte al cliente. I campi vuoti nascondono le rispettive righe. Wordmark del brand, logo, e-mail di supporto e indirizzo dello store vengono letti dall'albero di configurazione standard di Magento (Stores → Configuration → General + Design → Transactional Emails)."
"USP Strip — Item 1","Striscia USP — elemento 1"
"Icon","Icona"
"Title","Titolo"
"Subtitle","Sottotitolo"
"USP Strip — Item 2","Striscia USP — elemento 2"
"USP Strip — Item 3","Striscia USP — elemento 3"
"Social Links","Link social"
"Instagram URL","URL Instagram"
"X / Twitter URL","URL X / Twitter"
"Facebook URL","URL Facebook"
"YouTube URL","URL YouTube"
"Order #","Ordine #"
"Contract","Contratto"
"Submitter","Mittente"
"Withdrawal submitted","Recesso inviato"
"Right of Withdrawal — Required Information","Diritto di recesso — Informazioni obbligatorie"
"Before placing your order, please review the conditions, time limit, and procedures for exercising your 14-day right of withdrawal. This information forms part of your contract.","Prima di effettuare l'ordine, si prega di esaminare le condizioni, il termine e le modalità per esercitare il diritto di recesso di 14 giorni. Queste informazioni costituiscono parte integrante del contratto."
"Conditions, Time Limit and Procedures for Withdrawal","Condizioni, termine e modalità di recesso"
"Start Online Return","Avvia reso online"
"Download Model Withdrawal Form (Annex I(B))","Scarica modulo tipo di recesso (Allegato I(B))"
"Withdrawal Information v%1 — Issued %2","Informazioni sul recesso v%1 — emesso il %2"
"You'll receive a prepaid shipping label in the confirmation email.","Riceverai un'etichetta di spedizione prepagata nell'email di conferma."
"← Back to order search","← Torna alla ricerca dell'ordine"
"← Back to items","← Torna agli articoli"
"Find order","Trova ordine"
"Enter your order number and email","Inserisci numero d'ordine ed email"
"Select items","Seleziona articoli"
"Choose items to return (partial withdrawal)","Scegli gli articoli da restituire (recesso parziale)"
"Review & confirm","Rivedi e conferma"
"Review your return details and confirm","Rivedi i dettagli del reso e conferma"
"Request submitted","Richiesta inviata"
"We'll confirm your request by email","Confermeremo la tua richiesta via email"
"I expressly consent to begin performance of the digital content before the withdrawal period expires.","Acconsento espressamente all'avvio dell'esecuzione del contenuto digitale prima della scadenza del termine di recesso."
"I acknowledge that by giving this consent I lose my right of withdrawal once performance has begun (Art. 16(m) CRD).","Prendo atto che, prestando tale consenso, perdo il diritto di recesso una volta iniziata l'esecuzione (art. 16, lett. m), Direttiva 2011/83/UE)."
"Withdrawals","Recessi"
"Minimum %1 characters required.","Sono richiesti minimo %1 caratteri."
"Failed to add note.","Impossibile aggiungere la nota."
"Network error while adding note.","Errore di rete durante l'aggiunta della nota."
"Exported Evidence","Prova esportata"
"Pending Confirm","In attesa di conferma"
"Sent","Inviato"
"Failed Permanent","Errore permanente"
"Failed Retry","Errore con nuovo tentativo"
"Eligible","Idoneo"
"Excluded","Escluso"
"Action","Azione"
"From","Da"
"To","A"
"Admin Id","ID admin"
"Order Id","ID ordine"
"Request Id","ID richiesta"
"Item Count","Numero articoli"
"Rules Fired","Regole applicate"
"Topic","Argomento"
"Message Id","ID messaggio"
"Email To Hash","Hash email"
"Attempts","Tentativi"
"Viewed At","Visualizzato il"
"Referrer Host","Host referente"
"Optional legal template — not required to use; you can also exercise the right of withdrawal by any unequivocal statement.","Modello legale facoltativo — non obbligatorio; è possibile esercitare il diritto di recesso anche con qualsiasi altra dichiarazione esplicita."
"Right of withdrawal","Diritto di recesso"
"You have 14 days from the day you receive your order to withdraw without giving any reason — full refund to your original payment method.","Hai 14 giorni dalla ricezione dell'ordine per recedere senza dover fornire alcuna motivazione — rimborso integrale sul tuo metodo di pagamento originale."
"Some items may be excluded by law (perishable goods, custom-made items, sealed hygiene or audio/video products). We'll show you exactly what's eligible on the next page.","Alcuni articoli possono essere esclusi per legge (beni deperibili, articoli su misura, prodotti igienici o audio/video sigillati). Ti mostreremo esattamente ciò che è idoneo nella pagina successiva."
"Direct link — no login or account password required.","Link diretto — nessun login o password dell'account richiesto."
"Art. 16(m) CRD exclusion — digital content where the customer has (1) given express prior consent to begin performance and (2) acknowledged that they lose the withdrawal right. Two switches: the <em>Detection</em> subgroup decides what counts as digital (master switch), the <em>Checkout step + Email</em> subgroup renders the 2-checkbox waiver UX and dispatches the confirmation email. Both must be ON for the feature to work end-to-end. Use this only for <strong>one-time digital purchases</strong> (ebooks, software installers, music files, games). Do <strong>not</strong> enable it for ongoing digital <strong>subscriptions or services</strong> (SaaS, streaming, hosted software) — EU case law (CJEU Sky, C-641/19) requires a different consent flow for those.","Art. 16(m) CRD exclusion — digital content where the customer has (1) given express prior consent to begin performance and (2) acknowledged that they lose the withdrawal right. Two switches: the <em>Detection</em> subgroup decides what counts as digital (master switch), the <em>Checkout step + Email</em> subgroup renders the 2-checkbox waiver UX and dispatches the confirmation email. Both must be ON for the feature to work end-to-end. Use this only for <strong>one-time digital purchases</strong> (ebooks, software installers, music files, games). Do <strong>not</strong> enable it for ongoing digital <strong>subscriptions or services</strong> (SaaS, streaming, hosted software) — EU case law (CJEU Sky, C-641/19) requires a different consent flow for those."
"Customer-facing UX for the withdrawal flow. Subgroups: <em>Buttons</em> (legal-critical labels), <em>Placements</em> (where to surface the link), <em>Return Reasons</em> (per-item dropdown), <em>Review Step</em> (content on step 3 of the flow).","UX rivolta al cliente per il flusso di recesso. Sottogruppi: <em>Pulsanti</em> (etichette di rilevanza giuridica), <em>Posizionamenti</em> (dove mostrare il collegamento), <em>Motivi di reso</em> (menu a discesa per articolo), <em>Fase di revisione</em> (contenuto della fase 3 del flusso)."
"Disable only if you deliver the durable-medium confirmation through a different channel.","Disabilita solo se consegni la conferma su supporto durevole tramite un altro canale."
"Disable only if you deliver the receipt through a different durable medium (postal mail, customer account download, etc.).","Disabilita solo se consegni la ricevuta tramite un altro supporto durevole (posta, download nell'account cliente, ecc.)."
"Empty fields fall through to the locale baseline. Any override value becomes part of the SHA-256 hash stored per consent event — changing a field after customers have consented does <strong>not</strong> retroactively invalidate prior consents.","I campi vuoti ripiegano sulla base di the locale baseline per la lingua/giurisdizione. Qualsiasi valore di override diventa parte dell'hash SHA-256 archiviato per ogni evento di consenso — modificare un campo dopo che i clienti hanno prestato il consenso <strong>non</strong> invalida retroattivamente i consensi precedenti."
"Mandatory pre-contractual disclosure of the right of withdrawal. Displayed on the checkout payment step. Each display is logged forensically (Art. 10 defence). Snapshot of the rendered text is stored immutably (Art. 6(5)). <strong>Counsel review recommended before customising any Annex I text.</strong>","Informativa precontrattuale obbligatoria sul diritto di recesso. Visualizzata nel passaggio di pagamento del checkout. Ogni visualizzazione è registrata in modo forense (difesa ex art. 10). Lo snapshot del testo renderizzato viene archiviato in modo immutabile (art. 6, par. 5). <strong>Si consiglia revisione legale prima di personalizzare qualunque testo dell'Allegato I.</strong>"
"Off = block hidden but display events still recorded server-side via predispatch fallback. Use only for sandbox testing. Default: on.","Off = blocco nascosto ma gli eventi di visualizzazione vengono comunque registrati lato server tramite fallback predispatch. Usare solo per test in sandbox. Predefinito: on."
"Optional URLs rendered as round monogram badges in the email footer. Leave blank to hide.","URL opzionali rese come badge monogramma rotondi nel piè di pagina dell'e-mail. Lascia vuoto per nasconderle."
"Sent when a customer cancels their own pending withdrawal.","Inviato quando un cliente annulla il proprio recesso in sospeso."
"Sent when a customer completes the withdrawal form.","Inviato quando un cliente completa il modulo di recesso."
"Sent when an admin approves a withdrawal request.","Inviato quando un amministratore approva una richiesta di recesso."
"Sent when an admin cancels a withdrawal request on the customer's behalf.","Inviato quando un amministratore annulla una richiesta di recesso per conto del cliente."
"Sent when an admin denies a withdrawal request.","Inviato quando un amministratore rifiuta una richiesta di recesso."
"These presets exclude specific product categories from the 14-day withdrawal right, per Art. 16 CRD. Each rule is OFF by default — enable only after confirming the corresponding product attribute is set correctly on your catalog.","Questi preset escludono specifiche categorie di prodotto dal diritto di recesso di 14 giorni, ai sensi dell'art. 16 CRD. Ogni regola è DISATTIVATA per impostazione predefinita — attivala solo dopo aver verificato che il corrispondente attributo del prodotto sia impostato correttamente nel catalogo."
"e.g. ""EU orders above €50""","ad es. ""Ordini UE oltre 50 €"""
"e.g. ""Free delivery""","ad es. ""Spedizione gratuita"""
"Qty: ","Qtà: "
"Submission failed. Please try again.","Invio non riuscito. Riprova."
"Network error. Please try again.","Errore di rete. Riprova."
"Invalid server response.","Risposta del server non valida."
"Admin Notifications","Notifiche amministratore"
"Internal alerts to your team. Independent of the per-email <em>BCC Merchant</em> checkboxes under <em>Customer Notifications</em> below — if you enable both, you will receive two emails per request.","Avvisi interni per il tuo team. Indipendenti dalle caselle <em>CCN al commerciante</em> in <em>Notifiche cliente</em> qui sotto — se attivi entrambi, riceverai due e-mail per richiesta."
"1. New Request Alert","1. Avviso di nuova richiesta"
"Sent the moment a customer completes the two-step withdrawal flow.","Inviato nel momento in cui un cliente completa il flusso di recesso in due passaggi."
"Recipient Email(s)","E-mail destinatario"
"BCC","CCN"
"New Withdrawal Request","Nuova richiesta di recesso"
"A new withdrawal request was just submitted.","È stata appena inviata una nuova richiesta di recesso."
"Request:","Richiesta:"
"Order:","Ordine:"
"Customer:","Cliente:"
"Refund Total:","Rimborso totale:"
"[Withdrawal] New request %request_increment_id · Order #%order_increment_id · %refund_total","[Recesso] Nuova richiesta %request_increment_id · Ordine #%order_increment_id · %refund_total"
"Anonymised","Anonimizzato"
"Audit","Audit"
"Cancel Order","Annulla ordine"
"Confirmation Email (Art. 11a(4))","E-mail di conferma (Art. 11 bis(4))"
"Detection (Art. 16(m))","Rilevamento (Art. 16(m))"
"Digital Waiver (Art. 16(m))","Rinuncia digitale (Art. 16(m))"
"Email Identity","Identità del mittente"
"ID","ID"
"Integrity hash","Hash di integrità"
"Pre-Contract Proof","Prova precontrattuale"
"Verify this receipt","Verifica questa ricevuta"
"Withdrawal Window","Termine di recesso"
"This SHA-256 hash uniquely identifies your withdrawal record. Verify it at any time using the button above.","Questo hash SHA-256 identifica in modo univoco la tua registrazione di recesso. Puoi verificarlo in qualsiasi momento con il pulsante sopra."
"Digital content waiver confirmation — Order %increment_id","Conferma di rinuncia al contenuto digitale — Ordine %increment_id"
"Comma-separated. Each recipient receives a separate email rendered in their own admin locale (looked up via the admin user's interface_locale; fallback to general/locale/code). Invalid addresses dropped silently.","Separati da virgola. Ogni destinatario riceve un'e-mail separata renderizzata nella propria locale amministrativa (cercata tramite interface_locale dell'utente admin; fallback — general/locale/code). Gli indirizzi non validi vengono scartati silenziosamente."
"Art. 16(m) CRD digital-content detection. Determines what counts as digital content for eligibility purposes. The actual checkout-step waiver UI and email lives in the next section ""Digital Waiver"".","Rilevamento di contenuto digitale ai sensi dell'Art. 16(m) della direttiva sui diritti dei consumatori. Determina cosa conta come contenuto digitale ai fini dell'idoneità. L'interfaccia di rinuncia al checkout e l'e-mail si trovano nella sezione successiva «Rinuncia digitale»."
"Art. 16(m) CRD exclusion — digital content where the customer has (1) given express prior consent to begin performance and (2) acknowledged that they lose the withdrawal right. Two switches control this feature end-to-end: the <em>Detection</em> subgroup under <em>Eligibility Rules</em> decides what counts as digital (master switch); this section renders the 2-checkbox waiver UX at checkout and dispatches the Art. 11a(4) confirmation email. Both must be ON for the feature to work end-to-end. Per-locale text overrides below. Use this only for <strong>one-time digital purchases</strong> (ebooks, software installers, music files, games). Do <strong>not</strong> enable it for ongoing digital <strong>subscriptions or services</strong> (SaaS, streaming, hosted software) — EU case law (CJEU Sky, C-641/19) requires a different consent flow for those.","Esclusione Art. 16(m) della direttiva sui diritti dei consumatori — contenuto digitale dove il cliente ha (1) dato consenso espresso preliminare all'avvio dell'esecuzione e (2) riconosciuto la perdita del diritto di recesso. Due interruttori controllano la funzionalità: il sottogruppo <em>Rilevamento</em> in <em>Regole di idoneità</em> decide cosa conta come digitale (interruttore principale); questa sezione mostra l'UI di rinuncia a 2 caselle al checkout e invia l'e-mail di conferma Art. 11a(4). Entrambi devono essere ATTIVI. Sostituzioni di testo per locale sotto. Usalo solo per <strong>acquisti digitali una tantum</strong> (ebook, installer, file musicali, giochi). <strong>Non</strong> abilitarlo per <strong>abbonamenti o servizi</strong> digitali continui (SaaS, streaming, software in hosting) — la giurisprudenza UE (CJEU Sky, C-641/19) richiede un altro flusso di consenso."
"Defines <strong>when</strong> the 14-day withdrawal right starts running (the delivery trigger, Art. 9(2)(b)) and <strong>how long</strong> it lasts in days (Art. 9(2)). Together these control the period each order's withdrawal is open.","Definisce <strong>quando</strong> inizia il diritto di recesso di 14 giorni (innesco di consegna, Art. 9(2)(b)) e <strong>per quanti</strong> giorni dura (Art. 9(2)). Insieme controllano il periodo in cui il recesso di ogni ordine è aperto."
"Default 14 days per Art. 9(2). Extension allowed (e.g. 30, 100). Reduction below 14 is illegal — the field validates 14-3650 only.","Predefinito 14 giorni ai sensi dell'Art. 9(2). Estensione consentita (es. 30, 100). La riduzione sotto 14 è illegale — il campo valida solo 14-3650."
"When on, carts that contain a detected digital item render the 2-checkbox waiver step at checkout. Has no effect unless <em>Eligibility Rules → Detection → Enable Digital Content Detection</em> is also on.","Quando attivo, i carrelli che contengono un elemento digitale rilevato mostrano lo step di rinuncia a 2 caselle al checkout. Non ha effetto a meno che anche <em>Regole di idoneità → Rilevamento → Abilita rilevamento contenuto digitale</em> sia attivo."
"Optional. Comma-separated. Blind-copies the waiver-confirmation email to a merchant audit address. Leave blank to skip.","Opzionale. Separati da virgola. Invia una copia in CCN dell'e-mail di conferma rinuncia a un indirizzo di audit del commerciante. Lascia vuoto per saltare."
"<strong>⚠ Legal warning.</strong> Art. 11a(2) CRD requires the literal text ""withdraw from contract here"" <em>or a corresponding unambiguous formulation</em>. The default value (""Withdraw from contract here"") is the Directive's verbatim phrase; Per-locale translations are counsel-signed. <strong>Do not override unless you have received written advice from qualified consumer-law counsel in the target jurisdiction.</strong> Every override is recorded in the audit log.","<strong>⚠ Avvertenza legale.</strong> L'Art. 11a(2) della direttiva sui diritti dei consumatori richiede il testo letterale «recedi dal contratto qui» <em>o una formulazione equivalente inequivocabile</em>. Il valore predefinito («Recedi dal contratto qui») è la frase letterale della Direttiva; Le traduzioni per locale sono firmate da consulenti legali. <strong>Non sovrascrivere a meno che non abbia ricevuto un parere scritto da un avvocato di diritto dei consumatori qualificato nella giurisdizione di destinazione.</strong> Ogni sovrascrittura è registrata nel log di audit."
"<strong>⚠ Legal warning.</strong> This is the label on the final confirmation button. Default (""Confirm withdrawal"") is counsel-signed; Per-locale translations are counsel-signed. Override only with written legal advice; overrides are audit-logged.","<strong>⚠ Avvertenza legale.</strong> Questa è l'etichetta del pulsante di conferma finale. Predefinito («Conferma recesso») è firmato dai consulenti legali; Le traduzioni per locale sono firmate dai consulenti legali. Sovrascrivi solo con parere legale scritto; le sovrascritture sono registrate nel log di audit."
"Cancel the linked order? No payment has been captured, so there is nothing to refund — the order will be cancelled in Magento.","Annullare l'ordine collegato? Non è stato acquisito alcun pagamento, quindi non c'è nulla da rimborsare — l'ordine sarà annullato in Magento."
"Scope & Applicability","Ambito e applicabilità"
"Controls in which markets the self-service withdrawal flow is offered. These are merchant business decisions, not legal exclusions — an EU consumer's statutory right of withdrawal does not depend on them, and declarations received by other means (email, letter) must still be honoured manually.","Controlla in quali mercati viene offerto il flusso di recesso self-service. Sono decisioni commerciali del venditore, non esclusioni legali — il diritto di recesso legale di un consumatore dell'UE non dipende da esse, e i recessi ricevuti con altri mezzi (e-mail, lettera) devono comunque essere gestiti manualmente."
"Restrict by Country","Limita per Paese"
"Offers the self-service withdrawal flow only for orders whose billing <strong>or</strong> shipping address is in the selected countries. <strong>Legal note:</strong> this restricts the storefront flow only — an EU consumer's statutory right of withdrawal does not depend on the address, and withdrawal declarations received by other means (email, letter) must still be honoured manually. Default: disabled.","Offre il flusso di recesso self-service solo per gli ordini il cui indirizzo di fatturazione <strong>o</strong> di spedizione si trova nei Paesi selezionati. <strong>Nota legale:</strong> ciò limita solo il flusso nel negozio — il diritto di recesso legale di un consumatore dell'UE non dipende dall'indirizzo, e i recessi ricevuti con altri mezzi (e-mail, lettera) devono comunque essere gestiti manualmente. Predefinito: disattivato."
"Offer Withdrawal For Countries","Offri il recesso per i Paesi"
"Preselected: EU-27 plus EEA (Norway, Iceland, Liechtenstein). Add the United Kingdom manually if you target UK consumers (separate national regime with a comparable 14-day right). If you clear this list, the restriction has no effect and the flow stays available to every customer.","Preselezionati: UE-27 più SEE (Norvegia, Islanda, Liechtenstein). Aggiungi manualmente il Regno Unito se ti rivolgi a consumatori britannici (regime nazionale distinto con un diritto di 14 giorni comparabile). Se svuoti questo elenco, la restrizione non ha effetto e il processo rimane disponibile per tutti i clienti."
"Restrict by Customer Group","Limita per gruppo di clienti"
"Hides the self-service withdrawal flow from orders placed by the selected customer groups (e.g. your B2B / wholesale groups). The right of withdrawal is a consumer right, so this lets you keep it off for business customers. <strong>Legal note:</strong> this restricts the storefront flow only — it does not decide who is legally a consumer, and any withdrawal declaration received by other means must still be honoured manually. Default: disabled.","Hides the self-service withdrawal flow from orders placed by the selected customer groups (e.g. your B2B / wholesale groups). The right of withdrawal is a consumer right, so this lets you keep it off for business customers. <strong>Legal note:</strong> this restricts the storefront flow only — it does not decide who is legally a consumer, and any withdrawal declaration received by other means must still be honoured manually. Default: disabled."
"Exclude Customer Groups","Escludi gruppi di clienti"
"Orders placed by any selected group are excluded from the self-service flow. Guests are always treated as consumers and cannot be excluded here. If you clear this list, the restriction has no effect and the flow stays available to every customer.","Orders placed by any selected group are excluded from the self-service flow. Guests are always treated as consumers and cannot be excluded here. If you clear this list, the restriction has no effect and the flow stays available to every customer."
"Custom-made to your specifications","Realizzato secondo le tue specifiche"
"Perishable goods","Beni deperibili"
"Sealed hygiene item — seal broken","Articolo igienico sigillato — sigillo rotto"
"Sealed audio/video — seal broken","Audio/video sigillato — sigillo rotto"
"Newspapers, periodicals, magazines","Giornali, periodici, riviste"
"Accommodation / event on specific date","Alloggio / evento in una data specifica"
"Digital content — right waived at purchase","Contenuto digitale — diritto rinunciato all'acquisto"
"Withdrawal period has expired","Il termine di recesso è scaduto"
"Already withdrawn in a prior request","Già recesso in una richiesta precedente"
"A draft withdrawal is holding this item. Confirm it via the email we sent, or cancel it in the 'Existing withdrawals' section above.","Una bozza di recesso trattiene questo articolo. Confermala tramite l'e-mail che ti abbiamo inviato o annullala nella sezione «Recessi esistenti» qui sopra."
"EU withdrawal request %1 was approved.","La richiesta di recesso UE %1 è stata approvata."
"EU withdrawal request %1 was approved. Refund: %2.","La richiesta di recesso UE %1 è stata approvata. Rimborso: %2."
"EU withdrawal request %1 was denied.","La richiesta di recesso UE %1 è stata rifiutata."
"EU withdrawal request %1 was denied. Reason: %2","La richiesta di recesso UE %1 è stata rifiutata. Motivo: %2"
"EU withdrawal request %1 was cancelled by the customer.","La richiesta di recesso UE %1 è stata annullata dal cliente."
"EU withdrawal request %1 was cancelled by an administrator.","La richiesta di recesso UE %1 è stata annullata da un amministratore."
"If Delivery Is Never Confirmed","Se la consegna non viene mai confermata"
"When an order is already in a Delivery Confirmation Status but has no recorded transition into it (no delivery timestamp), choose whether its withdrawal stays open or it is treated as not eligible. Default: not eligible.","Quando un ordine ha già uno stato di conferma della consegna ma non vi è alcuna transizione registrata verso di esso (nessuna data di consegna), scegli se il recesso resta aperto o viene considerato non idoneo. Predefinito: non idoneo."
"Statuses Excluded From Withdrawal","Stati esclusi dal recesso"
"Orders whose current status is selected here are never offered for withdrawal (e.g. a legacy migration status such as <code>imported</code>). Do not select a status used by active, deliverable orders — that withholds a valid withdrawal.","Gli ordini il cui stato attuale è selezionato qui non vengono mai proposti per il recesso (ad es. uno stato di migrazione come <code>imported</code>). Non selezionare uno stato usato da ordini attivi e consegnabili — ciò negherebbe un recesso valido."
"Treat as not eligible","Considera non idoneo"
"Keep withdrawal open","Mantieni il recesso aperto"
"Withdrawal not available for this order","Recesso non disponibile per questo ordine"
"This order is not eligible for withdrawal.","Questo ordine non è idoneo al recesso."
"EU withdrawal request %1 submitted.","La richiesta di recesso UE %1 è stata inviata."
"EU withdrawal request %1 submitted. Requested refund: %2.","La richiesta di recesso UE %1 è stata inviata. Rimborso richiesto: %2."
"Show more orders","Mostra altri ordini"
"Item Selection","Selezione degli articoli"
"Per item (customer selects items and quantities)","Per articolo (il cliente seleziona articoli e quantità)"
"Full order (all returnable items, no selection)","Ordine completo (tutti gli articoli recedibili, senza selezione)"
"<em>Per item</em>: the customer chooses lines and quantities. <em>Full order</em>: the request always covers all returnable items; items excluded by law (opened seal, expired period) are still removed automatically, and the form shows a note that partial returns can be requested via your contact page.<br/><strong>⚠ Legal warning.</strong> The explanatory materials to the German implementation law expect the withdrawal function to support selecting parts of the order. Consult your counsel before switching to Full order.","<em>Per articolo</em>: il cliente sceglie le righe e le quantità. <em>Ordine completo</em>: la richiesta riguarda sempre tutti gli articoli recedibili; gli articoli esclusi per legge (sigillo aperto, periodo scaduto) vengono comunque rimossi automaticamente e il modulo mostra una nota indicante che i recessi parziali possono essere richiesti tramite la vostra pagina di contatto.<br/><strong>⚠ Avvertenza legale.</strong> I materiali esplicativi della legge tedesca di attuazione prevedono che la funzione di recesso consenta la selezione di parti dell'ordine. Consultate il vostro legale prima di passare all'Ordine completo."
"This request covers all returnable items of the order.","Questa richiesta riguarda tutti gli articoli recedibili dell'ordine."
"Contact us for a partial return.","Contattateci per un recesso parziale."
"Review the items included in your return.","Verificate gli articoli inclusi nel vostro recesso."
"Review the items to return","Verificate gli articoli da restituire"
"Self-service withdrawal is not available for this order.","Il recesso self-service non è disponibile per questo ordine."
