"View Credit Memo","Peržiūrėti kreditinį dokumentą"
"Issue Credit Memo","Išrašyti kreditinį dokumentą"
"Approve","Patvirtinti"
"Approve this withdrawal request?","Patvirtinti šį atsisakymo prašymą?"
"Deny","Atmesti"
"Legal reason for denial (min 10 chars):","Teisinė atmetimo priežastis (min. 10 simbolių):"
"Cancel Request","Atšaukti prašymą"
"Cancel this withdrawal? Add an optional note for the customer (visible in their cancellation email):","Atšaukti šį atsisakymą? Pridėkite neprivalomą pastabą klientui (matoma jo atšaukimo el. laiške):"
"Resend Receipt","Persiųsti kvitą"
"Send the receipt email again? The customer will receive another copy.","Išsiųsti kvitą iš naujo? Klientas gaus dar vieną kopiją."
"Withdrawal Request #%1","Atsisakymo prašymas #%1"
"Request Details","Prašymo informacija"
"Information","Informacija"
"Reason for Denial","Atmetimo priežastis"
"Customer Cancellation Note","Kliento atšaukimo pastaba"
"Cancellation Note","Atšaukimo pastaba"
"Status-Change Note","Būsenos keitimo pastaba"
"Code","Kodas"
"Label","Etiketė"
"Add Reason","Pridėti priežastį"
"In progress","Vykdoma"
"Refund issued","Pinigai grąžinti"
"Denied","Atmesta"
"Cancelled","Atšaukta"
"Pending","Laukiama"
"This is a transactional email about your order.","Tai operacinis el. laiškas apie jūsų užsakymą."
"Reason for denial","Atmetimo priežastis"
"Your cancellation note","Jūsų atšaukimo pastaba"
"Note from our team","Mūsų komandos pastaba"
"EU right of withdrawal","ES atsisakymo teisė"
"Withdrawal right pending delivery","Atsisakymo teisė laukia pristatymo"
"Withdrawal window has ended","Atsisakymo terminas pasibaigė"
"Not eligible for withdrawal","Atsisakyti negalima"
"Withdrawal already requested","Prašymas atsisakyti jau pateiktas"
"You can withdraw from this contract any time — the 14-day deadline begins counting once the order is delivered.","Šios sutarties galite atsisakyti bet kuriuo metu — 14 dienų terminas pradedamas skaičiuoti pristačius užsakymą."
"Your 14-day withdrawal window will begin once this order is delivered.","Jūsų 14 dienų atsisakymo terminas prasidės pristačius šį užsakymą."
"The 14-day window for withdrawing from this contract has ended.","14 dienų laikotarpis šios sutarties atsisakyti pasibaigė."
"This order is not eligible for withdrawal under EU consumer law (Art. 16 Directive 2011/83/EU).","Šio užsakymo negalima atsisakyti pagal ES vartotojų teisės aktus (Direktyvos 2011/83/ES 16 straipsnis)."
"A withdrawal request for this order has been submitted. See the request details below.","Šiam užsakymui pateiktas prašymas atsisakyti. Prašymo informaciją žr. žemiau."
"This order contains a perishable item that cannot be returned (food with short shelf life, fresh flowers, etc.).","Šiame užsakyme yra greitai gendanti prekė, kurios grąžinti negalima (trumpo galiojimo maistas, šviežios gėlės ir pan.)."
"This order contains a custom-made or personalised item that cannot be returned.","Šiame užsakyme yra pagal užsakymą pagaminta arba suasmeninta prekė, kurios grąžinti negalima."
"This order contains a sealed hygiene item. You keep the right of withdrawal only while the seal stays intact — once unsealed after delivery, the right is lost.","Šiame užsakyme yra užplombuotas higienos gaminys. Atsisakymo teisę išsaugote tik kol plomba nepažeista — atplombavus po pristatymo ši teisė prarandama."
"This order contains a sealed audio / video / software item. You keep the right of withdrawal only while the seal stays intact — once unsealed after delivery, the right is lost.","Šiame užsakyme yra užplombuotas garso / vaizdo / programinės įrangos gaminys. Atsisakymo teisę išsaugote tik kol plomba nepažeista — atplombavus po pristatymo ši teisė prarandama."
"This order contains digital content. Once you start using or downloading the content, you lose the right of withdrawal (you consented to this at checkout).","Šiame užsakyme yra skaitmeninio turinio. Pradėjus turinį naudoti ar atsisiųsti, atsisakymo teisė prarandama (su tuo sutikote apmokėjimo metu)."
"%1 item(s) · Refund %2","%1 prekės · Grąžinama %2"
"Awaiting confirmation","Laukiama patvirtinimo"
"Cancel withdrawal %1? Your refund will not be processed.","Atšaukti atsisakymą %1? Pinigai nebus grąžinti."
"Submitted","Pateikta"
"Approved","Patvirtinta"
"Fully returned","Visiškai grąžinta"
"Return requested","Prašoma grąžinti"
"Not eligible","Netinka"
"Partially requested","Iš dalies prašoma"
"— Select a reason —","— Pasirinkite priežastį —"
"Other","Kita"
"The refund will be issued using your original payment method within 5-7 business days after we receive your return.","Pinigai bus grąžinti pradiniu mokėjimo būdu per 5-7 darbo dienas po grąžintos prekės gavimo."
"Withdrawal right lost (Art. 16(m) CRD) — digital performance started on %1.","Atsisakymo teisė prarasta (Direktyvos 2011/83/ES 16 str. m punktas) — skaitmeninio turinio teikimas pradėtas %1."
"Request #%1 not found.","Prašymas #%1 nerastas."
"Receipt email re-queued for request #%1. Delivery will retry asynchronously.","Prašymo #%1 kvito el. laiškas vėl įdėtas į eilę. Pristatymas bus pakartotas asinchroniškai."
"Failed to queue receipt resend: %1","Nepavyko įdėti kvito persiuntimo į eilę: %1"
"Note text is empty.","Pastabos tekstas tuščias."
"Note added to request #%1.","Pastaba pridėta prie prašymo #%1."
"Request #%1 approved.","Prašymas #%1 patvirtintas."
"Request #%1 cancelled.","Prašymas #%1 atšauktas."
"Request #%1 denied.","Prašymas #%1 atmestas."
"Invalid request id.","Neteisingas prašymo ID."
"Unable to open temporary file for CSV export.","Nepavyko atidaryti laikino failo CSV eksportui."
"Withdrawal Requests","Atsisakymo prašymai"
"%1 requests queued for acceptance.","%1 prašymai įdėti į eilę patvirtinimui."
"%1 request(s) approved.","%1 prašymas (-ų) patvirtinta (-i)."
"%1 request(s) failed. First errors: %2","%1 prašymas (-ų) nepavyko. Pirmos klaidos: %2"
"Note added to %1 request(s).","Pastaba pridėta prie %1 prašymo (-ų)."
"Underlying order #%1 not found.","Susijęs užsakymas #%1 nerastas."
"Order #%1 has no invoice yet — Magento requires an invoice before a credit memo can be created. Open an invoice first (Sales → Orders → #%1 → Invoice button), then return here to refund.","Užsakymas #%1 dar neturi sąskaitos faktūros — Magento reikalauja sąskaitos faktūros prieš išrašant kreditinį dokumentą. Pirmiausia išrašykite sąskaitą faktūrą (Pardavimai → Užsakymai → #%1 → mygtukas „Invoice“), o tada grįžkite čia grąžinti pinigų."
"No items recorded on this withdrawal request — the credit memo will open with default invoice qtys; please adjust manually.","Šiame atsisakymo prašyme nepažymėta jokių prekių — kreditinis dokumentas bus atvertas su numatytaisiais sąskaitos faktūros kiekiais; pakoreguokite rankiniu būdu."
"Pre-filled credit memo for withdrawal #%1 — review the qtys + shipping refund below, then click Refund Online or Refund Offline.","Iš anksto užpildytas kreditinis dokumentas atsisakymui #%1 — peržiūrėkite kiekius ir pristatymo grąžinimą žemiau, tada paspauskite „Refund Online“ arba „Refund Offline“."
"Some items are no longer eligible. Please reload and try again.","Kai kurios prekės nebėra tinkamos. Iš naujo įkelkite puslapį ir bandykite dar kartą."
"We could not process your request. Please try again.","Nepavyko apdoroti jūsų prašymo. Bandykite dar kartą."
"Item","Prekė"
"We could not find a matching order for that email.","Nepavyko rasti šį el. paštą atitinkančio užsakymo."
"Withdraw from a contract","Atsisakyti sutarties"
"Withdrawal not found.","Atsisakymas nerastas."
"This withdrawal can no longer be cancelled online. Contact us if you need help.","Šio atsisakymo internetu atšaukti nebegalima. Susisiekite su mumis, jei reikia pagalbos."
"Withdrawal #%1 cancelled.","Atsisakymas #%1 atšauktas."
"Please fill in all required fields.","Užpildykite visus privalomus laukus."
"%1 item(s) were excluded from the withdrawal because the seal is broken (Art. 16(e)/(i) Directive 2011/83/EU).","%1 prekė (-ės) pašalinta (-os) iš atsisakymo, nes plomba pažeista (Direktyvos 2011/83/ES 16 str. e/i punktai)."
"Please select at least one item to withdraw.","Pasirinkite bent vieną prekę, kurios norite atsisakyti."
"One or more items are no longer available for withdrawal. Please refresh and try again.","Vienos ar daugiau prekių atsisakyti nebegalima. Atnaujinkite puslapį ir bandykite dar kartą."
"None of the selected items are eligible for withdrawal.","Nė viena iš pasirinktų prekių netinka atsisakymui."
"Hash mismatch for quote item %1","Krepšelio prekės %1 maišos kodų neatitikimas"
"Requested qty %1 exceeds remaining %2 for order item %3","Prašomas kiekis %1 viršija likusį %2 užsakymo prekei %3"
"No delivery confirmation recorded for this order yet.","Šiam užsakymui dar neužfiksuotas pristatymo patvirtinimas."
"No eligible items selected for withdrawal","Nepasirinkta tinkamų prekių atsisakymui"
"Physical goods","Fizinės prekės"
"Digital content (non-tangible)","Skaitmeninis turinys (neapčiuopiamas)"
"Digital service (SaaS / subscription)","Skaitmeninė paslauga (SaaS / prenumerata)"
"Financial services (not supported)","Finansinės paslaugos (nepalaikoma)"
"Downloadable products","Atsisiunčiamos prekės"
"Virtual products","Virtualios prekės"
"Bundles containing digital children","Komplektai, kuriuose yra skaitmeninių sudėtinių dalių"
"Custom attribute flag","Pasirinktinio atributo žyma"
"locale_inheritance.xml missing at %1","locale_inheritance.xml nėra vietoje %1"
"locale_inheritance.xml unreadable at %1","locale_inheritance.xml negalima nuskaityti vietoje %1"
"locale_inheritance.xml failed XSD validation: %1","locale_inheritance.xml nepraėjo XSD patvirtinimo: %1"
"Original payment method","Pradinis mokėjimo būdas"
"This is your durable-medium receipt for the withdrawal (Art. 11a(4) Directive 2011/83/EU).","Tai jūsų atsisakymo kvitas patvariojoje laikmenoje (Direktyvos 2011/83/ES 11a straipsnio 4 dalis)."
"This email is a notification about your withdrawal request.","Šis el. laiškas yra pranešimas apie jūsų atsisakymo prašymą."
"5–7 business days","5–7 darbo dienos"
"This is a confirmation that your withdrawal request has been recorded.","Tai patvirtinimas, kad jūsų atsisakymo prašymas užregistruotas."
"MageMe EU Withdrawal is installed but not enabled. Review the compliance checklist and configure the module before enabling: <a href=""%1"">Stores → Configuration → MageMe Extensions → EU Withdrawal</a>.","MageMe EU Withdrawal įdiegtas, bet neįjungtas. Prieš įjungdami peržiūrėkite atitikties kontrolinį sąrašą ir sukonfigūruokite modulį: <a href=""%1"">Stores → Configuration → MageMe Extensions → EU Withdrawal</a>."
"Delivery confirmation status is not configured. Set Stores → Configuration → MageMe Extensions → EU Withdrawal → Withdrawal Period → Delivery Confirmation Statuses.","Pristatymo patvirtinimo būsena nesukonfigūruota. Nustatykite: Stores → Configuration → MageMe Extensions → EU Withdrawal → Withdrawal Period → Delivery Confirmation Statuses."
"No Annex I source found for locale %1 along chain %2","I priedo šaltinis lokalei %1 grandinėje %2 nerastas"
"Annex I source for locale %1 is malformed","I priedo šaltinis lokalei %1 yra netaisyklingas"
"Missing merchant variables for Annex I rendering: %1","Trūksta prekybininko kintamųjų I priedo atvaizdavimui: %1"
"Receipt hash mismatch for request %1","Prašymo %1 kvito maišos kodų neatitikimas"
"Request %1 not found.","Prašymas %1 nerastas."
"Denying a withdrawal request requires a legal basis of at least 10 characters.","Atmesti atsisakymo prašymą galima tik nurodžius bent 10 simbolių ilgio teisinį pagrindą."
"Withdrawal request cannot transition from ""%1"" to ""%2"".","Atsisakymo prašymas negali pereiti iš būsenos „%1“ į „%2“."
"Request %1 is not in pending_confirm state.","Prašymas %1 nėra pending_confirm būsenoje."
"Withdrawal request #%1 does not exist.","Atsisakymo prašymas #%1 neegzistuoja."
"No digital items on order %1","Užsakyme %1 nėra skaitmeninių prekių"
"This is your durable-medium copy of the waiver you signed at checkout (Art. 11a(4) Directive 2011/83/EU).","Tai jūsų atsisakymo, kurį pasirašėte apmokėjimo metu, kopija patvariojoje laikmenoje (Direktyvos 2011/83/ES 11a straipsnio 4 dalis)."
"Waived","Atsisakyta"
"Waiver email render failed: %1","Atsisakymo el. laiško atvaizdavimas nepavyko: %1"
"Digital content waiver text has changed — please reload checkout.","Skaitmeninio turinio atsisakymo tekstas pasikeitė — iš naujo įkelkite apmokėjimo puslapį."
"Digital content waiver is incomplete for item %1.","Skaitmeninio turinio atsisakymas prekei %1 yra neišsamus."
"bad","blogai"
"smtp down","smtp down"
"smtp","smtp"
"down","neveikia"
"No shipment found for order 42.","Užsakymui 42 siunta nerasta."
"View","Peržiūrėti"
"Withdrawal & Customer Information","Atsisakymo ir kliento informacija"
"Request # %1","Prašymas # %1"
"Request Status","Prašymo būsena"
"Submitted At","Pateikimo laikas"
"Confirmed At","Patvirtinimo laikas"
"Related Order","Susijęs užsakymas"
"Jurisdiction","Jurisdikcija"
"Contract Type","Sutarties tipas"
"Receipt Status","Kvito būsena"
"%1 attempt(s)","%1 bandymas (-ų)"
"Receipt Error","Kvito klaida"
"Customer Information","Kliento informacija"
"Customer Name","Kliento vardas"
"Email","El. paštas"
"Locale","Kalba"
"Items Selected for Withdrawal","Atsisakymui pasirinktos prekės"
"Product","Produktas"
"Price","Kaina"
"Qty","Kiekis"
"Subtotal","Tarpinė suma"
"Refund","Grąžinimas"
"Reason","Priežastis"
"Eligibility","Tinkamumas"
"No items associated with this request.","Su šiuo prašymu nesusietos jokios prekės."
"SKU","SKU"
"Ordered","Užsakyta"
"Withdrawing","Atsisakoma"
"Refund Total","Grąžinama suma"
"Notes for this Request","Šio prašymo pastabos"
"Internal notes — visible to admin staff only. Not sent to the customer.","Vidinės pastabos — matomos tik administracijos darbuotojams. Klientui nesiunčiamos."
"Comment","Komentaras"
"Add internal note (max 2000 chars)","Pridėti vidinę pastabą (iki 2000 simbolių)"
"Submit Comment","Pateikti komentarą"
"No comments added yet.","Komentarų dar nepridėta."
" by %1"," — %1"
"Refund Totals","Grąžinimo sumos"
"Items Subtotal","Prekių tarpinė suma"
"Shipping Refund","Pristatymo grąžinimas"
"Total Refund","Bendra grąžinama suma"
"Changes have been made to this section that have not been saved.","Šiame skyriuje atlikti pakeitimai, kurie dar neišsaugoti."
"This tab contains invalid data. Please resolve this before saving.","Šiame skirtuke yra neteisingų duomenų. Išspręskite tai prieš išsaugodami."
"Contact us","Susisiekite"
"Returns","Grąžinimai"
"FAQs","DUK"
"All rights reserved.","Visos teisės saugomos."
"Returned items","Grąžintos prekės"
"No image","Nuotraukos nėra"
"Item status","Prekės būsena"
"Withdrawal options for this order","Šio užsakymo atsisakymo galimybės"
"You can return this order until %1.","Šį užsakymą galite grąžinti iki %1."
"(Art. 11a Directive 2011/83/EU)","(Direktyvos 2011/83/ES 11a straipsnis)"
"Submit a withdrawal request to start the refund process.","Pateikite atsisakymo prašymą, kad pradėtumėte pinigų grąžinimo procesą."
"(Art. 9(2)(b) Directive 2011/83/EU)","(Direktyvos 2011/83/ES 9 straipsnio 2 dalies b punktas)"
"Start withdrawal","Pradėti atsisakymą"
"Your withdrawal requests","Jūsų atsisakymo prašymai"
"Submitted %1","Pateikta %1"
"Show items","Rodyti prekes"
"Cancel withdrawal","Atšaukti atsisakymą"
"Qty %1","Kiekis %1"
"Receipt details","Patvirtinimo informacija"
"Receipt number","Kvito numeris"
"Order number","Užsakymo numeris"
"Confirmed","Patvirtinta"
"Consumer","Vartotojas"
"Refund total","Bendra grąžinimo suma"
"Merchant","Pardavėjas"
"Legal basis","Teisinis pagrindas"
"SKU %1","SKU %1"
"Shipping refund","Pristatymo grąžinimas"
"Tax refund","Mokesčio grąžinimas"
"Total refund","Bendras grąžinimas"
"Digital content — Art. 16(m) notice","Skaitmeninis turinys — pranešimas pagal 16 str. m punktą"
"By placing the order you agreed to begin performance of the digital content before the end of the withdrawal period and acknowledged that, once performance has begun, the right of withdrawal no longer applies. This notice is shown for your records.","Pateikdami užsakymą sutikote, kad skaitmeninio turinio teikimas būtų pradėtas dar nepasibaigus atsisakymo terminui, ir patvirtinote, kad pradėjus teikimą atsisakymo teisė nebetaikoma. Šis pranešimas rodomas jūsų įrašams."
"Existing withdrawals for this order","Esami šio užsakymo atsisakymai"
"You can cancel a withdrawal here until it is approved.","Atsisakymą čia galite atšaukti, kol jis nepatvirtintas."
"Request #%1","Prašymas #%1"
"SKU: %1","SKU: %1"
"Estimated refund: %1 %2","Numatoma grąžinama suma: %1 %2"
"Cancel this withdrawal","Atšaukti šį atsisakymą"
"Are you sure? This cannot be undone.","Ar tikrai? Šio veiksmo atšaukti nebus galima."
"Yes, cancel","Taip, atšaukti"
"Keep it","Palikti"
"Select items to return","Pasirinkite grąžintinas prekes"
"Choose all items or only some of them. Set the return quantity for each item you want to withdraw.","Pasirinkite visas prekes arba tik kai kurias. Nustatykite grąžinimo kiekį kiekvienai prekei, nuo kurios norite atsisakyti."
"You have 14 days from the day you received your order to withdraw from the contract without giving a reason.","Per 14 dienų nuo užsakymo gavimo galite atsisakyti sutarties nenurodydami priežasties."
"Back to order search","Atgal į užsakymų paiešką"
"Cancel","Atšaukti"
"Continue to review","Tęsti į peržiūrą"
"Review and confirm","Peržiūrėti ir patvirtinti"
"Order #%1","Užsakymas #%1"
"Placed on %1","Pateikta %1"
"Awaiting delivery","Laukiama pristatymo"
"Delivered on %1","Pristatyta %1"
"Total","Iš viso"
"Return shipping","Grąžinimo siuntimas"
"View return policy","Peržiūrėti grąžinimo politiką"
"Refund method","Grąžinimo būdas"
"Refund will be issued to your original payment method.","Pinigai bus grąžinti pradiniu mokėjimo būdu."
"Return summary","Grąžinimo santrauka"
"Shipping & Handling","Pristatymas ir tvarkymas"
"Tax","Mokestis"
"Back to items","Atgal į prekes"
"Submit return request","Pateikti grąžinimo prašymą"
"Your return request has been submitted!","Jūsų grąžinimo prašymas pateiktas!"
"We've emailed you a notification with your return details and a prepaid return label (if applicable). You have 14 days from the delivery date to send your items back.","El. paštu išsiuntėme pranešimą su grąžinimo informacija ir iš anksto apmokėta grąžinimo etikete (jei taikoma). Per 14 dienų nuo pristatymo datos turite išsiųsti prekes atgal."
"Return request number","Grąžinimo prašymo numeris"
"Copy request number","Kopijuoti prašymo numerį"
"Copied!","Nukopijuota!"
"Confirmation email sent","Patvirtinimo laiškas išsiųstas"
"We've sent the details to","Informaciją išsiuntėme adresu"
"What happens next?","Kas toliau?"
"Pack your items securely","Saugiai supakuokite prekes"
"Send them back using the provided instructions","Išsiųskite jas atgal pagal pateiktas instrukcijas"
"We'll inspect your return","Patikrinsime jūsų grąžinimą"
"Your refund will be issued to your original payment method","Pinigai bus grąžinti į jūsų pradinį mokėjimo būdą"
"Need more help?","Reikia daugiau pagalbos?"
"View my returns","Peržiūrėti mano grąžinimus"
"Contact support","Kreiptis į pagalbos tarnybą"
"Purchased","Pirkta"
"Returned","Grąžinta"
"Decrease quantity","Sumažinti kiekį"
"Increase quantity","Padidinti kiekį"
"Is the hygiene seal still intact?","Ar higienos plomba vis dar nepažeista?"
"Is the original software / media seal still intact?","Ar originali programinės įrangos / laikmenos plomba vis dar nepažeista?"
"Yes — it's still sealed","Taip — plomba vis dar nepažeista"
"Refund possible — return the unopened package.","Pinigus galima grąžinti — grąžinkite neatidarytą pakuotę."
"No — I've opened it","Ne — aš ją atidariau"
"This item cannot be returned (Art. 16(e) Directive 2011/83/EU).","Šios prekės grąžinti negalima (Direktyvos 2011/83/ES 16 str. e punktas)."
"This item cannot be returned (Art. 16(i) Directive 2011/83/EU).","Šios prekės grąžinti negalima (Direktyvos 2011/83/ES 16 str. i punktas)."
"Once you confirm the seal is broken, this item is excluded from the withdrawal request and the quantity will be reset to zero.","Kai patvirtinsite, kad plomba pažeista, ši prekė bus pašalinta iš atsisakymo prašymo, o kiekis nustatytas į nulį."
"Reason for return (optional)","Grąžinimo priežastis (neprivaloma)"
"Tell us more (optional, max 500 chars)","Papasakokite plačiau (neprivaloma, iki 500 simbolių)"
"Already returned.","Jau grąžinta."
"awaiting admin review","laukia administratoriaus peržiūros"
"awaiting confirmation","laukia patvirtinimo"
"Request %1 %2 (%3 item%4).","Prašymas %1 %2 (%3 prekė%4)."
"Return request awaiting review.","Grąžinimo prašymas laukia peržiūros."
"Cancel request","Atšaukti prašymą"
"Under EU consumer law, you may withdraw from most contracts within 14 days without giving a reason.","Pagal ES vartotojų teisės aktus daugumos sutarčių galite atsisakyti per 14 dienų nenurodydami priežasties."
"Read your full pre-contract rights (Art. 6)","Skaityti visą ikisutartinę informaciją apie savo teises (6 straipsnis)"
"Under Art. 6 of Directive 2011/83/EU (as amended by Directive (EU) 2023/2673), before you placed this order the seller informed you — or made available — the following information:","Pagal Direktyvos 2011/83/ES 6 straipsnį (su pakeitimais, padarytais Direktyva (ES) 2023/2673) prieš pateikdami šį užsakymą pardavėjas jus informavo — arba pateikė — šią informaciją:"
"The main characteristics of the goods or services.","Pagrindinės prekių ar paslaugų savybės."
"The identity and contact details of the trader.","Prekybininko tapatybė ir kontaktiniai duomenys."
"The total price including all taxes and any delivery costs.","Bendra kaina, įskaitant visus mokesčius ir pristatymo išlaidas."
"The arrangements for payment, delivery and performance, and complaint-handling.","Mokėjimo, pristatymo ir vykdymo tvarka bei skundų nagrinėjimas."
"Your right of withdrawal: under Art. 9 you have 14 days to withdraw from this distance contract without giving a reason. For physical goods, the 14-day period starts on the day you (or a third party nominated by you) take physical possession of the goods. For services and digital content, different starting dates apply (Art. 9(2)(a)/(c)).","Jūsų atsisakymo teisė: pagal 9 straipsnį turite 14 dienų atsisakyti šios nuotolinės sutarties nenurodydami priežasties. Fizinių prekių atveju 14 dienų laikotarpis pradedamas skaičiuoti nuo tos dienos, kai jūs (arba jūsų nurodytas trečiasis asmuo) fiziškai gavote prekes. Paslaugoms ir skaitmeniniam turiniui taikomos kitos pradžios datos (9 straipsnio 2 dalies a/c punktai)."
"Exceptions: the right does not apply to certain goods and services listed in Art. 16 (e.g., custom-made goods, sealed hygiene items once unsealed, digital content whose performance has begun with your prior express consent and acknowledgement that you lose the withdrawal right).","Išimtys: ši teisė netaikoma tam tikroms prekėms ir paslaugoms, išvardytoms 16 straipsnyje (pvz., pagal užsakymą pagamintoms prekėms, užplombuotoms higienos prekėms, jei plomba pažeista, skaitmeniniam turiniui, kurio teikimas pradėtas gavus jūsų išankstinį aiškų sutikimą ir patvirtinimą, kad prarandate atsisakymo teisę)."
"The legal guarantee of conformity for goods applies under Art. 5 of Directive 2019/771, in addition to the right of withdrawal.","Be atsisakymo teisės, prekėms taikoma teisinė atitikties garantija pagal Direktyvos 2019/771 5 straipsnį."
"Delivery: %1","Pristatymas: %1"
"Total paid","Iš viso sumokėta"
"Pick an order to withdraw from","Pasirinkite užsakymą, kurio norite atsisakyti"
"Select a recent order to start your withdrawal.","Pasirinkite naujausią užsakymą, kad pradėtumėte atsisakymą."
"Select","Pasirinkti"
"Withdrawal progress","Atsisakymo eiga"
"title","pavadinimas"
"subtitle","paantraštė"
"Items to return","Grąžinamos prekės"
"0 items","0 prekių"
"Refund summary","Grąžinimo santrauka"
"No items in this order are currently eligible for withdrawal.","Šiuo metu nė viena šio užsakymo prekė neatitinka atsisakymo sąlygų."
"Each line is either already being processed, pending confirmation, or has been fully withdrawn. Check the existing requests section above for status or to cancel.","Kiekviena eilutė arba jau apdorojama, arba laukia patvirtinimo, arba jau visiškai atsisakyta. Būsenai pamatyti ar atšaukti peržiūrėkite esamų prašymų skyrių aukščiau."
"No items selected yet. Use the + button next to an item to add it to your return.","Dar nepasirinkta jokia prekė. Naudokite mygtuką + šalia prekės, kad pridėtumėte ją į grąžinimą."
"Find your order","Raskite savo užsakymą"
"Enter the details you used during checkout to start a return or withdrawal.","Įveskite duomenis, kuriuos naudojote atsiskaitydami, kad pradėtumėte grąžinimą ar atsisakymą."
"We could not find an order matching that email. Double-check your order number and email address.","Nepavyko rasti užsakymo, atitinkančio šį el. paštą. Dar kartą patikrinkite užsakymo numerį ir el. pašto adresą."
"e.g. 12345","pvz. 12345"
"You can find this in your order confirmation email.","Tai rasite užsakymo patvirtinimo el. laiške."
"Email address","El. pašto adresas"
"you@example.com","you@example.com"
"Must match the email used for the order.","Turi sutapti su užsakymui naudotu el. paštu."
"Find my order","Rasti mano užsakymą"
"You have the right to withdraw from your purchase within 14 days of receiving your order, without giving any reason.","Turite teisę atsisakyti pirkimo per 14 dienų nuo užsakymo gavimo, nenurodydami priežasties."
"Need help finding your order?","Reikia pagalbos surandant užsakymą?"
"Select an order","Pasirinkite užsakymą"
"Choose an order from your history to start a return or withdrawal.","Pasirinkite užsakymą iš istorijos, kad pradėtumėte grąžinimą ar atsisakymą."
"You don't have any orders eligible for withdrawal. The 14-day withdrawal window runs from the day you received your order.","Jūs neturite užsakymų, kurių galima atsisakyti. 14 dienų atsisakymo laikotarpis skaičiuojamas nuo užsakymo gavimo dienos."
"View all my orders","Peržiūrėti visus mano užsakymus"
"items","prekės"
"Select order","Pasirinkti užsakymą"
"No recent withdrawal","Naujausių atsisakymų nėra"
"We could not find a recent withdrawal in this session. If you have just submitted one, please check your inbox for the confirmation email.","Šioje sesijoje nepavyko rasti neseno atsisakymo. Jei ką tik jį pateikėte, patikrinkite gautųjų aplanką dėl patvirtinimo el. laiško."
"Start a new withdrawal","Pradėti naują atsisakymą"
"Withdrawal #%1 submitted","Atsisakymas #%1 pateiktas"
"Related order:","Susijęs užsakymas:"
"Items","Prekės"
"Items included in this withdrawal","Į šį atsisakymą įtrauktos prekės"
"Line Total","Eilutės iš viso"
"What happens next","Kas vyksta toliau"
"You will receive a receipt email with the full withdrawal statement and integrity hash within a few minutes.","Per kelias minutes gausite kvito el. laišką su visu atsisakymo dokumentu ir vientisumo maišos kodu."
"The 14-day window under Art. 9 CRD is locked to the moment you confirmed the withdrawal — nothing further is required from you to preserve the right.","14 dienų laikotarpis pagal Direktyvos 2011/83/ES 9 straipsnį užfiksuotas atsisakymo patvirtinimo momentu — daugiau nieko daryti nereikia, kad išsaugotumėte šią teisę."
"The final refund is determined after we receive the returned items (Art. 14(2)) and is issued to the original payment method. Expect the funds within 14 days of receipt.","Galutinė grąžinama suma nustatoma gavus grąžintas prekes (14 straipsnio 2 dalis) ir grąžinama į pradinį mokėjimo būdą. Lėšų tikėtis per 14 dienų nuo gavimo."
"Back to Withdrawals","Atgal į atsisakymus"
"Verzichtsbestätigung digitaler Inhalte — Bestellung %increment_id","Skaitmeninio turinio atsisakymo patvirtinimas — Užsakymas %increment_id"
"Sehr geehrte/r %name,","Gerb. %name,"
"Dies ist die Bestätigung auf einem dauerhaften Datenträger Ihrer ausdrücklichen Einwilligung zum Beginn der Ausführung folgender digitaler Inhalte sowie Ihrer Bestätigung, dass Sie dadurch Ihr Widerrufsrecht verlieren (Art. 16(m) VRL).","Tai yra patvirtinimas patvariojoje laikmenoje apie jūsų aiškų sutikimą pradėti toliau nurodyto skaitmeninio turinio teikimą ir jūsų patvirtinimą, kad dėl to prarandate atsisakymo teisę (Direktyvos 2011/83/ES 16 str. m punktas)."
"Durch den Verzicht abgedeckte digitale Inhalte","Atsisakymu apimtas skaitmeninis turinys"
"Ihre ausdrückliche Einwilligung","Jūsų aiškus sutikimas"
"Eingewilligt am:","Sutikimo data:"
"Ihre Bestätigung zum Verlust des Widerrufsrechts","Jūsų patvirtinimas dėl atsisakymo teisės praradimo"
"Bestätigt am:","Patvirtinimo data:"
"Verzichtsreferenz:","Atsisakymo nuoroda:"
"Rechtsgrundlage: Art. 16(m) Verbraucherrechterichtlinie 2011/83/EU.","Teisinis pagrindas: Vartotojų teisių direktyvos 2011/83/ES 16 straipsnio m punktas."
"Digital content waiver confirmation — Order %1","Skaitmeninio turinio atsisakymo patvirtinimas — Užsakymas %1"
"Dear %name,","Gerb. %name,"
"This is the durable-medium confirmation of your express consent to begin performance of the following digital items, and your acknowledgment that by doing so you lose your right of withdrawal (Art. 16(m) CRD).","Tai yra patvarus jūsų aiškaus sutikimo pradėti toliau nurodytų skaitmeninių prekių teikimą patvirtinimas ir jūsų patvirtinimas, kad tokiu būdu prarandate atsisakymo teisę (Direktyvos 2011/83/ES 16 str. m punktas)."
"Digital items covered by this waiver","Šiuo atsisakymu apimtos skaitmeninės prekės"
"Your express consent","Tavo aiškus sutikimas"
"Consented at:","Sutikimo data:"
"Your acknowledgment of loss of withdrawal right","Tavo patvirtinimas dėl atsisakymo teisės praradimo"
"Acknowledged at:","Patvirtinimo data:"
"Waiver reference:","Atsisakymo nuoroda:"
"Legal basis: Art. 16(m) Consumer Rights Directive 2011/83/EU.","Teisinis pagrindas: Vartotojų teisių direktyvos 2011/83/ES 16 straipsnio m punktas."
"Digitaalisen sisällön luopumisvahvistus — Tilaus %increment_id","Skaitmeninio turinio atsisakymo patvirtinimas — Užsakymas %increment_id"
"Hyvä %name,","Gerb. %name,"
"Tämä on pysyvällä tietovälineellä annettu vahvistus nimenomaisesta suostumuksestasi aloittaa seuraavien digitaalisten sisältöjen toimitus sekä vahvistuksestasi, että menetät peruuttamisoikeutesi (KSL 6:16).","Tai yra patvariojoje laikmenoje pateiktas patvirtinimas apie jūsų aiškų sutikimą pradėti toliau nurodyto skaitmeninio turinio teikimą ir jūsų patvirtinimą, kad prarandate atsisakymo teisę (Direktyvos 2011/83/ES 16 str. m punktas)."
"Luopumisen kattamat digitaaliset sisällöt","Atsisakymu apimtas skaitmeninis turinys"
"Nimenomainen suostumuksesi","Jūsų aiškus sutikimas"
"Suostuttu:","Sutikimo data:"
"Vahvistuksesi peruuttamisoikeuden menettämisestä","Jūsų patvirtinimas dėl atsisakymo teisės praradimo"
"Vahvistettu:","Patvirtinimo data:"
"Luopumisen viite:","Atsisakymo nuoroda:"
"Oikeusperusta: KSL 6:16 / Art. 16(m) kuluttajanoikeusdirektiivi 2011/83/EU.","Teisinis pagrindas: Vartotojų teisių direktyvos 2011/83/ES 16 straipsnio m punktas."
"Confirmation de renonciation au contenu numérique — Commande %increment_id","Skaitmeninio turinio atsisakymo patvirtinimas — Užsakymas %increment_id"
"Cher/Chère %name,","Gerb. %name,"
"Ceci est la confirmation sur un support durable de votre consentement exprès à commencer l'exécution des contenus numériques suivants, et de votre reconnaissance que vous perdez ainsi votre droit de rétractation (Art. L. 221-28 Code consommation).","Tai yra patvariojoje laikmenoje pateiktas jūsų aiškaus sutikimo pradėti toliau nurodyto skaitmeninio turinio teikimą patvirtinimas ir jūsų patvirtinimas, kad dėl to prarandate atsisakymo teisę (Direktyvos 2011/83/ES 16 str. m punktas)."
"Contenus numériques couverts par la présente renonciation","Atsisakymu apimtas skaitmeninis turinys"
"Votre consentement exprès","Jūsų aiškus sutikimas"
"Consenti le :","Sutikimo data:"
"Votre reconnaissance de la perte du droit de rétractation","Jūsų patvirtinimas dėl atsisakymo teisės praradimo"
"Reconnu le :","Patvirtinimo data:"
"Référence de renonciation :","Atsisakymo nuoroda:"
"Base légale : Art. L. 221-28 Code consommation / Art. 16(m) Directive 2011/83/UE.","Teisinis pagrindas: Vartotojų teisių direktyvos 2011/83/ES 16 straipsnio m punktas."
"Bevestiging afstand digitale inhoud — Bestelling %increment_id","Skaitmeninio turinio atsisakymo patvirtinimas — Užsakymas %increment_id"
"Beste %name,","Gerb. %name,"
"Dit is de bevestiging op een duurzame gegevensdrager van uw uitdrukkelijke toestemming om te beginnen met de levering van de volgende digitale inhoud, en uw erkenning dat u daardoor uw herroepingsrecht verliest (Art. 6:230s BW).","Tai yra patvariojoje laikmenoje pateiktas patvirtinimas apie jūsų aiškų sutikimą pradėti toliau nurodyto skaitmeninio turinio teikimą ir jūsų patvirtinimą, kad dėl to prarandate atsisakymo teisę (Direktyvos 2011/83/ES 16 str. m punktas)."
"Onder deze afstand vallende digitale items","Atsisakymu apimtos skaitmeninės prekės"
"Uw uitdrukkelijke toestemming","Jūsų aiškus sutikimas"
"Toestemming verleend op:","Sutikimo data:"
"Uw erkenning van verlies van herroepingsrecht","Jūsų patvirtinimas dėl atsisakymo teisės praradimo"
"Erkend op:","Patvirtinimo data:"
"Afstandreferentie:","Atsisakymo nuoroda:"
"Rechtsgrondslag: Art. 6:230s BW / Art. 16(m) Richtlijn 2011/83/EU.","Teisinis pagrindas: Vartotojų teisių direktyvos 2011/83/ES 16 straipsnio m punktas."
"[EU Withdrawal] Receipt send failed — request #%request_id","[EU Withdrawal] Kvito siuntimas nepavyko — prašymas #%request_id"
"The receipt email for withdrawal request #%request_id has failed to send permanently.","Atsisakymo prašymo #%request_id kvito el. laiško išsiųsti visam laikui nepavyko."
"Inspect the <code>mm_eu_withdrawal_request.receipt_last_error</code> column for the last error message, and the <code>mm_eu_withdrawal_request.receipt_send_attempts</code> column for the retry count.","Paskutinio klaidos pranešimo ieškokite <code>mm_eu_withdrawal_request.receipt_last_error</code> stulpelyje, o pakartojimų skaičiaus — <code>mm_eu_withdrawal_request.receipt_send_attempts</code> stulpelyje."
"You can requeue the send from the admin grid after resolving the underlying issue.","Pašalinę esminę problemą siuntimą galite vėl įdėti į eilę iš administratoriaus tinklelio."
"Your refund is on its way — Withdrawal #%1","Tavo grąžinimas pakeliui — Atsisakymas #%1"
"Your refund is on its way","Tavo grąžinimas pakeliui"
"Hi %name, we've approved your withdrawal request and started the refund process.","Sveiki, %name, patvirtinome tavo atsisakymo prašymą ir pradėjome grąžinimo procesą."
"View refund details","Peržiūrėti grąžinimo informaciją"
"Withdrawal number","Atsisakymo numeris"
"Approved on","Patvirtinta"
"Estimated arrival","Numatomas gavimas"
"Status","Būsena"
"Your refund will be issued to your original payment method within 5–7 business days. You'll see it on your card or bank statement once it lands.","Pinigai bus grąžinti į tavo pradinį mokėjimo būdą per 5–7 darbo dienas. Pamatysi juos kortelės ar banko sąskaitos išraše, kai jie pasieks tavo sąskaitą."
"Need help?","Reikia pagalbos?"
"Reply to this email or contact us at","Atsakyk į šį laišką arba susisiek su mumis adresu"
"Your withdrawal was cancelled — Withdrawal #%1","Tavo atsisakymas buvo atšauktas — Atsisakymas #%1"
"Your withdrawal was cancelled","Tavo atsisakymas buvo atšauktas"
"Hi %name, we've cancelled your withdrawal request.","Sveiki, %name, atšaukėme tavo atsisakymo prašymą."
"Submit a new request","Pateikti naują prašymą"
"Cancelled request","Atšauktas prašymas"
"Cancelled on","Atšaukta"
"Refund requested","Prašoma grąžinti"
"If this was unexpected, you can submit a new withdrawal request as long as your 14-day window is still open. Reach out if you need help — we're happy to clarify.","Jei tai buvo netikėta, gali pateikti naują atsisakymo prašymą, kol tavo 14 dienų laikotarpis dar galioja. Susisiek su mumis, jei reikia pagalbos — mielai paaiškinsime."
"Cancellation confirmed — Withdrawal #%1","Atšaukimas patvirtintas — Atsisakymas #%1"
"Cancellation confirmed","Atšaukimas patvirtintas"
"Hi %name, your withdrawal request has been cancelled as you asked.","Sveiki, %name, tavo atsisakymo prašymas buvo atšauktas, kaip prašei."
"Back to my orders","Grįžti į mano užsakymus"
"Cancelled by","Atšaukė"
"You","Jūs"
"Your order remains active and there's no further action needed. If you change your mind, you can start a new withdrawal request any time within your 14-day window.","Tavo užsakymas lieka aktyvus ir jokių kitų veiksmų nereikia. Jei persigalvosi, gali pradėti naują atsisakymo prašymą bet kada per savo 14 dienų laikotarpį."
"Update on your withdrawal request — Withdrawal #%1","Atnaujinimas dėl tavo atsisakymo prašymo — Atsisakymas #%1"
"We can't process this withdrawal","Negalime apdoroti šio atsisakymo"
"Hi %name, after reviewing your withdrawal request we're unable to approve it.","Sveiki, %name, peržiūrėjus tavo atsisakymo prašymą negalime jo patvirtinti."
"Request details","Prašymo informacija"
"Reviewed on","Peržiūrėta"
"Decision","Sprendimas"
"Reason from our team","Mūsų komandos paaiškinimas"
"If you'd like to discuss this decision, our team is here to help. Reply to this email or use the button above.","Jei norėtum aptarti šį sprendimą, mūsų komanda mielai padės. Atsakyk į šį laišką arba paspausk mygtuką viršuje."
"Your withdrawal request has been submitted — Order #%1","Tavo atsisakymo prašymas pateiktas — Užsakymas #%1"
"Your return request has been submitted","Tavo grąžinimo prašymas pateiktas"
"Hi %name, we've received your return request and are currently reviewing it. You'll hear back when we've inspected your return and processed your refund.","Sveiki, %name, gavome tavo grąžinimo prašymą ir šiuo metu jį peržiūrime. Pranešime, kai patikrinsime grąžinimą ir apdorosime pinigų grąžinimą."
"Return number","Grąžinimo numeris"
"Requested on","Pateikta"
"We'll inspect your return and notify you once approved. Refunds are issued to your original payment method within 5–7 business days after approval.","Patikrinsime tavo grąžinimą ir pranešime, kai jis bus patvirtintas. Pinigai grąžinami į pradinį mokėjimo būdą per 5–7 darbo dienas po patvirtinimo."
"If you have any questions, our customer service team is here to help.","Jei turi klausimų, mūsų klientų aptarnavimo komanda mielai padės."
"Visit our help center","Aplankyti mūsų pagalbos centrą"
"If you did not initiate this request, contact us immediately at","Jei šio prašymo neinicijavai tu, nedelsdami susisiek su mumis adresu"
"Withdrawal receipt — Order #%1","Atsisakymo patvirtinimas — Užsakymas #%1"
"Withdrawal receipt","Atsisakymo patvirtinimas"
"Hi %name, this email is your durable-medium proof of withdrawal under Art. 11a Directive 2011/83/EU. Keep it for your records.","Sveiki, %name, šis laiškas yra tavo atsisakymo įrodymas patvariojoje laikmenoje pagal Direktyvos 2011/83/ES 11a straipsnį. Išsaugok jį savo įrašuose."
"Submitted on","Pateikta"
"Your %store_name order confirmation","Jūsų %store_name užsakymo patvirtinimas"
"%customer_name,","%customer_name,"
"Thank you for your order from %store_name.","Dėkojame už užsakymą iš %store_name."
"Once your package ships we will send you a tracking number.","Kai siunta bus išsiųsta, atsiųsime sekimo numerį."
"You can check the status of your order by <a href=""%account_url"">logging into your account</a>.","Užsakymo būseną galite patikrinti <a href=""%account_url"">prisijungę prie savo paskyros</a>."
"If you have questions about your order, you can email us at <a href=""mailto:%store_email"">%store_email</a>","Jei turite klausimų apie užsakymą, rašykite mums adresu <a href=""mailto:%store_email"">%store_email</a>"
"or call us at <a href=""tel:%store_phone"">%store_phone</a>","arba skambinkite mums numeriu <a href=""tel:%store_phone"">%store_phone</a>"
"Our hours are <span class=""no-link"">%store_hours</span>.","Mūsų darbo laikas: <span class=""no-link"">%store_hours</span>."
"Your Order <span class=""no-link"">#%increment_id</span>","Jūsų užsakymas <span class=""no-link"">#%increment_id</span>"
"Placed on <span class=""no-link"">%created_at</span>","Pateiktas <span class=""no-link"">%created_at</span>"
"Billing Info","Atsiskaitymo informacija"
"Shipping Info","Pristatymo informacija"
"Payment Method","Mokėjimo būdas"
"Shipping Method","Pristatymo būdas"
"%name,","%name,"
"Once your package ships we will send an email with a link to track your order.","Kai siunta bus išsiųsta, atsiųsime el. laišką su nuoroda užsakymui sekti."
"Your %store_name order has shipped","Jūsų %store_name užsakymas išsiųstas"
"Your shipping confirmation is below. Thank you again for your business.","Jūsų pristatymo patvirtinimas pateiktas žemiau. Dar kartą dėkojame už pirkimą."
"Your Shipment #%shipment_id for Order #%order_id","Jūsų siunta #%shipment_id užsakymui #%order_id"
"Your digital content waiver is on file","Tavo skaitmeninio turinio atsisakymas užregistruotas"
"Hi %name, you've consented to immediate digital delivery of the items below — this is your durable-medium copy of that consent (Art. 11a(4) CRD).","Sveiki, %name, sutikai dėl neatidėliotino skaitmeninio toliau išvardytų prekių pristatymo — tai yra tavo to sutikimo kopija patvariojoje laikmenoje (Vartotojų teisių direktyvos 11a straipsnio 4 dalis)."
"View order","Peržiūrėti užsakymą"
"Consented at","Sutikimas duotas"
"Acknowledged at","Patvirtinta"
"Keep this email as your durable-medium record. The merchant has stored the SHA-256 hash of the legal text you accepted:","Išsaugok šį laišką kaip savo įrašą patvariojoje laikmenoje. Pardavėjas išsaugojo tavo priimto teisinio teksto SHA-256 maišos kodą:"
"Digital content waiver","Atsisakymas teisės dėl skaitmeninio turinio"
"We need your explicit consent before you can buy this digital item — please read both points carefully.","Reikalingas jūsų aiškus sutikimas prieš įsigyjant šį skaitmeninį daiktą — atidžiai perskaitykite abu punktus."
"We log this consent with your IP and timestamp for our audit record.","Šį sutikimą registruojame su jūsų IP adresu ir laiko žyma audito apskaitai."
"Continue","Tęsti"
"Waiver could not be saved. Please retry.","Atsisakymo išsaugoti nepavyko. Bandykite dar kartą."
"Enable for EU Withdrawal Lookup Form","Įjungti ES atsisakymo paieškos formai"
"MageMe Extensions","MageMe plėtiniai"
"EU Withdrawal","ES atsisakymo teisė"
"General","Bendra"
"Enable Module","Įjungti modulį"
"Activates frontend and cron jobs. Default: disabled. Complete the manual setup checklist before enabling.","Aktyvina vartotojo sąsajos ir cron užduotis. Numatytoji reikšmė: išjungta. Prieš įjungdami atlikite rankinio diegimo kontrolinį sąrašą."
"Request Number Prefix","Užklausos numerio priešdėlis"
"Optional prefix prepended to the withdrawal request increment ID in customer-facing UI (e.g. ""RR-"" renders as ""RR-000000022""). Leave blank to show the plain padded number.","Neprivalomas priešdėlis, pridedamas prie atsisakymo prašymo numerio kliento sąsajoje (pvz., „RR-“ rodomas kaip „RR-000000022“). Palikite tuščią, kad būtų rodomas vien tik užpildytas numeris."
"Default Contract Type","Numatytasis sutarties tipas"
"Frontend Route","Vartotojo sąsajos maršrutas"
"URL prefix used by the customer-facing withdrawal flow (e.g. <code>withdraw-contract</code> renders as <code>/withdraw-contract/...</code>). Lowercase letters, digits, dashes and underscores only.","URL priešdėlis, naudojamas kliento atsisakymo srautui (pvz., <code>withdraw-contract</code> rodomas kaip <code>/withdraw-contract/...</code>). Tik mažosios raidės, skaitmenys, brūkšniai ir pabraukimai."
"Withdrawal Period","Atsisakymo laikotarpis"
"Delivery Confirmation Statuses","Pristatymo patvirtinimo būsenos"
"Pick one or more order statuses whose <em>transition</em> means the customer received the goods in your fulfillment workflow. The 14-day withdrawal window starts on the timestamp of the order's <em>earliest</em> transition into <em>any</em> of the selected statuses (Art. 9(2)(b) Directive 2011/83/EU). Multi-select supports merchants who use several ""delivered""-type statuses (e.g. <code>delivered</code> + <code>complete</code> + <code>delivered_partial</code>). Until the order reaches any of them, the right of withdrawal is open with no fixed deadline.","Pasirinkite vieną ar kelias užsakymo būsenas, į kurias <em>perėjimas</em> jūsų vykdymo procese reiškia, kad klientas gavo prekes. 14 dienų atsisakymo laikotarpis pradedamas skaičiuoti nuo užsakymo <em>ankstyviausio</em> perėjimo į <em>bet kurią</em> iš pasirinktų būsenų laiko žymos (Direktyvos 2011/83/ES 9 str. 2 d. b punktas). Daugkartinis pasirinkimas tinka prekybininkams, naudojantiems kelias „pristatyta“ tipo būsenas (pvz., <code>delivered</code> + <code>complete</code> + <code>delivered_partial</code>). Kol užsakymas nepasiekia nė vienos iš jų, atsisakymo teisė galioja be nustatyto termino."
"Eligibility Rules (Art. 16 CRD Presets)","Tinkamumo taisyklės (16 str. CRD šablonai)"
"Art. 16(c) Custom-Made Goods","16(c) str. Pagal užsakymą pagamintos prekės"
"Excludes products made to customer specifications or clearly personalised (e.g. engraved jewellery, made-to-measure clothing). <strong>Requires</strong> product attribute <code>is_custom_made = true</code>. If enabled, orders containing such items cannot be withdrawn — customers will see this when attempting to start withdrawal.","Neįtraukia prekių, pagamintų pagal kliento specifikacijas arba aiškiai suasmenintų (pvz., graviruotų papuošalų, pagal individualius matavimus pagamintos aprangos). <strong>Reikalauja</strong> prekės atributo <code>is_custom_made = true</code>. Įjungus, užsakymų, kuriuose yra tokių prekių, atsisakyti negalima — klientai tai pamatys bandydami pradėti atsisakymą."
"Art. 16(d) Perishable Goods","16(d) str. Greitai gendančios prekės"
"Excludes goods that can deteriorate or expire rapidly (fresh food, cut flowers, short-shelf-life pharmaceuticals). <strong>Requires</strong> product attribute <code>is_perishable = true</code>. Do not enable for all categories — apply it only to truly perishable SKUs, otherwise you will unlawfully deny valid withdrawals.","Neįtraukia prekių, kurios gali greitai sugesti arba pasibaigti jų galiojimas (švieži maisto produktai, skintos gėlės, trumpo galiojimo vaistai). <strong>Reikalauja</strong> prekės atributo <code>is_perishable = true</code>. Neįjunkite visoms kategorijoms — taikykite tik iš tikrųjų greitai gendančioms SKU, kitaip neteisėtai atmesite galiojančius atsisakymus."
"Art. 16(e) Sealed Hygiene / Health","16(e) str. Užplombuoti higienos / sveikatos gaminiai"
"Excludes sealed hygiene or health items <strong>only if the seal has been broken after delivery</strong> (cosmetics, intimate apparel, sealed medical supplies). <strong>Requires</strong> product attribute <code>is_sealed_hygiene = true</code>. The exclusion depends on a seal-check at the time of withdrawal (workflow in phase-04) — a sealed, unopened return remains eligible.","Neįtraukia užplombuotų higienos ar sveikatos prekių <strong>tik tuomet, jei plomba pažeista po pristatymo</strong> (kosmetika, intymus drabužiai, užplombuoti medicininiai gaminiai). <strong>Reikalauja</strong> prekės atributo <code>is_sealed_hygiene = true</code>. Neįtraukimas priklauso nuo plombos patikros atsisakymo metu (darbo eiga 04 etape) — užplombuota, neatidaryta grąžinama prekė lieka tinkama."
"Art. 16(i) Sealed Audio / Video / Software","16(i) str. Užplombuoti garso / vaizdo / programinės įrangos gaminiai"
"Excludes sealed audio recordings, video recordings, or sealed computer software <strong>only if the seal has been broken after delivery</strong>. <strong>Requires</strong> product attribute <code>is_sealed_av = true</code>. Same seal-check logic as Art. 16(e). Does not apply to streaming / digital-download content — use Art. 16(m) for those.","Neįtraukia užplombuotų garso, vaizdo įrašų ar užplombuotos kompiuterių programinės įrangos <strong>tik tuomet, jei plomba pažeista po pristatymo</strong>. <strong>Reikalauja</strong> prekės atributo <code>is_sealed_av = true</code>. Ta pati plombos patikros logika kaip 16 str. e punkte. Netaikoma srautinio perdavimo / skaitmeninio atsisiuntimo turiniui — tam naudokite 16 str. m punktą."
"Digital Content (Art. 16(m))","Skaitmeninis turinys (16(m) str.)"
"Detection","Aptikimas"
"Enable Digital Content Detection","Įjungti skaitmeninio turinio aptikimą"
"Master switch for Art. 16(m) digital-content detection. When off, no product is recognised as digital, the checkout waiver step is not required, and the preset always allows withdrawal.","Pagrindinis 16 str. m punkto skaitmeninio turinio aptikimo jungiklis. Kai išjungta, jokia prekė nelaikoma skaitmenine, apmokėjimo metu nereikia atsisakymo žingsnio, o šablonas visada leidžia atsisakyti."
"Detection Strategies","Aptikimo strategijos"
"Which product-type heuristics trigger the digital-content waiver gate. Downloadable + virtual are safe defaults; bundle_contains_digital inspects bundle children; custom_attribute reads the EAV flag configured below.","Kurios prekės tipo euristikos sukelia skaitmeninio turinio atsisakymo barjerą. Atsisiunčiamosios ir virtualios — saugūs numatytieji nustatymai; bundle_contains_digital tikrina komplekto vaikus; custom_attribute nuskaito žemiau sukonfigūruotą EAV žymą."
"Custom Attribute Code","Pasirinktinio atributo kodas"
"EAV attribute code used <strong>only</strong> when <em>Custom attribute flag</em> is picked in <em>Detection strategies</em> above. Default: <code>is_digital_content</code> (boolean attribute, 1 = digital). Ignored otherwise.","EAV atributo kodas, naudojamas <strong>tik</strong> tada, kai aukščiau <em>Aptikimo strategijose</em> pasirinkta <em>Pasirinktinio atributo žyma</em>. Numatytoji reikšmė: <code>is_digital_content</code> (loginis atributas, 1 = skaitmeninis). Kitu atveju ignoruojama."
"Checkout Step + Email","Apmokėjimo žingsnis + el. laiškas"
"Enable Checkout Waiver Step","Įjungti sutikimo žingsnį apmokėjimo metu"
"When on, carts that contain a detected digital item render the 2-checkbox waiver step at checkout. Has no effect unless <em>Detection → Enable digital content detection</em> is also on.","Kai įjungta, krepšeliuose, kuriuose aptikta skaitmeninė prekė, apmokėjimo metu rodomas dviejų žymimųjų laukelių atsisakymo žingsnis. Neveikia, jei taip pat neįjungta <em>Aptikimas → Įjungti skaitmeninio turinio aptikimą</em>."
"Merchant BCC Address for Confirmation Emails","Prekybininko slaptos kopijos adresas patvirtinimo el. laiškams"
"Optional. Blind-copies the waiver-confirmation email to a merchant audit address. Leave blank to skip.","Neprivaloma. Persiunčia atsisakymo patvirtinimo el. laišką slapta kopija į prekybininko audito adresą. Palikite tuščią, kad praleistumėte."
"Mark Virtual-Only Items as Performance-Started on Confirmation","Patvirtinant pažymėti tik virtualias prekes kaip pradėtas vykdyti"
"Virtual products have no download trigger. When on, the waiver confirmation email's dispatch counts as performance-start for virtual-only items.","Virtualios prekės neturi atsisiuntimo trigerio. Kai įjungta, atsisakymo patvirtinimo el. laiško išsiuntimas laikomas vykdymo pradžia tik virtualioms prekėms (I-6 riba)."
"Confirmation Email Identity","Patvirtinimo el. laiško siuntėjas"
"Per-Locale Waiver Text Overrides","Sutikimo teksto perrašymai pagal kalbą"
"English (en_US)","Anglų (en_US)"
"Consent Text","Sutikimo tekstas"
"Right-Loss Acknowledgment Text","Teisės praradimo patvirtinimo tekstas"
"German (de_DE)","Vokiečių (de_DE)"
"Finnish (fi_FI)","Suomių (fi_FI)"
"Dutch (nl_NL)","Olandų (nl_NL)"
"French (fr_FR)","Prancūzų (fr_FR)"
"Italian (it_IT)","Italų (it_IT)"
"Spanish (es_ES)","Ispanų (es_ES)"
"Polish (pl_PL)","Lenkų (pl_PL)"
"Portuguese (pt_PT)","Portugalų (pt_PT)"
"Danish (da_DK)","Danų (da_DK)"
"Swedish (sv_SE)","Švedų (sv_SE)"
"German — Austria (de_AT)","Vokiečių — Austrija (de_AT)"
"Swedish — Finland (sv_FI)","Švedų — Suomija (sv_FI)"
"Dutch — Belgium (nl_BE)","Olandų — Belgija (nl_BE)"
"French — Belgium (fr_BE)","Prancūzų — Belgija (fr_BE)"
"German — Belgium (de_BE)","Vokiečių — Belgija (de_BE)"
"French — Luxembourg (fr_LU)","Prancūzų — Liuksemburgas (fr_LU)"
"Pre-Contract Information (Art. 6(1)(h))","Ikisutartinė informacija (6(1)(h) str.)"
"Enable Pre-Contract Disclosure","Įjungti ikisutartinę informaciją"
"Master kill-switch. Disabled = block does not render and no display events are recorded. Disabling exposes the merchant to Art. 10 (12 month + 14 day extended withdrawal period). Default: enabled.","Pagrindinis išjungimo jungiklis. Išjungta = blokas neatvaizduojamas ir rodymo įvykiai neregistruojami. Išjungimas prekybininkui kelia 10 straipsnio riziką (12 mėnesių + 14 dienų pratęstas atsisakymo laikotarpis). Numatytoji reikšmė: įjungta."
"Withdrawal Period (Days)","Atsisakymo laikotarpis (dienomis)"
"Default 14 days per Art. 9(2). Extension allowed (e.g. 30, 100). Reduction below 14 is illegal — the field validates >=14 only when the module is enabled.","Numatytoji reikšmė — 14 dienų pagal 9 straipsnio 2 dalį. Pratęsimas leidžiamas (pvz., 30, 100). Sumažinimas mažiau nei 14 dienų yra neteisėtas — laukas tikrina >=14 tik kai modulis įjungtas."
"Return Address","Grąžinimo adresas"
"Where consumers send goods back. Leave empty to fall back to the store address from Stores → Configuration → General → General → Store Information.","Kur vartotojai siunčia prekes atgal. Palikite tuščią, kad būtų naudojamas adresas iš Parduotuvės → Konfigūracija → Bendra → Bendra → Parduotuvės informacija."
"Display In Checkout","Rodyti apmokėjimo lange"
"Annex I Overrides Per Locale","I priedo perrašymai pagal kalbą"
"Bulgarian (bg_BG)","Bulgarų (bg_BG)"
"Czech (cs_CZ)","Čekų (cs_CZ)"
"Greek (el_GR)","Graikų (el_GR)"
"Estonian (et_EE)","Estų (et_EE)"
"Croatian (hr_HR)","Kroatų (hr_HR)"
"Hungarian (hu_HU)","Vengrų (hu_HU)"
"Lithuanian (lt_LT)","Lietuvių (lt_LT)"
"Latvian (lv_LV)","Latvių (lv_LV)"
"Romanian (ro_RO)","Rumunų (ro_RO)"
"Slovak (sk_SK)","Slovakų (sk_SK)"
"Slovenian (sl_SI)","Slovėnų (sl_SI)"
"Frontend","Vartotojo sąsaja"
"Buttons","Mygtukai"
"Step 1 Button Label","1 žingsnio mygtuko etiketė"
"Step 2 Button Label (Confirmation)","2 žingsnio mygtuko etiketė (patvirtinimas)"
"<strong>⚠ Legal warning.</strong> This is the label on the final confirmation button. Default (""Confirm withdrawal"") is counsel-signed. Per-locale translations are counsel-signed. Override only with written legal advice; overrides are audit-logged.","<strong>⚠ Teisinis įspėjimas.</strong> Tai yra galutinio patvirtinimo mygtuko etiketė. Numatytoji reikšmė („Confirm withdrawal“) patvirtinta teisininkų. Per-locale translations are counsel-signed. Keiskite tik turėdami rašytinę teisinę konsultaciją; keitimai registruojami audito žurnale."
"Placements","Vietos"
"Show Footer Link","Rodyti nuorodą poraštėje"
"Show in My Account","Rodyti skiltyje „Mano paskyra“"
"Return Reasons","Grąžinimo priežastys"
"Reasons","Priežastys"
"List of reasons offered to the customer in the per-item dropdown. <strong>Code</strong> is the machine value (lowercase, snake_case, max 32 chars); <strong>Label</strong> is the visible text. Empty grid hides the dropdown entirely.","Klientui kiekvienai prekei išskleidžiamame sąraše siūlomų priežasčių sąrašas. <strong>Kodas</strong> yra mašininė reikšmė, įrašoma į duomenų bazę (mažosiomis raidėmis, snake_case, iki 32 simbolių); <strong>Etiketė</strong> yra matomas tekstas. Tuščias tinklelis visiškai paslepia išskleidžiamą sąrašą."
"Enable ""Other"" with Free Text","Įjungti „Kita“ su laisvu tekstu"
"When enabled, an ""Other"" option appears in the dropdown that reveals a free-text field (max 500 chars).","Įjungus, išskleidžiamame sąraše atsiranda parinktis „Kita“, kuri atveria laisvo teksto lauką (iki 500 simbolių)."
"Review Step","Peržiūros žingsnis"
"Return Shipping Notice","Grąžinimo siuntos pranešimas"
"Text shown on the Review & Confirm step (step 3). Example: ""You'll receive a prepaid shipping label in the confirmation email."" or ""Return shipping costs are paid by the customer."" Leave blank to hide the row.","Tekstas, rodomas peržiūros ir patvirtinimo žingsnyje (3 žingsnis). Pavyzdys: „Patvirtinimo el. laiške gausite iš anksto apmokėtą siuntimo etiketę.“ arba „Grąžinimo siuntimo išlaidas dengia klientas.“ Palikite tuščią, kad eilutė būtų paslėpta."
"Return Policy URL","Grąžinimo politikos URL"
"Optional link rendered next to the shipping notice (""View return policy""). Accepts absolute URLs or relative paths like ""return-policy"".","Neprivaloma nuoroda, rodoma šalia siuntimo pranešimo („Peržiūrėti grąžinimo politiką“). Priima absoliučius URL arba santykinius kelius, pvz., „return-policy“."
"Customer Notifications","Pranešimai klientams"
"All customer-facing emails sent by the module. Each email can be enabled/disabled, assigned a custom template (Marketing → Email Templates), and BCC'd to a merchant address. The shared <em>Branding</em> subgroup at the bottom controls the layout (USP strip, social links) used by every email below.","Visi klientams siunčiami modulio el. laiškai. Kiekvieną el. laišką galima įjungti / išjungti, priskirti pasirinktinį šabloną (Marketing → Email Templates) ir slaptai siųsti kopiją prekybininko adresu. Bendras <em>Prekės ženklo</em> pogrupis apačioje valdo visų žemiau esančių el. laiškų išdėstymą (USP juostą, socialinių tinklų nuorodas)."
"1. Submission Confirmation Email","1. Pateikimo patvirtinimo el. laiškas"
"Enabled","Įjungta"
"Email Template","El. laiško šablonas"
"BCC Merchant","Slapta kopija prekybininkui"
"Comma-separated. Leave blank to disable.","Atskirta kableliais. Palikite tuščią, kad išjungtumėte."
"2. Approval Email","2. Patvirtinimo el. laiškas"
"3. Denial Email","3. Atmetimo el. laiškas"
"4. Cancellation Email (Admin-Initiated)","4. Atšaukimo el. laiškas (inicijavo administratorius)"
"5. Cancellation Email (Customer Self-Cancel)","5. Atšaukimo el. laiškas (klientas atšaukė pats)"
"6. Receipt Email (Durable Medium — Art. 11a(4))","6. Patvirtinimo el. laiškas (patvarioji laikmena — 11a(4) str.)"
"Legally required durable-medium confirmation. Cannot be fully disabled (Art. 11a(4) Directive 2011/83/EU). Disabling here only stops the sender — the receipt is still generated and stored.","Teisės aktų reikalaujamas patvarios laikmenos patvirtinimas. Visiškai išjungti negalima (Direktyvos 2011/83/ES 11a straipsnio 4 dalis). Čia išjungus sustabdomas tik siuntimas — kvitas vis tiek sugeneruojamas ir saugomas."
"Send Email","Siųsti el. laišką"
"Comma-separated.","Atskirta kableliais."
"Delivery Retry Attempts","Pakartotinio pristatymo bandymai"
"Number of delivery attempts before a receipt is flagged as undelivered.","Number of delivery attempts before a receipt is flagged as undelivered."
"DLQ Alert Recipient","DLQ įspėjimo gavėjas"
"Notified when a receipt fails permanently. Falls back to Store Email Addresses → General Contact.","Informuojamas, kai kvito siuntimas visam laikui nepavyksta. Numatytasis variantas — Store Email Addresses → General Contact."
"7. Digital Waiver Confirmation Email (Art. 11a(4))","7. Skaitmeninio sutikimo patvirtinimo el. laiškas (11a(4) str.)"
"Durable-medium copy of the customer's Art. 16(m) waiver, sent immediately after checkout when a digital item is in cart. Required by Art. 11a(4) Directive 2011/83/EU — keeps a tamper-evident record of the legal text the customer accepted.","Kliento 16 str. m punkto atsisakymo kopija patvariojoje laikmenoje, siunčiama iškart po apmokėjimo, kai krepšelyje yra skaitmeninė prekė. Reikalaujama pagal Direktyvos 2011/83/ES 11a straipsnio 4 dalį — saugo nuo klastojimo apsaugotą kliento priimto teisinio teksto įrašą bei SHA-256 maišos kodą maišos grandinės patvirtinimui."
"Comma-separated. Receives a copy of every confirmation for audit purposes.","Atskirta kableliais. Audito tikslais gauna kiekvieno patvirtinimo kopiją."
"Branding (Shared by All Emails Above)","Prekės ženklas (bendras visiems aukščiau esantiems el. laiškams)"
"Optional decoration of the customer-facing emails. Empty fields hide their respective rows. Brand wordmark, logo, support email, and store address are read from the standard Magento configuration tree (Stores → Configuration → General + Design → Transactional Emails).","Neprivalomas klientams siunčiamų el. laiškų puošimas. Tušti laukai paslepia atitinkamas eilutes. Prekės ženklo užrašas, logotipas, palaikymo el. paštas ir parduotuvės adresas nuskaitomi iš standartinio Magento konfigūracijos medžio (Stores → Configuration → General + Design → Transactional Emails)."
"USP Strip — Item 1","USP juosta — 1 elementas"
"Icon","Piktograma"
"Title","Pavadinimas"
"Subtitle","Paantraštė"
"USP Strip — Item 2","USP juosta — 2 elementas"
"USP Strip — Item 3","USP juosta — 3 elementas"
"Social Links","Socialinių tinklų nuorodos"
"Instagram URL","Instagram URL"
"X / Twitter URL","X / Twitter URL"
"Facebook URL","Facebook URL"
"YouTube URL","YouTube URL"
"Order #","Užsakymas #"
"Contract","Sutartis"
"Submitter","Pateikėjas"
"Withdrawal submitted","Atsisakymas pateiktas"
"Right of Withdrawal — Required Information","Teisė atsisakyti sutarties — Privaloma informacija"
"Before placing your order, please review the conditions, time limit, and procedures for exercising your 14-day right of withdrawal. This information forms part of your contract.","Prieš pateikdami užsakymą, peržiūrėkite 14 dienų atsisakymo teisės įgyvendinimo sąlygas, terminą ir tvarką. Ši informacija yra neatsiejama jūsų sutarties dalis."
"Conditions, Time Limit and Procedures for Withdrawal","Sutarties atsisakymo sąlygos, terminas ir tvarka"
"Start Online Return","Pradėti grąžinimą internetu"
"Download Model Withdrawal Form (Annex I(B))","Atsisiųsti pavyzdinę atsisakymo formą (I priedas, B dalis)"
"Withdrawal Information v%1 — Issued %2","Atsisakymo informacija v%1 — išleista %2"
"You'll receive a prepaid shipping label in the confirmation email.","Patvirtinimo el. laiške gausite iš anksto apmokėtą siuntimo etiketę."
"← Back to order search","← Atgal į užsakymų paiešką"
"← Back to items","← Atgal į prekes"
"Find order","Rasti užsakymą"
"Enter your order number and email","Įveskite užsakymo numerį ir el. paštą"
"Select items","Pasirinkti prekes"
"Choose items to return (partial withdrawal)","Pasirinkite grąžintinas prekes (dalinis atsisakymas)"
"Review & confirm","Peržiūrėti ir patvirtinti"
"Review your return details and confirm","Peržiūrėkite grąžinimo informaciją ir patvirtinkite"
"Request submitted","Prašymas pateiktas"
"We'll confirm your request by email","Patvirtinsime jūsų prašymą el. paštu"
"I expressly consent to begin performance of the digital content before the withdrawal period expires.","Aiškiai sutinku, kad skaitmeninio turinio teikimas prasidėtų prieš pasibaigiant atsisakymo terminui."
"I acknowledge that by giving this consent I lose my right of withdrawal once performance has begun (Art. 16(m) CRD).","Suprantu, kad davęs šį sutikimą prarandu teisę atsisakyti sutarties nuo vykdymo pradžios (Direktyvos 2011/83/ES 16 straipsnio m punktas)."
"Withdrawals","Atsisakymai"
"Minimum %1 characters required.","Reikalaujama bent %1 simbolių."
"Failed to add note.","Nepavyko pridėti pastabos."
"Network error while adding note.","Tinklo klaida pridedant pastabą."
"Exported Evidence","Eksportuoti įrodymai"
"Pending Confirm","Laukia patvirtinimo"
"Sent","Išsiųsta"
"Failed Permanent","Visam laikui nepavyko"
"Failed Retry","Nepavyko, bandoma iš naujo"
"Eligible","Tinkamas"
"Excluded","Neįtrauktas"
"Action","Veiksmas"
"From","Iš"
"To","Į"
"Admin Id","Administratoriaus ID"
"Order Id","Užsakymo ID"
"Request Id","Prašymo ID"
"Item Count","Prekių skaičius"
"Rules Fired","Pritaikytos taisyklės"
"Topic","Tema"
"Message Id","Pranešimo ID"
"Email To Hash","El. pašto maiša"
"Attempts","Bandymai"
"Viewed At","Peržiūrėta"
"Referrer Host","Nukreipiantis serveris"
"Enable \Other\"" with Free Text""","Įjungti „Kita“ su laisvu tekstu"
"Optional legal template — not required to use; you can also exercise the right of withdrawal by any unequivocal statement.","Neprivalomas teisinis šablonas — jo naudoti neprivaloma; sutarties atsisakymo teisę galima įgyvendinti ir bet kokiu nedviprasmišku pareiškimu."
"Right of withdrawal","Atsisakymo teisė"
"You have 14 days from the day you receive your order to withdraw without giving any reason — full refund to your original payment method.","Per 14 dienų nuo užsakymo gavimo galite atsisakyti nenurodydami priežasties — visa suma grąžinama į pradinį mokėjimo būdą."
"Some items may be excluded by law (perishable goods, custom-made items, sealed hygiene or audio/video products). We'll show you exactly what's eligible on the next page.","Įstatymai gali neleisti atsisakyti tam tikrų prekių (greitai gendančių, pagamintų pagal užsakymą, užplombuotų higienos ar garso / vaizdo gaminių). Kitame puslapyje tiksliai parodysime, kas tinka."
"Direct link — no login or account password required.","Tiesioginė nuoroda — prisijungti ar paskyros slaptažodžio nereikia."
"Art. 16(m) CRD exclusion — digital content where the customer has (1) given express prior consent to begin performance and (2) acknowledged that they lose the withdrawal right. Two switches: the <em>Detection</em> subgroup decides what counts as digital (master switch), the <em>Checkout step + Email</em> subgroup renders the 2-checkbox waiver UX and dispatches the confirmation email. Both must be ON for the feature to work end-to-end. Use this only for <strong>one-time digital purchases</strong> (ebooks, software installers, music files, games). Do <strong>not</strong> enable it for ongoing digital <strong>subscriptions or services</strong> (SaaS, streaming, hosted software) — EU case law (CJEU Sky, C-641/19) requires a different consent flow for those.","Art. 16(m) CRD exclusion — digital content where the customer has (1) given express prior consent to begin performance and (2) acknowledged that they lose the withdrawal right. Two switches: the <em>Detection</em> subgroup decides what counts as digital (master switch), the <em>Checkout step + Email</em> subgroup renders the 2-checkbox waiver UX and dispatches the confirmation email. Both must be ON for the feature to work end-to-end. Use this only for <strong>one-time digital purchases</strong> (ebooks, software installers, music files, games). Do <strong>not</strong> enable it for ongoing digital <strong>subscriptions or services</strong> (SaaS, streaming, hosted software) — EU case law (CJEU Sky, C-641/19) requires a different consent flow for those."
"Customer-facing UX for the withdrawal flow. Subgroups: <em>Buttons</em> (legal-critical labels), <em>Placements</em> (where to surface the link), <em>Return Reasons</em> (per-item dropdown), <em>Review Step</em> (content on step 3 of the flow).","Klientui skirta UX atsisakymo srautui. Pogrupiai: <em>Mygtukai</em> (teisiškai svarbūs užrašai), <em>Vietos</em> (kur rodyti nuorodą), <em>Grąžinimo priežastys</em> (išskleidžiamasis sąrašas pagal prekę), <em>Peržiūros žingsnis</em> (turinys 3 srauto žingsnyje)."
"Disable only if you deliver the durable-medium confirmation through a different channel.","Išjunkite tik tuomet, jei patvariojoje laikmenoje pateikiamą patvirtinimą perduodate kitu kanalu."
"Disable only if you deliver the receipt through a different durable medium (postal mail, customer account download, etc.).","Išjunkite tik tuomet, jei kvitą perduodate per kitą patvariąją laikmeną (paštu, atsisiunčiant iš kliento paskyros ir pan.)."
"Empty fields fall through to the locale baseline. Any override value becomes part of the SHA-256 hash stored per consent event — changing a field after customers have consented does <strong>not</strong> retroactively invalidate prior consents.","Tušti laukai grįžta prie pagrindinių verčių iš the locale baseline, atitinkančių lokalę/jurisdikciją. Bet kuri perrašyta vertė tampa SHA-256 maišos kodų, saugomų prie kiekvieno sutikimo įvykio, dalimi — pakeitus lauką po to, kai klientai jau davė sutikimą, ankstesnių sutikimų <strong>negaliojančiais atgaline data</strong> neda."
"Mandatory pre-contractual disclosure of the right of withdrawal. Displayed on the checkout payment step. Each display is logged forensically (Art. 10 defence). Snapshot of the rendered text is stored immutably (Art. 6(5)). <strong>Counsel review recommended before customising any Annex I text.</strong>","Privaloma ikisutartinė informacija apie atsisakymo teisę. Rodoma apmokėjimo žingsnyje atsiskaitymo metu. Kiekvienas rodymas forensiškai registruojamas (gynyba pagal 10 str.). Atvaizduoto teksto momentinė kopija saugoma nekeičiamai (6 str. 5 d.). <strong>Prieš pritaikant bet kurį I priedo tekstą rekomenduojama teisinė peržiūra.</strong>"
"Off = block hidden but display events still recorded server-side via predispatch fallback. Use only for sandbox testing. Default: on.","Išjungta = blokas paslėptas, tačiau rodymo įvykiai vis tiek registruojami serverio pusėje per predispatch atsarginį mechanizmą. Naudoti tik sandbox testavimui. Numatyta: įjungta."
"Optional URLs rendered as round monogram badges in the email footer. Leave blank to hide.","Pasirenkamieji URL adresai, atvaizduojami kaip apvalūs monogramos ženkleliai el. laiško poraštėje. Palikite tuščią, kad paslėptumėte."
"Sent when a customer cancels their own pending withdrawal.","Siunčiama, kai klientas atšaukia savo pateiktą laukiantį atsisakymą."
"Sent when a customer completes the withdrawal form.","Siunčiama, kai klientas užpildo atsisakymo formą."
"Sent when an admin approves a withdrawal request.","Siunčiama, kai administratorius patvirtina atsisakymo prašymą."
"Sent when an admin cancels a withdrawal request on the customer's behalf.","Siunčiama, kai administratorius atšaukia atsisakymo prašymą kliento vardu."
"Sent when an admin denies a withdrawal request.","Siunčiama, kai administratorius atmeta atsisakymo prašymą."
"These presets exclude specific product categories from the 14-day withdrawal right, per Art. 16 CRD. Each rule is OFF by default — enable only after confirming the corresponding product attribute is set correctly on your catalog.","Šios išankstinės nuostatos pašalina tam tikras produktų kategorijas iš 14 dienų atsisakymo teisės pagal Direktyvos 2011/83/ES 16 str. Kiekviena taisyklė pagal numatytuosius nustatymus IŠJUNGTA — įjunkite tik įsitikinę, kad atitinkamas produkto atributas jūsų kataloge nustatytas teisingai."
"e.g. ""EU orders above €50""","pvz., „ES užsakymai virš 50 €“"
"e.g. ""Free delivery""","pvz., „Nemokamas pristatymas“"
"Qty: ","Kiek.: "
"Submission failed. Please try again.","Pateikimas nepavyko. Bandykite dar kartą."
"Network error. Please try again.","Tinklo klaida. Bandykite dar kartą."
"Invalid server response.","Netinkamas serverio atsakymas."
"Admin Notifications","Administratoriaus pranešimai"
"Internal alerts to your team. Independent of the per-email <em>BCC Merchant</em> checkboxes under <em>Customer Notifications</em> below — if you enable both, you will receive two emails per request.","Vidiniai įspėjimai jūsų komandai. Nepriklausomi nuo žemiau esančių <em>Klientų pranešimai</em> skiltyje esančių <em>BCC pardavėjui</em> žymėjimo langelių — jei įjungsite abu, gausite du el. laiškus už užklausą."
"1. New Request Alert","1. Pranešimas apie naują užklausą"
"Sent the moment a customer completes the two-step withdrawal flow.","Siunčiama tą akimirką, kai klientas užbaigia dviejų žingsnių atsisakymo procesą."
"Recipient Email(s)","Gavėjo el. paštas"
"BCC","Slaptoji kopija"
"New Withdrawal Request","Nauja atsisakymo užklausa"
"A new withdrawal request was just submitted.","Ką tik buvo pateikta nauja atsisakymo užklausa."
"Request:","Užklausa:"
"Order:","Užsakymas:"
"Customer:","Klientas:"
"Refund Total:","Bendra grąžinama suma:"
"[Withdrawal] New request %request_increment_id · Order #%order_increment_id · %refund_total","[Atsisakymas] Nauja užklausa %request_increment_id · Užsakymas #%order_increment_id · %refund_total"
"Anonymised","Anonimizuota"
"Audit","Auditas"
"Cancel Order","Atšaukti užsakymą"
"Confirmation Email (Art. 11a(4))","Patvirtinimo el. laiškas (11a(4) str.)"
"Detection (Art. 16(m))","Aptikimas (16(m) str.)"
"Digital Waiver (Art. 16(m))","Skaitmeninis atsisakymas (16(m) str.)"
"Email Identity","Siuntėjo tapatybė"
"ID","ID"
"Integrity hash","Vientisumo maiša"
"Pre-Contract Proof","Ikisutartinis įrodymas"
"Verify this receipt","Patikrinti šį patvirtinimą"
"Withdrawal Window","Atsisakymo laikotarpis"
"This SHA-256 hash uniquely identifies your withdrawal record. Verify it at any time using the button above.","Ši SHA-256 maiša unikaliai identifikuoja jūsų atsisakymo įrašą. Galite jį patikrinti bet kada aukščiau esančiu mygtuku."
"Digital content waiver confirmation — Order %increment_id","Skaitmeninio turinio atsisakymo patvirtinimas — Užsakymas %increment_id"
"Comma-separated. Each recipient receives a separate email rendered in their own admin locale (looked up via the admin user's interface_locale; fallback to general/locale/code). Invalid addresses dropped silently.","Atskirti kableliais. Kiekvienas gavėjas gauna atskirą el. laišką, atvaizduotą jo paties administratoriaus lokale (per administratoriaus interface_locale; atsarginis — general/locale/code). Negaliojantys adresai tyliai atmetami."
"Art. 16(m) CRD digital-content detection. Determines what counts as digital content for eligibility purposes. The actual checkout-step waiver UI and email lives in the next section ""Digital Waiver"".","Skaitmeninio turinio aptikimas pagal Vartotojų teisių direktyvos 16(m) str. Nustato, kas laikoma skaitmeniniu turiniu atsisakymo teisės tikslais. Faktinė atsisakymo sąsaja kasoje ir el. laiškas yra kitame skyriuje „Skaitmeninis atsisakymas“."
"Art. 16(m) CRD exclusion — digital content where the customer has (1) given express prior consent to begin performance and (2) acknowledged that they lose the withdrawal right. Two switches control this feature end-to-end: the <em>Detection</em> subgroup under <em>Eligibility Rules</em> decides what counts as digital (master switch); this section renders the 2-checkbox waiver UX at checkout and dispatches the Art. 11a(4) confirmation email. Both must be ON for the feature to work end-to-end. Per-locale text overrides below. Use this only for <strong>one-time digital purchases</strong> (ebooks, software installers, music files, games). Do <strong>not</strong> enable it for ongoing digital <strong>subscriptions or services</strong> (SaaS, streaming, hosted software) — EU case law (CJEU Sky, C-641/19) requires a different consent flow for those.","Vartotojų teisių direktyvos 16(m) str. išimtis — skaitmeninis turinys, kuriam klientas (1) aiškiai išankstinį sutikimą davė pradėti vykdymą ir (2) pripažino prarandantis teisę atsisakyti. Funkciją valdo du jungikliai: pogrupis <em>Aptikimas</em> skiltyje <em>Tinkamumo taisyklės</em> nustato, kas yra skaitmeninis (pagrindinis jungiklis); ši sekcija pateikia 2 žymimųjų laukelių atsisakymo UI kasoje ir siunčia 11a(4) str. patvirtinimo el. laišką. Abu turi būti ĮJUNGTI. Lokalės teksto pakeitimai žemiau. Naudokite tik <strong>vienkartiniams skaitmeniniams pirkimams</strong> (el. knygos, diegyklės, muzikos failai, žaidimai). <strong>Ne</strong>ijunkite nuolatinėms skaitmeninėms <strong>prenumeratoms ar paslaugoms</strong> (SaaS, srautinis perdavimas, prieglobos PĮ) — ES teismų praktika (CJEU Sky, C-641/19) reikalauja kitokio sutikimo proceso."
"Defines <strong>when</strong> the 14-day withdrawal right starts running (the delivery trigger, Art. 9(2)(b)) and <strong>how long</strong> it lasts in days (Art. 9(2)). Together these control the period each order's withdrawal is open.","Apibrėžia, <strong>kada</strong> prasideda 14 dienų atsisakymo teisė (pristatymo aktyviklis, 9(2)(b) str.) ir <strong>kiek</strong> dienų ji trunka (9(2) str.). Kartu jie valdo kiekvieno užsakymo atsisakymo laikotarpį."
"Default 14 days per Art. 9(2). Extension allowed (e.g. 30, 100). Reduction below 14 is illegal — the field validates 14-3650 only.","Numatytasis 14 dienų pagal 9(2) str. Pratęsimas leidžiamas (pvz., 30, 100). Sumažinimas mažiau nei 14 yra neteisėtas — laukas patvirtina tik 14-3650."
"When on, carts that contain a detected digital item render the 2-checkbox waiver step at checkout. Has no effect unless <em>Eligibility Rules → Detection → Enable Digital Content Detection</em> is also on.","Įjungus krepšeliai, kuriuose yra aptikta skaitmeninė prekė, kasoje pateikia 2 žymimųjų laukelių atsisakymo žingsnį. Veiks tik tada, kai įjungta ir <em>Tinkamumo taisyklės → Aptikimas → Įjungti skaitmeninio turinio aptikimą</em>."
"Optional. Comma-separated. Blind-copies the waiver-confirmation email to a merchant audit address. Leave blank to skip.","Pasirinktinai. Atskirta kableliais. Siunčia atsisakymo patvirtinimo el. laiško slaptąją kopiją pardavėjo audito adresui. Palikite tuščią, kad praleistumėte."
"<strong>⚠ Legal warning.</strong> Art. 11a(2) CRD requires the literal text ""withdraw from contract here"" <em>or a corresponding unambiguous formulation</em>. The default value (""Withdraw from contract here"") is the Directive's verbatim phrase; Per-locale translations are counsel-signed. <strong>Do not override unless you have received written advice from qualified consumer-law counsel in the target jurisdiction.</strong> Every override is recorded in the audit log.","<strong>⚠ Teisinis perspėjimas.</strong> Vartotojų teisių direktyvos 11a(2) str. reikalauja pažodinio teksto „atsisakyti sutarties čia“ <em>arba atitinkamos vienareikšmės formuluotės</em>. Numatytoji reikšmė („Atsisakyti sutarties čia“) yra Direktyvos pažodinė frazė; Lokalės vertimai patvirtinti teisininkų. <strong>Nepakeiskite, jei negavote rašytinio patarimo iš kvalifikuoto vartotojų teisės teisininko tikslinėje jurisdikcijoje.</strong> Kiekvienas pakeitimas įrašomas į audito žurnalą."
"<strong>⚠ Legal warning.</strong> This is the label on the final confirmation button. Default (""Confirm withdrawal"") is counsel-signed; Per-locale translations are counsel-signed. Override only with written legal advice; overrides are audit-logged.","<strong>⚠ Teisinis perspėjimas.</strong> Tai galutinio patvirtinimo mygtuko žyma. Numatytoji reikšmė („Patvirtinti atsisakymą“) yra teisininkų patvirtinta; Lokalės vertimai yra teisininkų patvirtinti. Pakeiskite tik su rašytiniu teisiniu patarimu; pakeitimai įrašomi į audito žurnalą."
"Cancel the linked order? No payment has been captured, so there is nothing to refund — the order will be cancelled in Magento.","Atšaukti susietą užsakymą? Joks mokėjimas nepriimtas, todėl nėra ko grąžinti — užsakymas bus atšauktas „Magento“."
"Scope & Applicability","Taikymo sritis"
"Controls in which markets the self-service withdrawal flow is offered. These are merchant business decisions, not legal exclusions — an EU consumer's statutory right of withdrawal does not depend on them, and declarations received by other means (email, letter) must still be honoured manually.","Nustato, kuriose rinkose siūlomas savitarnos atsisakymo procesas. Tai pardavėjo verslo sprendimai, o ne teisinės išimtys — ES vartotojo teisės aktais nustatyta atsisakymo teisė nuo jų nepriklauso, o kitomis priemonėmis (el. paštu, laišku) gauti atsisakymai vis tiek turi būti įvykdyti rankiniu būdu."
"Restrict by Country","Riboti pagal šalį"
"Offers the self-service withdrawal flow only for orders whose billing <strong>or</strong> shipping address is in the selected countries. <strong>Legal note:</strong> this restricts the storefront flow only — an EU consumer's statutory right of withdrawal does not depend on the address, and withdrawal declarations received by other means (email, letter) must still be honoured manually. Default: disabled.","Siūlo savitarnos atsisakymo procesą tik užsakymams, kurių sąskaitos <strong>arba</strong> pristatymo adresas yra pasirinktose šalyse. <strong>Teisinė pastaba:</strong> tai riboja tik procesą parduotuvėje — ES vartotojo teisės aktais nustatyta atsisakymo teisė nuo adreso nepriklauso, o kitomis priemonėmis (el. paštu, laišku) gauti atsisakymai vis tiek turi būti įvykdyti rankiniu būdu. Numatytasis: išjungta."
"Offer Withdrawal For Countries","Siūlyti atsisakymą šalims"
"Preselected: EU-27 plus EEA (Norway, Iceland, Liechtenstein). Add the United Kingdom manually if you target UK consumers (separate national regime with a comparable 14-day right). If you clear this list, the restriction has no effect and the flow stays available to every customer.","Iš anksto pasirinkta: ES-27 ir EEE (Norvegija, Islandija, Lichtenšteinas). Jungtinę Karalystę pridėkite rankiniu būdu, jei taikotės į Jungtinės Karalystės vartotojus (atskiras nacionalinis režimas su panašia 14 dienų teise). Jei išvalysite šį sąrašą, apribojimas neturi poveikio ir procesas lieka prieinamas visiems klientams."
"Custom-made to your specifications","Pagaminta pagal jūsų specifikacijas"
"Perishable goods","Greitai gendančios prekės"
"Sealed hygiene item — seal broken","Užplombuotas higienos gaminys — plomba pažeista"
"Sealed audio/video — seal broken","Užplombuotas garso/vaizdo įrašas — plomba pažeista"
"Newspapers, periodicals, magazines","Laikraščiai, periodiniai leidiniai, žurnalai"
"Accommodation / event on specific date","Apgyvendinimas / renginys konkrečią dieną"
"Digital content — right waived at purchase","Skaitmeninis turinys — teisės atsisakyta perkant"
"Withdrawal period has expired","Atsisakymo terminas pasibaigė"
"Already withdrawn in a prior request","Jau atsisakyta ankstesniu prašymu"
"A draft withdrawal is holding this item. Confirm it via the email we sent, or cancel it in the 'Existing withdrawals' section above.","Šią prekę laiko atsisakymo juodraštis. Patvirtinkite jį mūsų atsiųstu el. laišku arba atšaukite jį skiltyje „Esami atsisakymai“ viršuje."
