"View Credit Memo","Skatīt kredītrēķinu"
"Issue Credit Memo","Izsniegt kredītrēķinu"
"Approve","Apstiprināt"
"Approve this withdrawal request?","Apstiprināt šo atteikuma pieprasījumu?"
"Deny","Noraidīt"
"Legal reason for denial (min 10 chars):","Juridiskais noraidīšanas pamats (vismaz 10 rakstzīmes):"
"Cancel Request","Atcelt pieprasījumu"
"Cancel this withdrawal? Add an optional note for the customer (visible in their cancellation email):","Atcelt šo atteikumu? Pievienojiet neobligātu piezīmi klientam (redzama atcelšanas e-pastā):"
"Resend Receipt","Atkārtoti nosūtīt kvīti"
"Send the receipt email again? The customer will receive another copy.","Atkārtoti nosūtīt apliecinājuma e-pastu? Klients saņems vēl vienu kopiju."
"Withdrawal Request #%1","Atteikuma pieprasījums #%1"
"Request Details","Pieprasījuma informācija"
"Information","Informācija"
"Reason for Denial","Noraidījuma iemesls"
"Customer Cancellation Note","Klienta atcelšanas piezīme"
"Cancellation Note","Atcelšanas piezīme"
"Status-Change Note","Statusa maiņas piezīme"
"Code","Kods"
"Label","Etiķete"
"Add Reason","Pievienot iemeslu"
"In progress","Apstrādē"
"Refund issued","Atmaksa izsniegta"
"Denied","Noraidīts"
"Cancelled","Atcelts"
"Pending","Gaida"
"This is a transactional email about your order.","Šis ir transakciju e-pasts par jūsu pasūtījumu."
"Reason for denial","Noraidījuma iemesls"
"Your cancellation note","Jūsu atcelšanas piezīme"
"Note from our team","Mūsu komandas piezīme"
"EU right of withdrawal","ES atteikuma tiesības"
"Withdrawal right pending delivery","Atteikuma tiesības gaida piegādi"
"Withdrawal window has ended","Atteikuma termiņš ir beidzies"
"Not eligible for withdrawal","Nav tiesību uz atteikumu"
"Withdrawal already requested","Atteikuma pieprasījums jau iesniegts"
"You can withdraw from this contract any time — the 14-day deadline begins counting once the order is delivered.","No šī līguma varat atteikties jebkurā brīdī — 14 dienu termiņš sāk skaitīties, tiklīdz pasūtījums ir piegādāts."
"Your 14-day withdrawal window will begin once this order is delivered.","Jūsu 14 dienu atteikuma termiņš sāksies, tiklīdz šis pasūtījums tiks piegādāts."
"The 14-day window for withdrawing from this contract has ended.","14 dienu termiņš atteikumam no šī līguma ir beidzies."
"This order is not eligible for withdrawal under EU consumer law (Art. 16 Directive 2011/83/EU).","Šim pasūtījumam nav tiesību uz atteikumu saskaņā ar ES patērētāju tiesību aktiem (Direktīvas 2011/83/ES 16. pants)."
"A withdrawal request for this order has been submitted. See the request details below.","Šim pasūtījumam ir iesniegts atteikuma pieprasījums. Skatiet pieprasījuma informāciju zemāk."
"This order contains a perishable item that cannot be returned (food with short shelf life, fresh flowers, etc.).","Šis pasūtījums satur ātri bojājošu preci, kuru nevar atgriezt (pārtika ar īsu derīguma termiņu, svaigi ziedi u.c.)."
"This order contains a custom-made or personalised item that cannot be returned.","Šis pasūtījums satur pēc pasūtījuma izgatavotu vai personalizētu preci, kuru nevar atgriezt."
"This order contains a sealed hygiene item. You keep the right of withdrawal only while the seal stays intact — once unsealed after delivery, the right is lost.","Šis pasūtījums satur aizzīmogotu higiēnas preci. Atteikuma tiesības saglabājas tikai tikmēr, kamēr aizzīmogojums ir vesels — pēc atvēršanas pēc piegādes tiesības tiek zaudētas."
"This order contains a sealed audio / video / software item. You keep the right of withdrawal only while the seal stays intact — once unsealed after delivery, the right is lost.","Šis pasūtījums satur aizzīmogotu audio / video / programmatūras preci. Atteikuma tiesības saglabājas tikai tikmēr, kamēr aizzīmogojums ir vesels — pēc atvēršanas pēc piegādes tiesības tiek zaudētas."
"This order contains digital content. Once you start using or downloading the content, you lose the right of withdrawal (you consented to this at checkout).","Šis pasūtījums satur digitālo saturu. Tiklīdz sākat izmantot vai lejupielādēt saturu, jūs zaudējat atteikuma tiesības (jūs tam piekritāt norēķinos)."
"%1 item(s) · Refund %2","%1 prece(s) · Atmaksa %2"
"Awaiting confirmation","Gaida apstiprinājumu"
"Cancel withdrawal %1? Your refund will not be processed.","Atcelt atteikumu %1? Jūsu atmaksa netiks apstrādāta."
"Submitted","Iesniegts"
"Approved","Apstiprināts"
"Fully returned","Pilnībā atgriezts"
"Return requested","Pieprasīta atgriešana"
"Not eligible","Neattiecas"
"Partially requested","Daļēji pieprasīts"
"— Select a reason —","— Izvēlieties iemeslu —"
"Other","Cits"
"The refund will be issued using your original payment method within 5-7 business days after we receive your return.","Naudas atmaksa tiks veikta, izmantojot sākotnējo maksāšanas veidu, 5–7 darba dienu laikā pēc atgrieztās preces saņemšanas."
"Withdrawal right lost (Art. 16(m) CRD) — digital performance started on %1.","Atteikuma tiesības zaudētas (Direktīvas 2011/83/ES 16. panta m) apakšpunkts) — digitālā izpilde sākta %1."
"Request #%1 not found.","Pieprasījums #%1 nav atrasts."
"Receipt email re-queued for request #%1. Delivery will retry asynchronously.","Apliecinājuma e-pasts atkārtoti pievienots rindai pieprasījumam #%1. Piegāde tiks veikta asinhroni."
"Failed to queue receipt resend: %1","Neizdevās pievienot rindai apliecinājuma atkārtotu sūtīšanu: %1"
"Note text is empty.","Piezīmes teksts ir tukšs."
"Note added to request #%1.","Piezīme pievienota pieprasījumam #%1."
"Request #%1 approved.","Pieprasījums #%1 apstiprināts."
"Request #%1 cancelled.","Pieprasījums #%1 atcelts."
"Request #%1 denied.","Pieprasījums #%1 noraidīts."
"Invalid request id.","Nederīgs pieprasījuma ID."
"Unable to open temporary file for CSV export.","Nevar atvērt pagaidu failu CSV eksportēšanai."
"Withdrawal Requests","Atteikuma pieprasījumi"
"%1 requests queued for acceptance.","%1 pieprasījumi pievienoti rindai apstiprināšanai."
"%1 request(s) approved.","Apstiprināts(-i) %1 pieprasījums(-i)."
"%1 request(s) failed. First errors: %2","Neizdevās %1 pieprasījums(-i). Pirmās kļūdas: %2"
"Note added to %1 request(s).","Piezīme pievienota %1 pieprasījumam(-iem)."
"Underlying order #%1 not found.","Saistītais pasūtījums #%1 nav atrasts."
"Order #%1 has no invoice yet — Magento requires an invoice before a credit memo can be created. Open an invoice first (Sales → Orders → #%1 → Invoice button), then return here to refund.","Pasūtījumam #%1 vēl nav rēķina — Magento pirms kredītrēķina izveides nepieciešams rēķins. Vispirms izveidojiet rēķinu (Pārdošana → Pasūtījumi → #%1 → poga „Rēķins“), tad atgriezieties šeit, lai veiktu atmaksu."
"No items recorded on this withdrawal request — the credit memo will open with default invoice qtys; please adjust manually.","Šajā atteikuma pieprasījumā nav reģistrētu preču — kredītrēķins atvērsies ar rēķina noklusētajiem daudzumiem; lūdzu, manuāli pielāgojiet."
"Pre-filled credit memo for withdrawal #%1 — review the qtys + shipping refund below, then click Refund Online or Refund Offline.","Iepriekš aizpildīts kredītrēķins atteikumam #%1 — pārbaudiet daudzumus un piegādes atmaksu zemāk, tad noklikšķiniet uz „Atmaksāt tiešsaistē“ vai „Atmaksāt bezsaistē“."
"Some items are no longer eligible. Please reload and try again.","Dažām precēm vairs nav atteikuma tiesību. Lūdzu, pārlādējiet lapu un mēģiniet vēlreiz."
"We could not process your request. Please try again.","Mēs nevarējām apstrādāt jūsu pieprasījumu. Lūdzu, mēģiniet vēlreiz."
"Item","Prece"
"We could not find a matching order for that email.","Šim e-pastam neizdevās atrast atbilstošu pasūtījumu."
"Withdraw from a contract","Atteikties no līguma"
"Withdrawal not found.","Atteikums nav atrasts."
"This withdrawal can no longer be cancelled online. Contact us if you need help.","Šo atteikumu vairs nevar atcelt tiešsaistē. Sazinieties ar mums, ja nepieciešama palīdzība."
"Withdrawal #%1 cancelled.","Atteikums #%1 atcelts."
"Please fill in all required fields.","Lūdzu, aizpildiet visus obligātos laukus."
"%1 item(s) were excluded from the withdrawal because the seal is broken (Art. 16(e)/(i) Directive 2011/83/EU).","No atteikuma tika izslēgta(-s) %1 prece(-s), jo aizzīmogojums ir bojāts (Direktīvas 2011/83/ES 16. panta e)/i) apakšpunkts)."
"Please select at least one item to withdraw.","Lūdzu, atzīmējiet vismaz vienu preci atteikumam."
"One or more items are no longer available for withdrawal. Please refresh and try again.","Viena vai vairākas preces vairs nav pieejamas atteikumam. Lūdzu, atjauniniet lapu un mēģiniet vēlreiz."
"None of the selected items are eligible for withdrawal.","Nevienai no atzīmētajām precēm nav tiesību uz atteikumu."
"Hash mismatch for quote item %1","Jaucējkoda neatbilstība groza precei %1"
"Requested qty %1 exceeds remaining %2 for order item %3","Pieprasītais daudzums %1 pārsniedz atlikušo %2 pasūtījuma precei %3"
"No delivery confirmation recorded for this order yet.","Šim pasūtījumam vēl nav reģistrēts piegādes apstiprinājums."
"No eligible items selected for withdrawal","Nav atzīmēta neviena atteikumam atbilstoša prece"
"Physical goods","Fiziskās preces"
"Digital content (non-tangible)","Digitālais saturs (nemateriāls)"
"Digital service (SaaS / subscription)","Digitālais pakalpojums (SaaS / abonements)"
"Financial services (Enterprise tier)","Finanšu pakalpojumi (Enterprise līmenis)"
"Downloadable products","Lejupielādējami produkti"
"Virtual products","Virtuāli produkti"
"Bundles containing digital children","Komplekti, kas satur digitālas apakšvienības"
"Custom attribute flag","Pielāgota atribūta karodziņš"
"locale_inheritance.xml missing at %1","locale_inheritance.xml trūkst vietā %1"
"locale_inheritance.xml unreadable at %1","locale_inheritance.xml nav nolasāms vietā %1"
"locale_inheritance.xml failed XSD validation: %1","locale_inheritance.xml neizturēja XSD validāciju: %1"
"Original payment method","Sākotnējā maksāšanas metode"
"This is your durable-medium receipt for the withdrawal (Art. 11a(4) Directive 2011/83/EU).","Šis ir jūsu atteikuma apliecinājums pastāvīgā informācijas nesējā (Direktīvas 2011/83/ES 11.a panta 4. punkts)."
"This email is a notification about your withdrawal request.","Šis e-pasts ir paziņojums par jūsu atteikuma pieprasījumu."
"5–7 business days","5–7 darba dienas"
"This is a confirmation that your withdrawal request has been recorded.","Šis ir apstiprinājums, ka jūsu atteikuma pieprasījums ir reģistrēts."
"MageMe EU Withdrawal is installed but not enabled. Review the compliance checklist and configure the module before enabling: <a href=""%1"">Stores → Configuration → MageMe Extensions → EU Withdrawal</a>.","MageMe ES atteikuma modulis ir uzstādīts, bet nav iespējots. Pirms iespējošanas pārskatiet atbilstības kontrolsarakstu un konfigurējiet moduli: <a href=""%1"">Veikali → Konfigurācija → MageMe paplašinājumi → ES atteikuma tiesības</a>."
"Delivery confirmation status is not configured. Set Stores → Configuration → MageMe Extensions → EU Withdrawal → Withdrawal Period → Delivery Confirmation Statuses.","Piegādes apstiprinājuma statuss nav konfigurēts. Iestatiet: Veikali → Konfigurācija → MageMe paplašinājumi → ES atteikuma tiesības → Atteikuma periods → Piegādes apstiprinājuma statusi."
"No Annex I source found for locale %1 along chain %2","Lokālei %1 ķēdē %2 netika atrasts I pielikuma avots"
"Annex I source for locale %1 is malformed","Lokāles %1 I pielikuma avots ir nepareizi formēts"
"Missing merchant variables for Annex I rendering: %1","Trūkst tirgotāja mainīgo I pielikuma renderēšanai: %1"
"Receipt hash mismatch for request %1","Apliecinājuma jaucējkoda neatbilstība pieprasījumam %1"
"Request %1 not found.","Pieprasījums %1 nav atrasts."
"Denying a withdrawal request requires a legal basis of at least 10 characters.","Atteikuma pieprasījuma noraidīšanai nepieciešams juridisks pamats vismaz 10 rakstzīmju garumā."
"Withdrawal request cannot transition from ""%1"" to ""%2"".","Atteikuma pieprasījums nevar pāriet no „%1“ uz „%2“."
"Request %1 is not in pending_confirm state.","Pieprasījums %1 nav stāvoklī pending_confirm."
"Withdrawal request #%1 does not exist.","Atteikuma pieprasījums #%1 neeksistē."
"No digital items on order %1","Pasūtījumā %1 nav digitālo preču"
"This is your durable-medium copy of the waiver you signed at checkout (Art. 11a(4) Directive 2011/83/EU).","Šī ir jūsu pastāvīgā informācijas nesējā saglabātā kopija atteikšanās dokumentam, kuru parakstījāt norēķinos (Direktīvas 2011/83/ES 11.a panta 4. punkts)."
"Waived","Atsacīts"
"Waiver email render failed: %1","Atteikšanās e-pasta renderēšana neizdevās: %1"
"Digital content waiver text has changed — please reload checkout.","Digitālā satura atteikšanās teksts ir mainījies — lūdzu, pārlādējiet norēķinu lapu."
"Digital content waiver is incomplete for item %1.","Digitālā satura atteikšanās precei %1 nav pilnībā aizpildīta."
"bad","bad"
"smtp down","smtp down"
"smtp","smtp"
"down","nepieejams"
"No shipment found for order 42.","Pasūtījumam 42 nav atrasts sūtījums."
"View","Skatīt"
"Withdrawal & Customer Information","Atteikuma un klienta informācija"
"Request # %1","Pieprasījums Nr. %1"
"Request Status","Pieprasījuma statuss"
"Submitted At","Iesniegšanas laiks"
"Confirmed At","Apstiprināšanas laiks"
"Related Order","Saistītais pasūtījums"
"Jurisdiction","Jurisdikcija"
"Contract Type","Līguma veids"
"Receipt Status","Apliecinājuma statuss"
"%1 attempt(s)","%1 mēģinājums(-i)"
"Receipt Error","Apliecinājuma kļūda"
"Customer Information","Klienta informācija"
"Customer Name","Klienta vārds"
"Email","E-pasts"
"Locale","Valoda"
"Items Selected for Withdrawal","Atteikumam izvēlētās preces"
"Product","Produkts"
"Price","Cena"
"Qty","Daudz."
"Subtotal","Starpsumma"
"Refund","Atmaksa"
"Reason","Iemesls"
"Eligibility","Atbilstība"
"No items associated with this request.","Ar šo pieprasījumu nav saistītu preču."
"SKU","SKU"
"Ordered","Pasūtīts"
"Withdrawing","Tiek atteikts"
"Refund Total","Atmaksa kopā"
"Notes for this Request","Piezīmes šim pieprasījumam"
"Internal notes — visible to admin staff only. Not sent to the customer.","Iekšējās piezīmes — redzamas tikai administratoriem. Klientam netiek nosūtītas."
"Comment","Komentārs"
"Add internal note (max 2000 chars)","Pievienot iekšēju piezīmi (maks. 2000 rakstzīmes)"
"Submit Comment","Iesniegt komentāru"
"No comments added yet.","Vēl nav pievienots neviens komentārs."
" by %1"," no %1"
"Refund Totals","Atmaksas kopsumma"
"Items Subtotal","Preču starpsumma"
"Shipping Refund","Piegādes atmaksa"
"Total Refund","Kopējā atmaksa"
"Changes have been made to this section that have not been saved.","Šajā sadaļā ir veiktas izmaiņas, kuras nav saglabātas."
"This tab contains invalid data. Please resolve this before saving.","Šī cilne satur nederīgus datus. Lūdzu, novērsiet to pirms saglabāšanas."
"Contact us","Sazinieties ar mums"
"Returns","Atgriešana"
"FAQs","BUJ"
"All rights reserved.","Visas tiesības rezervētas."
"Returned items","Atgrieztās preces"
"No image","Nav attēla"
"Item status","Preces statuss"
"Withdrawal options for this order","Atteikuma iespējas šim pasūtījumam"
"You can return this order until %1.","Šo pasūtījumu varat atgriezt līdz %1."
"(Art. 11a Directive 2011/83/EU)","(Direktīvas 2011/83/ES 11.a pants)"
"Submit a withdrawal request to start the refund process.","Iesniedziet atteikuma pieprasījumu, lai sāktu atmaksas procesu."
"(Art. 9(2)(b) Directive 2011/83/EU)","(Direktīvas 2011/83/ES 9. panta 2. punkta b) apakšpunkts)"
"Start withdrawal","Sākt atteikumu"
"Your withdrawal requests","Jūsu atteikuma pieprasījumi"
"Submitted %1","Iesniegts %1"
"Show items","Rādīt preces"
"Cancel withdrawal","Atcelt atteikumu"
"Qty %1","Skaits %1"
"Receipt details","Apliecinājuma informācija"
"Receipt number","Kvīts numurs"
"Order number","Pasūtījuma numurs"
"Confirmed","Apstiprināts"
"Consumer","Patērētājs"
"Refund total","Kopējā atmaksas summa"
"Merchant","Tirgotājs"
"Legal basis","Juridiskais pamats"
"SKU %1","SKU %1"
"Shipping refund","Piegādes atmaksa"
"Tax refund","Nodokļa atmaksa"
"Total refund","Kopējā atmaksa"
"Digital content — Art. 16(m) notice","Digitālais saturs — 16. panta m) apakšpunkta paziņojums"
"By placing the order you agreed to begin performance of the digital content before the end of the withdrawal period and acknowledged that, once performance has begun, the right of withdrawal no longer applies. This notice is shown for your records.","Veicot pasūtījumu, jūs piekritāt sākt digitālā satura izpildi pirms atteikuma termiņa beigām un apliecinājāt, ka pēc izpildes uzsākšanas atteikuma tiesības vairs neattiecas. Šis paziņojums parādīts jūsu uzziņai."
"Existing withdrawals for this order","Esošie atteikumi šim pasūtījumam"
"You can cancel a withdrawal here until it is approved.","Atteikumu šeit varat atcelt, kamēr tas nav apstiprināts."
"Request #%1","Pieprasījums #%1"
"SKU: %1","SKU: %1"
"Estimated refund: %1 %2","Aptuvenā atmaksa: %1 %2"
"Cancel this withdrawal","Atcelt šo atteikumu"
"Are you sure? This cannot be undone.","Vai esat pārliecināti? To nevar atsaukt."
"Yes, cancel","Jā, atcelt"
"Keep it","Saglabāt"
"That order does not belong to your account. Please select one of your own orders.","Šis pasūtījums nepieder jūsu kontam. Lūdzu, izvēlieties kādu no saviem pasūtījumiem."
"Select items to return","Izvēlieties atgriežamās preces"
"Choose all items or only some of them. Set the return quantity for each item you want to withdraw.","Izvēlieties visas preces vai tikai dažas no tām. Iestatiet atgriešanas daudzumu katrai precei, no kuras vēlaties atteikties."
"You have 14 days from the day you received your order to withdraw from the contract without giving a reason.","Jums ir 14 dienas no pasūtījuma saņemšanas dienas, lai atteiktos no līguma, nenorādot iemeslu."
"Back to order search","Atpakaļ uz pasūtījumu meklēšanu"
"Cancel","Atcelt"
"Continue to review","Turpināt uz pārbaudi"
"Review and confirm","Pārskatīt un apstiprināt"
"Order #%1","Pasūtījums #%1"
"Placed on %1","Veikts %1"
"Awaiting delivery","Gaida piegādi"
"Delivered on %1","Piegādāts %1"
"Total","Kopā"
"Return shipping","Atgriešanas piegāde"
"View return policy","Skatīt atgriešanas politiku"
"Refund method","Atmaksas veids"
"Refund will be issued to your original payment method.","Atmaksa tiks veikta uz jūsu sākotnējo maksāšanas veidu."
"Return summary","Atgriešanas kopsavilkums"
"Shipping & Handling","Piegāde un apstrāde"
"Tax","Nodoklis"
"Back to items","Atpakaļ uz precēm"
"Submit return request","Iesniegt atgriešanas pieprasījumu"
"Your return request has been submitted!","Jūsu atgriešanas pieprasījums ir iesniegts!"
"We've emailed you a notification with your return details and a prepaid return label (if applicable). You have 14 days from the delivery date to send your items back.","Esam nosūtījuši jums paziņojumu ar atgriešanas datiem un priekšapmaksas atgriešanas etiķeti (ja attiecināms). Lai nosūtītu preces atpakaļ, jums ir 14 dienas no piegādes datuma."
"Return request number","Atgriešanas pieprasījuma numurs"
"Copy request number","Kopēt pieprasījuma numuru"
"Copied!","Nokopēts!"
"Confirmation email sent","Apstiprinājuma e-pasts nosūtīts"
"We've sent the details to","Esam nosūtījuši informāciju uz"
"What happens next?","Kas notiks tālāk?"
"Pack your items securely","Droši iesaiņojiet savas preces"
"Send them back using the provided instructions","Nosūtiet tās atpakaļ saskaņā ar sniegtajiem norādījumiem"
"We'll inspect your return","Mēs pārbaudīsim jūsu atgriešanu"
"Your refund will be issued to your original payment method","Atmaksa tiks veikta uz jūsu sākotnējo maksāšanas veidu"
"Need more help?","Nepieciešama papildu palīdzība?"
"View my returns","Skatīt manas atgriešanas"
"Contact support","Sazināties ar atbalstu"
"Purchased","Iegādāts"
"Returned","Atgriezts"
"Decrease quantity","Samazināt daudzumu"
"Increase quantity","Palielināt daudzumu"
"Has the hygiene seal been broken after delivery?","Vai higiēnas aizzīmogojums ir bojāts pēc piegādes?"
"Has the original software / media seal been broken after delivery?","Vai oriģinālais programmatūras / datu nesēja aizzīmogojums ir bojāts pēc piegādes?"
"No, the seal is intact","Nē, aizzīmogojums ir vesels"
"Refund possible — return the unopened package.","Atmaksa iespējama — atgrieziet neatvērto iepakojumu."
"Yes, the seal is broken","Jā, aizzīmogojums ir bojāts"
"This item cannot be returned (Art. 16(e) Directive 2011/83/EU).","Šo preci nevar atgriezt (Direktīvas 2011/83/ES 16. panta e) apakšpunkts)."
"This item cannot be returned (Art. 16(i) Directive 2011/83/EU).","Šo preci nevar atgriezt (Direktīvas 2011/83/ES 16. panta i) apakšpunkts)."
"Once you confirm the seal is broken, this item is excluded from the withdrawal request and the quantity will be reset to zero.","Tiklīdz apstiprināsiet, ka aizzīmogojums ir bojāts, šī prece tiek izslēgta no atteikuma pieprasījuma un daudzums tiks atiestatīts uz nulli."
"Reason for return (optional)","Atgriešanas iemesls (pēc izvēles)"
"Tell us more (optional, max 500 chars)","Pastāstiet vairāk (pēc izvēles, maks. 500 rakstzīmes)"
"Already returned.","Jau atgriezts."
"awaiting admin review","gaida administratora pārbaudi"
"awaiting confirmation","gaida apstiprinājumu"
"Request %1 %2 (%3 item%4).","Pieprasījums %1 %2 (%3 prece%4)."
"Return request awaiting review.","Atgriešanas pieprasījums gaida pārbaudi."
"Cancel request","Atcelt pieprasījumu"
"Under EU consumer law, you may withdraw from most contracts within 14 days without giving a reason.","Saskaņā ar ES patērētāju tiesību aktiem jūs varat atteikties no vairuma līgumu 14 dienu laikā, nenorādot iemeslu."
"Read your full pre-contract rights (Art. 6)","Lasīt visas pirmslīguma tiesības (6. pants)"
"Under Art. 6 of Directive 2011/83/EU (as amended by Directive (EU) 2023/2673), before you placed this order the seller informed you — or made available — the following information:","Saskaņā ar Direktīvas 2011/83/ES 6. pantu (kas grozīts ar Direktīvu (ES) 2023/2673) pirms šī pasūtījuma veikšanas pārdevējs jūs informēja vai darīja jums pieejamu šādu informāciju:"
"The main characteristics of the goods or services.","Preču vai pakalpojumu galvenās īpašības."
"The identity and contact details of the trader.","Tirgotāja identitāte un kontaktinformācija."
"The total price including all taxes and any delivery costs.","Kopējā cena, ieskaitot visus nodokļus un piegādes izmaksas."
"The arrangements for payment, delivery and performance, and complaint-handling.","Maksāšanas, piegādes un izpildes kārtība, kā arī sūdzību izskatīšanas kārtība."
"Your right of withdrawal: under Art. 9 you have 14 days to withdraw from this distance contract without giving a reason. For physical goods, the 14-day period starts on the day you (or a third party nominated by you) take physical possession of the goods. For services and digital content, different starting dates apply (Art. 9(2)(a)/(c)).","Jūsu atteikuma tiesības: saskaņā ar 9. pantu jums ir 14 dienas, lai atteiktos no šī distances līguma, nenorādot iemeslu. Fiziskām precēm 14 dienu termiņš sākas dienā, kad jūs (vai trešā persona, kuru jūs nozīmējāt) iegūstat preces fiziskā valdījumā. Pakalpojumiem un digitālajam saturam piemērojami atšķirīgi sākuma datumi (9. panta 2. punkta a)/c) apakšpunkts)."
"Exceptions: the right does not apply to certain goods and services listed in Art. 16 (e.g., custom-made goods, sealed hygiene items once unsealed, digital content whose performance has begun with your prior express consent and acknowledgement that you lose the withdrawal right).","Izņēmumi: tiesības neattiecas uz noteiktām precēm un pakalpojumiem, kas uzskaitīti 16. pantā (piemēram, pēc pasūtījuma izgatavotas preces, aizzīmogotas higiēnas preces pēc to atvēršanas, digitālais saturs, kura izpilde uzsākta ar jūsu iepriekšēju skaidri izteiktu piekrišanu un apliecinājumu, ka jūs zaudējat atteikuma tiesības)."
"The legal guarantee of conformity for goods applies under Art. 5 of Directive 2019/771, in addition to the right of withdrawal.","Papildus atteikuma tiesībām precēm tiek piemērota juridiskā atbilstības garantija saskaņā ar Direktīvas 2019/771 5. pantu."
"Delivery: %1","Piegāde: %1"
"Total paid","Kopā samaksāts"
"Pick an order to withdraw from","Izvēlieties pasūtījumu, no kura atteikties"
"Select a recent order to start your withdrawal.","Izvēlieties nesenu pasūtījumu, lai sāktu atteikumu."
"Select","Izvēlēties"
"Withdrawal progress","Atteikuma gaita"
"title","virsraksts"
"subtitle","apakšvirsraksts"
"Items to return","Atgriežamās preces"
"0 items","0 preces"
"Refund summary","Atmaksas kopsavilkums"
"No items in this order are currently eligible for withdrawal.","Pašlaik nevienai šī pasūtījuma precei nav tiesību uz atteikumu."
"Each line is either already being processed, pending confirmation, or has been fully withdrawn. Check the existing requests section above for status or to cancel.","Katra rinda jau tiek apstrādāta, gaida apstiprinājumu vai jau ir pilnībā atsaukta. Pārbaudiet esošo pieprasījumu sadaļu augšpusē, lai uzzinātu statusu vai atceltu."
"No items selected yet. Use the + button next to an item to add it to your return.","Vēl nav izvēlētas preces. Izmantojiet pogu + blakus precei, lai to pievienotu atgriešanai."
"Find your order","Atrodiet savu pasūtījumu"
"Enter the details you used during checkout to start a return or withdrawal.","Ievadiet datus, ko izmantojāt, veicot pasūtījumu, lai uzsāktu atgriešanu vai atteikumu."
"We could not find an order matching that email. Double-check your order number and email address.","Šim e-pastam neizdevās atrast atbilstošu pasūtījumu. Lūdzu, vēlreiz pārbaudiet pasūtījuma numuru un e-pasta adresi."
"e.g. 12345","piem. 12345"
"You can find this in your order confirmation email.","To varat atrast pasūtījuma apstiprinājuma e-pastā."
"Email address","E-pasta adrese"
"you@example.com","you@example.com"
"Must match the email used for the order.","Jāatbilst pasūtījumam izmantotajam e-pastam."
"Find my order","Atrast manu pasūtījumu"
"You have the right to withdraw from your purchase within 14 days of receiving your order, without giving any reason.","Jums ir tiesības atteikties no pirkuma 14 dienu laikā pēc pasūtījuma saņemšanas, nenorādot iemeslu."
"Need help finding your order?","Vajadzīga palīdzība pasūtījuma atrašanā?"
"Select an order","Izvēlieties pasūtījumu"
"Choose an order from your history to start a return or withdrawal.","Izvēlieties pasūtījumu no vēstures, lai uzsāktu atgriešanu vai atteikumu."
"You don't have any orders eligible for withdrawal. The 14-day withdrawal window runs from the day you received your order.","Jums nav neviena atteikumam atbilstoša pasūtījuma. 14 dienu atteikuma termiņš sākas dienā, kad saņēmāt savu pasūtījumu."
"View all my orders","Skatīt visus manus pasūtījumus"
"items","preces"
"Select order","Izvēlēties pasūtījumu"
"No recent withdrawal","Nav nesena atteikuma"
"We could not find a recent withdrawal in this session. If you have just submitted one, please check your inbox for the confirmation email.","Šajā sesijā neizdevās atrast nesenu atteikumu. Ja tikko to iesniedzāt, lūdzu, pārbaudiet savu iesūtni, vai nav saņemts apstiprinājuma e-pasts."
"Start a new withdrawal","Sākt jaunu atteikumu"
"Withdrawal #%1 submitted","Atteikums #%1 iesniegts"
"Related order:","Saistītais pasūtījums:"
"Items","Preces"
"Items included in this withdrawal","Šajā atteikumā iekļautās preces"
"Line Total","Rindas kopsumma"
"What happens next","Kas notiks tālāk"
"You will receive a receipt email with the full withdrawal statement and integrity hash within a few minutes.","Dažu minūšu laikā saņemsiet apliecinājuma e-pastu ar pilnu atteikuma paziņojumu un integritātes jaucējkodu."
"The 14-day window under Art. 9 CRD is locked to the moment you confirmed the withdrawal — nothing further is required from you to preserve the right.","14 dienu termiņš saskaņā ar Direktīvas 2011/83/ES 9. pantu ir piesaistīts brīdim, kad apstiprinājāt atteikumu — nekas vairs no jums netiek prasīts, lai saglabātu šīs tiesības."
"The final refund is determined after we receive the returned items (Art. 14(2)) and is issued to the original payment method. Expect the funds within 14 days of receipt.","Galīgā atmaksas summa tiek noteikta pēc atgriezto preču saņemšanas (14. panta 2. punkts) un tiek pārskaitīta uz sākotnējo maksāšanas veidu. Naudas līdzekļus var sagaidīt 14 dienu laikā pēc saņemšanas."
"Back to Withdrawals","Atpakaļ uz atteikumiem"
"Verzichtsbestätigung digitaler Inhalte — Bestellung %increment_id","Digitālā satura atteikšanās apstiprinājums — Pasūtījums %increment_id"
"Sehr geehrte/r %name,","Cienījamais(-ā) %name,"
"Dies ist die Bestätigung auf einem dauerhaften Datenträger Ihrer ausdrücklichen Einwilligung zum Beginn der Ausführung folgender digitaler Inhalte sowie Ihrer Bestätigung, dass Sie dadurch Ihr Widerrufsrecht verlieren (Art. 16(m) VRL).","Šis ir pastāvīgā informācijas nesējā saglabāts apstiprinājums jūsu skaidri izteiktajai piekrišanai sākt turpmāk minētā digitālā satura izpildi, kā arī jūsu apliecinājumam, ka tādējādi zaudējat atteikuma tiesības (Direktīvas 2011/83/ES 16. panta m) apakšpunkts)."
"Durch den Verzicht abgedeckte digitale Inhalte","Atteikšanās aptvertie digitālie saturi"
"Ihre ausdrückliche Einwilligung","Jūsu skaidri izteiktā piekrišana"
"Eingewilligt am:","Piekrišanas datums:"
"Ihre Bestätigung zum Verlust des Widerrufsrechts","Jūsu apliecinājums par atteikuma tiesību zaudēšanu"
"Bestätigt am:","Apliecināts:"
"Verzichtsreferenz:","Atteikšanās atsauce:"
"Rechtsgrundlage: Art. 16(m) Verbraucherrechterichtlinie 2011/83/EU.","Juridiskais pamats: Patērētāju tiesību direktīvas 2011/83/ES 16. panta m) apakšpunkts."
"Digital content waiver confirmation — Order %1","Digitālā satura atteikšanās apstiprinājums — Pasūtījums %1"
"Dear %name,","Cienījamais(-ā) %name,"
"This is the durable-medium confirmation of your express consent to begin performance of the following digital items, and your acknowledgment that by doing so you lose your right of withdrawal (Art. 16(m) CRD).","Šis ir pastāvīgā informācijas nesējā saglabāts apstiprinājums jūsu skaidri izteiktajai piekrišanai sākt turpmāk minēto digitālo preču izpildi, kā arī jūsu apliecinājumam, ka tādējādi zaudējat atteikuma tiesības (Direktīvas 2011/83/ES 16. panta m) apakšpunkts)."
"Digital items covered by this waiver","Digitālās preces, uz kurām attiecas šī atteikšanās"
"Your express consent","Tava skaidri izteiktā piekrišana"
"Consented at:","Piekrišanas datums:"
"Your acknowledgment of loss of withdrawal right","Tava apliecinājums par atteikuma tiesību zaudēšanu"
"Acknowledged at:","Apliecināts:"
"Waiver reference:","Atteikšanās atsauce:"
"Legal basis: Art. 16(m) Consumer Rights Directive 2011/83/EU.","Juridiskais pamats: Patērētāju tiesību direktīvas 2011/83/ES 16. panta m) apakšpunkts."
"Digitaalisen sisällön luopumisvahvistus — Tilaus %increment_id","Digitālā satura atteikšanās apstiprinājums — Pasūtījums %increment_id"
"Hyvä %name,","Cienījamais(-ā) %name,"
"Tämä on pysyvällä tietovälineellä annettu vahvistus nimenomaisesta suostumuksestasi aloittaa seuraavien digitaalisten sisältöjen toimitus sekä vahvistuksestasi, että menetät peruuttamisoikeutesi (KSL 6:16).","Šis ir pastāvīgā informācijas nesējā saglabāts apstiprinājums jūsu skaidri izteiktajai piekrišanai sākt turpmāk minētā digitālā satura piegādi, kā arī jūsu apliecinājumam, ka zaudējat atteikuma tiesības (Direktīvas 2011/83/ES 16. panta m) apakšpunkts)."
"Luopumisen kattamat digitaaliset sisällöt","Atteikšanās aptvertie digitālie saturi"
"Nimenomainen suostumuksesi","Jūsu skaidri izteiktā piekrišana"
"Suostuttu:","Piekrišanas datums:"
"Vahvistuksesi peruuttamisoikeuden menettämisestä","Jūsu apliecinājums par atteikuma tiesību zaudēšanu"
"Vahvistettu:","Apliecināts:"
"Luopumisen viite:","Atteikšanās atsauce:"
"Oikeusperusta: KSL 6:16 / Art. 16(m) kuluttajanoikeusdirektiivi 2011/83/EU.","Juridiskais pamats: Patērētāju tiesību direktīvas 2011/83/ES 16. panta m) apakšpunkts."
"Confirmation de renonciation au contenu numérique — Commande %increment_id","Digitālā satura atteikšanās apstiprinājums — Pasūtījums %increment_id"
"Cher/Chère %name,","Cienījamais(-ā) %name,"
"Ceci est la confirmation sur un support durable de votre consentement exprès à commencer l'exécution des contenus numériques suivants, et de votre reconnaissance que vous perdez ainsi votre droit de rétractation (Art. L. 221-28 Code consommation).","Šis ir pastāvīgā informācijas nesējā saglabāts apstiprinājums jūsu skaidri izteiktajai piekrišanai sākt turpmāk minētā digitālā satura izpildi, kā arī jūsu apliecinājumam, ka tādējādi zaudējat atteikuma tiesības (Direktīvas 2011/83/ES 16. panta m) apakšpunkts)."
"Contenus numériques couverts par la présente renonciation","Šajā atteikšanās dokumentā iekļautais digitālais saturs"
"Votre consentement exprès","Jūsu skaidri izteiktā piekrišana"
"Consenti le :","Piekrišanas datums:"
"Votre reconnaissance de la perte du droit de rétractation","Jūsu apliecinājums par atteikuma tiesību zaudēšanu"
"Reconnu le :","Apliecināts:"
"Référence de renonciation :","Atteikšanās atsauce:"
"Base légale : Art. L. 221-28 Code consommation / Art. 16(m) Directive 2011/83/UE.","Juridiskais pamats: Patērētāju tiesību direktīvas 2011/83/ES 16. panta m) apakšpunkts."
"Bevestiging afstand digitale inhoud — Bestelling %increment_id","Digitālā satura atteikšanās apstiprinājums — Pasūtījums %increment_id"
"Beste %name,","Cienījamais(-ā) %name,"
"Dit is de bevestiging op een duurzame gegevensdrager van uw uitdrukkelijke toestemming om te beginnen met de levering van de volgende digitale inhoud, en uw erkenning dat u daardoor uw herroepingsrecht verliest (Art. 6:230s BW).","Šis ir pastāvīgā informācijas nesējā saglabāts apstiprinājums jūsu skaidri izteiktajai piekrišanai sākt turpmāk minētā digitālā satura piegādi, kā arī jūsu apliecinājumam, ka tādējādi zaudējat atteikuma tiesības (Direktīvas 2011/83/ES 16. panta m) apakšpunkts)."
"Onder deze afstand vallende digitale items","Šajā atteikšanās dokumentā iekļautās digitālās preces"
"Uw uitdrukkelijke toestemming","Jūsu skaidri izteiktā piekrišana"
"Toestemming verleend op:","Piekrišanas datums:"
"Uw erkenning van verlies van herroepingsrecht","Jūsu apliecinājums par atteikuma tiesību zaudēšanu"
"Erkend op:","Apliecināts:"
"Afstandreferentie:","Atteikšanās atsauce:"
"Rechtsgrondslag: Art. 6:230s BW / Art. 16(m) Richtlijn 2011/83/EU.","Juridiskais pamats: Patērētāju tiesību direktīvas 2011/83/ES 16. panta m) apakšpunkts."
"[EU Withdrawal] Receipt send failed — request #%request_id","[ES atteikums] Apliecinājuma nosūtīšana neizdevās — pieprasījums #%request_id"
"The receipt email for withdrawal request #%request_id has failed to send permanently.","Atteikuma pieprasījuma #%request_id apliecinājuma e-pasta nosūtīšana ir neatgriezeniski neizdevusies."
"Inspect the <code>mm_eu_withdrawal_request.receipt_last_error</code> column for the last error message, and the <code>mm_eu_withdrawal_request.receipt_send_attempts</code> column for the retry count.","Pārbaudiet kolonnu <code>mm_eu_withdrawal_request.receipt_last_error</code>, lai uzzinātu pēdējo kļūdas paziņojumu, un kolonnu <code>mm_eu_withdrawal_request.receipt_send_attempts</code>, lai uzzinātu atkārtoto mēģinājumu skaitu."
"You can requeue the send from the admin grid after resolving the underlying issue.","Pēc pamatproblēmas novēršanas sūtījumu varat atkārtoti pievienot rindai no administratora režģa."
"Your refund is on its way — Withdrawal #%1","Tava atmaksa ir ceļā — Atteikums #%1"
"Your refund is on its way","Tava atmaksa ir ceļā"
"Hi %name, we've approved your withdrawal request and started the refund process.","Sveiks, %name, esam apstiprinājuši tavu atteikuma pieprasījumu un sākuši atmaksas procesu."
"View refund details","Skatīt atmaksas informāciju"
"Withdrawal number","Atteikuma numurs"
"Approved on","Apstiprināts"
"Estimated arrival","Paredzamais saņemšanas laiks"
"Status","Statuss"
"Your refund will be issued to your original payment method within 5–7 business days. You'll see it on your card or bank statement once it lands.","Atmaksa tiks veikta uz tavu sākotnējo maksāšanas veidu 5–7 darba dienu laikā. Redzēsi to kartes vai bankas konta izrakstā, tiklīdz tā tiks ieskaitīta."
"Need help?","Vajag palīdzību?"
"Reply to this email or contact us at","Atbildi uz šo e-pastu vai sazinies ar mums"
"Your withdrawal was cancelled — Withdrawal #%1","Tavs atteikums tika atcelts — Atteikums #%1"
"Your withdrawal was cancelled","Tavs atteikums tika atcelts"
"Hi %name, we've cancelled your withdrawal request.","Sveiks, %name, esam atcēluši tavu atteikuma pieprasījumu."
"Submit a new request","Iesniegt jaunu pieprasījumu"
"Cancelled request","Atcelts pieprasījums"
"Cancelled on","Atcelts"
"Refund requested","Pieprasītā atmaksa"
"If this was unexpected, you can submit a new withdrawal request as long as your 14-day window is still open. Reach out if you need help — we're happy to clarify.","Ja tas bija negaidīti, tu vari iesniegt jaunu atteikuma pieprasījumu, kamēr tavs 14 dienu termiņš vēl ir spēkā. Sazinies ar mums, ja vajag palīdzību — labprāt paskaidrosim."
"Cancellation confirmed — Withdrawal #%1","Atcelšana apstiprināta — Atteikums #%1"
"Cancellation confirmed","Atcelšana apstiprināta"
"Hi %name, your withdrawal request has been cancelled as you asked.","Sveiks, %name, tavs atteikuma pieprasījums ir atcelts, kā lūdzi."
"Back to my orders","Atpakaļ uz maniem pasūtījumiem"
"Cancelled by","Atcēla"
"You","Jūs"
"Your order remains active and there's no further action needed. If you change your mind, you can start a new withdrawal request any time within your 14-day window.","Tavs pasūtījums paliek aktīvs un nav nepieciešamas turpmākas darbības. Ja pārdomā, jaunu atteikuma pieprasījumu vari iesniegt jebkurā brīdī sava 14 dienu termiņa laikā."
"Update on your withdrawal request — Withdrawal #%1","Atjauninājums par tavu atteikuma pieprasījumu — Atteikums #%1"
"We can't process this withdrawal","Mēs nevaram apstrādāt šo atteikumu"
"Hi %name, after reviewing your withdrawal request we're unable to approve it.","Sveiks, %name, pēc tava atteikuma pieprasījuma izskatīšanas nevaram to apstiprināt."
"Request details","Pieprasījuma informācija"
"Reviewed on","Pārskatīts"
"Decision","Lēmums"
"Reason from our team","Mūsu komandas pamatojums"
"If you'd like to discuss this decision, our team is here to help. Reply to this email or use the button above.","Ja vēlies pārrunāt šo lēmumu, mūsu komanda labprāt palīdzēs. Atbildi uz šo e-pastu vai izmanto pogu augšpusē."
"Your withdrawal request has been submitted — Order #%1","Tavs atteikuma pieprasījums ir iesniegts — Pasūtījums #%1"
"Your return request has been submitted","Tavs atgriešanas pieprasījums ir iesniegts"
"Hi %name, we've received your return request and are currently reviewing it. You'll hear back when we've inspected your return and processed your refund.","Sveiks, %name, esam saņēmuši tavu atgriešanas pieprasījumu un šobrīd to izskatām. Sniegsim atbildi, kad būsim pārbaudījuši atgriešanu un apstrādājuši atmaksu."
"Return number","Atgriešanas numurs"
"Requested on","Pieprasīts"
"We'll inspect your return and notify you once approved. Refunds are issued to your original payment method within 5–7 business days after approval.","Mēs pārbaudīsim tavu atgriešanu un paziņosim pēc apstiprināšanas. Atmaksas tiek veiktas uz sākotnējo maksāšanas veidu 5–7 darba dienu laikā pēc apstiprināšanas."
"If you have any questions, our customer service team is here to help.","Ja tev ir kādi jautājumi, mūsu klientu apkalpošanas komanda labprāt palīdzēs."
"Visit our help center","Apmeklē mūsu palīdzības centru"
"If you did not initiate this request, contact us immediately at","Ja šo pieprasījumu neuzsāki tu, nekavējoties sazinies ar mums"
"Withdrawal receipt — Order #%1","Atteikuma apliecinājums — Pasūtījums #%1"
"Withdrawal receipt","Atteikuma apliecinājums"
"Hi %name, this email is your durable-medium proof of withdrawal under Art. 11a Directive 2011/83/EU. Keep it for your records.","Sveiks, %name, šis e-pasts ir tavs atteikuma pierādījums pastāvīgā informācijas nesējā saskaņā ar Direktīvas 2011/83/ES 11.a pantu. Saglabā to savai uzskaitei."
"Submitted on","Iesniegts"
"Your %store_name order confirmation","Jūsu %store_name pasūtījuma apstiprinājums"
"%customer_name,","%customer_name,"
"Thank you for your order from %store_name.","Paldies par pasūtījumu veikalā %store_name."
"Once your package ships we will send you a tracking number.","Tiklīdz jūsu sūtījums tiks nosūtīts, mēs jums nosūtīsim izsekošanas numuru."
"You can check the status of your order by <a href=""%account_url"">logging into your account</a>.","Sava pasūtījuma statusu varat pārbaudīt, <a href=""%account_url"">piesakoties savā kontā</a>."
"If you have questions about your order, you can email us at <a href=""mailto:%store_email"">%store_email</a>","Ja jums ir jautājumi par pasūtījumu, varat mums rakstīt uz <a href=""mailto:%store_email"">%store_email</a>"
"or call us at <a href=""tel:%store_phone"">%store_phone</a>","vai zvanīt mums pa tālruni <a href=""tel:%store_phone"">%store_phone</a>"
"Our hours are <span class=""no-link"">%store_hours</span>.","Mūsu darba laiks ir <span class=""no-link"">%store_hours</span>."
"Your Order <span class=""no-link"">#%increment_id</span>","Jūsu pasūtījums <span class=""no-link"">#%increment_id</span>"
"Placed on <span class=""no-link"">%created_at</span>","Veikts <span class=""no-link"">%created_at</span>"
"Billing Info","Norēķinu informācija"
"Shipping Info","Piegādes informācija"
"Payment Method","Maksāšanas veids"
"Shipping Method","Piegādes veids"
"%name,","%name,"
"Once your package ships we will send an email with a link to track your order.","Tiklīdz jūsu sūtījums tiks nosūtīts, mēs nosūtīsim e-pastu ar saiti pasūtījuma izsekošanai."
"Your %store_name order has shipped","Jūsu %store_name pasūtījums ir nosūtīts"
"Your shipping confirmation is below. Thank you again for your business.","Jūsu piegādes apstiprinājums ir zemāk. Vēlreiz paldies par pirkumu."
"Your Shipment #%shipment_id for Order #%order_id","Jūsu sūtījums #%shipment_id pasūtījumam #%order_id"
"Your digital content waiver is on file","Tava digitālā satura atteikšanās ir reģistrēta"
"Hi %name, you've consented to immediate digital delivery of the items below — this is your durable-medium copy of that consent (Art. 11a(4) CRD).","Sveiks, %name, tu esi piekritis tūlītējai zemāk minēto preču digitālajai piegādei — šī ir tava piekrišanas kopija pastāvīgā informācijas nesējā (Patērētāju tiesību direktīvas 11.a panta 4. punkts)."
"View order","Skatīt pasūtījumu"
"Consented at","Piekrišana sniegta"
"Acknowledged at","Apliecināts"
"Keep this email as your durable-medium record. The merchant has stored the SHA-256 hash of the legal text you accepted:","Saglabā šo e-pastu kā savu ierakstu pastāvīgā informācijas nesējā. Tirgotājs ir saglabājis SHA-256 jaucējkodu juridiskajam tekstam, kuru tu pieņēmi:"
"Digital content waiver","Atteikšanās no tiesībām par digitālo saturu"
"We need your explicit consent before you can buy this digital item — please read both points carefully.","Pirms šī digitālā produkta iegādes mums nepieciešama jūsu skaidra piekrišana — lūdzu, uzmanīgi izlasiet abus punktus."
"We log this consent with your IP and timestamp for our audit record.","Šo piekrišanu reģistrējam ar jūsu IP adresi un laika zīmogu mūsu audita uzskaitei."
"Continue","Turpināt"
"Waiver could not be saved. Please retry.","Atteikšanos neizdevās saglabāt. Lūdzu, mēģiniet vēlreiz."
"Enable for EU Withdrawal Lookup Form","Iespējot ES atteikuma meklēšanas veidlapai"
"MageMe Extensions","MageMe paplašinājumi"
"EU Withdrawal","ES atteikuma tiesības"
"General","Vispārīgi"
"Enable Module","Iespējot moduli"
"Activates frontend and cron jobs. Default: disabled. Complete the manual setup checklist before enabling.","Aktivizē lietotāja saskarni un cron uzdevumus. Noklusējums: atspējots. Pirms iespējošanas izpildiet manuālās uzstādīšanas kontrolsarakstu."
"Request Number Prefix","Pieprasījuma numura prefikss"
"Optional prefix prepended to the withdrawal request increment ID in customer-facing UI (e.g. ""RR-"" renders as ""RR-000000022""). Leave blank to show the plain padded number.","Neobligāts prefikss, kas tiek pievienots atteikuma pieprasījuma palielinājuma ID klientam redzamajā saskarnē (piemēram, „RR-“ tiek attēlots kā „RR-000000022“). Atstājiet tukšu, lai parādītu tikai papildināto numuru."
"Default Contract Type","Noklusētais līguma veids"
"Frontend Route","Lietotāja saskarnes maršruts"
"URL prefix used by the customer-facing withdrawal flow (e.g. <code>withdraw-contract</code> renders as <code>/withdraw-contract/...</code>). Lowercase letters, digits, dashes and underscores only.","URL prefikss, ko izmanto klienta atteikuma plūsma (piemēram, <code>withdraw-contract</code> tiek attēlots kā <code>/withdraw-contract/...</code>). Tikai mazie burti, cipari, defises un pasvītras."
"Withdrawal Period","Atteikuma periods"
"Delivery Confirmation Statuses","Piegādes apstiprinājuma statusi"
"Pick one or more order statuses whose <em>transition</em> means the customer received the goods in your fulfillment workflow. The 14-day withdrawal window starts on the timestamp of the order's <em>earliest</em> transition into <em>any</em> of the selected statuses (Art. 9(2)(b) Directive 2011/83/EU). Multi-select supports merchants who use several ""delivered""-type statuses (e.g. <code>delivered</code> + <code>complete</code> + <code>delivered_partial</code>). Until the order reaches any of them, the right of withdrawal is open with no fixed deadline.","Izvēlieties vienu vai vairākus pasūtījuma statusus, kuru <em>pāreja</em> jūsu izpildes plūsmā nozīmē, ka klients ir saņēmis preces. 14 dienu atteikuma termiņš sākas no pasūtījuma <em>pirmās</em> pārejas <em>jebkurā</em> no atzīmētajiem statusiem laika zīmoga (Direktīvas 2011/83/ES 9. panta 2. punkta b) apakšpunkts). Vairākatlase atbalsta tirgotājus, kuri izmanto vairākus „piegādāts“ tipa statusus (piemēram, <code>delivered</code> + <code>complete</code> + <code>delivered_partial</code>). Kamēr pasūtījums nesasniedz nevienu no tiem, atteikuma tiesības ir spēkā bez fiksēta termiņa."
"Eligibility Rules (Art. 16 CRD Presets)","Atbilstības noteikumi (16. panta CRD priekšiestatījumi)"
"Art. 16(c) Custom-Made Goods","16. panta c) apakšpunkts Pēc pasūtījuma izgatavotas preces"
"Excludes products made to customer specifications or clearly personalised (e.g. engraved jewellery, made-to-measure clothing). <strong>Requires</strong> product attribute <code>is_custom_made = true</code>. If enabled, orders containing such items cannot be withdrawn — customers will see this when attempting to start withdrawal.","Izslēdz preces, kas izgatavotas pēc klienta specifikācijām vai ir skaidri personalizētas (piemēram, gravēta juvelierizstrādājumi, pēc mēra šūts apģērbs). <strong>Nepieciešams</strong> produkta atribūts <code>is_custom_made = true</code>. Ja iespējots, pasūtījumus, kas satur šādas preces, nevar atteikt — klienti to redzēs, mēģinot uzsākt atteikumu."
"Art. 16(d) Perishable Goods","16. panta d) apakšpunkts Ātri bojājošās preces"
"Excludes goods that can deteriorate or expire rapidly (fresh food, cut flowers, short-shelf-life pharmaceuticals). <strong>Requires</strong> product attribute <code>is_perishable = true</code>. Do not enable for all categories — apply it only to truly perishable SKUs, otherwise you will unlawfully deny valid withdrawals.","Izslēdz preces, kas var ātri sabojāties vai zaudēt derīgumu (svaiga pārtika, grieztie ziedi, īsa derīguma termiņa farmaceitiskie līdzekļi). <strong>Nepieciešams</strong> produkta atribūts <code>is_perishable = true</code>. Neiespējojiet to visām kategorijām — piemērojiet to tikai patiesi ātri bojājošos SKU, pretējā gadījumā nelikumīgi noraidīsiet derīgus atteikumus."
"Art. 16(e) Sealed Hygiene / Health","16. panta e) apakšpunkts Aizzīmogotas higiēnas / veselības preces"
"Excludes sealed hygiene or health items <strong>only if the seal has been broken after delivery</strong> (cosmetics, intimate apparel, sealed medical supplies). <strong>Requires</strong> product attribute <code>is_sealed_hygiene = true</code>. The exclusion depends on a seal-check at the time of withdrawal (workflow in phase-04) — a sealed, unopened return remains eligible.","Izslēdz aizzīmogotas higiēnas vai veselības preces <strong>tikai tad, ja aizzīmogojums ir bojāts pēc piegādes</strong> (kosmētika, intīmais apģērbs, aizzīmogotas medicīnas preces). <strong>Nepieciešams</strong> produkta atribūts <code>is_sealed_hygiene = true</code>. Izslēgšana ir atkarīga no aizzīmogojuma pārbaudes atteikuma brīdī (plūsma phase-04 posmā) — aizzīmogota, neatvērta atgriešana paliek atbilstoša."
"Art. 16(i) Sealed Audio / Video / Software","16. panta i) apakšpunkts Aizzīmogoti audio / video / programmatūras ieraksti"
"Excludes sealed audio recordings, video recordings, or sealed computer software <strong>only if the seal has been broken after delivery</strong>. <strong>Requires</strong> product attribute <code>is_sealed_av = true</code>. Same seal-check logic as Art. 16(e). Does not apply to streaming / digital-download content — use Art. 16(m) for those.","Izslēdz aizzīmogotus skaņu ierakstus, videoierakstus vai aizzīmogotu datorprogrammatūru <strong>tikai tad, ja aizzīmogojums ir bojāts pēc piegādes</strong>. <strong>Nepieciešams</strong> produkta atribūts <code>is_sealed_av = true</code>. Tāda pati aizzīmogojuma pārbaudes loģika kā 16. panta e) apakšpunktā. Neattiecas uz straumēšanas / digitālās lejupielādes saturu — tam izmantojiet 16. panta m) apakšpunktu."
"Digital Content (Art. 16(m))","Digitālais saturs (16. panta m) apakšpunkts)"
"Detection","Noteikšana"
"Enable Digital Content Detection","Iespējot digitālā satura noteikšanu"
"Master switch for Art. 16(m) digital-content detection. When off, no product is recognised as digital, the checkout waiver step is not required, and the preset always allows withdrawal.","Galvenais slēdzis 16. panta m) apakšpunkta digitālā satura noteikšanai. Kad izslēgts, neviens produkts netiek atzīts par digitālu, norēķinu atteikšanās solis nav nepieciešams, un priekšiestatījums vienmēr atļauj atteikumu."
"Detection Strategies","Noteikšanas stratēģijas"
"Which product-type heuristics trigger the digital-content waiver gate. Downloadable + virtual are safe defaults; bundle_contains_digital inspects bundle children; custom_attribute reads the EAV flag configured below.","Kuras produkta tipa heiristikas aktivizē digitālā satura atteikšanās vārtus. Downloadable + virtual ir droši noklusējumi; bundle_contains_digital pārbauda komplekta apakšvienības; custom_attribute nolasa zemāk konfigurēto EAV karodziņu."
"Custom Attribute Code","Pielāgota atribūta kods"
"EAV attribute code used <strong>only</strong> when <em>Custom attribute flag</em> is picked in <em>Detection strategies</em> above. Default: <code>is_digital_content</code> (boolean attribute, 1 = digital). Ignored otherwise.","EAV atribūta kods, ko izmanto <strong>tikai</strong> tad, kad <em>Pielāgota atribūta karodziņš</em> ir atlasīts iepriekš sadaļā <em>Noteikšanas stratēģijas</em>. Noklusējums: <code>is_digital_content</code> (būla atribūts, 1 = digitāls). Pretējā gadījumā tiek ignorēts."
"Checkout Step + Email","Norēķinu solis + e-pasts"
"Enable Checkout Waiver Step","Iespējot piekrišanas soli norēķinos"
"When on, carts that contain a detected digital item render the 2-checkbox waiver step at checkout. Has no effect unless <em>Detection → Enable digital content detection</em> is also on.","Kad ieslēgts, grozi, kas satur konstatētu digitālo preci, norēķinos parāda atteikšanās soli ar 2 izvēles rūtiņām. Nedarbojas, ja arī <em>Noteikšana → Iespējot digitālā satura noteikšanu</em> nav ieslēgts."
"Merchant BCC Address for Confirmation Emails","Tirgotāja slēptās kopijas adrese apstiprinājuma e-pastiem"
"Optional. Blind-copies the waiver-confirmation email to a merchant audit address. Leave blank to skip.","Neobligāti. Atteikšanās apstiprinājuma e-pasta slēptās kopijas adrese tirgotāja audita vajadzībām. Atstājiet tukšu, lai izlaistu."
"Mark Virtual-Only Items as Performance-Started on Confirmation","Apstiprinot atzīmēt tikai virtuālās preces kā tādas, kuru izpilde sākta"
"Virtual products have no download trigger. When on, the waiver confirmation email's dispatch counts as performance-start for virtual-only items.","Virtuālajiem produktiem nav lejupielādes aktivizētāja. Kad ieslēgts, atteikšanās apstiprinājuma e-pasta nosūtīšana tiek uzskatīta par izpildes sākumu tikai virtuālajām precēm (I-6 robeža)."
"Confirmation Email Identity","Apstiprinājuma e-pasta sūtītājs"
"Per-Locale Waiver Text Overrides","Piekrišanas teksta aizstāšana pa valodām"
"English (en_US)","Angļu (en_US)"
"Consent Text","Piekrišanas teksts"
"Right-Loss Acknowledgment Text","Tiesību zaudēšanas apliecinājuma teksts"
"German (de_DE)","Vācu (de_DE)"
"Finnish (fi_FI)","Somu (fi_FI)"
"Dutch (nl_NL)","Holandiešu (nl_NL)"
"French (fr_FR)","Franču (fr_FR)"
"Italian (it_IT)","Itāļu (it_IT)"
"Spanish (es_ES)","Spāņu (es_ES)"
"Polish (pl_PL)","Poļu (pl_PL)"
"Portuguese (pt_PT)","Portugāļu (pt_PT)"
"Danish (da_DK)","Dāņu (da_DK)"
"Swedish (sv_SE)","Zviedru (sv_SE)"
"German — Austria (de_AT)","Vācu — Austrija (de_AT)"
"Swedish — Finland (sv_FI)","Zviedru — Somija (sv_FI)"
"Dutch — Belgium (nl_BE)","Holandiešu — Beļģija (nl_BE)"
"French — Belgium (fr_BE)","Franču — Beļģija (fr_BE)"
"German — Belgium (de_BE)","Vācu — Beļģija (de_BE)"
"French — Luxembourg (fr_LU)","Franču — Luksemburga (fr_LU)"
"Pre-Contract Information (Art. 6(1)(h))","Pirmslīguma informācija (6. panta 1. punkta h) apakšpunkts)"
"Enable Pre-Contract Disclosure","Iespējot pirmslīguma informāciju"
"Master kill-switch. Disabled = block does not render and no display events are recorded. Disabling exposes the merchant to Art. 10 (12 month + 14 day extended withdrawal period). Default: enabled.","Galvenais izslēgšanas slēdzis. Atspējots = bloks netiek attēlots un netiek reģistrēti attēlošanas notikumi. Atspējošana pakļauj tirgotāju 10. panta riskam (pagarināts atteikuma termiņš: 12 mēneši + 14 dienas). Noklusējums: iespējots."
"Withdrawal Period (Days)","Atteikuma periods (dienās)"
"Default 14 days per Art. 9(2). Extension allowed (e.g. 30, 100). Reduction below 14 is illegal — the field validates >=14 only when the module is enabled.","Noklusējums ir 14 dienas saskaņā ar 9. panta 2. punktu. Pagarinājums atļauts (piemēram, 30, 100). Samazināšana zem 14 ir nelikumīga — lauks validē >=14 tikai tad, kad modulis ir iespējots."
"Return Address","Atgriešanas adrese"
"Where consumers send goods back. Leave empty to fall back to the store address from Stores → Configuration → General → General → Store Information.","Kur patērētāji nosūta preces atpakaļ. Atstājiet tukšu, lai izmantotu rezerves adresi no Veikali → Konfigurācija → Vispārīgi → Vispārīgi → Veikala informācija."
"Display In Checkout","Rādīt norēķinos"
"Annex I Overrides Per Locale","I pielikuma aizstāšana pa valodām"
"Bulgarian (bg_BG)","Bulgāru (bg_BG)"
"Czech (cs_CZ)","Čehu (cs_CZ)"
"Greek (el_GR)","Grieķu (el_GR)"
"Estonian (et_EE)","Igauņu (et_EE)"
"Croatian (hr_HR)","Horvātu (hr_HR)"
"Hungarian (hu_HU)","Ungāru (hu_HU)"
"Lithuanian (lt_LT)","Lietuviešu (lt_LT)"
"Latvian (lv_LV)","Latviešu (lv_LV)"
"Romanian (ro_RO)","Rumāņu (ro_RO)"
"Slovak (sk_SK)","Slovāku (sk_SK)"
"Slovenian (sl_SI)","Slovēņu (sl_SI)"
"Frontend","Lietotāja saskarne"
"Buttons","Pogas"
"Step 1 Button Label","1. soļa pogas etiķete"
"<strong>⚠ Legal warning.</strong> Art. 11a(2) CRD requires the literal text ""withdraw from contract here"" <em>or a corresponding unambiguous formulation</em>. The default value (""Withdraw from contract here"") is the Directive's verbatim phrase. Per-locale translations are counsel-signed. <strong>Do not override unless you have received written advice from qualified consumer-law counsel in the target jurisdiction.</strong> Every override is recorded in the audit log.","<strong>⚠ Juridisks brīdinājums (atšķirība Nr. 4).</strong> Direktīvas 2011/83/ES 11.a panta 2. punkts pieprasa burtisku tekstu „withdraw from contract here“ <em>vai atbilstošu nepārprotamu formulējumu</em>. Noklusētā vērtība („Atteikties no līguma šeit“) ir Direktīvas burtiska frāze. Per-locale translations are counsel-signed. <strong>Nepārrakstiet, ja vien neesat saņēmis rakstisku padomu no kvalificēta patērētāju tiesību juriskonsulta mērķa jurisdikcijā.</strong> Katrs pārrakstījums tiek reģistrēts audita žurnālā."
"Step 2 Button Label (Confirmation)","2. soļa pogas etiķete (apstiprinājums)"
"<strong>⚠ Legal warning.</strong> This is the label on the final confirmation button. Default (""Confirm withdrawal"") is counsel-signed. Per-locale translations are counsel-signed. Override only with written legal advice; overrides are audit-logged.","<strong>⚠ Juridisks brīdinājums (atšķirība Nr. 4).</strong> Šī ir etiķete uz galīgā apstiprinājuma pogas. Noklusējums („Apstiprināt atteikumu“) ir juriskonsulta apstiprināts. Per-locale translations are counsel-signed. Pārrakstiet tikai ar rakstisku juridisku padomu; pārrakstījumi tiek reģistrēti audita žurnālā."
"Placements","Izvietojumi"
"Show Footer Link","Rādīt saiti kājenē"
"Show in My Account","Rādīt sadaļā „Mans konts“"
"Return Reasons","Atgriešanas iemesli"
"Reasons","Iemesli"
"List of reasons offered to the customer in the per-item dropdown. <strong>Code</strong> is the machine value (lowercase, snake_case, max 32 chars); <strong>Label</strong> is the visible text. Empty grid hides the dropdown entirely.","Iemeslu saraksts, kas tiek piedāvāts klientam preces līmeņa nolaižamajā sarakstā. <strong>Kods</strong> ir mašīnas vērtība, kas tiek saglabāta datubāzē (mazie burti, snake_case, maks. 32 rakstzīmes); <strong>Etiķete</strong> ir redzamais teksts. Tukšs režģis pilnībā paslēpj nolaižamo sarakstu."
"Enable ""Other"" with Free Text","Iespējot „Cits“ ar brīvu tekstu"
"When enabled, an ""Other"" option appears in the dropdown that reveals a free-text field (max 500 chars).","Kad iespējots, nolaižamajā sarakstā parādās opcija „Cits“, kas atklāj brīva teksta lauku (maks. 500 rakstzīmes)."
"Review Step","Pārskata solis"
"Return Shipping Notice","Atgriešanas sūtīšanas paziņojums"
"Text shown on the Review & Confirm step (step 3). Example: ""You'll receive a prepaid shipping label in the confirmation email."" or ""Return shipping costs are paid by the customer."" Leave blank to hide the row.","Teksts, kas redzams solī „Pārskatīt un apstiprināt“ (3. solis). Piemērs: „Apstiprinājuma e-pastā saņemsiet priekšapmaksātu sūtījuma etiķeti.“ vai „Atgriešanas piegādes izmaksas sedz klients.“ Atstājiet tukšu, lai paslēptu rindu."
"Return Policy URL","Atgriešanas politikas URL"
"Optional link rendered next to the shipping notice (""View return policy""). Accepts absolute URLs or relative paths like ""return-policy"".","Neobligāta saite, kas tiek attēlota blakus piegādes paziņojumam („Skatīt atgriešanas politiku“). Pieņem absolūtas URL vai relatīvus ceļus, piemēram, „return-policy“."
"Customer Notifications","Paziņojumi klientiem"
"All customer-facing emails sent by the module. Each email can be enabled/disabled, assigned a custom template (Marketing → Email Templates), and BCC'd to a merchant address. The shared <em>Branding</em> subgroup at the bottom controls the layout (USP strip, social links) used by every email below.","Visi moduļa nosūtītie klientiem adresētie e-pasti. Katru e-pastu var iespējot/atspējot, piešķirt pielāgotu veidni (Mārketings → E-pasta veidnes) un nosūtīt slēptā kopijā tirgotāja adresei. Apakšā kopīgā apakšgrupa <em>Zīmola identitāte</em> kontrolē izkārtojumu (USP josla, sociālo tīklu saites), ko izmanto katrs no zemāk minētajiem e-pastiem."
"1. Submission Confirmation Email","1. Iesniegšanas apstiprinājuma e-pasts"
"Enabled","Iespējots"
"Email Template","E-pasta veidne"
"BCC Merchant","Slēpta kopija tirgotājam"
"Comma-separated. Leave blank to disable.","Atdalīts ar komatiem. Atstājiet tukšu, lai atspējotu."
"2. Approval Email","2. Apstiprinājuma e-pasts"
"3. Denial Email","3. Noraidīšanas e-pasts"
"4. Cancellation Email (Admin-Initiated)","4. Atcelšanas e-pasts (uzsāka administrators)"
"5. Cancellation Email (Customer Self-Cancel)","5. Atcelšanas e-pasts (klients atcēla pats)"
"6. Receipt Email (Durable Medium — Art. 11a(4))","6. Apstiprinājuma e-pasts (pastāvīgs informācijas nesējs — 11.a panta 4. punkts)"
"Legally required durable-medium confirmation. Cannot be fully disabled (Art. 11a(4) Directive 2011/83/EU). Disabling here only stops the sender — the receipt is still generated and stored.","Juridiski nepieciešams pastāvīgā informācijas nesēja apstiprinājums. To nevar pilnībā atspējot (Direktīvas 2011/83/ES 11.a panta 4. punkts). Atspējošana šeit tikai aptur nosūtīšanu — apliecinājums joprojām tiek ģenerēts un saglabāts."
"Send Email","Sūtīt e-pastu"
"Comma-separated.","Atdalīts ar komatiem."
"Delivery Retry Attempts","Piegādes atkārtotie mēģinājumi"
"Number of delivery attempts before a receipt is flagged as undelivered.","Number of delivery attempts before a receipt is flagged as undelivered."
"DLQ Alert Recipient","DLQ brīdinājuma saņēmējs"
"Notified when a receipt fails permanently. Falls back to Store Email Addresses → General Contact.","Tiek informēts, kad apliecinājuma nosūtīšana neatgriezeniski neizdodas. Rezerves vērtība: Veikala e-pasta adreses → Vispārīgais kontakts."
"7. Digital Waiver Confirmation Email (Art. 11a(4))","7. Digitālās piekrišanas apstiprinājuma e-pasts (11.a panta 4. punkts)"
"Durable-medium copy of the customer's Art. 16(m) waiver, sent immediately after checkout when a digital item is in cart. Required by Art. 11a(4) Directive 2011/83/EU — keeps a tamper-evident record of the legal text the customer accepted.","Klienta 16. panta m) apakšpunkta atteikšanās kopija pastāvīgā informācijas nesējā, nosūtīta uzreiz pēc norēķiniem, kad grozā ir digitālā prece. To pieprasa Direktīvas 2011/83/ES 11.a panta 4. punkts — tā saglabā pret manipulācijām aizsargātu ierakstu juridiskajam tekstam, kuram klients piekrita, kā arī SHA-256 jaucējkodu jaucējkodu ķēdes pārbaudei."
"Comma-separated. Receives a copy of every confirmation for audit purposes.","Atdalīts ar komatiem. Saņem katra apstiprinājuma kopiju audita vajadzībām."
"Branding (Shared by All Emails Above)","Zīmola identitāte (kopīga visiem augstāk minētajiem e-pastiem)"
"Optional decoration of the customer-facing emails. Empty fields hide their respective rows. Brand wordmark, logo, support email, and store address are read from the standard Magento configuration tree (Stores → Configuration → General + Design → Transactional Emails).","Neobligāta klientam adresēto e-pastu rotāšana. Tukši lauki paslēpj attiecīgās rindas. Zīmola nosaukums, logotips, atbalsta e-pasts un veikala adrese tiek nolasīti no standarta Magento konfigurācijas koka (Veikali → Konfigurācija → Vispārīgi + Dizains → Transakciju e-pasti)."
"USP Strip — Item 1","USP josla — 1. elements"
"Icon","Ikona"
"Title","Virsraksts"
"Subtitle","Apakšvirsraksts"
"USP Strip — Item 2","USP josla — 2. elements"
"USP Strip — Item 3","USP josla — 3. elements"
"Social Links","Sociālo tīklu saites"
"Instagram URL","Instagram URL"
"X / Twitter URL","X / Twitter URL"
"Facebook URL","Facebook URL"
"YouTube URL","YouTube URL"
"Privacy & Retention","Privātums un glabāšana"
"Two-stage GDPR data lifecycle for the <code>mm_eu_withdrawal_request</code> table. Withdrawal requests carry both <em>personally identifiable</em> data (customer name, email, IP, user agent, admin notes, denial reasons) and a content hash that is the Art. 11a(4) <em>durable-medium</em> legal proof. The two have different mandatory retention periods, so we store them on the same row and age them out separately.","Divpakāpju GDPR datu dzīves cikls tabulai <code>mm_eu_withdrawal_request</code>. Atteikuma pieprasījumi satur gan <em>personu identificējošus</em> datus (klienta vārds, e-pasts, IP, lietotāja aģents, administratora piezīmes, noraidīšanas iemesli), gan satura jaucējkodu, kas ir 11.a panta 4. punkta <em>pastāvīgā informācijas nesēja</em> juridiskais pierādījums. Abiem ir atšķirīgi obligātie glabāšanas termiņi, tāpēc mēs tos glabājam vienā rindā un dzēšam atsevišķi."
"PII Retention (days)","Personas datu glabāšanas laiks (dienās)"
"How long the <strong>personally identifiable columns</strong> stay on a row before the daily cron <strong>nullifies</strong> them: <code>customer_name</code>, <code>customer_email</code>, <code>customer_ip</code>, <code>user_agent</code>, <code>denial_reason</code>, <code>admin_note</code>. The row itself stays — only PII is wiped. Counted from the row's <code>created_at</code>.<br/><br/>
                        <strong>Default: 730 days (2 years).</strong> This is the floor — GDPR Art. 5(1)(e) (""storage limitation"") balanced against the statute of limitations for consumer-rights claims in most EU member states (1–2 years). Range: 730–3650 days.","Cik ilgi <strong>personu identificējošās kolonnas</strong> paliek rindā pirms ikdienas cron tās <strong>anulē</strong>: <code>customer_name</code>, <code>customer_email</code>, <code>customer_ip</code>, <code>user_agent</code>, <code>denial_reason</code>, <code>admin_note</code>. Pati rinda paliek — tiek dzēsti tikai personu identificējoši dati. Skaita no rindas <code>created_at</code>.<br/><br/>
                        <strong>Noklusējums: 730 dienas (2 gadi).</strong> Šī ir minimālā vērtība — GDPR 5. panta 1. punkta e) apakšpunkts („glabāšanas ierobežojums“) līdzsvarā ar patērētāju tiesību prasību noilgumu vairumā ES dalībvalstu (1–2 gadi). Diapazons: 730–3650 dienas."
"Hash Retention (days)","Jaucējkodu glabāšanas laiks (dienās)"
"How long the <strong>content hash</strong> (Art. 11a(4) durable-medium proof) stays. After PII has been wiped above, the row keeps only the SHA-256 hash + receipt timestamps until this period expires; then the cron <strong>deletes the whole row</strong>.<br/><br/>
                        <strong>Default: 2190 days (6 years).</strong> Matches the longest commercial-records retention obligation in EU member states (typically 6 years for accounting / VAT). Must be ≥ PII Retention. Range: 2190–3650 days.","Cik ilgi paliek <strong>satura jaucējkods</strong> (11.a panta 4. punkta pastāvīgā informācijas nesēja pierādījums). Pēc tam, kad personu identificējošie dati iepriekš ir dzēsti, rindā paliek tikai SHA-256 jaucējkods + apliecinājuma laika zīmogi, līdz beidzas šis termiņš; tad cron <strong>dzēš visu rindu</strong>.<br/><br/>
                        <strong>Noklusējums: 2190 dienas (6 gadi).</strong> Atbilst garākajai komercieraksta glabāšanas saistībai ES dalībvalstīs (parasti 6 gadi grāmatvedībai / PVN). Jābūt ≥ personu datu glabāšanas laikam. Diapazons: 2190–3650 dienas."
"Append-only audit log of all withdrawal lifecycle events (GDPR Art. 5(2) accountability).
                    Personal data (IP, user agent, customer actor ID) is automatically nullified after the retention period.
                    The audit rows themselves are never deleted — only anonymised.","Tikai pievienojams audita žurnāls visiem atteikuma dzīves cikla notikumiem (GDPR 5. panta 2. punkts par pārskatatbildību).
                    Personas dati (IP, lietotāja aģents, klienta dalībnieka ID) pēc glabāšanas termiņa beigām tiek automātiski anulēti.
                    Pašas audita rindas nekad netiek dzēstas — tikai anonimizētas."
"Order #","Pasūtījums #"
"Contract","Līgums"
"Submitter","Iesniedzējs"
"Withdrawal submitted","Atteikums iesniegts"
"Right of Withdrawal — Required Information","Atteikuma tiesības — Obligātā informācija"
"Before placing your order, please review the conditions, time limit, and procedures for exercising your 14-day right of withdrawal. This information forms part of your contract.","Pirms pasūtījuma veikšanas, lūdzu, iepazīstieties ar nosacījumiem, termiņu un procedūrām, kā izmantot savas 14 dienu atteikuma tiesības. Šī informācija ir jūsu līguma neatņemama sastāvdaļa."
"Conditions, Time Limit and Procedures for Withdrawal","Atteikuma nosacījumi, termiņš un procedūras"
"Start Online Return","Sākt tiešsaistes atgriešanu"
"Download Model Withdrawal Form (Annex I(B))","Lejupielādēt atteikuma veidlapas paraugu (I pielikuma B daļa)"
"Withdrawal Information v%1 — Issued %2","Atteikuma informācija v%1 — izdota %2"
"You'll receive a prepaid shipping label in the confirmation email.","Apstiprinājuma e-pastā saņemsiet priekšapmaksātu sūtījuma etiķeti."
"← Back to order search","← Atpakaļ uz pasūtījumu meklēšanu"
"← Back to items","← Atpakaļ pie precēm"
"Find order","Atrast pasūtījumu"
"Enter your order number and email","Ievadiet pasūtījuma numuru un e-pastu"
"Select items","Izvēlēties preces"
"Choose items to return (partial withdrawal)","Izvēlieties atgriežamās preces (daļējs atteikums)"
"Review & confirm","Pārskatīt un apstiprināt"
"Review your return details and confirm","Pārskatiet atgriešanas datus un apstipriniet"
"Request submitted","Pieprasījums iesniegts"
"We'll confirm your request by email","Jūsu pieprasījumu apstiprināsim pa e-pastu"
"I expressly consent to begin performance of the digital content before the withdrawal period expires.","Skaidri piekrītu digitālā satura izpildes uzsākšanai pirms atteikuma termiņa beigām."
"I acknowledge that by giving this consent I lose my right of withdrawal once performance has begun (Art. 16(m) CRD).","Apzinos, ka, sniedzot šo piekrišanu, zaudēju savas atteikuma tiesības pēc izpildes uzsākšanas (Direktīvas 2011/83/ES 16. panta m apakšpunkts)."
"Withdrawals","Atteikumi"
"Minimum %1 characters required.","Nepieciešamas vismaz %1 rakstzīmes."
"Failed to add note.","Neizdevās pievienot piezīmi."
"Network error while adding note.","Tīkla kļūda, pievienojot piezīmi."
"Exported Evidence","Eksportēti pierādījumi"
"Pending Confirm","Gaida apstiprinājumu"
"Sent","Nosūtīts"
"Failed Permanent","Neizdevās pavisam"
"Failed Retry","Neizdevās, mēģina vēlreiz"
"Eligible","Atbilstošs"
"Excluded","Izslēgts"
"Action","Darbība"
"From","No"
"To","Uz"
"Admin Id","Administratora ID"
"Order Id","Pasūtījuma ID"
"Request Id","Pieprasījuma ID"
"Item Count","Preču skaits"
"Rules Fired","Lietotie noteikumi"
"Topic","Temats"
"Message Id","Ziņojuma ID"
"Email To Hash","E-pasta jaucējkods"
"Attempts","Mēģinājumi"
"Viewed At","Skatīts"
"Referrer Host","Norādītājsaimnieks"
"Enable \Other\"" with Free Text""","Iespējot „Cits“ ar brīvu tekstu"
"Optional legal template — not required to use; you can also exercise the right of withdrawal by any unequivocal statement.","Neobligāts juridiskais paraugs — to izmantot nav obligāti; atteikuma tiesības var īstenot arī ar jebkuru nepārprotamu paziņojumu."
"Right of withdrawal","Atteikuma tiesības"
"You have 14 days from the day you receive your order to withdraw without giving any reason — full refund to your original payment method.","Jums ir 14 dienas no pasūtījuma saņemšanas dienas, lai atteiktos, nenorādot iemeslu — pilna atmaksa uz jūsu sākotnējo maksāšanas veidu."
"Some items may be excluded by law (perishable goods, custom-made items, sealed hygiene or audio/video products). We'll show you exactly what's eligible on the next page.","Dažas preces saskaņā ar likumu var tikt izslēgtas (ātri bojājošās preces, pēc pasūtījuma izgatavotas preces, aizzīmogotas higiēnas vai audio/video preces). Nākamajā lapā parādīsim, kas tieši ir atbilstošs."
"Direct link — no login or account password required.","Tieša saite — nav nepieciešama pieteikšanās vai konta parole."
"Art. 16(m) CRD exclusion — digital content where the customer has (1) given express prior consent to begin performance and (2) acknowledged that they lose the withdrawal right. Two switches: the <em>Detection</em> subgroup decides what counts as digital (master switch), the <em>Checkout step + Email</em> subgroup renders the 2-checkbox waiver UX and dispatches the confirmation email. Both must be ON for the feature to work end-to-end. Use this only for <strong>one-time digital purchases</strong> (ebooks, software installers, music files, games). Do <strong>not</strong> enable it for ongoing digital <strong>subscriptions or services</strong> (SaaS, streaming, hosted software) — EU case law (CJEU Sky, C-641/19) requires a different consent flow for those.","Art. 16(m) CRD exclusion — digital content where the customer has (1) given express prior consent to begin performance and (2) acknowledged that they lose the withdrawal right. Two switches: the <em>Detection</em> subgroup decides what counts as digital (master switch), the <em>Checkout step + Email</em> subgroup renders the 2-checkbox waiver UX and dispatches the confirmation email. Both must be ON for the feature to work end-to-end. Use this only for <strong>one-time digital purchases</strong> (ebooks, software installers, music files, games). Do <strong>not</strong> enable it for ongoing digital <strong>subscriptions or services</strong> (SaaS, streaming, hosted software) — EU case law (CJEU Sky, C-641/19) requires a different consent flow for those."
"Customer-facing UX for the withdrawal flow. Subgroups: <em>Buttons</em> (legal-critical labels), <em>Placements</em> (where to surface the link), <em>Return Reasons</em> (per-item dropdown), <em>Review Step</em> (content on step 3 of the flow).","Klientam paredzēta UX atteikuma plūsmai. Apakšgrupas: <em>Pogas</em> (juridiski svarīgas etiķetes), <em>Izvietojumi</em> (kur parādīt saiti), <em>Atgriešanas iemesli</em> (nolaižamais saraksts katrai precei), <em>Pārskatīšanas solis</em> (saturs plūsmas 3. solī)."
"Disable only if you deliver the durable-medium confirmation through a different channel.","Atspējojiet tikai tad, ja apliecinājumu pastāvīgā informācijas nesējā piegādājat pa citu kanālu."
"Disable only if you deliver the receipt through a different durable medium (postal mail, customer account download, etc.).","Atspējojiet tikai tad, ja apliecinājumu piegādājat pa citu pastāvīgo informācijas nesēju (parasto pastu, lejupielādi no klienta konta utt.)."
"Empty fields fall through to the locale baseline. Any override value becomes part of the SHA-256 hash stored per consent event — changing a field after customers have consented does <strong>not</strong> retroactively invalidate prior consents.","Tukši lauki atgriežas pie the locale baseline bāzes vērtībām attiecīgajai lokālei/jurisdikcijai. Jebkura aizstājošā vērtība kļūst par daļu no SHA-256 jaucējkoda, kas tiek saglabāts katram piekrišanas notikumam — lauka maiņa pēc tam, kad klienti devuši piekrišanu, <strong>nepadara</strong> iepriekšējās piekrišanas par nederīgām ar atpakaļejošu spēku."
"Mandatory pre-contractual disclosure of the right of withdrawal. Displayed on the checkout payment step. Each display is logged forensically (Art. 10 defence). Snapshot of the rendered text is stored immutably (Art. 6(5)). <strong>Counsel review recommended before customising any Annex I text.</strong>","Obligāta pirmslīguma informācija par atteikuma tiesībām. Tiek parādīta norēķinu maksājuma solī. Katra parādīšana tiek juridiski uzticami reģistrēta (10. panta aizstāvība). Renderētā teksta momentuzņēmums tiek saglabāts nemainīgi (6. panta 5. punkts). <strong>Pirms jebkura I pielikuma teksta pielāgošanas ieteicama juridiska pārskatīšana.</strong>"
"Off = block hidden but display events still recorded server-side via predispatch fallback. Use only for sandbox testing. Default: on.","Izslēgts = bloks ir paslēpts, bet rādīšanas notikumi joprojām tiek reģistrēti servera pusē, izmantojot predispatch rezervi. Izmantojiet tikai sandbox testēšanai. Noklusējuma: ieslēgts."
"Optional URLs rendered as round monogram badges in the email footer. Leave blank to hide.","Neobligātas URL adreses, kas parādītas kā apaļas monogrammas atzīmes e-pasta kājenē. Lai paslēptu, atstājiet tukšu."
"Sent when a customer cancels their own pending withdrawal.","Tiek nosūtīts, kad klients atceļ savu neapstiprināto atteikumu."
"Sent when a customer completes the withdrawal form.","Tiek nosūtīts, kad klients aizpilda atteikuma veidlapu."
"Sent when an admin approves a withdrawal request.","Tiek nosūtīts, kad administrators apstiprina atteikuma pieprasījumu."
"Sent when an admin cancels a withdrawal request on the customer's behalf.","Tiek nosūtīts, kad administrators atceļ atteikuma pieprasījumu klienta vārdā."
"Sent when an admin denies a withdrawal request.","Tiek nosūtīts, kad administrators noraida atteikuma pieprasījumu."
"These presets exclude specific product categories from the 14-day withdrawal right, per Art. 16 CRD. Each rule is OFF by default — enable only after confirming the corresponding product attribute is set correctly on your catalog.","Šīs iepriekšiestatījumi izslēdz noteiktas produktu kategorijas no 14 dienu atteikuma tiesībām saskaņā ar Direktīvas 2011/83/ES 16. pantu. Katrs noteikums pēc noklusējuma ir IZSLĒGTS — iespējojiet tikai pēc tam, kad esat pārliecinājies, ka attiecīgais produkta atribūts katalogā ir iestatīts pareizi."
"e.g. ""EU orders above €50""","piem., „ES pasūtījumi virs 50 €”"
"e.g. ""Free delivery""","piem., „Bezmaksas piegāde”"
"Qty: ","Daudzums: "
"Submission failed. Please try again.","Iesniegšana neizdevās. Lūdzu, mēģiniet vēlreiz."
"Network error. Please try again.","Tīkla kļūda. Lūdzu, mēģiniet vēlreiz."
"Invalid server response.","Nederīga servera atbilde."
"Admin Notifications","Administratora paziņojumi"
"Internal alerts to your team. Independent of the per-email <em>BCC Merchant</em> checkboxes under <em>Customer Notifications</em> below — if you enable both, you will receive two emails per request.","Iekšējie brīdinājumi jūsu komandai. Neatkarīgi no zemāk esošās <em>Klientu paziņojumi</em> sadaļas <em>BCC tirgotājam</em> izvēles rūtiņām — ja iespējosiet abus, saņemsiet divus e-pastus uz katru pieprasījumu."
"1. New Request Alert","1. Jauna pieprasījuma brīdinājums"
"Sent the moment a customer completes the two-step withdrawal flow.","Tiek nosūtīts brīdī, kad klients pabeidz divpakāpju atteikšanās plūsmu."
"Recipient Email(s)","Saņēmēja e-pasts"
"BCC","Diskrētā kopija"
"New Withdrawal Request","Jauns atteikuma pieprasījums"
"A new withdrawal request was just submitted.","Tikko tika iesniegts jauns atteikuma pieprasījums."
"Request:","Pieprasījums:"
"Order:","Pasūtījums:"
"Customer:","Klients:"
"Refund Total:","Atmaksas kopsumma:"
"[Withdrawal] New request %request_increment_id · Order #%order_increment_id · %refund_total","[Atteikums] Jauns pieprasījums %request_increment_id · Pasūtījums #%order_increment_id · %refund_total"
"Anonymised","Anonimizēts"
"Audit","Audits"
"Cancel Order","Atcelt pasūtījumu"
"Confirmation Email (Art. 11a(4))","Apstiprinājuma e-pasts (11.a(4) pants)"
"Detection (Art. 16(m))","Atklāšana (16.(m) pants)"
"Digital Waiver (Art. 16(m))","Digitāla atteikšanās (16.(m) pants)"
"Email Identity","Sūtītāja identitāte"
"ID","ID"
"Integrity hash","Integritātes jaucējkods"
"Pre-Contract Proof","Pirmslīguma pierādījums"
"Verify this receipt","Pārbaudīt šo kvīti"
"Withdrawal Window","Atteikuma termiņš"
"This SHA-256 hash uniquely identifies your withdrawal record. Verify it at any time using the button above.","Šis SHA-256 jaucējkods unikāli identificē jūsu atteikuma ierakstu. Jūs varat to pārbaudīt jebkurā laikā, izmantojot iepriekš redzamo pogu."
"Digital content waiver confirmation — Order %increment_id","Digitālā satura atteikšanās apstiprinājums — Pasūtījums %increment_id"
"Comma-separated. Each recipient receives a separate email rendered in their own admin locale (looked up via the admin user's interface_locale; fallback to general/locale/code). Invalid addresses dropped silently.","Atdalīti ar komatu. Katrs saņēmējs saņem atsevišķu e-pastu, atveidotu viņa paša administratora lokā (caur administratora interface_locale; rezerve — general/locale/code). Nederīgas adreses tiek klusi atmestas."
"Art. 16(m) CRD digital-content detection. Determines what counts as digital content for eligibility purposes. The actual checkout-step waiver UI and email lives in the next section ""Digital Waiver"".","Digitālā satura atklāšana saskaņā ar Patērētāju tiesību direktīvas 16.(m) pantu. Nosaka, kas skaitās digitālais saturs atteikuma tiesību nolūkos. Faktiskā atteikšanās UI noformēšanas brīdī un e-pasts atrodas nākamajā sadaļā „Digitāla atteikšanās“."
"Art. 16(m) CRD exclusion — digital content where the customer has (1) given express prior consent to begin performance and (2) acknowledged that they lose the withdrawal right. Two switches control this feature end-to-end: the <em>Detection</em> subgroup under <em>Eligibility Rules</em> decides what counts as digital (master switch); this section renders the 2-checkbox waiver UX at checkout and dispatches the Art. 11a(4) confirmation email. Both must be ON for the feature to work end-to-end. Per-locale text overrides below. Use this only for <strong>one-time digital purchases</strong> (ebooks, software installers, music files, games). Do <strong>not</strong> enable it for ongoing digital <strong>subscriptions or services</strong> (SaaS, streaming, hosted software) — EU case law (CJEU Sky, C-641/19) requires a different consent flow for those.","Patērētāju tiesību direktīvas 16.(m) panta izņēmums — digitālais saturs, kuram klients (1) ir sniedzis tiešu iepriekšēju piekrišanu uzsākt izpildi un (2) atzinis atteikuma tiesību zaudēšanu. Funkciju vada divi slēdži: apakšgrupa <em>Atklāšana</em> sadaļā <em>Atbilstības noteikumi</em> nosaka, kas skaitās digitāls (galvenais slēdzis); šī sadaļa attēlo 2 izvēles rūtiņu atteikšanās UI noformēšanas brīdī un nosūta 11.a(4) panta apstiprinājuma e-pastu. Abiem jābūt IESLĒGTIEM. Tekstu pārrakstīšana pa lokalēm zemāk. Izmantojiet tikai <strong>vienreizējiem digitālajiem pirkumiem</strong> (e-grāmatas, instalētāji, mūzikas faili, spēles). <strong>Neie</strong>slēdziet nepārtrauktiem digitāliem <strong>abonementiem vai pakalpojumiem</strong> (SaaS, straumēšana, mitināta PS) — ES judikatūra (CJEU Sky, C-641/19) prasa citu piekrišanas plūsmu."
"Defines <strong>when</strong> the 14-day withdrawal right starts running (the delivery trigger, Art. 9(2)(b)) and <strong>how long</strong> it lasts in days (Art. 9(2)). Together these control the period each order's withdrawal is open.","Nosaka, <strong>kad</strong> sākas 14 dienu atteikuma tiesības (piegādes aktivizētājs, 9.(2)(b) pants) un <strong>cik</strong> dienas tās ilgst (9.(2) pants). Kopā tie nosaka periodu, kurā katra pasūtījuma atteikšanās ir atvērta."
"Default 14 days per Art. 9(2). Extension allowed (e.g. 30, 100). Reduction below 14 is illegal — the field validates 14-3650 only.","Noklusējuma 14 dienas saskaņā ar 9.(2) pantu. Pagarinājums atļauts (piem., 30, 100). Saīsināšana zem 14 ir nelikumīga — lauks validē tikai 14-3650."
"When on, carts that contain a detected digital item render the 2-checkbox waiver step at checkout. Has no effect unless <em>Eligibility Rules → Detection → Enable Digital Content Detection</em> is also on.","Kad ieslēgts, grozi, kuros ir konstatēts digitāls vienums, noformēšanas brīdī rāda 2 izvēles rūtiņu atteikšanās soli. Nedarbosies, ja vienlaikus nav ieslēgts arī <em>Atbilstības noteikumi → Atklāšana → Iespējot digitālā satura atklāšanu</em>."
"Optional. Comma-separated. Blind-copies the waiver-confirmation email to a merchant audit address. Leave blank to skip.","Pēc izvēles. Atdalīti ar komatu. Sūta atteikšanās apstiprinājuma e-pasta diskrēto kopiju tirgotāja audita adresei. Atstājiet tukšu, lai izlaistu."
"<strong>⚠ Legal warning.</strong> Art. 11a(2) CRD requires the literal text ""withdraw from contract here"" <em>or a corresponding unambiguous formulation</em>. The default value (""Withdraw from contract here"") is the Directive's verbatim phrase; Per-locale translations are counsel-signed. <strong>Do not override unless you have received written advice from qualified consumer-law counsel in the target jurisdiction.</strong> Every override is recorded in the audit log.","<strong>⚠ Juridisks brīdinājums.</strong> Patērētāju tiesību direktīvas 11.a(2) pants prasa burtisku tekstu „atteikties no līguma šeit“ <em>vai atbilstošu nepārprotamu formulējumu</em>. Noklusētā vērtība („Atteikties no līguma šeit“) ir Direktīvas vārds vārdā frāze; Lokalizācijas tulkojumi ir parakstīti juristu. <strong>Nepārrakstiet, ja vien neesat saņēmis rakstisku padomu no kvalificēta patērētāju tiesību advokāta mērķa jurisdikcijā.</strong> Katra pārrakstīšana tiek reģistrēta audita žurnālā."
"<strong>⚠ Legal warning.</strong> This is the label on the final confirmation button. Default (""Confirm withdrawal"") is counsel-signed; Per-locale translations are counsel-signed. Override only with written legal advice; overrides are audit-logged.","<strong>⚠ Juridisks brīdinājums.</strong> Šī ir galīgās apstiprināšanas pogas iezīme. Noklusētā vērtība („Apstiprināt atteikšanos“) ir juristu parakstīta; Lokalizācijas tulkojumi ir juristu parakstīti. Pārrakstiet tikai ar rakstisku juridisku padomu; pārrakstīšana tiek reģistrēta audita žurnālā."
"Cancel the linked order? No payment has been captured, so there is nothing to refund — the order will be cancelled in Magento.","Atcelt saistīto pasūtījumu? Maksājums nav pieņemts, tāpēc nav nekā ko atmaksāt — pasūtījums tiks atcelts Magento."
"Two-stage GDPR data lifecycle. Withdrawal requests carry both <em>personally identifiable</em> data (customer name, email, IP, user agent, admin notes, denial reasons) and a content hash that is the Art. 11a(4) <em>durable-medium</em> legal proof. The two have different mandatory retention periods and are aged out separately.","Divpakāpju GDPR datu dzīves cikls. Atteikuma pieprasījumi satur gan <em>personu identificējošus</em> datus (klienta vārds, e-pasts, IP, lietotāja aģents, administratora piezīmes, atteikuma iemesli), gan satura jaucējkodu, kas ir 11.a(4) panta <em>noturīga datu nesēja</em> juridisks pierādījums. Tiem ir dažādi obligāti glabāšanas periodi un tie tiek atmesti atsevišķi."
"How long the <strong>personally identifiable fields</strong> (customer name, email, IP, user agent, denial reason, admin note) are kept before they are nullified by the daily privacy cron. The withdrawal record itself stays — only PII is wiped. Counted from the record's creation date.<br/><br/>
                        <strong>Default: 730 days (2 years).</strong> This is the floor — GDPR Art. 5(1)(e) (""storage limitation"") balanced against the statute of limitations for consumer-rights claims in most EU member states (1–2 years). Range: 730–3650 days.","Cik ilgi <strong>personu identificējošie lauki</strong> (klienta vārds, e-pasts, IP, lietotāja aģents, atteikuma iemesls, administratora piezīme) tiek glabāti, pirms tos anulē ikdienas privātuma cron. Pats atteikuma ieraksts paliek — tiek dzēsts tikai PII. Skaita no ieraksta izveides datuma.<br/><br/>
                        <strong>Noklusētais: 730 dienas (2 gadi).</strong> Tas ir minimums — GDPR 5.(1)(e) pants („uzglabāšanas ierobežojums“) līdzsvarots ar patērētāju tiesību prasību noilguma termiņiem vairumā ES dalībvalstu (1–2 gadi). Diapazons: 730–3650 dienas."
"How long the <strong>content hash</strong> (Art. 11a(4) durable-medium proof) is retained. After PII has been wiped, the record keeps only the hash and receipt timestamps until this period expires; then the record is deleted entirely.<br/><br/>
                        <strong>Default: 2190 days (6 years).</strong> Matches the longest commercial-records retention obligation in EU member states (typically 6 years for accounting / VAT). Must be ≥ PII Retention. Range: 2190–3650 days.","Cik ilgi tiek saglabāts <strong>satura jaucējkods</strong> (11.a(4) panta noturīga datu nesēja pierādījums). Pēc PII dzēšanas ieraksts saglabā tikai jaucējkodu un kvīts laika zīmogus līdz šī perioda beigām; pēc tam ieraksts tiek pilnībā dzēsts.<br/><br/>
                        <strong>Noklusētais: 2190 dienas (6 gadi).</strong> Atbilst garākajam komercdokumentu uzglabāšanas pienākumam ES dalībvalstīs (parasti 6 gadi grāmatvedībai / PVN). Jābūt ≥ PII glabāšana. Diapazons: 2190–3650 dienas."
"Append-only audit log of all withdrawal lifecycle events (GDPR Art. 5(2) accountability). Personal data (IP, user agent, customer actor ID) is automatically nullified after the retention period. The audit log itself stays — only PII is wiped.","Append-only audita žurnāls visiem atteikuma dzīves cikla notikumiem (GDPR 5.(2) panta atbildība). Personas dati (IP, user agent, klienta-aktiera ID) automātiski tiek anulēti pēc glabāšanas perioda. Pats audita žurnāls paliek — tiek dzēsts tikai PII."
