"View Credit Memo","Creditnota bekijken"
"Issue Credit Memo","Creditnota uitgeven"
"Approve","Goedkeuren"
"Approve this withdrawal request?","Dit herroepingsverzoek goedkeuren?"
"Deny","Weigeren"
"Legal reason for denial (min 10 chars):","Wettelijke reden voor weigering (min. 10 tekens):"
"Cancel Request","Verzoek annuleren"
"Cancel this withdrawal? Add an optional note for the customer (visible in their cancellation email):","Deze herroeping annuleren? Voeg een optionele notitie toe voor de klant (zichtbaar in zijn annuleringsmail):"
"Resend Receipt","Bewijs opnieuw verzenden"
"Send the receipt email again? The customer will receive another copy.","Bewijsmail opnieuw verzenden? De klant ontvangt een tweede exemplaar."
"Withdrawal Request #%1","Herroepingsverzoek #%1"
"Request Details","Details van het verzoek"
"Information","Informatie"
"Reason for Denial","Reden voor weigering"
"Customer Cancellation Note","Annuleringsnotitie van klant"
"Cancellation Note","Annuleringsnotitie"
"Status-Change Note","Notitie statuswijziging"
"Code","Code"
"Label","Label"
"Add Reason","Reden toevoegen"
"In progress","In behandeling"
"Refund issued","Terugbetaling uitgegeven"
"Denied","Geweigerd"
"Cancelled","Geannuleerd"
"Pending","In afwachting"
"This is a transactional email about your order.","Dit is een transactiemail over uw bestelling."
"Reason for denial","Reden voor weigering"
"Your cancellation note","Uw annuleringsnotitie"
"Note from our team","Bericht van ons team"
"EU right of withdrawal","EU-herroepingsrecht"
"Withdrawal right pending delivery","Herroepingsrecht in afwachting van levering"
"Withdrawal window has ended","Herroepingstermijn verstreken"
"Not eligible for withdrawal","Niet in aanmerking voor herroeping"
"Withdrawal already requested","Herroepingsverzoek al ingediend"
"You can withdraw from this contract any time — the %1-day deadline begins counting once the order is delivered.","U kunt deze overeenkomst op elk moment herroepen — de termijn van %1 dagen gaat in zodra de bestelling is geleverd."
"Your %1-day withdrawal window will begin once this order is delivered.","Uw herroepingstermijn van %1 dagen gaat in zodra deze bestelling is geleverd."
"The %1-day window for withdrawing from this contract has ended.","De termijn van %1 dagen om deze overeenkomst te herroepen is verstreken."
"This order is not eligible for withdrawal under EU consumer law (Art. 16 Directive 2011/83/EU).","Deze bestelling komt niet in aanmerking voor herroeping onder het EU-consumentenrecht (Art. 16 Richtlijn 2011/83/EU)."
"A withdrawal request for this order has been submitted. See the request details below.","Voor deze bestelling is een herroepingsverzoek ingediend. Zie de details van het verzoek hieronder."
"This order contains a perishable item that cannot be returned (food with short shelf life, fresh flowers, etc.).","Deze bestelling bevat een bederfelijk artikel dat niet kan worden geretourneerd (voedingsmiddelen met een korte houdbaarheid, verse bloemen, enz.)."
"This order contains a custom-made or personalised item that cannot be returned.","Deze bestelling bevat een op maat gemaakt of gepersonaliseerd artikel dat niet kan worden geretourneerd."
"This order contains a sealed hygiene item. You keep the right of withdrawal only while the seal stays intact — once unsealed after delivery, the right is lost.","Deze bestelling bevat een verzegeld hygiëneartikel. U behoudt het herroepingsrecht alleen zolang de verzegeling intact blijft — zodra deze na levering wordt verbroken, vervalt het recht."
"This order contains a sealed audio / video / software item. You keep the right of withdrawal only while the seal stays intact — once unsealed after delivery, the right is lost.","Deze bestelling bevat een verzegeld audio-/video-/software-artikel. U behoudt het herroepingsrecht alleen zolang de verzegeling intact blijft — zodra deze na levering wordt verbroken, vervalt het recht."
"This order contains digital content. Once you start using or downloading the content, you lose the right of withdrawal (you consented to this at checkout).","Deze bestelling bevat digitale inhoud. Zodra u de inhoud gaat gebruiken of downloaden, verliest u het herroepingsrecht (u heeft hiermee bij het afrekenen ingestemd)."
"%1 item(s) · Refund %2","%1 artikel(en) · Terugbetaling %2"
"Awaiting confirmation","In afwachting van bevestiging"
"Cancel withdrawal %1? Your refund will not be processed.","Herroeping %1 annuleren? Uw terugbetaling wordt niet verwerkt."
"Submitted","Ingediend"
"Approved","Goedgekeurd"
"Fully returned","Volledig geretourneerd"
"Return requested","Retour aangevraagd"
"Not eligible","Niet in aanmerking"
"Partially requested","Gedeeltelijk aangevraagd"
"— Select a reason —","— Kies een reden —"
"Other","Overig"
"The refund will be issued using your original payment method within 5-7 business days after we receive your return.","De terugbetaling wordt verwerkt via uw oorspronkelijke betaalmethode binnen 5-7 werkdagen na ontvangst van uw retour."
"Withdrawal right lost (Art. 16(m) CRD) — digital performance started on %1.","Herroepingsrecht vervallen (Art. 16(m) Richtlijn consumentenrechten) — uitvoering van de digitale inhoud begonnen op %1."
"Request #%1 not found.","Verzoek #%1 niet gevonden."
"Receipt email re-queued for request #%1. Delivery will retry asynchronously.","Bewijsmail opnieuw in de wachtrij geplaatst voor verzoek #%1. Verzending wordt asynchroon opnieuw geprobeerd."
"Failed to queue receipt resend: %1","Opnieuw in wachtrij plaatsen van bewijsmail mislukt: %1"
"Note text is empty.","Notitietekst is leeg."
"Note added to request #%1.","Notitie toegevoegd aan verzoek #%1."
"Request #%1 approved.","Verzoek #%1 goedgekeurd."
"Request #%1 cancelled.","Verzoek #%1 geannuleerd."
"Request #%1 denied.","Verzoek #%1 geweigerd."
"Invalid request id.","Ongeldig verzoek-ID."
"Unable to open temporary file for CSV export.","Tijdelijk bestand voor CSV-export kan niet worden geopend."
"Withdrawal Requests","Herroepingsverzoeken"
"%1 requests queued for acceptance.","%1 verzoeken in de wachtrij geplaatst voor goedkeuring."
"%1 request(s) approved.","%1 verzoek(en) goedgekeurd."
"%1 request(s) failed. First errors: %2","%1 verzoek(en) mislukt. Eerste fouten: %2"
"Note added to %1 request(s).","Notitie toegevoegd aan %1 verzoek(en)."
"Underlying order #%1 not found.","Onderliggende bestelling #%1 niet gevonden."
"Order #%1 has no invoice yet — Magento requires an invoice before a credit memo can be created. Open an invoice first (Sales → Orders → #%1 → Invoice button), then return here to refund.","Bestelling #%1 heeft nog geen factuur — Magento vereist een factuur voordat een creditnota kan worden aangemaakt. Open eerst een factuur (Verkoop → Bestellingen → #%1 → knop Factuur) en kom hier terug om terug te betalen."
"No items recorded on this withdrawal request — the credit memo will open with default invoice qtys; please adjust manually.","Geen artikelen geregistreerd op dit herroepingsverzoek — de creditnota wordt geopend met de standaard factuuraantallen; pas deze handmatig aan."
"Pre-filled credit memo for withdrawal #%1 — review the qtys + shipping refund below, then click Refund Online or Refund Offline.","Vooraf ingevulde creditnota voor herroeping #%1 — controleer de aantallen en de terugbetaling van de verzendkosten hieronder en klik vervolgens op Online terugbetalen of Offline terugbetalen."
"Some items are no longer eligible. Please reload and try again.","Sommige artikelen komen niet meer in aanmerking. Vernieuw de pagina en probeer het opnieuw."
"We could not process your request. Please try again.","We konden uw verzoek niet verwerken. Probeer het opnieuw."
"Item","Artikel"
"We could not find a matching order for that email.","We konden geen bijbehorende bestelling vinden bij dat e-mailadres."
"Withdraw from a contract","Een overeenkomst herroepen"
"Withdrawal not found.","Herroeping niet gevonden."
"This withdrawal can no longer be cancelled online. Contact us if you need help.","Deze herroeping kan niet langer online worden geannuleerd. Neem contact met ons op als u hulp nodig heeft."
"Withdrawal #%1 cancelled.","Herroeping #%1 geannuleerd."
"Please fill in all required fields.","Vul alle verplichte velden in."
"%1 item(s) were excluded from the withdrawal because the seal is broken (Art. 16(e)/(i) Directive 2011/83/EU).","%1 artikel(en) zijn van de herroeping uitgesloten omdat de verzegeling is verbroken (Art. 16(e)/(i) Richtlijn 2011/83/EU)."
"Please select at least one item to withdraw.","Selecteer minstens één artikel om te herroepen."
"One or more items are no longer available for withdrawal. Please refresh and try again.","Een of meer artikelen zijn niet meer beschikbaar voor herroeping. Vernieuw de pagina en probeer het opnieuw."
"None of the selected items are eligible for withdrawal.","Geen van de geselecteerde artikelen komt in aanmerking voor herroeping."
"Hash mismatch for quote item %1","Hashverschil voor offerte-artikel %1"
"Requested qty %1 exceeds remaining %2 for order item %3","Aangevraagd aantal %1 overschrijdt het resterende aantal %2 voor besteldeel %3"
"No delivery confirmation recorded for this order yet.","Nog geen leveringsbevestiging geregistreerd voor deze bestelling."
"No eligible items selected for withdrawal","Geen in aanmerking komende artikelen geselecteerd voor herroeping"
"Physical goods","Fysieke goederen"
"Digital content (non-tangible)","Digitale inhoud (niet-tastbaar)"
"Digital service (SaaS / subscription)","Digitale dienst (SaaS / abonnement)"
"Financial services (not supported)","Financiële diensten (niet ondersteund)"
"Downloadable products","Downloadbare producten"
"Virtual products","Virtuele producten"
"Bundles containing digital children","Bundels met digitale onderdelen"
"Custom attribute flag","Aangepaste attribuutvlag"
"locale_inheritance.xml missing at %1","locale_inheritance.xml ontbreekt op %1"
"locale_inheritance.xml unreadable at %1","locale_inheritance.xml onleesbaar op %1"
"locale_inheritance.xml failed XSD validation: %1","locale_inheritance.xml heeft de XSD-validatie niet doorstaan: %1"
"Original payment method","Oorspronkelijke betaalmethode"
"This is your durable-medium receipt for the withdrawal (Art. 11a(4) Directive 2011/83/EU).","Dit is uw bewijs van herroeping op een duurzame gegevensdrager (Art. 11a(4) Richtlijn 2011/83/EU)."
"This email is a notification about your withdrawal request.","Deze e-mail is een melding over uw herroepingsverzoek."
"5–7 business days","5–7 werkdagen"
"This is a confirmation that your withdrawal request has been recorded.","Dit is een bevestiging dat uw herroepingsverzoek is geregistreerd."
"MageMe EU Withdrawal is installed but not enabled. Review the compliance checklist and configure the module before enabling: <a href=""%1"">Stores → Configuration → MageMe Extensions → EU Withdrawal</a>.","MageMe EU Withdrawal is geïnstalleerd maar niet ingeschakeld. Bekijk de compliancechecklist en configureer de module voordat u deze inschakelt: <a href=""%1"">Winkels → Configuratie → MageMe-extensies → EU-herroeping</a>."
"Delivery confirmation status is not configured. Set Stores → Configuration → MageMe Extensions → EU Withdrawal → Withdrawal Period → Delivery Confirmation Statuses.","De status voor leveringsbevestiging is niet geconfigureerd. Stel deze in via Winkels → Configuratie → MageMe-extensies → EU-herroeping → Herroepingstermijn → Statussen voor leveringsbevestiging."
"No Annex I source found for locale %1 along chain %2","Geen Bijlage I-bron gevonden voor taal %1 in keten %2"
"Annex I source for locale %1 is malformed","Bijlage I-bron voor taal %1 is onjuist opgemaakt"
"Missing merchant variables for Annex I rendering: %1","Ontbrekende verkopersvariabelen voor weergave van Bijlage I: %1"
"Receipt hash mismatch for request %1","Hashverschil van bewijs voor verzoek %1"
"Request %1 not found.","Verzoek %1 niet gevonden."
"Denying a withdrawal request requires a legal basis of at least 10 characters.","Voor het weigeren van een herroepingsverzoek is een juridische grondslag van ten minste 10 tekens vereist."
"Withdrawal request cannot transition from ""%1"" to ""%2"".","Herroepingsverzoek kan niet overgaan van ""%1"" naar ""%2""."
"Request %1 is not in pending_confirm state.","Verzoek %1 bevindt zich niet in de status pending_confirm."
"Withdrawal request #%1 does not exist.","Herroepingsverzoek #%1 bestaat niet."
"No digital items on order %1","Geen digitale artikelen op bestelling %1"
"This is your durable-medium copy of the waiver you signed at checkout (Art. 11a(4) Directive 2011/83/EU).","Dit is uw kopie op een duurzame gegevensdrager van de afstandsverklaring die u bij het afrekenen heeft ondertekend (Art. 11a(4) Richtlijn 2011/83/EU)."
"Waived","Afgezien"
"Waiver email render failed: %1","Weergave van afstandsverklaringsmail mislukt: %1"
"Digital content waiver text has changed — please reload checkout.","De tekst van de afstandsverklaring voor digitale inhoud is gewijzigd — laad het afrekenproces opnieuw."
"Digital content waiver is incomplete for item %1.","Afstandsverklaring voor digitale inhoud is onvolledig voor artikel %1."
"bad","slecht"
"smtp down","smtp down"
"smtp","smtp"
"down","uitgevallen"
"No shipment found for order 42.","Geen zending gevonden voor bestelling 42."
"View","Bekijken"
"Withdrawal & Customer Information","Herroepings- en klantgegevens"
"Request # %1","Verzoek # %1"
"Request Status","Status van het verzoek"
"Submitted At","Ingediend op"
"Related Order","Gerelateerde bestelling"
"Jurisdiction","Jurisdictie"
"Contract Type","Contracttype"
"Receipt Status","Status bewijs"
"%1 attempt(s)","%1 poging(en)"
"Receipt Error","Fout bij bewijs"
"Customer Information","Klantgegevens"
"Customer Name","Klantnaam"
"Email","E-mail"
"Locale","Taal"
"Items Selected for Withdrawal","Voor herroeping geselecteerde artikelen"
"Product","Product"
"Price","Prijs"
"Qty","Aantal"
"Subtotal","Subtotaal"
"Refund","Terugbetaling"
"Reason","Reden"
"Eligibility","Recht op herroeping"
"No items associated with this request.","Geen artikelen gekoppeld aan dit verzoek."
"SKU","SKU"
"Ordered","Besteld"
"Withdrawing","Wordt herroepen"
"Refund Total","Totaal te restitueren"
"Notes for this Request","Notities bij dit verzoek"
"Internal notes — visible to admin staff only. Not sent to the customer.","Interne notities — alleen zichtbaar voor beheerders. Worden niet naar de klant verzonden."
"Comment","Opmerking"
"Add internal note (max 2000 chars)","Interne notitie toevoegen (max. 2000 tekens)"
"Submit Comment","Opmerking indienen"
"No comments added yet.","Nog geen opmerkingen toegevoegd."
" by %1"," door %1"
"Refund Totals","Totalen terugbetaling"
"Items Subtotal","Subtotaal artikelen"
"Shipping Refund","Terugbetaling verzending"
"Total Refund","Totale terugbetaling"
"Changes have been made to this section that have not been saved.","Er zijn wijzigingen aangebracht in dit gedeelte die nog niet zijn opgeslagen."
"This tab contains invalid data. Please resolve this before saving.","Dit tabblad bevat ongeldige gegevens. Los dit op voordat u opslaat."
"Contact us","Contact"
"Returns","Retouren"
"FAQs","Veelgestelde vragen"
"All rights reserved.","Alle rechten voorbehouden."
"Returned items","Geretourneerde artikelen"
"No image","Geen afbeelding"
"Item status","Artikelstatus"
"Withdrawal options for this order","Herroepingsopties voor deze bestelling"
"You can return this order until %1.","U kunt deze bestelling retourneren tot %1."
"(Art. 11a Directive 2011/83/EU)","(Art. 11a Richtlijn 2011/83/EU)"
"Submit a withdrawal request to start the refund process.","Dien een herroepingsverzoek in om het terugbetalingsproces te starten."
"(Art. 9(2)(b) Directive 2011/83/EU)","(Art. 9(2)(b) Richtlijn 2011/83/EU)"
"Start withdrawal","Herroeping starten"
"Your withdrawal requests","Uw herroepingsverzoeken"
"Submitted %1","Ingediend %1"
"Show items","Artikelen tonen"
"Cancel withdrawal","Herroeping annuleren"
"Qty %1","Aantal %1"
"Receipt details","Details van het bewijs"
"Receipt number","Bewijsnummer"
"Order number","Bestelnummer"
"Consumer","Consument"
"Refund total","Totale terugbetaling"
"Merchant","Verkoper"
"Legal basis","Juridische grondslag"
"SKU %1","SKU %1"
"Shipping refund","Terugbetaling verzending"
"Tax refund","Belastingteruggave"
"Total refund","Totale terugbetaling"
"Digital content — Art. 16(m) notice","Digitale inhoud — kennisgeving Art. 16(m)"
"By placing the order you agreed to begin performance of the digital content before the end of the withdrawal period and acknowledged that, once performance has begun, the right of withdrawal no longer applies. This notice is shown for your records.","Door de bestelling te plaatsen heeft u ingestemd met de aanvang van de uitvoering van de digitale inhoud vóór het verstrijken van de herroepingstermijn en heeft u erkend dat het herroepingsrecht vervalt zodra de uitvoering is begonnen. Deze kennisgeving wordt voor uw administratie getoond."
"Existing withdrawals for this order","Bestaande herroepingen voor deze bestelling"
"You can cancel a withdrawal here until it is approved.","U kunt een herroeping hier annuleren tot deze is goedgekeurd."
"Request #%1","Verzoek #%1"
"SKU: %1","SKU: %1"
"Estimated refund: %1 %2","Geschatte terugbetaling: %1 %2"
"Cancel this withdrawal","Deze herroeping annuleren"
"Are you sure? This cannot be undone.","Weet u het zeker? Dit kan niet ongedaan worden gemaakt."
"Yes, cancel","Ja, annuleren"
"Keep it","Behouden"
"Select items to return","Selecteer artikelen om te retourneren"
"Choose all items or only some of them. Set the return quantity for each item you want to withdraw.","Kies alle artikelen of slechts enkele. Stel de retourhoeveelheid in voor elk artikel dat u wilt herroepen."
"You have %1 days from the day you received your order to withdraw from the contract without giving a reason.","U heeft %1 dagen vanaf de dag van ontvangst van uw bestelling om de overeenkomst te herroepen zonder opgave van redenen."
"Back to order search","Terug naar bestelling zoeken"
"Cancel","Annuleren"
"Continue to review","Doorgaan naar controle"
"Review and confirm","Controleren en bevestigen"
"Order #%1","Bestelling #%1"
"Placed on %1","Geplaatst op %1"
"Awaiting delivery","In afwachting van levering"
"Delivered on %1","Geleverd op %1"
"Total","Totaal"
"Return shipping","Retourverzending"
"View return policy","Bekijk retourbeleid"
"Refund method","Terugbetalingsmethode"
"Refund will be issued to your original payment method.","De terugbetaling wordt verwerkt via uw oorspronkelijke betaalmethode."
"Return summary","Retouroverzicht"
"Shipping & Handling","Verzending en verwerking"
"Tax","Belasting"
"Back to items","Terug naar artikelen"
"Submit return request","Retourverzoek indienen"
"Your return request has been submitted!","Uw retourverzoek is ingediend!"
"We've emailed you a notification with your return details and a prepaid return label (if applicable). You have 14 days from the delivery date to send your items back.","We hebben u een melding gemaild met uw retourgegevens en een vooruitbetaald retouretiket (indien van toepassing). U heeft 14 dagen vanaf de leverdatum om uw artikelen terug te sturen."
"Return request number","Retourverzoeknummer"
"Copy request number","Verzoeknummer kopiëren"
"Copied!","Gekopieerd!"
"Confirmation email sent","Bevestigingsmail verzonden"
"We've sent the details to","We hebben de details verzonden naar"
"What happens next?","Wat gebeurt er nu?"
"Pack your items securely","Verpak uw artikelen zorgvuldig"
"Send them back using the provided instructions","Stuur ze terug volgens de bijgevoegde instructies"
"We'll inspect your return","Wij inspecteren uw retour"
"Your refund will be issued to your original payment method","Uw terugbetaling wordt verwerkt via uw oorspronkelijke betaalmethode"
"Need more help?","Meer hulp nodig?"
"View my returns","Mijn retouren bekijken"
"Contact support","Contact opnemen met support"
"Purchased","Gekocht"
"Returned","Geretourneerd"
"Decrease quantity","Aantal verlagen"
"Increase quantity","Aantal verhogen"
"Is the hygiene seal still intact?","Is de hygiëneverzegeling nog intact?"
"Is the original software / media seal still intact?","Is de originele software-/mediaverzegeling nog intact?"
"Yes — it's still sealed","Ja — de verzegeling is nog intact"
"Refund possible — return the unopened package.","Terugbetaling mogelijk — stuur het ongeopende pakket terug."
"No — I've opened it","Nee — ik heb het geopend"
"This item cannot be returned (Art. 16(e) Directive 2011/83/EU).","Dit artikel kan niet worden geretourneerd (Art. 16(e) Richtlijn 2011/83/EU)."
"This item cannot be returned (Art. 16(i) Directive 2011/83/EU).","Dit artikel kan niet worden geretourneerd (Art. 16(i) Richtlijn 2011/83/EU)."
"Once you confirm the seal is broken, this item is excluded from the withdrawal request and the quantity will be reset to zero.","Zodra u bevestigt dat de verzegeling is verbroken, wordt dit artikel uitgesloten van het herroepingsverzoek en wordt het aantal op nul gezet."
"Reason for return (optional)","Reden voor retour (optioneel)"
"Tell us more (optional, max 500 chars)","Vertel ons meer (optioneel, max. 500 tekens)"
"Already returned.","Al geretourneerd."
"awaiting admin review","in afwachting van beoordeling"
"awaiting confirmation","in afwachting van bevestiging"
"Request %1 %2 (%3 item%4).","Verzoek %1 %2 (%3 artikel%4)."
"Return request awaiting review.","Retourverzoek in afwachting van beoordeling."
"Cancel request","Verzoek annuleren"
"Under EU consumer law, you may withdraw from most contracts within 14 days without giving a reason.","Volgens het EU-consumentenrecht kunt u de meeste overeenkomsten binnen 14 dagen herroepen zonder opgave van redenen."
"Read your full pre-contract rights (Art. 6)","Lees uw volledige precontractuele rechten (Art. 6)"
"Under Art. 6 of Directive 2011/83/EU (as amended by Directive (EU) 2023/2673), before you placed this order the seller informed you — or made available — the following information:","Op grond van Art. 6 van Richtlijn 2011/83/EU (zoals gewijzigd bij Richtlijn (EU) 2023/2673) heeft de verkoper u, voordat u deze bestelling plaatste, de volgende informatie verstrekt — of beschikbaar gesteld:"
"The main characteristics of the goods or services.","De voornaamste kenmerken van de goederen of diensten."
"The identity and contact details of the trader.","De identiteit en contactgegevens van de handelaar."
"The total price including all taxes and any delivery costs.","De totale prijs inclusief alle belastingen en eventuele bezorgkosten."
"The arrangements for payment, delivery and performance, and complaint-handling.","De regelingen voor betaling, levering en uitvoering, alsmede de klachtenafhandeling."
"Your right of withdrawal: under Art. 9 you have 14 days to withdraw from this distance contract without giving a reason. For physical goods, the 14-day period starts on the day you (or a third party nominated by you) take physical possession of the goods. For services and digital content, different starting dates apply (Art. 9(2)(a)/(c)).","Uw herroepingsrecht: op grond van Art. 9 heeft u 14 dagen om deze overeenkomst op afstand te herroepen zonder opgave van redenen. Voor fysieke goederen begint de termijn van 14 dagen op de dag waarop u (of een door u aangewezen derde) de goederen fysiek in bezit krijgt. Voor diensten en digitale inhoud gelden andere aanvangsdata (Art. 9(2)(a)/(c))."
"Exceptions: the right does not apply to certain goods and services listed in Art. 16 (e.g., custom-made goods, sealed hygiene items once unsealed, digital content whose performance has begun with your prior express consent and acknowledgement that you lose the withdrawal right).","Uitzonderingen: het recht geldt niet voor bepaalde goederen en diensten genoemd in Art. 16 (bijv. op maat gemaakte goederen, verzegelde hygiëneartikelen waarvan de verzegeling is verbroken, digitale inhoud waarvan de uitvoering is begonnen met uw voorafgaande uitdrukkelijke toestemming en uw erkenning dat u daardoor het herroepingsrecht verliest)."
"The legal guarantee of conformity for goods applies under Art. 5 of Directive 2019/771, in addition to the right of withdrawal.","De wettelijke conformiteitsgarantie voor goederen geldt op grond van Art. 5 van Richtlijn 2019/771, naast het herroepingsrecht."
"Delivery: %1","Levering: %1"
"Total paid","Totaal betaald"
"Pick an order to withdraw from","Kies een bestelling om te herroepen"
"Select a recent order to start your withdrawal.","Selecteer een recente bestelling om uw herroeping te starten."
"Select","Selecteren"
"Withdrawal progress","Voortgang herroeping"
"title","titel"
"subtitle","ondertitel"
"Items to return","Te retourneren artikelen"
"0 items","0 artikelen"
"Refund summary","Samenvatting terugbetaling"
"No items in this order are currently eligible for withdrawal.","Geen enkel artikel in deze bestelling komt momenteel in aanmerking voor herroeping."
"Each line is either already being processed, pending confirmation, or has been fully withdrawn. Check the existing requests section above for status or to cancel.","Elke regel wordt al verwerkt, wacht op bevestiging of is volledig herroepen. Controleer het gedeelte met bestaande verzoeken hierboven voor de status of om te annuleren."
"No items selected yet. Use the + button next to an item to add it to your return.","Nog geen artikelen geselecteerd. Gebruik de + knop naast een artikel om het aan uw retour toe te voegen."
"Find your order","Vind uw bestelling"
"Enter the details you used during checkout to start a return or withdrawal.","Voer de gegevens in die u tijdens het afrekenen heeft gebruikt om een retour of herroeping te starten."
"We could not find an order matching that email. Double-check your order number and email address.","We konden geen bestelling vinden die overeenkomt met dat e-mailadres. Controleer uw bestelnummer en e-mailadres."
"e.g. 12345","bv. 12345"
"You can find this in your order confirmation email.","U kunt dit vinden in uw bestelbevestigingse-mail."
"Email address","E-mailadres"
"you@example.com","you@example.com"
"Must match the email used for the order.","Moet overeenkomen met het e-mailadres dat voor de bestelling is gebruikt."
"Find my order","Mijn bestelling vinden"
"You have the right to withdraw from your purchase within %1 days of receiving your order, without giving any reason.","U heeft het recht om binnen %1 dagen na ontvangst van uw bestelling uw aankoop te herroepen, zonder opgave van redenen."
"Need help finding your order?","Hulp nodig bij het vinden van uw bestelling?"
"Select an order","Bestelling selecteren"
"Choose an order from your history to start a return or withdrawal.","Kies een bestelling uit uw geschiedenis om een retour of herroeping te starten."
"You don't have any orders eligible for withdrawal. The %1-day withdrawal window runs from the day you received your order.","U heeft geen bestellingen die voor herroeping in aanmerking komen. De herroepingstermijn van %1 dagen gaat in op de dag dat u uw bestelling heeft ontvangen."
"View all my orders","Al mijn bestellingen bekijken"
"items","artikelen"
"Select order","Bestelling kiezen"
"No recent withdrawal","Geen recente herroeping"
"We could not find a recent withdrawal in this session. If you have just submitted one, please check your inbox for the confirmation email.","We konden geen recente herroeping in deze sessie vinden. Als u er zojuist een heeft ingediend, controleer dan uw inbox op de bevestigingsmail."
"Start a new withdrawal","Nieuwe herroeping starten"
"Withdrawal #%1 submitted","Herroeping #%1 ingediend"
"Related order:","Gerelateerde bestelling:"
"Items","Artikelen"
"Items included in this withdrawal","Artikelen inbegrepen in deze herroeping"
"Line Total","Regeltotaal"
"What happens next","Hoe nu verder"
"You will receive a receipt email with the full withdrawal statement and integrity hash within a few minutes.","Binnen enkele minuten ontvangt u een bewijsmail met de volledige herroepingsverklaring en de integriteitshash."
"The %1-day window under Art. 9 CRD is locked to the moment you confirmed the withdrawal — nothing further is required from you to preserve the right.","De termijn van %1 dagen op grond van Art. 9 Richtlijn consumentenrechten is vastgelegd op het moment waarop u de herroeping heeft bevestigd — er is verder niets meer van u vereist om het recht te behouden."
"The final refund is determined after we receive the returned items (Art. 14(2)) and is issued to the original payment method. Expect the funds within 14 days of receipt.","De definitieve terugbetaling wordt vastgesteld nadat wij de geretourneerde artikelen hebben ontvangen (Art. 14(2)) en wordt verwerkt via de oorspronkelijke betaalmethode. Verwacht het bedrag binnen 14 dagen na ontvangst."
"Back to Withdrawals","Terug naar herroepingen"
"Verzichtsbestätigung digitaler Inhalte — Bestellung %increment_id","Bevestiging afstand digitale inhoud — Bestelling %increment_id"
"Sehr geehrte/r %name,","Beste %name,"
"Dies ist die Bestätigung auf einem dauerhaften Datenträger Ihrer ausdrücklichen Einwilligung zum Beginn der Ausführung folgender digitaler Inhalte sowie Ihrer Bestätigung, dass Sie dadurch Ihr Widerrufsrecht verlieren (Art. 16(m) VRL).","Dit is de bevestiging op een duurzame gegevensdrager van uw uitdrukkelijke toestemming om te beginnen met de uitvoering van de volgende digitale inhoud, en uw erkenning dat u daardoor uw herroepingsrecht verliest (Art. 16(m) Richtlijn consumentenrechten)."
"Durch den Verzicht abgedeckte digitale Inhalte","Onder deze afstand vallende digitale inhoud"
"Ihre ausdrückliche Einwilligung","Uw uitdrukkelijke toestemming"
"Eingewilligt am:","Toestemming verleend op:"
"Ihre Bestätigung zum Verlust des Widerrufsrechts","Uw erkenning van verlies van het herroepingsrecht"
"Bestätigt am:","Bevestigd op:"
"Verzichtsreferenz:","Afstandreferentie:"
"Rechtsgrundlage: Art. 16(m) Verbraucherrechterichtlinie 2011/83/EU.","Rechtsgrondslag: Art. 16(m) Richtlijn 2011/83/EU consumentenrechten."
"Digital content waiver confirmation — Order %1","Bevestiging afstandsverklaring digitale inhoud — Bestelling %1"
"Dear %name,","Beste %name,"
"This is the durable-medium confirmation of your express consent to begin performance of the following digital items, and your acknowledgment that by doing so you lose your right of withdrawal (Art. 16(m) CRD).","Dit is de bevestiging op een duurzame gegevensdrager van uw uitdrukkelijke toestemming om te beginnen met de uitvoering van de volgende digitale items, en uw erkenning dat u daardoor uw herroepingsrecht verliest (Art. 16(m) Richtlijn consumentenrechten)."
"Digital items covered by this waiver","Digitale items waarop deze afstandsverklaring betrekking heeft"
"Your express consent","Je uitdrukkelijke toestemming"
"Consented at:","Toestemming verleend op:"
"Your acknowledgment of loss of withdrawal right","Je erkenning van het verlies van het herroepingsrecht"
"Acknowledged at:","Erkend op:"
"Waiver reference:","Referentie afstandsverklaring:"
"Legal basis: Art. 16(m) Consumer Rights Directive 2011/83/EU.","Juridische grondslag: Art. 16(m) Richtlijn 2011/83/EU consumentenrechten."
"Digitaalisen sisällön luopumisvahvistus — Tilaus %increment_id","Bevestiging afstand digitale inhoud — Bestelling %increment_id"
"Hyvä %name,","Beste %name,"
"Tämä on pysyvällä tietovälineellä annettu vahvistus nimenomaisesta suostumuksestasi aloittaa seuraavien digitaalisten sisältöjen toimitus sekä vahvistuksestasi, että menetät peruuttamisoikeutesi (KSL 6:16).","Dit is de bevestiging op een duurzame gegevensdrager van uw uitdrukkelijke toestemming om te beginnen met de levering van de volgende digitale inhoud, en uw bevestiging dat u daardoor uw herroepingsrecht verliest (KSL 6:16)."
"Luopumisen kattamat digitaaliset sisällöt","Onder deze afstand vallende digitale inhoud"
"Nimenomainen suostumuksesi","Uw uitdrukkelijke toestemming"
"Suostuttu:","Toestemming verleend op:"
"Vahvistuksesi peruuttamisoikeuden menettämisestä","Uw bevestiging van verlies van het herroepingsrecht"
"Vahvistettu:","Bevestigd op:"
"Luopumisen viite:","Afstandreferentie:"
"Oikeusperusta: KSL 6:16 / Art. 16(m) kuluttajanoikeusdirektiivi 2011/83/EU.","Rechtsgrondslag: KSL 6:16 / Art. 16(m) Richtlijn 2011/83/EU consumentenrechten."
"Confirmation de renonciation au contenu numérique — Commande %increment_id","Bevestiging afstand digitale inhoud — Bestelling %increment_id"
"Cher/Chère %name,","Beste %name,"
"Ceci est la confirmation sur un support durable de votre consentement exprès à commencer l'exécution des contenus numériques suivants, et de votre reconnaissance que vous perdez ainsi votre droit de rétractation (Art. L. 221-28 Code consommation).","Dit is de bevestiging op een duurzame gegevensdrager van uw uitdrukkelijke toestemming om te beginnen met de uitvoering van de volgende digitale inhoud, en uw erkenning dat u daardoor uw herroepingsrecht verliest (Art. L. 221-28 Code de la consommation)."
"Contenus numériques couverts par la présente renonciation","Onder deze afstand vallende digitale inhoud"
"Votre consentement exprès","Uw uitdrukkelijke toestemming"
"Consenti le :","Toestemming verleend op:"
"Votre reconnaissance de la perte du droit de rétractation","Uw erkenning van verlies van het herroepingsrecht"
"Reconnu le :","Erkend op:"
"Référence de renonciation :","Afstandreferentie:"
"Base légale : Art. L. 221-28 Code consommation / Art. 16(m) Directive 2011/83/UE.","Rechtsgrondslag: Art. L. 221-28 Code de la consommation / Art. 16(m) Richtlijn 2011/83/EU."
"Bevestiging afstand digitale inhoud — Bestelling %increment_id","Bevestiging afstand digitale inhoud — Bestelling %increment_id"
"Beste %name,","Beste %name,"
"Dit is de bevestiging op een duurzame gegevensdrager van uw uitdrukkelijke toestemming om te beginnen met de levering van de volgende digitale inhoud, en uw erkenning dat u daardoor uw herroepingsrecht verliest (Art. 6:230s BW).","Dit is de bevestiging op een duurzame gegevensdrager van uw uitdrukkelijke toestemming om te beginnen met de levering van de volgende digitale inhoud, en uw erkenning dat u daardoor uw herroepingsrecht verliest (Art. 6:230s BW)."
"Onder deze afstand vallende digitale items","Onder deze afstand vallende digitale items"
"Uw uitdrukkelijke toestemming","Uw uitdrukkelijke toestemming"
"Toestemming verleend op:","Toestemming verleend op:"
"Uw erkenning van verlies van herroepingsrecht","Uw erkenning van verlies van herroepingsrecht"
"Erkend op:","Erkend op:"
"Afstandreferentie:","Afstandreferentie:"
"Rechtsgrondslag: Art. 6:230s BW / Art. 16(m) Richtlijn 2011/83/EU.","Rechtsgrondslag: Art. 6:230s BW / Art. 16(m) Richtlijn 2011/83/EU."
"[EU Withdrawal] Receipt send failed — request #%request_id","[EU-herroeping] Verzenden bewijs mislukt — verzoek #%request_id"
"The receipt email for withdrawal request #%request_id has failed to send permanently.","De bewijsmail voor herroepingsverzoek #%request_id is definitief niet verzonden."
"Inspect the <code>mm_eu_withdrawal_request.receipt_last_error</code> column for the last error message, and the <code>mm_eu_withdrawal_request.receipt_send_attempts</code> column for the retry count.","Raadpleeg de kolom <code>mm_eu_withdrawal_request.receipt_last_error</code> voor het laatste foutbericht en de kolom <code>mm_eu_withdrawal_request.receipt_send_attempts</code> voor het aantal pogingen."
"You can requeue the send from the admin grid after resolving the underlying issue.","U kunt de verzending vanuit het beheerderoverzicht opnieuw in de wachtrij plaatsen nadat het onderliggende probleem is opgelost."
"Your refund is on its way — Withdrawal #%1","Je terugbetaling is onderweg — Herroeping #%1"
"Your refund is on its way","Uw terugbetaling is onderweg"
"Hi %name, we've approved your withdrawal request and started the refund process.","Hallo %name, we hebben je herroeping goedgekeurd en de terugbetaling in gang gezet."
"View refund details","Details terugbetaling bekijken"
"Withdrawal number","Herroepingsnummer"
"Approved on","Goedgekeurd op"
"Estimated arrival","Geschatte aankomst"
"Status","Status"
"Your refund will be issued to your original payment method within 5–7 business days. You'll see it on your card or bank statement once it lands.","Je terugbetaling wordt binnen 5–7 werkdagen overgemaakt naar je oorspronkelijke betaalmethode. Zodra het bedrag binnen is, zie je het op je kaart- of bankafschrift."
"Need help?","Hulp nodig?"
"Reply to this email or contact us at","Beantwoord deze e-mail of neem contact op via"
"Your withdrawal was cancelled — Withdrawal #%1","Je herroeping is geannuleerd — Herroeping #%1"
"Your withdrawal was cancelled","Uw herroeping is geannuleerd"
"Hi %name, we've cancelled your withdrawal request.","Hallo %name, we hebben je herroepingsverzoek geannuleerd."
"Submit a new request","Nieuw verzoek indienen"
"Cancelled request","Geannuleerd verzoek"
"Cancelled on","Geannuleerd op"
"Refund requested","Terugbetaling aangevraagd"
"If this was unexpected, you can submit a new withdrawal request as long as your %period_days-day window is still open. Reach out if you need help — we're happy to clarify.","Als dit onverwacht was, kun je een nieuw herroepingsverzoek indienen zolang je %period_days-dagentermijn nog loopt. Neem contact op als je hulp nodig hebt — we geven graag uitleg."
"Cancellation confirmed — Withdrawal #%1","Annulering bevestigd — Herroeping #%1"
"Cancellation confirmed","Annulering bevestigd"
"Hi %name, your withdrawal request has been cancelled as you asked.","Hallo %name, je herroepingsverzoek is op jouw verzoek geannuleerd."
"Back to my orders","Terug naar mijn bestellingen"
"Cancelled by","Geannuleerd door"
"You","U"
"Your order remains active and there's no further action needed. If you change your mind, you can start a new withdrawal request any time within your %period_days-day window.","Je bestelling blijft actief en je hoeft verder niets te doen. Bedenk je je, dan kun je binnen je %period_days-dagentermijn op elk moment een nieuw herroepingsverzoek starten."
"Update on your withdrawal request — Withdrawal #%1","Update over je herroepingsverzoek — Herroeping #%1"
"We can't process this withdrawal","We kunnen deze herroeping niet verwerken"
"Hi %name, after reviewing your withdrawal request we're unable to approve it.","Hallo %name, na beoordeling van je herroepingsverzoek kunnen we het niet goedkeuren."
"Request details","Details van het verzoek"
"Reviewed on","Beoordeeld op"
"Decision","Beslissing"
"Reason from our team","Reden van ons team"
"If you'd like to discuss this decision, our team is here to help. Reply to this email or use the button above.","Wil je deze beslissing bespreken, dan staat ons team klaar om te helpen. Beantwoord deze e-mail of gebruik de knop hierboven."
"Your withdrawal request has been submitted — Order #%1","Je herroepingsverzoek is ingediend — Bestelling #%1"
"Your return request has been submitted","Je retouraanvraag is ingediend"
"Hi %name, we've received your return request and are currently reviewing it. You'll hear back when we've inspected your return and processed your refund.","Hallo %name, we hebben je retouraanvraag ontvangen en beoordelen deze nu. Je hoort van ons zodra we je retour hebben gecontroleerd en je terugbetaling hebben verwerkt."
"Return number","Retournummer"
"Requested on","Aangevraagd op"
"We'll inspect your return and notify you once approved. Refunds are issued to your original payment method within 5–7 business days after approval.","We controleren je retour en laten het je weten zodra deze is goedgekeurd. Terugbetalingen worden binnen 5–7 werkdagen na goedkeuring overgemaakt naar je oorspronkelijke betaalmethode."
"If you have any questions, our customer service team is here to help.","Als je vragen hebt, staat onze klantenservice voor je klaar."
"Visit our help center","Bezoek ons hulpcentrum"
"If you did not initiate this request, contact us immediately at","Heb je dit verzoek niet zelf ingediend, neem dan direct contact met ons op via"
"Withdrawal receipt — Order #%1","Bewijs van herroeping — Bestelling #%1"
"Withdrawal receipt","Herroepingsbewijs"
"Hi %name, this email is your durable-medium proof of withdrawal under Art. 11a Directive 2011/83/EU. Keep it for your records.","Hallo %name, deze e-mail is je bewijs van herroeping op een duurzame drager conform Art. 11a Richtlijn 2011/83/EU. Bewaar deze voor je administratie."
"Submitted on","Ingediend op"
"Your %store_name order confirmation","Uw bestelbevestiging van %store_name"
"%customer_name,","%customer_name,"
"Thank you for your order from %store_name.","Bedankt voor uw bestelling bij %store_name."
"Once your package ships we will send you a tracking number.","Zodra uw pakket verzonden is, sturen wij u een trackingnummer."
"You can check the status of your order by <a href=""%account_url"">logging into your account</a>.","U kunt de status van uw bestelling controleren door <a href=""%account_url"">in te loggen op uw account</a>."
"If you have questions about your order, you can email us at <a href=""mailto:%store_email"">%store_email</a>","Als u vragen heeft over uw bestelling, kunt u ons een e-mail sturen naar <a href=""mailto:%store_email"">%store_email</a>"
"or call us at <a href=""tel:%store_phone"">%store_phone</a>","of bel ons op <a href=""tel:%store_phone"">%store_phone</a>"
"Our hours are <span class=""no-link"">%store_hours</span>.","Onze openingstijden zijn <span class=""no-link"">%store_hours</span>."
"Your Order <span class=""no-link"">#%increment_id</span>","Uw bestelling <span class=""no-link"">#%increment_id</span>"
"Placed on <span class=""no-link"">%created_at</span>","Geplaatst op <span class=""no-link"">%created_at</span>"
"Billing Info","Factuurgegevens"
"Shipping Info","Verzendgegevens"
"Payment Method","Betaalmethode"
"Shipping Method","Verzendmethode"
"%name,","%name,"
"Once your package ships we will send an email with a link to track your order.","Zodra uw pakket verzonden is, sturen wij u een e-mail met een link om uw bestelling te volgen."
"Your %store_name order has shipped","Uw bestelling bij %store_name is verzonden"
"Your shipping confirmation is below. Thank you again for your business.","Hieronder vindt u uw verzendbevestiging. Nogmaals bedankt voor uw bestelling."
"Your Shipment #%shipment_id for Order #%order_id","Uw zending #%shipment_id voor bestelling #%order_id"
"Your digital content waiver is on file","Je afstandsverklaring voor digitale inhoud is geregistreerd"
"Hi %name, you've consented to immediate digital delivery of the items below — this is your durable-medium copy of that consent (Art. 11a(4) CRD).","Hallo %name, je hebt ingestemd met onmiddellijke digitale levering van de onderstaande items — dit is je kopie van die toestemming op een duurzame drager (Art. 11a(4) CRD)."
"View order","Bestelling bekijken"
"Consented at","Toestemming verleend op"
"Acknowledged at","Erkend op"
"Keep this email as your durable-medium record. The merchant has stored the SHA-256 hash of the legal text you accepted:","Bewaar deze e-mail als je dossier op een duurzame drager. De verkoper heeft de SHA-256-hash opgeslagen van de juridische tekst die je hebt aanvaard:"
"Digital content waiver","Afstandsverklaring voor digitale inhoud"
"We need your explicit consent before you can buy this digital item — please read both points carefully.","We hebben uw uitdrukkelijke toestemming nodig voordat u dit digitale artikel kunt kopen — lees beide punten zorgvuldig."
"We log this consent with your IP and timestamp for our audit record.","We registreren deze toestemming met uw IP-adres en tijdstempel voor onze auditregistratie."
"Continue","Doorgaan"
"Waiver could not be saved. Please retry.","Afstandsverklaring kon niet worden opgeslagen. Probeer het opnieuw."
"Enable for EU Withdrawal Lookup Form","Inschakelen voor zoekformulier EU-herroeping"
"MageMe Extensions","MageMe-extensies"
"EU Withdrawal","EU-herroeping"
"General","Algemeen"
"Enable Module","Module inschakelen"
"Activates frontend and cron jobs. Default: disabled. Complete the manual setup checklist before enabling.","Activeert de frontend en de cron-taken. Standaard: uitgeschakeld. Doorloop de handmatige installatiechecklist voordat u inschakelt."
"Request Number Prefix","Voorvoegsel aanvraagnummer"
"Optional prefix prepended to the withdrawal request increment ID in customer-facing UI (e.g. ""RR-"" renders as ""RR-000000022""). Leave blank to show the plain padded number.","Optioneel voorvoegsel dat in de klantgerichte interface vóór het verhogingsnummer van het herroepingsverzoek wordt geplaatst (bijv. ""RR-"" wordt weergegeven als ""RR-000000022""). Laat leeg om alleen het opgevulde nummer te tonen."
"Default Contract Type","Standaard contracttype"
"Frontend Route","Frontend-route"
"URL prefix used by the customer-facing withdrawal flow (e.g. <code>withdraw-contract</code> renders as <code>/withdraw-contract/...</code>). Lowercase letters, digits, dashes and underscores only.","URL-voorvoegsel dat door de klantgerichte herroepingsflow wordt gebruikt (bijv. <code>withdraw-contract</code> wordt weergegeven als <code>/withdraw-contract/...</code>)."
"Withdrawal Period","Herroepingstermijn"
"Delivery Confirmation Statuses","Statussen voor leveringsbevestiging"
"Pick one or more order statuses whose <em>transition</em> means the customer received the goods in your fulfillment workflow. The 14-day withdrawal window starts on the timestamp of the order's <em>earliest</em> transition into <em>any</em> of the selected statuses (Art. 9(2)(b) Directive 2011/83/EU). Multi-select supports merchants who use several ""delivered""-type statuses (e.g. <code>delivered</code> + <code>complete</code> + <code>delivered_partial</code>). Until the order reaches any of them, the right of withdrawal is open with no fixed deadline.","Kies een of meer bestelstatussen waarvan de <em>overgang</em> betekent dat de klant de goederen in uw fulfilmentproces heeft ontvangen. De herroepingstermijn van 14 dagen gaat in op het tijdstip van de <em>eerste</em> overgang van de bestelling naar <em>een</em> van de geselecteerde statussen (Art. 9(2)(b) Richtlijn 2011/83/EU). Meervoudige selectie ondersteunt verkopers die meerdere ""geleverd""-statussen gebruiken (bijv. <code>delivered</code> + <code>complete</code> + <code>delivered_partial</code>). Zolang de bestelling geen van deze statussen heeft bereikt, blijft het herroepingsrecht open zonder vaste deadline."
"Eligibility Rules (Art. 16 CRD Presets)","Geschiktheidsregels (vooraf ingestelde art. 16 CRD-uitsluitingen)"
"Art. 16(c) Custom-Made Goods","Art. 16(c) Op maat gemaakte goederen"
"Excludes products made to customer specifications or clearly personalised (e.g. engraved jewellery, made-to-measure clothing). <strong>Requires</strong> product attribute <code>is_custom_made = true</code>. If enabled, orders containing such items cannot be withdrawn — customers will see this when attempting to start withdrawal.","Sluit producten uit die volgens specificaties van de klant zijn gemaakt of duidelijk gepersonaliseerd zijn (bijv. gegraveerde sieraden, op maat gemaakte kleding). <strong>Vereist</strong> productattribuut <code>is_custom_made = true</code>. Indien ingeschakeld, kunnen bestellingen met dergelijke artikelen niet worden herroepen — klanten zien dit wanneer zij een herroeping willen starten."
"Art. 16(d) Perishable Goods","Art. 16(d) Bederfelijke goederen"
"Excludes goods that can deteriorate or expire rapidly (fresh food, cut flowers, short-shelf-life pharmaceuticals). <strong>Requires</strong> product attribute <code>is_perishable = true</code>. Do not enable for all categories — apply it only to truly perishable SKUs, otherwise you will unlawfully deny valid withdrawals.","Sluit goederen uit die snel kunnen bederven of vervallen (verse levensmiddelen, snijbloemen, geneesmiddelen met korte houdbaarheid). <strong>Vereist</strong> productattribuut <code>is_perishable = true</code>. Schakel dit niet voor alle categorieën in — pas het alleen toe op werkelijk bederfelijke SKU's, anders weigert u onrechtmatig geldige herroepingen."
"Art. 16(e) Sealed Hygiene / Health","Art. 16(e) Verzegelde hygiëne- / gezondheidsproducten"
"Excludes sealed hygiene or health items <strong>only if the seal has been broken after delivery</strong> (cosmetics, intimate apparel, sealed medical supplies). <strong>Requires</strong> product attribute <code>is_sealed_hygiene = true</code>. The exclusion depends on a seal-check at the time of withdrawal (workflow in phase-04) — a sealed, unopened return remains eligible.","Sluit verzegelde hygiëne- of gezondheidsartikelen uit <strong>alleen als de verzegeling na de levering is verbroken</strong> (cosmetica, intieme kleding, verzegelde medische benodigdheden). <strong>Vereist</strong> productattribuut <code>is_sealed_hygiene = true</code>. De uitsluiting hangt af van een verzegelingscontrole op het moment van herroeping (workflow in phase-04) — een verzegeld, ongeopend retour blijft in aanmerking komen."
"Art. 16(i) Sealed Audio / Video / Software","Art. 16(i) Verzegelde audio / video / software"
"Excludes sealed audio recordings, video recordings, or sealed computer software <strong>only if the seal has been broken after delivery</strong>. <strong>Requires</strong> product attribute <code>is_sealed_av = true</code>. Same seal-check logic as Art. 16(e). Does not apply to streaming / digital-download content — use Art. 16(m) for those.","Sluit verzegelde audio-opnamen, video-opnamen of verzegelde computersoftware uit <strong>alleen als de verzegeling na de levering is verbroken</strong>. <strong>Vereist</strong> productattribuut <code>is_sealed_av = true</code>. Dezelfde logica voor de verzegelingscontrole als bij Art. 16(e). Niet van toepassing op streaming- of digitale-downloadinhoud — gebruik daarvoor Art. 16(m)."
"Digital Content (Art. 16(m))","Digitale inhoud (art. 16(m))"
"Detection","Detectie"
"Enable Digital Content Detection","Detectie van digitale inhoud inschakelen"
"Master switch for Art. 16(m) digital-content detection. When off, no product is recognised as digital, the checkout waiver step is not required, and the preset always allows withdrawal.","Hoofdschakelaar voor de detectie van digitale inhoud volgens Art. 16(m). Indien uitgeschakeld wordt geen enkel product als digitaal herkend, is de stap met de afstandsverklaring bij het afrekenen niet vereist en staat de vooraf ingestelde regel altijd herroeping toe."
"Detection Strategies","Detectiestrategieën"
"Which product-type heuristics trigger the digital-content waiver gate. Downloadable + virtual are safe defaults; bundle_contains_digital inspects bundle children; custom_attribute reads the EAV flag configured below.","Welke heuristieken op basis van het producttype de poort van de afstandsverklaring voor digitale inhoud activeren. Downloadable + virtual zijn veilige standaardwaarden; bundle_contains_digital inspecteert de onderdelen van bundels; custom_attribute leest de hieronder geconfigureerde EAV-vlag."
"Custom Attribute Code","Code aangepast attribuut"
"EAV attribute code used <strong>only</strong> when <em>Custom attribute flag</em> is picked in <em>Detection strategies</em> above. Default: <code>is_digital_content</code> (boolean attribute, 1 = digital). Ignored otherwise.","EAV-attribuutcode die <strong>alleen</strong> wordt gebruikt wanneer <em>Aangepaste attribuutvlag</em> hierboven in <em>Detectiestrategieën</em> is geselecteerd. Standaard: <code>is_digital_content</code> (booleaans attribuut, 1 = digitaal). In andere gevallen genegeerd."
"Checkout Step + Email","Afrekenstap + e-mail"
"Enable Checkout Waiver Step","Toestemmingsstap in afrekenproces inschakelen"
"When on, carts that contain a detected digital item render the 2-checkbox waiver step at checkout. Has no effect unless <em>Detection → Enable digital content detection</em> is also on.","Indien ingeschakeld tonen winkelwagens met een gedetecteerd digitaal artikel de stap met de afstandsverklaring met 2 selectievakjes bij het afrekenen. Heeft geen effect tenzij <em>Detectie → Detectie van digitale inhoud inschakelen</em> ook is ingeschakeld."
"Merchant BCC Address for Confirmation Emails","BCC-adres verkoper voor bevestigingsmails"
"Optional. Blind-copies the waiver-confirmation email to a merchant audit address. Leave blank to skip.","Optioneel. Stuurt een blinde kopie van de bevestigingsmail van de afstandsverklaring naar een auditadres van de verkoper. Laat leeg om over te slaan."
"Mark Virtual-Only Items as Performance-Started on Confirmation","Volledig virtuele artikelen bij bevestiging markeren als prestatie-aangevangen"
"Virtual products have no download trigger. When on, the waiver confirmation email's dispatch counts as performance-start for virtual-only items.","Virtuele producten kennen geen downloadtrigger. Indien ingeschakeld telt het verzenden van de bevestigingsmail van de afstandsverklaring als aanvang van de uitvoering voor uitsluitend virtuele artikelen (I-6-grens)."
"Confirmation Email Identity","Afzenderidentiteit bevestigingsmail"
"Per-Locale Waiver Text Overrides","Tekstoverschrijvingen toestemmingsverklaring per taal"
"English (en_US)","Engels (en_US)"
"Consent Text","Toestemmingstekst"
"Right-Loss Acknowledgment Text","Tekst erkenning verlies van recht"
"German (de_DE)","Duits (de_DE)"
"Finnish (fi_FI)","Fins (fi_FI)"
"Dutch (nl_NL)","Nederlands (nl_NL)"
"French (fr_FR)","Frans (fr_FR)"
"Italian (it_IT)","Italiaans (it_IT)"
"Spanish (es_ES)","Spaans (es_ES)"
"Polish (pl_PL)","Pools (pl_PL)"
"Portuguese (pt_PT)","Portugees (pt_PT)"
"Danish (da_DK)","Deens (da_DK)"
"Swedish (sv_SE)","Zweeds (sv_SE)"
"German — Austria (de_AT)","Duits — Oostenrijk (de_AT)"
"Swedish — Finland (sv_FI)","Zweeds — Finland (sv_FI)"
"Dutch — Belgium (nl_BE)","Nederlands — België (nl_BE)"
"French — Belgium (fr_BE)","Frans — België (fr_BE)"
"German — Belgium (de_BE)","Duits — België (de_BE)"
"French — Luxembourg (fr_LU)","Frans — Luxemburg (fr_LU)"
"Pre-Contract Information (Art. 6(1)(h))","Precontractuele informatie (art. 6(1)(h))"
"Enable Pre-Contract Disclosure","Precontractuele informatie inschakelen"
"Master kill-switch. Disabled = block does not render and no display events are recorded. Disabling exposes the merchant to Art. 10 (12 month + 14 day extended withdrawal period). Default: enabled.","Hoofduitschakelaar. Uitgeschakeld = blok wordt niet getoond en er worden geen weergavegebeurtenissen geregistreerd. Uitschakelen stelt de verkoper bloot aan Art. 10 (verlengde herroepingstermijn van 12 maanden + 14 dagen). Standaard: ingeschakeld."
"Withdrawal Period (Days)","Herroepingstermijn (dagen)"
"Default 14 days per Art. 9(2). Extension allowed (e.g. 30, 100). Reduction below 14 is illegal — the field validates >=14 only when the module is enabled.","Standaard 14 dagen op grond van Art. 9(2). Verlenging is toegestaan (bijv. 30, 100). Verkorting onder 14 is onwettig — het veld valideert >=14 alleen wanneer de module is ingeschakeld."
"Return Address","Retouradres"
"Where consumers send goods back. Leave empty to fall back to the store address from Stores → Configuration → General → General → Store Information.","Waar consumenten goederen naar terugsturen. Laat leeg om terug te vallen op het adres van Winkels → Configuratie → Algemeen → Algemeen → Winkelgegevens."
"Display In Checkout","Weergeven in afrekenproces"
"Annex I Overrides Per Locale","Overschrijvingen Bijlage I per taal"
"Bulgarian (bg_BG)","Bulgaars (bg_BG)"
"Czech (cs_CZ)","Tsjechisch (cs_CZ)"
"Greek (el_GR)","Grieks (el_GR)"
"Estonian (et_EE)","Estisch (et_EE)"
"Croatian (hr_HR)","Kroatisch (hr_HR)"
"Hungarian (hu_HU)","Hongaars (hu_HU)"
"Lithuanian (lt_LT)","Litouws (lt_LT)"
"Latvian (lv_LV)","Lets (lv_LV)"
"Romanian (ro_RO)","Roemeens (ro_RO)"
"Slovak (sk_SK)","Slowaaks (sk_SK)"
"Slovenian (sl_SI)","Sloveens (sl_SI)"
"Frontend","Frontend"
"Buttons","Knoppen"
"Step 1 Button Label","Knoptekst stap 1"
"Step 2 Button Label (Confirmation)","Knoptekst stap 2 (bevestiging)"
"<strong>⚠ Legal warning.</strong> This is the label on the final confirmation button. Default (""Confirm withdrawal"") is counsel-signed. Per-locale translations are counsel-signed. Override only with written legal advice; overrides are audit-logged.","<strong>⚠ Juridische waarschuwing.</strong> Dit is de tekst op de definitieve bevestigingsknop. De standaardwaarde (""Herroeping bevestigen"") is door juristen ondertekend. Per-locale translations are counsel-signed. Pas dit alleen aan met schriftelijk juridisch advies; overschrijvingen worden in het auditlogboek vastgelegd."
"Placements","Plaatsingen"
"Show Footer Link","Voettekstkoppeling tonen"
"Show in My Account","Tonen in Mijn account"
"Return Reasons","Retourredenen"
"Reasons","Redenen"
"List of reasons offered to the customer in the per-item dropdown. <strong>Code</strong> is the machine value (lowercase, snake_case, max 32 chars); <strong>Label</strong> is the visible text. Empty grid hides the dropdown entirely.","Lijst met redenen die in het keuzemenu per artikel aan de klant worden aangeboden. <strong>Code</strong> is de machinewaarde die in de database wordt opgeslagen (kleine letters, snake_case, max. 32 tekens); <strong>Label</strong> is de zichtbare tekst. Een lege tabel verbergt het keuzemenu volledig."
"Enable ""Other"" with Free Text","""Overig"" met vrije tekst inschakelen"
"When enabled, an ""Other"" option appears in the dropdown that reveals a free-text field (max 500 chars).","Indien ingeschakeld verschijnt er in het keuzemenu een optie ""Overig"" die een vrijetekstveld toont (max. 500 tekens)."
"Review Step","Beoordelingsstap"
"Return Shipping Notice","Mededeling retourverzending"
"Text shown on the Review & Confirm step (step 3). Example: ""You'll receive a prepaid shipping label in the confirmation email."" or ""Return shipping costs are paid by the customer."" Leave blank to hide the row.","Tekst die wordt weergegeven in de stap Controleren & bevestigen (stap 3). Voorbeeld: ""U ontvangt een vooruitbetaald verzendetiket in de bevestigingsmail."" of ""Retourverzendkosten zijn voor rekening van de klant."" Laat leeg om de regel te verbergen."
"Return Policy URL","URL retourbeleid"
"Optional link rendered next to the shipping notice (""View return policy""). Accepts absolute URLs or relative paths like ""return-policy"".","Optionele link die naast de verzendmelding wordt weergegeven (""Bekijk retourbeleid""). Accepteert absolute URL's of relatieve paden zoals ""return-policy""."
"Customer Notifications","Klantmeldingen"
"All customer-facing emails sent by the module. Each email can be enabled/disabled, assigned a custom template (Marketing → Email Templates), and BCC'd to a merchant address. The shared <em>Branding</em> subgroup at the bottom controls the layout (USP strip, social links) used by every email below.","Alle klantgerichte e-mails die door de module worden verzonden. Elke e-mail kan worden in-/uitgeschakeld, voorzien van een aangepast sjabloon (Marketing → E-mailsjablonen) en in BCC naar een verkopersadres worden verstuurd. De gedeelde subgroep <em>Huisstijl</em> onderaan bepaalt de lay-out (USP-balk, socialemediakoppelingen) die door elke onderstaande e-mail wordt gebruikt."
"1. Submission Confirmation Email","1. Bevestigingsmail bij indiening"
"Enabled","Ingeschakeld"
"Email Template","E-mailsjabloon"
"BCC Merchant","BCC naar verkoper"
"Comma-separated. Leave blank to disable.","Door komma's gescheiden. Laat leeg om uit te schakelen."
"2. Approval Email","2. Goedkeuringsmail"
"3. Denial Email","3. Afwijzingsmail"
"4. Cancellation Email (Admin-Initiated)","4. Annuleringsmail (door beheerder)"
"5. Cancellation Email (Customer Self-Cancel)","5. Annuleringsmail (door klant zelf)"
"6. Receipt Email (Durable Medium — Art. 11a(4))","6. Ontvangstbevestigingsmail (duurzame gegevensdrager — art. 11a(4))"
"Legally required durable-medium confirmation. Cannot be fully disabled (Art. 11a(4) Directive 2011/83/EU). Disabling here only stops the sender — the receipt is still generated and stored.","Wettelijk verplichte bevestiging op een duurzame gegevensdrager. Kan niet volledig worden uitgeschakeld (Art. 11a(4) Richtlijn 2011/83/EU). Uitschakelen hier stopt alleen de verzending — het bewijs wordt nog steeds gegenereerd en opgeslagen."
"Send Email","E-mail verzenden"
"Comma-separated.","Door komma's gescheiden."
"Delivery Retry Attempts","Aantal nieuwe bezorgpogingen"
"Number of delivery attempts before a receipt is flagged as undelivered.","Number of delivery attempts before a receipt is flagged as undelivered."
"DLQ Alert Recipient","Ontvanger DLQ-meldingen"
"Notified when a receipt fails permanently. Falls back to Store Email Addresses → General Contact.","Wordt op de hoogte gebracht wanneer een bewijs definitief niet kan worden verzonden. Valt terug op Winkele-mailadressen → Algemeen contact."
"7. Digital Waiver Confirmation Email (Art. 11a(4))","7. Bevestigingsmail digitale toestemming (art. 11a(4))"
"Durable-medium copy of the customer's Art. 16(m) waiver, sent immediately after checkout when a digital item is in cart. Required by Art. 11a(4) Directive 2011/83/EU — keeps a tamper-evident record of the legal text the customer accepted.","Kopie op een duurzame gegevensdrager van de afstandsverklaring van de klant volgens Art. 16(m), direct na het afrekenen verzonden wanneer een digitaal artikel in de winkelwagen zit. Vereist op grond van Art. 11a(4) Richtlijn 2011/83/EU — bewaart een manipulatiebestendig dossier van de juridische tekst die de klant heeft aanvaard, plus de SHA-256-hash voor verificatie van de hashketen."
"Comma-separated. Receives a copy of every confirmation for audit purposes.","Door komma's gescheiden. Ontvangt voor auditdoeleinden een kopie van elke bevestiging."
"Branding (Shared by All Emails Above)","Huisstijl (gedeeld door alle bovenstaande e-mails)"
"Optional decoration of the customer-facing emails. Empty fields hide their respective rows. Brand wordmark, logo, support email, and store address are read from the standard Magento configuration tree (Stores → Configuration → General + Design → Transactional Emails).","Optionele opmaak van de klantgerichte e-mails. Lege velden verbergen de bijbehorende regels. Het merkwoordmerk, logo, support-e-mailadres en winkeladres worden gelezen uit de standaard Magento-configuratieboom (Winkels → Configuratie → Algemeen + Design → Transactionele e-mails)."
"USP Strip — Item 1","USP-balk — item 1"
"Icon","Pictogram"
"Title","Titel"
"Subtitle","Ondertitel"
"USP Strip — Item 2","USP-balk — item 2"
"USP Strip — Item 3","USP-balk — item 3"
"Social Links","Sociale media-koppelingen"
"Instagram URL","Instagram-URL"
"X / Twitter URL","X/Twitter-URL"
"Facebook URL","Facebook-URL"
"YouTube URL","YouTube-URL"
"Order #","Bestelling #"
"Contract","Overeenkomst"
"Customer","Klant"
"Withdrawal submitted","Herroeping ingediend"
"Right of Withdrawal — Required Information","Herroepingsrecht — Verplichte informatie"
"Before placing your order, please review the conditions, time limit, and procedures for exercising your %1-day right of withdrawal. This information forms part of your contract.","Lees voordat u uw bestelling plaatst de voorwaarden, termijn en procedures voor het uitoefenen van uw %1 dagen herroepingsrecht. Deze informatie maakt deel uit van uw overeenkomst."
"Conditions, Time Limit and Procedures for Withdrawal","Voorwaarden, termijn en procedures voor herroeping"
"Start Online Return","Online retourneren starten"
"Download Model Withdrawal Form (Annex I(B))","Modelformulier voor herroeping downloaden (Bijlage I(B))"
"Withdrawal Information v%1 — Issued %2","Herroepingsinformatie v%1 — uitgegeven %2"
"You'll receive a prepaid shipping label in the confirmation email.","U ontvangt een vooruitbetaald verzendetiket in de bevestigingsmail."
"← Back to order search","← Terug naar bestelzoeken"
"← Back to items","← Terug naar artikelen"
"Find order","Bestelling vinden"
"Enter your order number and email","Voer uw bestelnummer en e-mailadres in"
"Select items","Artikelen selecteren"
"Choose items to return (partial withdrawal)","Kies artikelen om te retourneren (gedeeltelijke herroeping)"
"Review & confirm","Controleren & bevestigen"
"Review your return details and confirm","Controleer uw retourgegevens en bevestig"
"Request submitted","Verzoek ingediend"
"We'll confirm your request by email","We bevestigen uw verzoek per e-mail"
"I expressly consent to begin performance of the digital content before the withdrawal period expires.","Ik stem uitdrukkelijk in met de aanvang van de uitvoering van de digitale inhoud vóór het verstrijken van de herroepingstermijn."
"I acknowledge that by giving this consent I lose my right of withdrawal once performance has begun (Art. 16(m) CRD).","Ik erken dat ik door deze toestemming te geven mijn herroepingsrecht verlies zodra de uitvoering is begonnen (art. 16, onder m), Richtlijn consumentenrechten)."
"Withdrawals","Herroepingen"
"Minimum %1 characters required.","Minimaal %1 tekens vereist."
"Failed to add note.","Notitie toevoegen mislukt."
"Network error while adding note.","Netwerkfout bij het toevoegen van de notitie."
"Exported Evidence","Bewijs geëxporteerd"
"Pending Confirm","Wacht op bevestiging"
"Sent","Verzonden"
"Failed Permanent","Definitief mislukt"
"Failed Retry","Mislukt, opnieuw proberen"
"Eligible","Rechthebbend"
"Excluded","Uitgesloten"
"Action","Actie"
"From","Van"
"To","Naar"
"Admin Id","Admin-ID"
"Order Id","Bestel-ID"
"Request Id","Verzoek-ID"
"Item Count","Aantal artikelen"
"Rules Fired","Toegepaste regels"
"Topic","Onderwerp"
"Message Id","Bericht-ID"
"Email To Hash","E-mail hash"
"Attempts","Pogingen"
"Viewed At","Bekeken op"
"Referrer Host","Verwijzende host"
"Enable \Other\"" with Free Text""","Optie \Anders\"" met vrije tekst inschakelen"""
"Optional legal template — not required to use; you can also exercise the right of withdrawal by any unequivocal statement.","Optioneel juridisch sjabloon — niet verplicht te gebruiken; u kunt het herroepingsrecht ook uitoefenen door middel van een ondubbelzinnige verklaring."
"Right of withdrawal","Herroepingsrecht"
"You have %1 days from the day you receive your order to withdraw without giving any reason — full refund to your original payment method.","U heeft %1 dagen vanaf de dag dat u uw bestelling ontvangt om te herroepen zonder opgave van redenen — volledige terugbetaling via uw oorspronkelijke betaalmethode."
"Some items may be excluded by law (perishable goods, custom-made items, sealed hygiene or audio/video products). We'll show you exactly what's eligible on the next page.","Sommige artikelen kunnen wettelijk uitgesloten zijn (bederfelijke goederen, op maat gemaakte artikelen, verzegelde hygiëne- of audio-/videoproducten). Op de volgende pagina laten we u precies zien welke artikelen in aanmerking komen."
"Direct link — no login or account password required.","Directe link — geen login of accountwachtwoord vereist."
"Art. 16(m) CRD exclusion — digital content where the customer has (1) given express prior consent to begin performance and (2) acknowledged that they lose the withdrawal right. Two switches: the <em>Detection</em> subgroup decides what counts as digital (master switch), the <em>Checkout step + Email</em> subgroup renders the 2-checkbox waiver UX and dispatches the confirmation email. Both must be ON for the feature to work end-to-end. Use this only for <strong>one-time digital purchases</strong> (ebooks, software installers, music files, games). Do <strong>not</strong> enable it for ongoing digital <strong>subscriptions or services</strong> (SaaS, streaming, hosted software) — EU case law (CJEU Sky, C-641/19) requires a different consent flow for those.","Art. 16(m) CRD exclusion — digital content where the customer has (1) given express prior consent to begin performance and (2) acknowledged that they lose the withdrawal right. Two switches: the <em>Detection</em> subgroup decides what counts as digital (master switch), the <em>Checkout step + Email</em> subgroup renders the 2-checkbox waiver UX and dispatches the confirmation email. Both must be ON for the feature to work end-to-end. Use this only for <strong>one-time digital purchases</strong> (ebooks, software installers, music files, games). Do <strong>not</strong> enable it for ongoing digital <strong>subscriptions or services</strong> (SaaS, streaming, hosted software) — EU case law (CJEU Sky, C-641/19) requires a different consent flow for those."
"Customer-facing UX for the withdrawal flow. Subgroups: <em>Buttons</em> (legal-critical labels), <em>Placements</em> (where to surface the link), <em>Return Reasons</em> (per-item dropdown), <em>Review Step</em> (content on step 3 of the flow).","Klantgerichte UX voor het herroepingsproces. Subgroepen: <em>Knoppen</em> (juridisch kritieke labels), <em>Plaatsingen</em> (waar de link te tonen), <em>Retourredenen</em> (dropdown per artikel), <em>Beoordelingsstap</em> (inhoud van stap 3 van het proces)."
"Disable only if you deliver the durable-medium confirmation through a different channel.","Schakel alleen uit als u de bevestiging op een duurzame gegevensdrager via een ander kanaal levert."
"Disable only if you deliver the receipt through a different durable medium (postal mail, customer account download, etc.).","Schakel alleen uit als u het bewijs via een andere duurzame gegevensdrager levert (post, download in het klantaccount, enz.)."
"Empty fields fall through to the locale baseline. Any override value becomes part of the SHA-256 hash stored per consent event — changing a field after customers have consented does <strong>not</strong> retroactively invalidate prior consents.","Lege velden vallen terug op de basislijn in the locale baseline voor de betreffende taal/jurisdictie. Elke overschrijfwaarde wordt onderdeel van de SHA-256-hash die per toestemmingsgebeurtenis wordt opgeslagen — een veld wijzigen nadat klanten toestemming hebben gegeven, maakt eerdere toestemmingen <strong>niet</strong> met terugwerkende kracht ongeldig."
"Mandatory pre-contractual disclosure of the right of withdrawal. Displayed on the checkout payment step. Each display is logged forensically (Art. 10 defence). Snapshot of the rendered text is stored immutably (Art. 6(5)). <strong>Counsel review recommended before customising any Annex I text.</strong>","Verplichte precontractuele informatie over het herroepingsrecht. Wordt getoond bij de betaalstap van het afrekenproces. Elke weergave wordt forensisch gelogd (verweer op grond van Art. 10). Een snapshot van de gerenderde tekst wordt onveranderlijk opgeslagen (Art. 6 lid 5). <strong>Juridische review wordt aanbevolen voordat u Bijlage I-tekst aanpast.</strong>"
"Off = block hidden but display events still recorded server-side via predispatch fallback. Use only for sandbox testing. Default: on.","Uit = blok verborgen, maar weergavegebeurtenissen worden nog steeds serverzijdig vastgelegd via de predispatch-fallback. Alleen gebruiken voor sandboxtests. Standaard: aan."
"Optional URLs rendered as round monogram badges in the email footer. Leave blank to hide.","Optionele URL's die als ronde monogrambadges in de e-mailvoettekst worden weergegeven. Laat leeg om te verbergen."
"Sent when a customer cancels their own pending withdrawal.","Wordt verzonden wanneer een klant zijn eigen openstaande herroeping annuleert."
"Sent when a customer completes the withdrawal form.","Wordt verzonden wanneer een klant het herroepingsformulier invult."
"Sent when an admin approves a withdrawal request.","Wordt verzonden wanneer een beheerder een herroepingsverzoek goedkeurt."
"Sent when an admin cancels a withdrawal request on the customer's behalf.","Wordt verzonden wanneer een beheerder een herroepingsverzoek namens de klant annuleert."
"Sent when an admin denies a withdrawal request.","Wordt verzonden wanneer een beheerder een herroepingsverzoek weigert."
"These presets exclude specific product categories from the 14-day withdrawal right, per Art. 16 CRD. Each rule is OFF by default — enable only after confirming the corresponding product attribute is set correctly on your catalog.","Deze presets sluiten specifieke productcategorieën uit van het 14-daagse herroepingsrecht volgens Art. 16 Richtlijn consumentenrechten. Elke regel staat standaard UIT — schakel pas in nadat u heeft bevestigd dat het overeenkomstige productattribuut correct is ingesteld in uw catalogus."
"e.g. ""EU orders above €50""","bijv. ""EU-bestellingen boven € 50"""
"e.g. ""Free delivery""","bijv. ""Gratis bezorging"""
"Qty: ","Aantal: "
"Submission failed. Please try again.","Verzenden mislukt. Probeer het opnieuw."
"Network error. Please try again.","Netwerkfout. Probeer het opnieuw."
"Invalid server response.","Ongeldige serverreactie."
"Admin Notifications","Beheerdersmeldingen"
"Internal alerts to your team. Independent of the per-email <em>BCC Merchant</em> checkboxes under <em>Customer Notifications</em> below — if you enable both, you will receive two emails per request.","Interne meldingen voor uw team. Onafhankelijk van de selectievakjes <em>BCC handelaar</em> onder <em>Klantmeldingen</em> hieronder — als u beide inschakelt, ontvangt u twee e-mails per verzoek."
"1. New Request Alert","1. Melding van nieuw verzoek"
"Sent the moment a customer completes the two-step withdrawal flow.","Wordt verstuurd op het moment dat een klant het herroepingsproces in twee stappen voltooit."
"Recipient Email(s)","E-mail(s) ontvanger"
"BCC","BCC"
"New Withdrawal Request","Nieuw herroepingsverzoek"
"A new withdrawal request was just submitted.","Er is zojuist een nieuw herroepingsverzoek ingediend."
"Request:","Verzoek:"
"Order:","Bestelling:"
"Customer:","Klant:"
"Refund Total:","Totaal terug te betalen:"
"[Withdrawal] New request %request_increment_id · Order #%order_increment_id · %refund_total","[Herroeping] Nieuw verzoek %request_increment_id · Bestelling #%order_increment_id · %refund_total"
"Anonymised","Geanonimiseerd"
"Audit","Audit"
"Cancel Order","Bestelling annuleren"
"Confirmation Email (Art. 11a(4))","Bevestigingsmail (art. 11 bis(4))"
"Detection (Art. 16(m))","Detectie (art. 16(m))"
"Digital Waiver (Art. 16(m))","Digitale verklaring van afstand (art. 16(m))"
"Email Identity","Afzenderidentiteit"
"ID","ID"
"Integrity hash","Integriteitshash"
"Pre-Contract Proof","Precontractueel bewijs"
"Verify this receipt","Verifieer deze ontvangstbevestiging"
"Withdrawal Window","Herroepingstermijn"
"This SHA-256 hash uniquely identifies your withdrawal record. Verify it at any time using the button above.","Deze SHA-256-hash identificeert uw herroepingsregistratie op unieke wijze. U kunt deze op elk moment verifiëren met de bovenstaande knop."
"Digital content waiver confirmation — Order %increment_id","Bevestiging van verklaring van afstand voor digitale inhoud — Bestelling %increment_id"
"Comma-separated. Each recipient receives a separate email rendered in their own admin locale (looked up via the admin user's interface_locale; fallback to general/locale/code). Invalid addresses dropped silently.","Komma-gescheiden. Elke ontvanger krijgt een aparte e-mail, gerenderd in zijn eigen admin-locale (opgezocht via interface_locale van de admin-gebruiker; terugval — general/locale/code). Ongeldige adressen worden stilzwijgend genegeerd."
"Art. 16(m) CRD digital-content detection. Determines what counts as digital content for eligibility purposes. The actual checkout-step waiver UI and email lives in the next section ""Digital Waiver"".","Art. 16(m) Richtlijn Consumentenrechten digitale-inhoud detectie. Bepaalt wat als digitale inhoud telt voor herroepingsdoeleinden. De feitelijke verklaring-van-afstand-UI bij de checkout en de e-mail bevinden zich in de volgende sectie „Digitale verklaring van afstand“."
"Art. 16(m) CRD exclusion — digital content where the customer has (1) given express prior consent to begin performance and (2) acknowledged that they lose the withdrawal right. Two switches control this feature end-to-end: the <em>Detection</em> subgroup under <em>Eligibility Rules</em> decides what counts as digital (master switch); this section renders the 2-checkbox waiver UX at checkout and dispatches the Art. 11a(4) confirmation email. Both must be ON for the feature to work end-to-end. Per-locale text overrides below. Use this only for <strong>one-time digital purchases</strong> (ebooks, software installers, music files, games). Do <strong>not</strong> enable it for ongoing digital <strong>subscriptions or services</strong> (SaaS, streaming, hosted software) — EU case law (CJEU Sky, C-641/19) requires a different consent flow for those.","Art. 16(m) Richtlijn Consumentenrechten uitzondering — digitale inhoud waarbij de klant (1) uitdrukkelijke voorafgaande toestemming heeft gegeven om de uitvoering te beginnen en (2) heeft erkend het herroepingsrecht te verliezen. De functie wordt door twee schakelaars beheerd: subgroep <em>Detectie</em> onder <em>Eligibility Rules</em> bepaalt wat als digitaal telt (hoofdschakelaar); deze sectie rendert de UI met 2 selectievakjes bij de checkout en verstuurt de art. 11a(4) bevestigingsmail. Beide moeten AAN staan. Tekst-overrides per locale hieronder. Alleen voor <strong>eenmalige digitale aankopen</strong> gebruiken (e-books, installers, muziekbestanden, spellen). <strong>Niet</strong> inschakelen voor doorlopende digitale <strong>abonnementen of diensten</strong> (SaaS, streaming, gehoste software) — EU-jurisprudentie (CJEU Sky, C-641/19) vereist een ander toestemmingstraject."
"Defines <strong>when</strong> the 14-day withdrawal right starts running (the delivery trigger, Art. 9(2)(b)) and <strong>how long</strong> it lasts in days (Art. 9(2)). Together these control the period each order's withdrawal is open.","Bepaalt <strong>wanneer</strong> het 14-daagse herroepingsrecht ingaat (leveringstrigger, art. 9(2)(b)) en <strong>hoe lang</strong> het in dagen geldt (art. 9(2)). Samen bepalen ze de periode waarin de herroeping van elke bestelling open is."
"Default 14 days per Art. 9(2). Extension allowed (e.g. 30, 100). Reduction below 14 is illegal — the field validates 14-3650 only.","Standaard 14 dagen volgens art. 9(2). Verlenging toegestaan (bijv. 30, 100). Reductie onder 14 is illegaal — het veld valideert alleen 14-3650."
"When on, carts that contain a detected digital item render the 2-checkbox waiver step at checkout. Has no effect unless <em>Eligibility Rules → Detection → Enable Digital Content Detection</em> is also on.","Indien ingeschakeld tonen winkelwagens met een gedetecteerd digitaal item de afstandsstap met 2 selectievakjes bij de checkout. Heeft geen effect tenzij <em>Eligibility Rules → Detectie → Detectie digitale inhoud inschakelen</em> ook is ingeschakeld."
"Optional. Comma-separated. Blind-copies the waiver-confirmation email to a merchant audit address. Leave blank to skip.","Optioneel. Komma-gescheiden. Stuurt een blinde kopie van de afstands-bevestigingsmail naar een audit-adres van de handelaar. Laat leeg om over te slaan."
"<strong>⚠ Legal warning.</strong> Art. 11a(2) CRD requires the literal text ""withdraw from contract here"" <em>or a corresponding unambiguous formulation</em>. The default value (""Withdraw from contract here"") is the Directive's verbatim phrase; Per-locale translations are counsel-signed. <strong>Do not override unless you have received written advice from qualified consumer-law counsel in the target jurisdiction.</strong> Every override is recorded in the audit log.","<strong>⚠ Juridische waarschuwing.</strong> Art. 11a(2) Richtlijn Consumentenrechten vereist de letterlijke tekst „hier herroepen van overeenkomst“ <em>of een overeenkomstige ondubbelzinnige formulering</em>. De standaardwaarde („Hier herroepen van overeenkomst“) is de letterlijke formulering van de Richtlijn; Vertalingen per locale zijn juridisch onderschreven. <strong>Niet overschrijven tenzij u schriftelijk advies hebt ontvangen van een gekwalificeerde consumentenrecht-advocaat in de doeljurisdictie.</strong> Elke overschrijving wordt vastgelegd in het audit-logboek."
"<strong>⚠ Legal warning.</strong> This is the label on the final confirmation button. Default (""Confirm withdrawal"") is counsel-signed; Per-locale translations are counsel-signed. Override only with written legal advice; overrides are audit-logged.","<strong>⚠ Juridische waarschuwing.</strong> Dit is het label op de uiteindelijke bevestigingsknop. Standaard („Herroeping bevestigen“) is juridisch onderschreven; Vertalingen per locale zijn juridisch onderschreven. Alleen overschrijven met schriftelijk juridisch advies; overschrijvingen worden in het audit-logboek vastgelegd."
"Cancel the linked order? No payment has been captured, so there is nothing to refund — the order will be cancelled in Magento.","De gekoppelde bestelling annuleren? Er is geen betaling vastgelegd, dus er is niets terug te betalen — de bestelling wordt geannuleerd in Magento."
"Scope & Applicability","Bereik en toepasselijkheid"
"Controls in which markets the self-service withdrawal flow is offered. These are merchant business decisions, not legal exclusions — an EU consumer's statutory right of withdrawal does not depend on them, and declarations received by other means (email, letter) must still be honoured manually.","Bepaalt in welke markten het selfservice-herroepingsproces wordt aangeboden. Dit zijn zakelijke beslissingen van de verkoper, geen wettelijke uitsluitingen — het wettelijke herroepingsrecht van een EU-consument hangt er niet van af, en herroepingen die op andere wijze (e-mail, brief) zijn ontvangen, moeten nog steeds handmatig worden gehonoreerd."
"Restrict by Country","Beperken op land"
"Offers the self-service withdrawal flow only for orders whose billing <strong>or</strong> shipping address is in the selected countries. <strong>Legal note:</strong> this restricts the storefront flow only — an EU consumer's statutory right of withdrawal does not depend on the address, and withdrawal declarations received by other means (email, letter) must still be honoured manually. Default: disabled.","Biedt het selfservice-herroepingsproces alleen aan voor bestellingen waarvan het factuur- <strong>of</strong> verzendadres in de geselecteerde landen ligt. <strong>Juridische opmerking:</strong> dit beperkt alleen het proces in de winkel — het wettelijke herroepingsrecht van een EU-consument hangt niet af van het adres, en herroepingen die op andere wijze (e-mail, brief) zijn ontvangen, moeten nog steeds handmatig worden gehonoreerd. Standaard: uitgeschakeld."
"Offer Withdrawal For Countries","Herroeping aanbieden voor landen"
"Preselected: EU-27 plus EEA (Norway, Iceland, Liechtenstein). Add the United Kingdom manually if you target UK consumers (separate national regime with a comparable 14-day right). If you clear this list, the restriction has no effect and the flow stays available to every customer.","Vooraf geselecteerd: EU-27 plus EER (Noorwegen, IJsland, Liechtenstein). Voeg het Verenigd Koninkrijk handmatig toe als u zich richt op Britse consumenten (afzonderlijk nationaal regime met een vergelijkbaar recht van 14 dagen). Als u deze lijst leegmaakt, heeft de beperking geen effect en blijft het proces voor elke klant beschikbaar."
"Restrict by Customer Group","Beperken op klantgroep"
"Hides the self-service withdrawal flow from orders placed by the selected customer groups (e.g. your B2B / wholesale groups). The right of withdrawal is a consumer right, so this lets you keep it off for business customers. <strong>Legal note:</strong> this restricts the storefront flow only — it does not decide who is legally a consumer, and any withdrawal declaration received by other means must still be honoured manually. Default: disabled.","Hides the self-service withdrawal flow from orders placed by the selected customer groups (e.g. your B2B / wholesale groups). The right of withdrawal is a consumer right, so this lets you keep it off for business customers. <strong>Legal note:</strong> this restricts the storefront flow only — it does not decide who is legally a consumer, and any withdrawal declaration received by other means must still be honoured manually. Default: disabled."
"Exclude Customer Groups","Klantgroepen uitsluiten"
"Orders placed by any selected group are excluded from the self-service flow. Guests are always treated as consumers and cannot be excluded here. If you clear this list, the restriction has no effect and the flow stays available to every customer.","Orders placed by any selected group are excluded from the self-service flow. Guests are always treated as consumers and cannot be excluded here. If you clear this list, the restriction has no effect and the flow stays available to every customer."
"Custom-made to your specifications","Op maat gemaakt volgens uw specificaties"
"Perishable goods","Bederfelijke goederen"
"Sealed hygiene item — seal broken","Verzegeld hygiëneartikel — verzegeling verbroken"
"Sealed audio/video — seal broken","Verzegelde audio/video — verzegeling verbroken"
"Newspapers, periodicals, magazines","Kranten, tijdschriften, magazines"
"Accommodation / event on specific date","Accommodatie / evenement op een specifieke datum"
"Digital content — right waived at purchase","Digitale inhoud — recht afgestaan bij aankoop"
"Withdrawal period has expired","De herroepingstermijn is verstreken"
"Already withdrawn in a prior request","Al herroepen in een eerder verzoek"
"A draft withdrawal is holding this item. Confirm it via the email we sent, or cancel it in the 'Existing withdrawals' section above.","Een concept-herroeping houdt dit artikel vast. Bevestig deze via de e-mail die we hebben verzonden of annuleer deze in de sectie ‘Bestaande herroepingen’ hierboven."
"EU withdrawal request %1 was approved.","EU-herroepingsverzoek %1 is goedgekeurd."
"EU withdrawal request %1 was approved. Refund: %2.","EU-herroepingsverzoek %1 is goedgekeurd. Terugbetaling: %2."
"EU withdrawal request %1 was denied.","EU-herroepingsverzoek %1 is geweigerd."
"EU withdrawal request %1 was denied. Reason: %2","EU-herroepingsverzoek %1 is geweigerd. Reden: %2"
"EU withdrawal request %1 was cancelled by the customer.","EU-herroepingsverzoek %1 is geannuleerd door de klant."
"EU withdrawal request %1 was cancelled by an administrator.","EU-herroepingsverzoek %1 is geannuleerd door een beheerder."
"If Delivery Is Never Confirmed","Als de levering nooit wordt bevestigd"
"When an order is already in a Delivery Confirmation Status but has no recorded transition into it (no delivery timestamp), choose whether its withdrawal stays open or it is treated as not eligible. Default: not eligible.","Wanneer een bestelling al een leveringsbevestigingsstatus heeft maar er geen geregistreerde overgang naar die status is (geen leverdatum), kies dan of de herroeping open blijft of als niet in aanmerking komend wordt behandeld. Standaard: niet in aanmerking komend."
"Statuses Excluded From Withdrawal","Statussen uitgesloten van herroeping"
"Orders whose current status is selected here are never offered for withdrawal (e.g. a legacy migration status such as <code>imported</code>). Do not select a status used by active, deliverable orders — that withholds a valid withdrawal.","Bestellingen waarvan de huidige status hier is geselecteerd, worden nooit voor herroeping aangeboden (bijv. een migratiestatus zoals <code>imported</code>). Selecteer geen status die door actieve, leverbare bestellingen wordt gebruikt — dat weigert een geldige herroeping."
"Treat as not eligible","Als niet in aanmerking komend behandelen"
"Keep withdrawal open","Herroeping open laten"
"Withdrawal not available for this order","Herroeping niet beschikbaar voor deze bestelling"
"This order is not eligible for withdrawal.","Deze bestelling komt niet in aanmerking voor herroeping."
"EU withdrawal request %1 submitted.","EU-herroepingsverzoek %1 is ingediend."
"EU withdrawal request %1 submitted. Requested refund: %2.","EU-herroepingsverzoek %1 is ingediend. Gevraagde terugbetaling: %2."
"Show more orders","Meer bestellingen tonen"
"Item Selection","Selectie van artikelen"
"Per item (customer selects items and quantities)","Per artikel (klant selecteert artikelen en aantallen)"
"Full order (all returnable items, no selection)","Volledige bestelling (alle retourneerbare artikelen, geen selectie)"
"<em>Per item</em>: the customer chooses lines and quantities. <em>Full order</em>: the request always covers all returnable items; items excluded by law (opened seal, expired period) are still removed automatically, and the form shows a note that partial returns can be requested via your contact page.<br/><strong>⚠ Legal warning.</strong> The explanatory materials to the German implementation law expect the withdrawal function to support selecting parts of the order. Consult your counsel before switching to Full order.","<em>Per artikel</em>: de klant kiest regels en aantallen. <em>Volledige bestelling</em>: het verzoek betreft altijd alle retourneerbare artikelen; artikelen die wettelijk zijn uitgesloten (verbroken verzegeling, verstreken termijn) worden nog steeds automatisch verwijderd, en het formulier toont een opmerking dat gedeeltelijke retouren via uw contactpagina kunnen worden aangevraagd.<br/><strong>⚠ Juridische waarschuwing.</strong> De toelichting bij de Duitse uitvoeringswet verwacht dat de herroepingsfunctie het selecteren van delen van de bestelling ondersteunt. Raadpleeg uw juridisch adviseur voordat u overschakelt naar Volledige bestelling."
"This request covers all returnable items of the order.","Dit verzoek betreft alle retourneerbare artikelen van de bestelling."
"Contact us for a partial return.","Neem contact met ons op voor een gedeeltelijke retour."
"Review the items included in your return.","Controleer de artikelen die in uw retour zijn opgenomen."
"Review the items to return","Controleer de te retourneren artikelen"
"Self-service withdrawal is not available for this order.","Zelfservice-herroeping is niet beschikbaar voor deze bestelling."
"VAT","btw"
"Of which VAT","Waarvan btw"
"Order Adjustment","Bestelaanpassing"
"Bundle Item Selection","Selectie van bundelartikelen"
"<em>No</em> (default): the bundle is shown as one returnable unit — the customer returns the whole bundle. <em>Yes</em>: the bundle's priced components are shown as separate returnable lines when they can be returned independently (e.g. a device and an accessory sold together). Enable this only for bundles that group independently returnable products; a bundle sold as a single set should remain returnable only as a whole.<br/><strong>Legal note.</strong> Configure this according to how each bundle is offered and contracted; consult your counsel if components should be withdrawable separately.","<em>Nee</em> (standaard): de bundel wordt getoond als één retourneerbare eenheid — de klant retourneert de volledige bundel. <em>Ja</em>: de geprijsde onderdelen van de bundel worden als afzonderlijke retourneerbare regels getoond wanneer ze onafhankelijk kunnen worden geretourneerd (bijvoorbeeld een apparaat en een accessoire die samen worden verkocht). Schakel dit alleen in voor bundels die onafhankelijk retourneerbare producten groeperen; een bundel die als één set wordt verkocht, moet alleen als geheel retourneerbaar blijven.<br/><strong>Juridische opmerking.</strong> Configureer dit op basis van hoe elke bundel wordt aangeboden en contractueel wordt vastgelegd; raadpleeg uw juridisch adviseur als onderdelen afzonderlijk herroepbaar moeten zijn."
"Acknowledgment of loss of withdrawal (Art. 16(m)(ii))","Erkenning van het verlies van het herroepingsrecht (Art. 16(m)(ii))"
"Both confirmations are required to proceed. Your consent is recorded with a tamper-evident hash of the legal text shown above.","Beide bevestigingen zijn vereist om verder te gaan. Uw toestemming wordt vastgelegd met een manipulatiebestendige hash van de hierboven getoonde juridische tekst."
"Digital Content Delivery — Required Waiver","Levering van digitale inhoud — Verplichte afstandsverklaring"
"EU Art. 16(m)","EU Art. 16(m)"
"EU Art. 6(1)(h)","EU Art. 6(1)(h)"
"Express consent (Art. 16(m)(i))","Uitdrukkelijke toestemming (Art. 16(m)(i))"
"I acknowledge that, as a result, I will lose my right of withdrawal once performance has begun.","Ik erken dat ik daardoor mijn herroepingsrecht verlies zodra de uitvoering is begonnen."
"I expressly request that performance of the digital content begin immediately, before the end of the 14-day withdrawal period.","Ik verzoek uitdrukkelijk dat de uitvoering van de digitale inhoud onmiddellijk begint, vóór het verstrijken van de herroepingstermijn van 14 dagen."
"The digital-content consent step is temporarily unavailable. Please refresh the page; if the problem persists, contact support — your order cannot be completed until the required consent can be shown.","De toestemmingsstap voor digitale inhoud is tijdelijk niet beschikbaar. Vernieuw de pagina; als het probleem aanhoudt, neem contact op met support — uw bestelling kan niet worden voltooid totdat de vereiste toestemming kan worden getoond."
"Your cart contains digital content. To receive it immediately, EU consumer law requires both your express consent to begin performance and your acknowledgment that doing so causes you to lose the right of withdrawal once delivery starts.","Uw winkelwagen bevat digitale inhoud. Om deze onmiddellijk te ontvangen, vereist het EU-consumentenrecht zowel uw uitdrukkelijke toestemming om met de uitvoering te beginnen als uw erkenning dat u daardoor het herroepingsrecht verliest zodra de levering begint."
SKU:,SKU:
"Seal photos skipped","Verzegelingsfoto's overgeslagen"
Submitting…,"Bezig met verzenden…"
"That order does not belong to your account. Please select one of your own orders.","Die bestelling hoort niet bij uw account. Selecteer een van uw eigen bestellingen."
"Bundle contents","Inhoud van de bundel"
"included in the bundle price above — not returnable separately","inbegrepen in de bundelprijs hierboven — niet afzonderlijk retourneerbaar"
"included: %1","inbegrepen: %1"
"Included","Inbegrepen"
"Individual items","Afzonderlijke artikelen"
"%1 items","%1 artikelen"
"Return now","Nu retourneren"
"Included in this bundle","Inbegrepen in deze bundel"
"Included value","Inbegrepen waarde"
"Other items","Overige artikelen"
"Order total","Ordertotaal"
"Hygiene seal","Hygiëneverzegeling"
"Media seal","Mediaverzegeling"
"Seal Photos","Foto's van de verzegeling"
"Is the hygiene seal on “%1” still intact?","Is de hygiëneverzegeling van “%1” nog intact?"
"Is the media / software seal on “%1” still intact?","Is de media-/softwareverzegeling van “%1” nog intact?"
"Once you confirm the seal is broken, the whole bundle can’t be returned. Its quantity is set to 0.","Zodra u bevestigt dat de verzegeling verbroken is, kan de hele bundel niet worden geretourneerd. De hoeveelheid wordt op 0 gezet."
"A credit memo can only be started for an approved withdrawal request.","Een creditnota kan alleen worden gestart voor een goedgekeurd herroepingsverzoek."
"EU withdrawal request %1 was cancelled by an administrator. Reason: %2","EU-herroepingsverzoek %1 is geannuleerd door een beheerder. Reden: %2"
"System","Systeem"
"View Order","Order bekijken"
"View Request","Verzoek bekijken"
"View Shipment","Zending bekijken"
"Please confirm both consent boxes to proceed with digital content delivery.","Bevestig beide toestemmingsvakjes om door te gaan met de levering van digitale inhoud."
"The digital-content consent step could not load. Please refresh and try again, or contact support.","De toestemmingsstap voor digitale inhoud kon niet worden geladen. Vernieuw en probeer het opnieuw, of neem contact op met support."
"We could not record your consent just now. Please try again.","We konden uw toestemming nu niet vastleggen. Probeer het opnieuw."
