"View Credit Memo","Zobacz notę kredytową"
"Issue Credit Memo","Wystaw notę kredytową"
"Approve","Zatwierdź"
"Approve this withdrawal request?","Zatwierdzić ten wniosek o odstąpienie?"
"Deny","Odrzuć"
"Legal reason for denial (min 10 chars):","Podstawa prawna odmowy (min. 10 znaków):"
"Cancel Request","Anuluj wniosek"
"Cancel this withdrawal? Add an optional note for the customer (visible in their cancellation email):","Anulować to odstąpienie? Dodaj opcjonalną notatkę dla klienta (widoczną w jego e-mailu z anulowaniem):"
"Resend Receipt","Wyślij potwierdzenie ponownie"
"Send the receipt email again? The customer will receive another copy.","Wysłać e-mail z potwierdzeniem ponownie? Klient otrzyma kolejną kopię."
"Withdrawal Request #%1","Wniosek o odstąpienie #%1"
"Request Details","Szczegóły wniosku"
"Information","Informacje"
"Reason for Denial","Powód odmowy"
"Customer Cancellation Note","Notatka klienta o anulowaniu"
"Cancellation Note","Notatka o anulowaniu"
"Status-Change Note","Notatka o zmianie statusu"
"Code","Kod"
"Label","Etykieta"
"Add Reason","Dodaj powód"
"In progress","W trakcie realizacji"
"Refund issued","Zwrot wystawiony"
"Denied","Odrzucone"
"Cancelled","Anulowane"
"Pending","Oczekujące"
"This is a transactional email about your order.","To jest wiadomość transakcyjna dotycząca Twojego zamówienia."
"Reason for denial","Powód odmowy"
"Your cancellation note","Twoja notatka o anulowaniu"
"Note from our team","Wiadomość od naszego zespołu"
"EU right of withdrawal","Prawo odstąpienia UE"
"Withdrawal right pending delivery","Prawo odstąpienia oczekuje na dostawę"
"Withdrawal window has ended","Termin odstąpienia upłynął"
"Not eligible for withdrawal","Nie kwalifikuje się do odstąpienia"
"Withdrawal already requested","Wniosek o odstąpienie już złożony"
"You can withdraw from this contract any time — the %1-day deadline begins counting once the order is delivered.","Możesz odstąpić od tej umowy w dowolnym momencie — %1-dniowy termin zaczyna biec od chwili dostarczenia zamówienia."
"Your %1-day withdrawal window will begin once this order is delivered.","Twój %1-dniowy termin na odstąpienie rozpocznie się z chwilą dostarczenia tego zamówienia."
"The %1-day window for withdrawing from this contract has ended.","%1-dniowy termin na odstąpienie od tej umowy upłynął."
"This order is not eligible for withdrawal under EU consumer law (Art. 16 Directive 2011/83/EU).","To zamówienie nie kwalifikuje się do odstąpienia w świetle unijnego prawa konsumenckiego (art. 16 dyrektywy 2011/83/UE)."
"A withdrawal request for this order has been submitted. See the request details below.","Dla tego zamówienia złożono wniosek o odstąpienie od umowy. Szczegóły wniosku znajdują się poniżej."
"This order contains a perishable item that cannot be returned (food with short shelf life, fresh flowers, etc.).","To zamówienie zawiera towar szybko psujący się, którego nie można zwrócić (żywność o krótkim terminie przydatności, świeże kwiaty itp.)."
"This order contains a custom-made or personalised item that cannot be returned.","To zamówienie zawiera towar wykonany na zamówienie lub spersonalizowany, którego nie można zwrócić."
"This order contains a sealed hygiene item. You keep the right of withdrawal only while the seal stays intact — once unsealed after delivery, the right is lost.","To zamówienie zawiera zapieczętowany towar higieniczny. Prawo odstąpienia przysługuje tylko dopóki plomba pozostaje nienaruszona — po jej zerwaniu po dostawie prawo to wygasa."
"This order contains a sealed audio / video / software item. You keep the right of withdrawal only while the seal stays intact — once unsealed after delivery, the right is lost.","To zamówienie zawiera zapieczętowany nośnik audio / wideo / oprogramowanie. Prawo odstąpienia przysługuje tylko dopóki plomba pozostaje nienaruszona — po jej zerwaniu po dostawie prawo to wygasa."
"This order contains digital content. Once you start using or downloading the content, you lose the right of withdrawal (you consented to this at checkout).","To zamówienie zawiera treści cyfrowe. Po rozpoczęciu korzystania z treści lub jej pobieraniu tracisz prawo odstąpienia (wyraziłeś/aś na to zgodę przy zamawianiu)."
"%1 item(s) · Refund %2","%1 pozycja(i) · Zwrot %2"
"Awaiting confirmation","Oczekuje na potwierdzenie"
"Cancel withdrawal %1? Your refund will not be processed.","Anulować odstąpienie %1? Twój zwrot nie zostanie zrealizowany."
"Submitted","Złożone"
"Approved","Zatwierdzone"
"Fully returned","W pełni zwrócone"
"Return requested","Zwrot zażądany"
"Not eligible","Nie kwalifikuje się"
"Partially requested","Częściowo zażądane"
"— Select a reason —","— Wybierz powód —"
"Other","Inne"
"The refund will be issued using your original payment method within 5-7 business days after we receive your return.","Zwrot zostanie dokonany za pomocą oryginalnej metody płatności w ciągu 5-7 dni roboczych od otrzymania przez nas zwrotu."
"Withdrawal right lost (Art. 16(m) CRD) — digital performance started on %1.","Utracono prawo odstąpienia (art. 16(m) CRD) — świadczenie cyfrowe rozpoczęto %1."
"Request #%1 not found.","Wniosek #%1 nie został znaleziony."
"Receipt email re-queued for request #%1. Delivery will retry asynchronously.","Wiadomość z potwierdzeniem dla wniosku #%1 ponownie umieszczona w kolejce. Dostarczenie zostanie ponowione asynchronicznie."
"Failed to queue receipt resend: %1","Nie udało się umieścić ponownego wysłania potwierdzenia w kolejce: %1"
"Note text is empty.","Treść notatki jest pusta."
"Note added to request #%1.","Notatka dodana do wniosku #%1."
"Request #%1 approved.","Wniosek #%1 zatwierdzony."
"Request #%1 cancelled.","Wniosek #%1 anulowany."
"Request #%1 denied.","Wniosek #%1 odrzucony."
"Invalid request id.","Nieprawidłowy identyfikator wniosku."
"Unable to open temporary file for CSV export.","Nie można otworzyć pliku tymczasowego do eksportu CSV."
"Withdrawal Requests","Wnioski o odstąpienie"
"%1 requests queued for acceptance.","%1 wniosków umieszczono w kolejce do zatwierdzenia."
"%1 request(s) approved.","Zatwierdzono %1 wniosek(ów)."
"%1 request(s) failed. First errors: %2","%1 wniosek(ów) nie powiodło się. Pierwsze błędy: %2"
"Note added to %1 request(s).","Notatkę dodano do %1 wniosku(ów)."
"Underlying order #%1 not found.","Nie znaleziono powiązanego zamówienia #%1."
"Order #%1 has no invoice yet — Magento requires an invoice before a credit memo can be created. Open an invoice first (Sales → Orders → #%1 → Invoice button), then return here to refund.","Zamówienie #%1 nie ma jeszcze faktury — Magento wymaga faktury przed utworzeniem noty kredytowej. Najpierw wystaw fakturę (Sprzedaż → Zamówienia → #%1 → przycisk Faktura), a następnie wróć tutaj, aby zrealizować zwrot."
"No items recorded on this withdrawal request — the credit memo will open with default invoice qtys; please adjust manually.","W tym wniosku o odstąpienie nie zarejestrowano żadnych pozycji — nota kredytowa zostanie otwarta z domyślnymi ilościami z faktury; skoryguj ręcznie."
"Pre-filled credit memo for withdrawal #%1 — review the qtys + shipping refund below, then click Refund Online or Refund Offline.","Wstępnie wypełniona nota kredytowa dla odstąpienia #%1 — sprawdź poniżej ilości i zwrot kosztów wysyłki, a następnie kliknij Zwrot online lub Zwrot offline."
"Some items are no longer eligible. Please reload and try again.","Niektóre pozycje nie kwalifikują się już do zwrotu. Odśwież stronę i spróbuj ponownie."
"We could not process your request. Please try again.","Nie udało nam się zrealizować Twojego wniosku. Spróbuj ponownie."
"Item","Pozycja"
"We could not find a matching order for that email.","Nie znaleźliśmy zamówienia pasującego do tego adresu e-mail."
"Withdraw from a contract","Odstąp od umowy"
"Withdrawal not found.","Nie znaleziono odstąpienia."
"This withdrawal can no longer be cancelled online. Contact us if you need help.","Tego odstąpienia nie można już anulować online. Skontaktuj się z nami, jeśli potrzebujesz pomocy."
"Withdrawal #%1 cancelled.","Odstąpienie #%1 anulowane."
"Please fill in all required fields.","Wypełnij wszystkie wymagane pola."
"%1 item(s) were excluded from the withdrawal because the seal is broken (Art. 16(e)/(i) Directive 2011/83/EU).","%1 pozycja(e) została/y wyłączona/e z odstąpienia, ponieważ plomba została zerwana (art. 16 lit. e)/(i) dyrektywy 2011/83/UE)."
"Please select at least one item to withdraw.","Wybierz co najmniej jedną pozycję do odstąpienia."
"One or more items are no longer available for withdrawal. Please refresh and try again.","Jedna lub więcej pozycji nie jest już dostępna do odstąpienia. Odśwież stronę i spróbuj ponownie."
"None of the selected items are eligible for withdrawal.","Żadna z wybranych pozycji nie kwalifikuje się do odstąpienia."
"Hash mismatch for quote item %1","Niezgodność hasha dla pozycji oferty %1"
"Requested qty %1 exceeds remaining %2 for order item %3","Żądana ilość %1 przekracza pozostałą %2 dla pozycji zamówienia %3"
"No delivery confirmation recorded for this order yet.","Dla tego zamówienia nie zarejestrowano jeszcze potwierdzenia dostawy."
"No eligible items selected for withdrawal","Nie wybrano żadnych kwalifikujących się pozycji do odstąpienia"
"Physical goods","Towary fizyczne"
"Digital content (non-tangible)","Treści cyfrowe (niematerialne)"
"Digital service (SaaS / subscription)","Usługa cyfrowa (SaaS / subskrypcja)"
"Financial services (not supported)","Usługi finansowe (nieobsługiwane)"
"Downloadable products","Produkty do pobrania"
"Virtual products","Produkty wirtualne"
"Bundles containing digital children","Zestawy zawierające elementy cyfrowe"
"Custom attribute flag","Flaga atrybutu niestandardowego"
"locale_inheritance.xml missing at %1","Brak pliku locale_inheritance.xml w %1"
"locale_inheritance.xml unreadable at %1","Plik locale_inheritance.xml nie do odczytu w %1"
"locale_inheritance.xml failed XSD validation: %1","Plik locale_inheritance.xml nie przeszedł walidacji XSD: %1"
"Original payment method","Pierwotna metoda płatności"
"This is your durable-medium receipt for the withdrawal (Art. 11a(4) Directive 2011/83/EU).","To jest Twoje potwierdzenie odstąpienia na trwałym nośniku (art. 11a ust. 4 dyrektywy 2011/83/UE)."
"This email is a notification about your withdrawal request.","Ta wiadomość jest powiadomieniem o Twoim wniosku o odstąpienie."
"5–7 business days","5–7 dni roboczych"
"This is a confirmation that your withdrawal request has been recorded.","To jest potwierdzenie zarejestrowania Twojego wniosku o odstąpienie."
"MageMe EU Withdrawal is installed but not enabled. Review the compliance checklist and configure the module before enabling: <a href=""%1"">Stores → Configuration → MageMe Extensions → EU Withdrawal</a>.","Moduł MageMe EU Withdrawal jest zainstalowany, ale nie jest włączony. Przed jego włączeniem sprawdź listę kontrolną zgodności i skonfiguruj moduł: <a href=""%1"">Sklepy → Konfiguracja → Rozszerzenia MageMe → EU Withdrawal</a>."
"Delivery confirmation status is not configured. Set Stores → Configuration → MageMe Extensions → EU Withdrawal → Withdrawal Period → Delivery Confirmation Statuses.","Status potwierdzenia dostawy nie jest skonfigurowany. Ustaw: Sklepy → Konfiguracja → Rozszerzenia MageMe → EU Withdrawal → Okres odstąpienia → Statusy potwierdzenia dostawy."
"No Annex I source found for locale %1 along chain %2","Nie znaleziono źródła załącznika I dla języka %1 w łańcuchu %2"
"Annex I source for locale %1 is malformed","Źródło załącznika I dla języka %1 jest uszkodzone"
"Missing merchant variables for Annex I rendering: %1","Brak zmiennych sprzedawcy do renderowania załącznika I: %1"
"Receipt hash mismatch for request %1","Niezgodność hasha potwierdzenia dla wniosku %1"
"Request %1 not found.","Wniosek %1 nie został znaleziony."
"Denying a withdrawal request requires a legal basis of at least 10 characters.","Odrzucenie wniosku o odstąpienie wymaga podania podstawy prawnej liczącej co najmniej 10 znaków."
"Withdrawal request cannot transition from ""%1"" to ""%2"".","Wniosek o odstąpienie nie może przejść z „%1” do „%2”."
"Request %1 is not in pending_confirm state.","Wniosek %1 nie znajduje się w stanie pending_confirm."
"Withdrawal request #%1 does not exist.","Wniosek o odstąpienie #%1 nie istnieje."
"No digital items on order %1","Brak pozycji cyfrowych w zamówieniu %1"
"This is your durable-medium copy of the waiver you signed at checkout (Art. 11a(4) Directive 2011/83/EU).","To jest Twoja kopia na trwałym nośniku zgody podpisanej przy składaniu zamówienia (art. 11a ust. 4 dyrektywy 2011/83/UE)."
"Waived","Zrzeczone"
"Waiver email render failed: %1","Nie udało się wyrenderować e-maila ze zgodą: %1"
"Digital content waiver text has changed — please reload checkout.","Tekst zgody na treść cyfrową uległ zmianie — przeładuj koszyk."
"Digital content waiver is incomplete for item %1.","Zgoda na treść cyfrową jest niekompletna dla pozycji %1."
"bad","zły"
"smtp down","smtp down"
"smtp","smtp"
"down","wyłączony"
"No shipment found for order 42.","Nie znaleziono wysyłki dla zamówienia 42."
"View","Zobacz"
"Withdrawal & Customer Information","Informacje o odstąpieniu i kliencie"
"Request # %1","Wniosek # %1"
"Request Status","Status wniosku"
"Submitted At","Złożono"
"Related Order","Powiązane zamówienie"
"Jurisdiction","Jurysdykcja"
"Contract Type","Rodzaj umowy"
"Receipt Status","Status potwierdzenia"
"%1 attempt(s)","%1 prób(a)"
"Receipt Error","Błąd potwierdzenia"
"Customer Information","Dane klienta"
"Customer Name","Imię klienta"
"Email","E-mail"
"Locale","Język"
"Items Selected for Withdrawal","Pozycje wybrane do odstąpienia"
"Product","Produkt"
"Price","Cena"
"Qty","Ilość"
"Subtotal","Wartość pozycji"
"Refund","Zwrot"
"Reason","Powód"
"Eligibility","Kwalifikowalność"
"No items associated with this request.","Brak pozycji powiązanych z tym wnioskiem."
"SKU","SKU"
"Ordered","Zamówiono"
"Withdrawing","Odstąpienie"
"Refund Total","Zwrot łącznie"
"Notes for this Request","Notatki do tego wniosku"
"Internal notes — visible to admin staff only. Not sent to the customer.","Notatki wewnętrzne — widoczne tylko dla personelu administracyjnego. Nie są wysyłane do klienta."
"Comment","Komentarz"
"Add internal note (max 2000 chars)","Dodaj notatkę wewnętrzną (maks. 2000 znaków)"
"Submit Comment","Wyślij komentarz"
"No comments added yet.","Nie dodano jeszcze żadnych komentarzy."
" by %1"," przez %1"
"Refund Totals","Sumy zwrotu"
"Items Subtotal","Wartość pozycji"
"Shipping Refund","Zwrot kosztów wysyłki"
"Total Refund","Łączny zwrot"
"Changes have been made to this section that have not been saved.","W tej sekcji wprowadzono zmiany, które nie zostały zapisane."
"This tab contains invalid data. Please resolve this before saving.","Ta zakładka zawiera nieprawidłowe dane. Rozwiąż ten problem przed zapisaniem."
"Contact us","Kontakt"
"Returns","Zwroty"
"FAQs","FAQ"
"All rights reserved.","Wszelkie prawa zastrzeżone."
"Returned items","Zwrócone pozycje"
"No image","Brak zdjęcia"
"Item status","Status pozycji"
"Withdrawal options for this order","Opcje odstąpienia dla tego zamówienia"
"You can return this order until %1.","Możesz zwrócić to zamówienie do %1."
"(Art. 11a Directive 2011/83/EU)","(art. 11a dyrektywy 2011/83/UE)"
"Submit a withdrawal request to start the refund process.","Złóż wniosek o odstąpienie, aby rozpocząć proces zwrotu."
"(Art. 9(2)(b) Directive 2011/83/EU)","(art. 9 ust. 2 lit. b) dyrektywy 2011/83/UE)"
"Start withdrawal","Rozpocznij odstąpienie"
"Your withdrawal requests","Twoje wnioski o odstąpienie"
"Submitted %1","Złożone %1"
"Show items","Pokaż pozycje"
"Cancel withdrawal","Anuluj odstąpienie"
"Qty %1","Ilość %1"
"Receipt details","Szczegóły potwierdzenia"
"Receipt number","Numer potwierdzenia"
"Order number","Numer zamówienia"
"Consumer","Konsument"
"Refund total","Łączna kwota zwrotu"
"Merchant","Sprzedawca"
"Legal basis","Podstawa prawna"
"SKU %1","SKU %1"
"Shipping refund","Zwrot kosztów wysyłki"
"Tax refund","Zwrot podatku"
"Total refund","Łączny zwrot"
"Digital content — Art. 16(m) notice","Treść cyfrowa — powiadomienie art. 16(m)"
"By placing the order you agreed to begin performance of the digital content before the end of the withdrawal period and acknowledged that, once performance has begun, the right of withdrawal no longer applies. This notice is shown for your records.","Składając zamówienie zgodziłeś się na rozpoczęcie świadczenia treści cyfrowej przed końcem terminu do odstąpienia i przyjąłeś do wiadomości, że po rozpoczęciu świadczenia prawo odstąpienia nie przysługuje. To powiadomienie jest wyświetlane w celach archiwalnych."
"Existing withdrawals for this order","Istniejące odstąpienia dla tego zamówienia"
"You can cancel a withdrawal here until it is approved.","Możesz tutaj anulować odstąpienie, dopóki nie zostanie zatwierdzone."
"Request #%1","Wniosek #%1"
"SKU: %1","SKU: %1"
"Estimated refund: %1 %2","Szacowany zwrot: %1 %2"
"Cancel this withdrawal","Anuluj to odstąpienie"
"Are you sure? This cannot be undone.","Czy na pewno? Tej operacji nie można cofnąć."
"Yes, cancel","Tak, anuluj"
"Keep it","Zachowaj"
"Select items to return","Wybierz przedmioty do zwrotu"
"Choose all items or only some of them. Set the return quantity for each item you want to withdraw.","Wybierz wszystkie lub tylko niektóre przedmioty. Ustaw ilość zwrotu dla każdej pozycji, od której chcesz odstąpić."
"You have %1 days from the day you received your order to withdraw from the contract without giving a reason.","Masz %1 dni od dnia otrzymania zamówienia na odstąpienie od umowy bez podania przyczyny."
"Back to order search","Powrót do wyszukiwania zamówień"
"Cancel","Anuluj"
"Continue to review","Przejdź do podsumowania"
"Review and confirm","Sprawdź i potwierdź"
"Order #%1","Zamówienie #%1"
"Placed on %1","Złożone %1"
"Awaiting delivery","Oczekuje na dostawę"
"Delivered on %1","Dostarczone %1"
"Total","Razem"
"Return shipping","Wysyłka zwrotna"
"View return policy","Zobacz politykę zwrotów"
"Refund method","Metoda zwrotu"
"Refund will be issued to your original payment method.","Zwrot zostanie dokonany na pierwotny sposób płatności."
"Return summary","Podsumowanie zwrotu"
"Shipping & Handling","Wysyłka i obsługa"
"Tax","Podatek"
"Back to items","Powrót do pozycji"
"Submit return request","Wyślij wniosek o zwrot"
"Your return request has been submitted!","Twój wniosek o zwrot został złożony!"
"We've emailed you a notification with your return details and a prepaid return label (if applicable). You have 14 days from the delivery date to send your items back.","Wysłaliśmy do Ciebie e-mail z powiadomieniem zawierającym szczegóły zwrotu oraz opłaconą etykietę zwrotną (jeśli ma zastosowanie). Masz 14 dni od daty dostawy, aby odesłać przedmioty."
"Return request number","Numer wniosku o zwrot"
"Copy request number","Kopiuj numer wniosku"
"Copied!","Skopiowano!"
"Confirmation email sent","Wiadomość potwierdzająca wysłana"
"We've sent the details to","Wysłaliśmy szczegóły na"
"What happens next?","Co dalej?"
"Pack your items securely","Zapakuj pozycje bezpiecznie"
"Send them back using the provided instructions","Odeślij je zgodnie z dostarczonymi instrukcjami"
"We'll inspect your return","Sprawdzimy Twój zwrot"
"Your refund will be issued to your original payment method","Zwrot zostanie zaksięgowany na pierwotnej metodzie płatności"
"Need more help?","Potrzebujesz dodatkowej pomocy?"
"View my returns","Zobacz moje zwroty"
"Contact support","Skontaktuj się z pomocą"
"Purchased","Kupione"
"Returned","Zwrócone"
"Decrease quantity","Zmniejsz ilość"
"Increase quantity","Zwiększ ilość"
"Is the hygiene seal still intact?","Czy plomba higieniczna jest nadal nienaruszona?"
"Is the original software / media seal still intact?","Czy oryginalna plomba oprogramowania / nośnika jest nadal nienaruszona?"
"Yes — it's still sealed","Tak — nadal jest zapieczętowana"
"Refund possible — return the unopened package.","Zwrot możliwy — odeślij nieotwartą paczkę."
"No — I've opened it","Nie — otworzyłem/am ją"
"This item cannot be returned (Art. 16(e) Directive 2011/83/EU).","Tej pozycji nie można zwrócić (art. 16 lit. e) dyrektywy 2011/83/UE)."
"This item cannot be returned (Art. 16(i) Directive 2011/83/EU).","Tej pozycji nie można zwrócić (art. 16 lit. i) dyrektywy 2011/83/UE)."
"Once you confirm the seal is broken, this item is excluded from the withdrawal request and the quantity will be reset to zero.","Po potwierdzeniu, że plomba została naruszona, ta pozycja zostanie wyłączona z wniosku o odstąpienie, a jej ilość zostanie wyzerowana."
"Reason for return (optional)","Powód zwrotu (opcjonalnie)"
"Tell us more (optional, max 500 chars)","Opowiedz nam więcej (opcjonalnie, maks. 500 znaków)"
"Already returned.","Już zwrócone."
"awaiting admin review","oczekuje na weryfikację administratora"
"awaiting confirmation","oczekuje na potwierdzenie"
"Request %1 %2 (%3 item%4).","Wniosek %1 %2 (%3 pozycja%4)."
"Return request awaiting review.","Wniosek o zwrot oczekuje na rozpatrzenie."
"Cancel request","Anuluj wniosek"
"Under EU consumer law, you may withdraw from most contracts within 14 days without giving a reason.","Zgodnie z unijnym prawem konsumenckim możesz odstąpić od większości umów w ciągu 14 dni bez podania przyczyny."
"Read your full pre-contract rights (Art. 6)","Przeczytaj pełen zakres swoich praw przedumownych (art. 6)"
"Under Art. 6 of Directive 2011/83/EU (as amended by Directive (EU) 2023/2673), before you placed this order the seller informed you — or made available — the following information:","Zgodnie z art. 6 dyrektywy 2011/83/UE (zmienionej dyrektywą (UE) 2023/2673), przed złożeniem tego zamówienia sprzedawca poinformował Cię — lub udostępnił — następujące informacje:"
"The main characteristics of the goods or services.","Główne cechy towarów lub usług."
"The identity and contact details of the trader.","Tożsamość i dane kontaktowe przedsiębiorcy."
"The total price including all taxes and any delivery costs.","Łączna cena obejmująca wszystkie podatki oraz ewentualne koszty dostawy."
"The arrangements for payment, delivery and performance, and complaint-handling.","Zasady dotyczące płatności, dostawy, wykonania umowy oraz rozpatrywania reklamacji."
"Your right of withdrawal: under Art. 9 you have 14 days to withdraw from this distance contract without giving a reason. For physical goods, the 14-day period starts on the day you (or a third party nominated by you) take physical possession of the goods. For services and digital content, different starting dates apply (Art. 9(2)(a)/(c)).","Twoje prawo odstąpienia: zgodnie z art. 9 masz 14 dni na odstąpienie od tej umowy zawartej na odległość bez podania przyczyny. W przypadku towarów fizycznych 14-dniowy okres rozpoczyna się w dniu, w którym Ty (lub wskazana przez Ciebie osoba trzecia) obejmujesz towary w fizyczne posiadanie. Dla usług i treści cyfrowych obowiązują inne terminy początkowe (art. 9 ust. 2 lit. a)/(c))."
"Exceptions: the right does not apply to certain goods and services listed in Art. 16 (e.g., custom-made goods, sealed hygiene items once unsealed, digital content whose performance has begun with your prior express consent and acknowledgement that you lose the withdrawal right).","Wyjątki: prawo to nie ma zastosowania do niektórych towarów i usług wymienionych w art. 16 (np. towarów wykonanych na zamówienie, zapieczętowanych towarów higienicznych po naruszeniu plomby, treści cyfrowych, których świadczenie rozpoczęto za Twoją uprzednią wyraźną zgodą i z przyjęciem do wiadomości utraty prawa odstąpienia)."
"The legal guarantee of conformity for goods applies under Art. 5 of Directive 2019/771, in addition to the right of withdrawal.","Ustawowa gwarancja zgodności towarów obowiązuje na podstawie art. 5 dyrektywy 2019/771, niezależnie od prawa odstąpienia."
"Delivery: %1","Dostawa: %1"
"Total paid","Łącznie zapłacono"
"Pick an order to withdraw from","Wybierz zamówienie, od którego chcesz odstąpić"
"Select a recent order to start your withdrawal.","Wybierz ostatnie zamówienie, aby rozpocząć odstąpienie."
"Select","Wybierz"
"Withdrawal progress","Postęp odstąpienia"
"title","tytuł"
"subtitle","podtytuł"
"Items to return","Pozycje do zwrotu"
"0 items","0 pozycji"
"Refund summary","Podsumowanie zwrotu"
"No items in this order are currently eligible for withdrawal.","Żadna z pozycji tego zamówienia nie kwalifikuje się obecnie do odstąpienia."
"Each line is either already being processed, pending confirmation, or has been fully withdrawn. Check the existing requests section above for status or to cancel.","Każda pozycja jest już przetwarzana, oczekuje na potwierdzenie albo została w pełni objęta odstąpieniem. Sprawdź status lub anuluj w sekcji istniejących wniosków powyżej."
"No items selected yet. Use the + button next to an item to add it to your return.","Nie wybrano jeszcze przedmiotów. Użyj przycisku + obok przedmiotu, aby dodać go do zwrotu."
"Find your order","Znajdź swoje zamówienie"
"Enter the details you used during checkout to start a return or withdrawal.","Wprowadź dane użyte podczas zamawiania, aby rozpocząć zwrot lub odstąpienie od umowy."
"We could not find an order matching that email. Double-check your order number and email address.","Nie znaleźliśmy zamówienia pasującego do tego adresu e-mail. Sprawdź ponownie numer zamówienia i adres e-mail."
"e.g. 12345","np. 12345"
"You can find this in your order confirmation email.","Znajdziesz to w e-mailu z potwierdzeniem zamówienia."
"Email address","Adres e-mail"
"you@example.com","you@example.com"
"Must match the email used for the order.","Musi pasować do adresu e-mail użytego do zamówienia."
"Find my order","Znajdź moje zamówienie"
"You have the right to withdraw from your purchase within %1 days of receiving your order, without giving any reason.","Masz prawo odstąpić od zakupu w ciągu %1 dni od otrzymania zamówienia, bez podania przyczyny."
"Need help finding your order?","Potrzebujesz pomocy w znalezieniu zamówienia?"
"Select an order","Wybierz zamówienie"
"Choose an order from your history to start a return or withdrawal.","Wybierz zamówienie z historii, aby rozpocząć zwrot lub odstąpienie od umowy."
"You don't have any orders eligible for withdrawal. The %1-day withdrawal window runs from the day you received your order.","Nie masz żadnych zamówień kwalifikujących się do odstąpienia. %1-dniowy termin odstąpienia biegnie od dnia otrzymania zamówienia."
"View all my orders","Zobacz wszystkie moje zamówienia"
"items","pozycje"
"Select order","Wybierz zamówienie"
"No recent withdrawal","Brak ostatniego odstąpienia"
"We could not find a recent withdrawal in this session. If you have just submitted one, please check your inbox for the confirmation email.","Nie znaleźliśmy ostatniego odstąpienia w tej sesji. Jeśli właśnie je złożyłeś/aś, sprawdź swoją skrzynkę odbiorczą w poszukiwaniu wiadomości potwierdzającej."
"Start a new withdrawal","Rozpocznij nowe odstąpienie"
"Withdrawal #%1 submitted","Odstąpienie #%1 złożone"
"Related order:","Powiązane zamówienie:"
"Items","Pozycje"
"Items included in this withdrawal","Pozycje uwzględnione w tym odstąpieniu"
"Line Total","Wartość pozycji"
"What happens next","Co dalej"
"You will receive a receipt email with the full withdrawal statement and integrity hash within a few minutes.","W ciągu kilku minut otrzymasz e-mail z potwierdzeniem zawierający pełne oświadczenie o odstąpieniu oraz hash integralności."
"The %1-day window under Art. 9 CRD is locked to the moment you confirmed the withdrawal — nothing further is required from you to preserve the right.","%1-dniowy termin z art. 9 dyrektywy o prawach konsumentów (CRD) zostaje utrwalony w chwili potwierdzenia odstąpienia — z Twojej strony nie są wymagane żadne dalsze działania, aby zachować to prawo."
"The final refund is determined after we receive the returned items (Art. 14(2)) and is issued to the original payment method. Expect the funds within 14 days of receipt.","Ostateczna kwota zwrotu jest ustalana po otrzymaniu przez nas zwróconych towarów (art. 14 ust. 2) i jest dokonywana na pierwotną metodę płatności. Spodziewaj się środków w ciągu 14 dni od otrzymania."
"Back to Withdrawals","Powrót do odstąpień"
"Verzichtsbestätigung digitaler Inhalte — Bestellung %increment_id","Potwierdzenie zgody na treści cyfrowe — Zamówienie %increment_id"
"Sehr geehrte/r %name,","Szanowny/a %name,"
"Dies ist die Bestätigung auf einem dauerhaften Datenträger Ihrer ausdrücklichen Einwilligung zum Beginn der Ausführung folgender digitaler Inhalte sowie Ihrer Bestätigung, dass Sie dadurch Ihr Widerrufsrecht verlieren (Art. 16(m) VRL).","To jest potwierdzenie na trwałym nośniku Państwa wyraźnej zgody na rozpoczęcie świadczenia poniższych treści cyfrowych oraz Państwa potwierdzenia, że tym samym tracą Państwo prawo odstąpienia od umowy (art. 16 lit. m) dyrektywy o prawach konsumentów)."
"Durch den Verzicht abgedeckte digitale Inhalte","Treści cyfrowe objęte tą zgodą"
"Ihre ausdrückliche Einwilligung","Państwa wyraźna zgoda"
"Eingewilligt am:","Zgoda wyrażona dnia:"
"Ihre Bestätigung zum Verlust des Widerrufsrechts","Państwa potwierdzenie utraty prawa odstąpienia"
"Bestätigt am:","Potwierdzono dnia:"
"Verzichtsreferenz:","Numer referencyjny zgody:"
"Rechtsgrundlage: Art. 16(m) Verbraucherrechterichtlinie 2011/83/EU.","Podstawa prawna: art. 16 lit. m) dyrektywy 2011/83/UE o prawach konsumentów."
"Digital content waiver confirmation — Order %1","Potwierdzenie zgody na treści cyfrowe — Zamówienie %1"
"Dear %name,","Szanowny/a %name,"
"This is the durable-medium confirmation of your express consent to begin performance of the following digital items, and your acknowledgment that by doing so you lose your right of withdrawal (Art. 16(m) CRD).","To jest potwierdzenie na trwałym nośniku Twojej wyraźnej zgody na rozpoczęcie świadczenia poniższych pozycji cyfrowych oraz Twojego przyjęcia do wiadomości, że tym samym tracisz prawo odstąpienia (art. 16 lit. m) dyrektywy o prawach konsumentów)."
"Digital items covered by this waiver","Pozycje cyfrowe objęte tą zgodą"
"Your express consent","Twoja wyraźna zgoda"
"Consented at:","Zgoda wyrażona dnia:"
"Your acknowledgment of loss of withdrawal right","Twoje przyjęcie do wiadomości utraty prawa odstąpienia"
"Acknowledged at:","Potwierdzono dnia:"
"Waiver reference:","Numer referencyjny zgody:"
"Legal basis: Art. 16(m) Consumer Rights Directive 2011/83/EU.","Podstawa prawna: art. 16 lit. m) dyrektywy 2011/83/UE o prawach konsumentów."
"Digitaalisen sisällön luopumisvahvistus — Tilaus %increment_id","Potwierdzenie zgody na treści cyfrowe — Zamówienie %increment_id"
"Hyvä %name,","Szanowny/a %name,"
"Tämä on pysyvällä tietovälineellä annettu vahvistus nimenomaisesta suostumuksestasi aloittaa seuraavien digitaalisten sisältöjen toimitus sekä vahvistuksestasi, että menetät peruuttamisoikeutesi (KSL 6:16).","To jest potwierdzenie na trwałym nośniku Twojej wyraźnej zgody na rozpoczęcie dostarczania poniższych treści cyfrowych oraz Twojego potwierdzenia utraty prawa odstąpienia (rozdział 6 § 16 fińskiej ustawy o ochronie konsumentów)."
"Luopumisen kattamat digitaaliset sisällöt","Treści cyfrowe objęte tą zgodą"
"Nimenomainen suostumuksesi","Twoja wyraźna zgoda"
"Suostuttu:","Zgoda wyrażona dnia:"
"Vahvistuksesi peruuttamisoikeuden menettämisestä","Twoje potwierdzenie utraty prawa odstąpienia"
"Vahvistettu:","Potwierdzono dnia:"
"Luopumisen viite:","Numer referencyjny zgody:"
"Oikeusperusta: KSL 6:16 / Art. 16(m) kuluttajanoikeusdirektiivi 2011/83/EU.","Podstawa prawna: rozdział 6 § 16 fińskiej ustawy o ochronie konsumentów / art. 16 lit. m) dyrektywy 2011/83/UE o prawach konsumentów."
"Confirmation de renonciation au contenu numérique — Commande %increment_id","Potwierdzenie zgody na treści cyfrowe — Zamówienie %increment_id"
"Cher/Chère %name,","Szanowny/a %name,"
"Ceci est la confirmation sur un support durable de votre consentement exprès à commencer l'exécution des contenus numériques suivants, et de votre reconnaissance que vous perdez ainsi votre droit de rétractation (Art. L. 221-28 Code consommation).","To jest potwierdzenie na trwałym nośniku Twojej wyraźnej zgody na rozpoczęcie świadczenia poniższych treści cyfrowych oraz Twojego przyjęcia do wiadomości, że tym samym tracisz prawo odstąpienia (art. L. 221-28 francuskiego Kodeksu konsumenckiego)."
"Contenus numériques couverts par la présente renonciation","Treści cyfrowe objęte tą zgodą"
"Votre consentement exprès","Twoja wyraźna zgoda"
"Consenti le :","Zgoda wyrażona dnia:"
"Votre reconnaissance de la perte du droit de rétractation","Twoje przyjęcie do wiadomości utraty prawa odstąpienia"
"Reconnu le :","Potwierdzono dnia:"
"Référence de renonciation :","Numer referencyjny zgody:"
"Base légale : Art. L. 221-28 Code consommation / Art. 16(m) Directive 2011/83/UE.","Podstawa prawna: art. L. 221-28 francuskiego Kodeksu konsumenckiego / art. 16 lit. m) dyrektywy 2011/83/UE."
"Bevestiging afstand digitale inhoud — Bestelling %increment_id","Potwierdzenie zgody na treści cyfrowe — Zamówienie %increment_id"
"Beste %name,","Szanowny/a %name,"
"Dit is de bevestiging op een duurzame gegevensdrager van uw uitdrukkelijke toestemming om te beginnen met de levering van de volgende digitale inhoud, en uw erkenning dat u daardoor uw herroepingsrecht verliest (Art. 6:230s BW).","To jest potwierdzenie na trwałym nośniku Państwa wyraźnej zgody na rozpoczęcie dostarczania poniższych treści cyfrowych oraz Państwa potwierdzenia, że tym samym tracą Państwo prawo odstąpienia (art. 6:230s holenderskiego Kodeksu cywilnego)."
"Onder deze afstand vallende digitale items","Pozycje cyfrowe objęte tą zgodą"
"Uw uitdrukkelijke toestemming","Państwa wyraźna zgoda"
"Toestemming verleend op:","Zgoda wyrażona dnia:"
"Uw erkenning van verlies van herroepingsrecht","Państwa potwierdzenie utraty prawa odstąpienia"
"Erkend op:","Potwierdzono dnia:"
"Afstandreferentie:","Numer referencyjny zgody:"
"Rechtsgrondslag: Art. 6:230s BW / Art. 16(m) Richtlijn 2011/83/EU.","Podstawa prawna: art. 6:230s holenderskiego Kodeksu cywilnego / art. 16 lit. m) dyrektywy 2011/83/UE."
"[EU Withdrawal] Receipt send failed — request #%request_id","[EU Withdrawal] Wysłanie potwierdzenia nie powiodło się — wniosek #%request_id"
"The receipt email for withdrawal request #%request_id has failed to send permanently.","E-mail z potwierdzeniem dla wniosku o odstąpienie #%request_id nie został trwale dostarczony."
"Inspect the <code>mm_eu_withdrawal_request.receipt_last_error</code> column for the last error message, and the <code>mm_eu_withdrawal_request.receipt_send_attempts</code> column for the retry count.","Sprawdź kolumnę <code>mm_eu_withdrawal_request.receipt_last_error</code>, aby zobaczyć ostatni komunikat błędu, oraz kolumnę <code>mm_eu_withdrawal_request.receipt_send_attempts</code>, aby zobaczyć liczbę prób."
"You can requeue the send from the admin grid after resolving the underlying issue.","Po rozwiązaniu pierwotnego problemu możesz ponownie umieścić wysyłkę w kolejce z poziomu siatki administracyjnej."
"Your refund is on its way — Withdrawal #%1","Twój zwrot jest w drodze — Odstąpienie #%1"
"Your refund is on its way","Twój zwrot jest w drodze"
"Hi %name, we've approved your withdrawal request and started the refund process.","Cześć %name, zatwierdziliśmy Twój wniosek o odstąpienie i rozpoczęliśmy proces zwrotu pieniędzy."
"View refund details","Zobacz szczegóły zwrotu"
"Withdrawal number","Numer odstąpienia"
"Approved on","Zatwierdzone"
"Estimated arrival","Przewidywany termin wpływu"
"Status","Status"
"Your refund will be issued to your original payment method within 5–7 business days. You'll see it on your card or bank statement once it lands.","Zwrot zostanie zaksięgowany na pierwotnej metodzie płatności w ciągu 5–7 dni roboczych. Gdy środki dotrą, zobaczysz je na wyciągu z karty lub konta bankowego."
"Need help?","Potrzebujesz pomocy?"
"Reply to this email or contact us at","Odpowiedz na tego e-maila lub skontaktuj się z nami pod adresem"
"Your withdrawal was cancelled — Withdrawal #%1","Twoje odstąpienie zostało anulowane — Odstąpienie #%1"
"Your withdrawal was cancelled","Twoje odstąpienie zostało anulowane"
"Hi %name, we've cancelled your withdrawal request.","Cześć %name, anulowaliśmy Twój wniosek o odstąpienie."
"Submit a new request","Złóż nowy wniosek"
"Cancelled request","Anulowany wniosek"
"Cancelled on","Anulowano"
"Refund requested","Wnioskowany zwrot"
"If this was unexpected, you can submit a new withdrawal request as long as your %period_days-day window is still open. Reach out if you need help — we're happy to clarify.","Jeśli to było nieoczekiwane, możesz złożyć nowy wniosek o odstąpienie, dopóki Twój %period_days-dniowy termin jest otwarty. Daj znać, jeśli potrzebujesz pomocy — chętnie wszystko wyjaśnimy."
"Cancellation confirmed — Withdrawal #%1","Anulowanie potwierdzone — Odstąpienie #%1"
"Cancellation confirmed","Anulowanie potwierdzone"
"Hi %name, your withdrawal request has been cancelled as you asked.","Cześć %name, Twój wniosek o odstąpienie został anulowany zgodnie z Twoją prośbą."
"Back to my orders","Powrót do moich zamówień"
"Cancelled by","Anulowane przez"
"You","Ty"
"Your order remains active and there's no further action needed. If you change your mind, you can start a new withdrawal request any time within your %period_days-day window.","Twoje zamówienie pozostaje aktywne i nie musisz nic więcej robić. Jeśli zmienisz zdanie, możesz w dowolnej chwili w ciągu %period_days-dniowego terminu złożyć nowy wniosek o odstąpienie."
"Update on your withdrawal request — Withdrawal #%1","Aktualizacja Twojego wniosku o odstąpienie — Odstąpienie #%1"
"We can't process this withdrawal","Nie możemy zrealizować tego odstąpienia"
"Hi %name, after reviewing your withdrawal request we're unable to approve it.","Cześć %name, po rozpatrzeniu Twojego wniosku o odstąpienie nie możemy go zatwierdzić."
"Request details","Szczegóły wniosku"
"Reviewed on","Rozpatrzone"
"Decision","Decyzja"
"Reason from our team","Powód od naszego zespołu"
"If you'd like to discuss this decision, our team is here to help. Reply to this email or use the button above.","Jeśli chcesz omówić tę decyzję, nasz zespół jest do Twojej dyspozycji. Odpowiedz na tego e-maila lub użyj przycisku powyżej."
"Your withdrawal request has been submitted — Order #%1","Twój wniosek o odstąpienie został złożony — Zamówienie #%1"
"Your return request has been submitted","Twój wniosek o zwrot został złożony"
"Hi %name, we've received your return request and are currently reviewing it. You'll hear back when we've inspected your return and processed your refund.","Cześć %name, otrzymaliśmy Twój wniosek o zwrot i obecnie go rozpatrujemy. Skontaktujemy się z Tobą, gdy sprawdzimy zwrot i zrealizujemy refundację."
"Return number","Numer zwrotu"
"Requested on","Zażądane"
"We'll inspect your return and notify you once approved. Refunds are issued to your original payment method within 5–7 business days after approval.","Sprawdzimy Twój zwrot i powiadomimy Cię po zatwierdzeniu. Zwroty są księgowane na pierwotnej metodzie płatności w ciągu 5–7 dni roboczych od zatwierdzenia."
"If you have any questions, our customer service team is here to help.","Jeśli masz jakiekolwiek pytania, nasz zespół obsługi klienta chętnie Ci pomoże."
"Visit our help center","Odwiedź nasze centrum pomocy"
"If you did not initiate this request, contact us immediately at","Jeśli nie składałeś/aś tego wniosku, skontaktuj się z nami niezwłocznie pod adresem"
"Withdrawal receipt — Order #%1","Potwierdzenie odstąpienia — Zamówienie #%1"
"Withdrawal receipt","Potwierdzenie odstąpienia"
"Hi %name, this email is your durable-medium proof of withdrawal under Art. 11a Directive 2011/83/EU. Keep it for your records.","Cześć %name, ten e-mail stanowi Twój dowód odstąpienia na trwałym nośniku zgodnie z art. 11a dyrektywy 2011/83/UE. Zachowaj go dla swoich akt."
"Submitted on","Złożono"
"Your %store_name order confirmation","Potwierdzenie zamówienia w %store_name"
"%customer_name,","%customer_name,"
"Thank you for your order from %store_name.","Dziękujemy za zamówienie w %store_name."
"Once your package ships we will send you a tracking number.","Po wysyłce paczki prześlemy Ci numer do śledzenia."
"You can check the status of your order by <a href=""%account_url"">logging into your account</a>.","Status zamówienia możesz sprawdzić, <a href=""%account_url"">logując się na swoje konto</a>."
"If you have questions about your order, you can email us at <a href=""mailto:%store_email"">%store_email</a>","Jeśli masz pytania dotyczące swojego zamówienia, napisz do nas na adres <a href=""mailto:%store_email"">%store_email</a>"
"or call us at <a href=""tel:%store_phone"">%store_phone</a>","lub zadzwoń pod numer <a href=""tel:%store_phone"">%store_phone</a>"
"Our hours are <span class=""no-link"">%store_hours</span>.","Godziny pracy: <span class=""no-link"">%store_hours</span>."
"Your Order <span class=""no-link"">#%increment_id</span>","Twoje zamówienie <span class=""no-link"">#%increment_id</span>"
"Placed on <span class=""no-link"">%created_at</span>","Złożone <span class=""no-link"">%created_at</span>"
"Billing Info","Dane rozliczeniowe"
"Shipping Info","Dane wysyłki"
"Payment Method","Metoda płatności"
"Shipping Method","Metoda wysyłki"
"%name,","%name,"
"Once your package ships we will send an email with a link to track your order.","Po wysyłce paczki wyślemy e-mail z linkiem do śledzenia zamówienia."
"Your %store_name order has shipped","Twoje zamówienie %store_name zostało wysłane"
"Your shipping confirmation is below. Thank you again for your business.","Potwierdzenie wysyłki znajduje się poniżej. Jeszcze raz dziękujemy za zakupy."
"Your Shipment #%shipment_id for Order #%order_id","Twoja wysyłka #%shipment_id dotycząca zamówienia #%order_id"
"Your digital content waiver is on file","Twoja zgoda na treści cyfrowe jest zarejestrowana"
"Hi %name, you've consented to immediate digital delivery of the items below — this is your durable-medium copy of that consent (Art. 11a(4) CRD).","Cześć %name, wyraziłeś/aś zgodę na natychmiastowe dostarczenie cyfrowe poniższych pozycji — to jest Twoja kopia tej zgody na trwałym nośniku (art. 11a ust. 4 CRD)."
"View order","Zobacz zamówienie"
"Consented at","Zgoda wyrażona dnia"
"Acknowledged at","Potwierdzono"
"Keep this email as your durable-medium record. The merchant has stored the SHA-256 hash of the legal text you accepted:","Zachowaj tego e-maila jako swój zapis na trwałym nośniku. Sprzedawca zapisał hasz SHA-256 tekstu prawnego, który zaakceptowałeś/aś:"
"Digital content waiver","Zrzeczenie się dla treści cyfrowych"
"We need your explicit consent before you can buy this digital item — please read both points carefully.","Potrzebujemy Twojej wyraźnej zgody przed zakupem tego cyfrowego produktu — prosimy, dokładnie przeczytaj oba punkty."
"We log this consent with your IP and timestamp for our audit record.","Rejestrujemy tę zgodę wraz z Twoim adresem IP i znacznikiem czasu na potrzeby naszej dokumentacji audytowej."
"Continue","Kontynuuj"
"Waiver could not be saved. Please retry.","Nie udało się zapisać zgody. Spróbuj ponownie."
"Enable for EU Withdrawal Lookup Form","Włącz dla formularza wyszukiwania odstąpienia UE"
"MageMe Extensions","Rozszerzenia MageMe"
"EU Withdrawal","Odstąpienie od umowy w UE"
"General","Ogólne"
"Enable Module","Włącz moduł"
"Activates frontend and cron jobs. Default: disabled. Complete the manual setup checklist before enabling.","Aktywuje frontend i zadania cron. Domyślnie: wyłączone. Przed włączeniem wykonaj listę kontrolną ręcznej konfiguracji."
"Request Number Prefix","Prefiks numeru wniosku"
"Optional prefix prepended to the withdrawal request increment ID in customer-facing UI (e.g. ""RR-"" renders as ""RR-000000022""). Leave blank to show the plain padded number.","Opcjonalny prefiks dodawany przed identyfikatorem przyrostowym wniosku o odstąpienie w interfejsie dla klienta (np. „RR-” wyświetli się jako „RR-000000022”). Pozostaw puste, aby wyświetlać sam numer z dopełnieniem."
"Default Contract Type","Domyślny typ umowy"
"Frontend Route","Trasa frontendu"
"URL prefix used by the customer-facing withdrawal flow (e.g. <code>withdraw-contract</code> renders as <code>/withdraw-contract/...</code>). Lowercase letters, digits, dashes and underscores only.","Prefiks URL używany w przebiegu odstąpienia po stronie klienta (np. <code>withdraw-contract</code> wyświetli się jako <code>/withdraw-contract/...</code>)."
"Withdrawal Period","Okres odstąpienia"
"Delivery Confirmation Statuses","Statusy potwierdzenia dostawy"
"Pick one or more order statuses whose <em>transition</em> means the customer received the goods in your fulfillment workflow. The 14-day withdrawal window starts on the timestamp of the order's <em>earliest</em> transition into <em>any</em> of the selected statuses (Art. 9(2)(b) Directive 2011/83/EU). Multi-select supports merchants who use several ""delivered""-type statuses (e.g. <code>delivered</code> + <code>complete</code> + <code>delivered_partial</code>). Until the order reaches any of them, the right of withdrawal is open with no fixed deadline.","Wybierz jeden lub więcej statusów zamówienia, których <em>przejście</em> oznacza w Twoim procesie realizacji, że klient otrzymał towar. 14-dniowy termin odstąpienia rozpoczyna się od znacznika czasu <em>najwcześniejszego</em> przejścia zamówienia w <em>którykolwiek</em> z wybranych statusów (art. 9 ust. 2 lit. b) dyrektywy 2011/83/UE). Wielokrotny wybór wspiera sprzedawców używających kilku statusów typu „dostarczone” (np. <code>delivered</code> + <code>complete</code> + <code>delivered_partial</code>). Dopóki zamówienie nie osiągnie żadnego z nich, prawo odstąpienia jest otwarte bez ustalonego terminu."
"Eligibility Rules (Art. 16 CRD Presets)","Reguły kwalifikowalności (predefiniowane art. 16 CRD)"
"Art. 16(c) Custom-Made Goods","Art. 16 lit. c) towary wykonane na zamówienie"
"Excludes products made to customer specifications or clearly personalised (e.g. engraved jewellery, made-to-measure clothing). <strong>Requires</strong> product attribute <code>is_custom_made = true</code>. If enabled, orders containing such items cannot be withdrawn — customers will see this when attempting to start withdrawal.","Wyłącza produkty wykonane według specyfikacji klienta lub wyraźnie spersonalizowane (np. grawerowana biżuteria, odzież szyta na miarę). <strong>Wymaga</strong> atrybutu produktu <code>is_custom_made = true</code>. Po włączeniu zamówień zawierających takie pozycje nie można objąć odstąpieniem — klienci zobaczą to przy próbie rozpoczęcia odstąpienia."
"Art. 16(d) Perishable Goods","Art. 16 lit. d) towary szybko psujące się"
"Excludes goods that can deteriorate or expire rapidly (fresh food, cut flowers, short-shelf-life pharmaceuticals). <strong>Requires</strong> product attribute <code>is_perishable = true</code>. Do not enable for all categories — apply it only to truly perishable SKUs, otherwise you will unlawfully deny valid withdrawals.","Wyłącza towary, które mogą szybko się zepsuć lub stracić ważność (świeża żywność, cięte kwiaty, farmaceutyki o krótkim terminie ważności). <strong>Wymaga</strong> atrybutu produktu <code>is_perishable = true</code>. Nie włączaj dla wszystkich kategorii — stosuj wyłącznie do faktycznie szybko psujących się SKU, w przeciwnym razie bezprawnie odrzucisz uzasadnione odstąpienia."
"Art. 16(e) Sealed Hygiene / Health","Art. 16 lit. e) zapieczętowane towary higieniczne / zdrowotne"
"Excludes sealed hygiene or health items <strong>only if the seal has been broken after delivery</strong> (cosmetics, intimate apparel, sealed medical supplies). <strong>Requires</strong> product attribute <code>is_sealed_hygiene = true</code>. The exclusion depends on a seal-check at the time of withdrawal (workflow in phase-04) — a sealed, unopened return remains eligible.","Wyłącza zapieczętowane towary higieniczne lub zdrowotne <strong>tylko jeśli plomba została naruszona po dostawie</strong> (kosmetyki, bielizna osobista, zapieczętowane wyroby medyczne). <strong>Wymaga</strong> atrybutu produktu <code>is_sealed_hygiene = true</code>. Wyłączenie zależy od kontroli plomby w momencie odstąpienia (przepływ w fazie 4) — zapieczętowany, nieotwarty zwrot pozostaje kwalifikowany."
"Art. 16(i) Sealed Audio / Video / Software","Art. 16 lit. i) zapieczętowane audio / wideo / oprogramowanie"
"Excludes sealed audio recordings, video recordings, or sealed computer software <strong>only if the seal has been broken after delivery</strong>. <strong>Requires</strong> product attribute <code>is_sealed_av = true</code>. Same seal-check logic as Art. 16(e). Does not apply to streaming / digital-download content — use Art. 16(m) for those.","Wyłącza zapieczętowane nagrania audio, nagrania wideo lub zapieczętowane oprogramowanie komputerowe <strong>tylko jeśli plomba została naruszona po dostawie</strong>. <strong>Wymaga</strong> atrybutu produktu <code>is_sealed_av = true</code>. Ta sama logika kontroli plomby co art. 16 lit. e). Nie dotyczy treści przesyłanych strumieniowo / pobieranych cyfrowo — dla nich użyj art. 16 lit. m)."
"Digital Content (Art. 16(m))","Treści cyfrowe (art. 16 lit. m)"
"Detection","Wykrywanie"
"Enable Digital Content Detection","Włącz wykrywanie treści cyfrowych"
"Master switch for Art. 16(m) digital-content detection. When off, no product is recognised as digital, the checkout waiver step is not required, and the preset always allows withdrawal.","Główny przełącznik wykrywania treści cyfrowych z art. 16 lit. m). Gdy wyłączony, żaden produkt nie jest rozpoznawany jako cyfrowy, krok zgody w kasie nie jest wymagany, a predefiniowana reguła zawsze dopuszcza odstąpienie."
"Detection Strategies","Strategie wykrywania"
"Which product-type heuristics trigger the digital-content waiver gate. Downloadable + virtual are safe defaults; bundle_contains_digital inspects bundle children; custom_attribute reads the EAV flag configured below.","Które heurystyki typu produktu uruchamiają bramę zgody na treści cyfrowe. Downloadable + virtual to bezpieczne ustawienia domyślne; bundle_contains_digital sprawdza dzieci zestawu; custom_attribute odczytuje flagę EAV skonfigurowaną poniżej."
"Custom Attribute Code","Kod atrybutu niestandardowego"
"EAV attribute code used <strong>only</strong> when <em>Custom attribute flag</em> is picked in <em>Detection strategies</em> above. Default: <code>is_digital_content</code> (boolean attribute, 1 = digital). Ignored otherwise.","Kod atrybutu EAV używany <strong>wyłącznie</strong>, gdy w <em>Strategiach wykrywania</em> powyżej wybrano <em>Flagę atrybutu niestandardowego</em>. Domyślnie: <code>is_digital_content</code> (atrybut boolean, 1 = cyfrowy). W innym przypadku ignorowany."
"Checkout Step + Email","Krok kasy + e-mail"
"Enable Checkout Waiver Step","Włącz krok zgody w kasie"
"When on, carts that contain a detected digital item render the 2-checkbox waiver step at checkout. Has no effect unless <em>Detection → Enable digital content detection</em> is also on.","Gdy włączony, koszyki zawierające wykrytą pozycję cyfrową wyświetlają w kasie krok zgody z 2 polami wyboru. Nie działa, jeśli nie jest również włączone <em>Wykrywanie → Włącz wykrywanie treści cyfrowych</em>."
"Merchant BCC Address for Confirmation Emails","Adres BCC sprzedawcy dla e-maili potwierdzających"
"Optional. Blind-copies the waiver-confirmation email to a merchant audit address. Leave blank to skip.","Opcjonalnie. Wysyła ukrytą kopię e-maila potwierdzającego zgodę na adres audytowy sprzedawcy. Pozostaw puste, aby pominąć."
"Mark Virtual-Only Items as Performance-Started on Confirmation","Oznacz pozycje wyłącznie wirtualne jako rozpoczęte przy potwierdzeniu"
"Virtual products have no download trigger. When on, the waiver confirmation email's dispatch counts as performance-start for virtual-only items.","Produkty wirtualne nie mają wyzwalacza pobierania. Gdy włączone, wysłanie e-maila potwierdzającego zgodę liczy się jako rozpoczęcie świadczenia dla pozycji wyłącznie wirtualnych (granica I-6)."
"Confirmation Email Identity","Tożsamość e-maila potwierdzającego"
"Per-Locale Waiver Text Overrides","Nadpisania tekstu zgody dla poszczególnych języków"
"English (en_US)","Angielski (en_US)"
"Consent Text","Tekst zgody"
"Right-Loss Acknowledgment Text","Tekst potwierdzenia utraty prawa"
"German (de_DE)","Niemiecki (de_DE)"
"Finnish (fi_FI)","Fiński (fi_FI)"
"Dutch (nl_NL)","Niderlandzki (nl_NL)"
"French (fr_FR)","Francuski (fr_FR)"
"Italian (it_IT)","Włoski (it_IT)"
"Spanish (es_ES)","Hiszpański (es_ES)"
"Polish (pl_PL)","Polski (pl_PL)"
"Portuguese (pt_PT)","Portugalski (pt_PT)"
"Danish (da_DK)","Duński (da_DK)"
"Swedish (sv_SE)","Szwedzki (sv_SE)"
"German — Austria (de_AT)","Niemiecki — Austria (de_AT)"
"Swedish — Finland (sv_FI)","Szwedzki — Finlandia (sv_FI)"
"Dutch — Belgium (nl_BE)","Niderlandzki — Belgia (nl_BE)"
"French — Belgium (fr_BE)","Francuski — Belgia (fr_BE)"
"German — Belgium (de_BE)","Niemiecki — Belgia (de_BE)"
"French — Luxembourg (fr_LU)","Francuski — Luksemburg (fr_LU)"
"Pre-Contract Information (Art. 6(1)(h))","Informacje przedumowne (art. 6 ust. 1 lit. h)"
"Enable Pre-Contract Disclosure","Włącz informację przedumowną"
"Master kill-switch. Disabled = block does not render and no display events are recorded. Disabling exposes the merchant to Art. 10 (12 month + 14 day extended withdrawal period). Default: enabled.","Główny wyłącznik awaryjny. Wyłączone = blok nie jest renderowany i nie są rejestrowane zdarzenia wyświetlenia. Wyłączenie naraża sprzedawcę na art. 10 (przedłużony termin odstąpienia: 12 miesięcy + 14 dni). Domyślnie: włączone."
"Withdrawal Period (Days)","Okres odstąpienia (dni)"
"Default 14 days per Art. 9(2). Extension allowed (e.g. 30, 100). Reduction below 14 is illegal — the field validates >=14 only when the module is enabled.","Domyślnie 14 dni zgodnie z art. 9 ust. 2. Wydłużenie dozwolone (np. 30, 100). Skrócenie poniżej 14 jest niezgodne z prawem — pole jest walidowane na >=14 tylko gdy moduł jest włączony."
"Return Address","Adres do zwrotu"
"Where consumers send goods back. Leave empty to fall back to the store address from Stores → Configuration → General → General → Store Information.","Adres, na który konsumenci odsyłają towary. Pozostaw puste, aby użyć adresu ze Sklepy → Konfiguracja → Ogólne → Ogólne → Informacje o sklepie."
"Display In Checkout","Wyświetlaj w kasie"
"Annex I Overrides Per Locale","Nadpisania załącznika I dla poszczególnych języków"
"Bulgarian (bg_BG)","Bułgarski (bg_BG)"
"Czech (cs_CZ)","Czeski (cs_CZ)"
"Greek (el_GR)","Grecki (el_GR)"
"Estonian (et_EE)","Estoński (et_EE)"
"Croatian (hr_HR)","Chorwacki (hr_HR)"
"Hungarian (hu_HU)","Węgierski (hu_HU)"
"Lithuanian (lt_LT)","Litewski (lt_LT)"
"Latvian (lv_LV)","Łotewski (lv_LV)"
"Romanian (ro_RO)","Rumuński (ro_RO)"
"Slovak (sk_SK)","Słowacki (sk_SK)"
"Slovenian (sl_SI)","Słoweński (sl_SI)"
"Frontend","Frontend"
"Buttons","Przyciski"
"Step 1 Button Label","Etykieta przycisku kroku 1"
"Step 2 Button Label (Confirmation)","Etykieta przycisku kroku 2 (potwierdzenie)"
"<strong>⚠ Legal warning.</strong> This is the label on the final confirmation button. Default (""Confirm withdrawal"") is counsel-signed. Per-locale translations are counsel-signed. Override only with written legal advice; overrides are audit-logged.","<strong>⚠ Ostrzeżenie prawne (luka #4).</strong> To jest etykieta końcowego przycisku potwierdzenia. Wartość domyślna („Potwierdź odstąpienie”) jest zatwierdzona przez prawników. Per-locale translations are counsel-signed. Nadpisuj wyłącznie po uzyskaniu pisemnej opinii prawnej; nadpisania są rejestrowane w dzienniku audytu."
"Placements","Umiejscowienia"
"Show Footer Link","Pokaż link w stopce"
"Show in My Account","Pokaż w Moim koncie"
"Return Reasons","Powody zwrotu"
"Reasons","Powody"
"List of reasons offered to the customer in the per-item dropdown. <strong>Code</strong> is the machine value (lowercase, snake_case, max 32 chars); <strong>Label</strong> is the visible text. Empty grid hides the dropdown entirely.","Lista powodów oferowanych klientowi w rozwijanym menu przy każdej pozycji. <strong>Kod</strong> to wartość maszynowa zapisywana w bazie (małe litery, snake_case, maks. 32 znaki); <strong>Etykieta</strong> to widoczny tekst. Pusta siatka całkowicie ukrywa rozwijane menu."
"Enable ""Other"" with Free Text","Włącz „Inne” z dowolnym tekstem"
"When enabled, an ""Other"" option appears in the dropdown that reveals a free-text field (max 500 chars).","Po włączeniu w rozwijanym menu pojawi się opcja „Inne”, która ujawnia pole dowolnego tekstu (maks. 500 znaków)."
"Review Step","Krok przeglądu"
"Return Shipping Notice","Informacja o wysyłce zwrotnej"
"Text shown on the Review & Confirm step (step 3). Example: ""You'll receive a prepaid shipping label in the confirmation email."" or ""Return shipping costs are paid by the customer."" Leave blank to hide the row.","Tekst wyświetlany na kroku „Sprawdź i potwierdź” (krok 3). Przykład: „W e-mailu potwierdzającym otrzymasz opłaconą etykietę wysyłkową.” lub „Koszty wysyłki zwrotnej pokrywa klient.” Pozostaw puste, aby ukryć wiersz."
"Return Policy URL","URL polityki zwrotów"
"Optional link rendered next to the shipping notice (""View return policy""). Accepts absolute URLs or relative paths like ""return-policy"".","Opcjonalny link wyświetlany obok informacji o wysyłce („Zobacz politykę zwrotów”). Akceptuje pełne adresy URL lub ścieżki względne, np. „return-policy”."
"Customer Notifications","Powiadomienia dla klientów"
"All customer-facing emails sent by the module. Each email can be enabled/disabled, assigned a custom template (Marketing → Email Templates), and BCC'd to a merchant address. The shared <em>Branding</em> subgroup at the bottom controls the layout (USP strip, social links) used by every email below.","Wszystkie e-maile do klientów wysyłane przez moduł. Każdy e-mail można włączyć/wyłączyć, przypisać niestandardowy szablon (Marketing → Szablony e-maili) oraz wysłać ukrytą kopię (BCC) na adres sprzedawcy. Wspólna podgrupa <em>Branding</em> u dołu kontroluje układ (pasek USP, linki społecznościowe) używany przez każdy z poniższych e-maili."
"1. Submission Confirmation Email","1. E-mail z potwierdzeniem złożenia"
"Enabled","Włączone"
"Email Template","Szablon e-maila"
"BCC Merchant","Ukryta kopia do sprzedawcy (BCC)"
"Comma-separated. Leave blank to disable.","Oddzielone przecinkami. Pozostaw puste, aby wyłączyć."
"2. Approval Email","2. E-mail o zatwierdzeniu"
"3. Denial Email","3. E-mail o odmowie"
"4. Cancellation Email (Admin-Initiated)","4. E-mail o anulowaniu (z inicjatywy administratora)"
"5. Cancellation Email (Customer Self-Cancel)","5. E-mail o anulowaniu (anulowanie przez klienta)"
"6. Receipt Email (Durable Medium — Art. 11a(4))","6. E-mail z potwierdzeniem (trwały nośnik — art. 11a ust. 4)"
"Legally required durable-medium confirmation. Cannot be fully disabled (Art. 11a(4) Directive 2011/83/EU). Disabling here only stops the sender — the receipt is still generated and stored.","Prawnie wymagane potwierdzenie na trwałym nośniku. Nie można go całkowicie wyłączyć (art. 11a ust. 4 dyrektywy 2011/83/UE). Wyłączenie tutaj zatrzymuje jedynie wysyłkę — potwierdzenie jest nadal generowane i przechowywane."
"Send Email","Wyślij e-mail"
"Comma-separated.","Oddzielone przecinkami."
"Delivery Retry Attempts","Próby ponownej dostawy"
"Number of delivery attempts before a receipt is flagged as undelivered.","Number of delivery attempts before a receipt is flagged as undelivered."
"DLQ Alert Recipient","Odbiorca alertu DLQ"
"Notified when a receipt fails permanently. Falls back to Store Email Addresses → General Contact.","Powiadamiany, gdy wysyłka potwierdzenia nie powiedzie się trwale. W braku ustawienia używany jest Adres e-mail sklepu → Kontakt ogólny."
"7. Digital Waiver Confirmation Email (Art. 11a(4))","7. E-mail z potwierdzeniem cyfrowej zgody (art. 11a ust. 4)"
"Durable-medium copy of the customer's Art. 16(m) waiver, sent immediately after checkout when a digital item is in cart. Required by Art. 11a(4) Directive 2011/83/EU — keeps a tamper-evident record of the legal text the customer accepted.","Kopia zgody klienta z art. 16 lit. m) na trwałym nośniku, wysyłana natychmiast po złożeniu zamówienia, gdy w koszyku znajduje się pozycja cyfrowa. Wymagana przez art. 11a ust. 4 dyrektywy 2011/83/UE — zachowuje odporną na manipulację dokumentację tekstu prawnego zaakceptowanego przez klienta wraz z hashem SHA-256 do weryfikacji łańcucha hashy."
"Comma-separated. Receives a copy of every confirmation for audit purposes.","Oddzielone przecinkami. Otrzymuje kopię każdego potwierdzenia w celach audytowych."
"Branding (Shared by All Emails Above)","Branding (wspólny dla wszystkich powyższych e-maili)"
"Optional decoration of the customer-facing emails. Empty fields hide their respective rows. Brand wordmark, logo, support email, and store address are read from the standard Magento configuration tree (Stores → Configuration → General + Design → Transactional Emails).","Opcjonalna dekoracja e-maili dla klientów. Puste pola ukrywają odpowiadające im wiersze. Wordmark marki, logo, e-mail wsparcia i adres sklepu są odczytywane ze standardowego drzewa konfiguracji Magento (Sklepy → Konfiguracja → Ogólne + Wygląd → E-maile transakcyjne)."
"USP Strip — Item 1","Pasek USP — pozycja 1"
"Icon","Ikona"
"Title","Tytuł"
"Subtitle","Podtytuł"
"USP Strip — Item 2","Pasek USP — pozycja 2"
"USP Strip — Item 3","Pasek USP — pozycja 3"
"Social Links","Linki do mediów społecznościowych"
"Instagram URL","URL Instagrama"
"X / Twitter URL","URL X / Twittera"
"Facebook URL","URL Facebooka"
"YouTube URL","URL YouTube"
"Order #","Zamówienie #"
"Contract","Umowa"
"Submitter","Składający"
"Withdrawal submitted","Odstąpienie złożone"
"Right of Withdrawal — Required Information","Prawo odstąpienia od umowy — Wymagane informacje"
"Before placing your order, please review the conditions, time limit, and procedures for exercising your %1-day right of withdrawal. This information forms part of your contract.","Przed złożeniem zamówienia prosimy o zapoznanie się z warunkami, terminem i procedurą wykonania %1-dniowego prawa odstąpienia od umowy. Informacje te stanowią integralną część Państwa umowy."
"Conditions, Time Limit and Procedures for Withdrawal","Warunki, termin i procedura odstąpienia od umowy"
"Start Online Return","Rozpocznij zwrot online"
"Download Model Withdrawal Form (Annex I(B))","Pobierz wzór formularza odstąpienia od umowy (Załącznik I(B))"
"Withdrawal Information v%1 — Issued %2","Informacje o odstąpieniu v%1 — wydane %2"
"You'll receive a prepaid shipping label in the confirmation email.","W e-mailu potwierdzającym otrzymasz opłaconą etykietę wysyłkową."
"← Back to order search","← Powrót do wyszukiwania zamówienia"
"← Back to items","← Powrót do przedmiotów"
"Find order","Znajdź zamówienie"
"Enter your order number and email","Wprowadź numer zamówienia i adres e-mail"
"Select items","Wybierz przedmioty"
"Choose items to return (partial withdrawal)","Wybierz przedmioty do zwrotu (częściowe odstąpienie)"
"Review & confirm","Sprawdź i potwierdź"
"Review your return details and confirm","Sprawdź szczegóły zwrotu i potwierdź"
"Request submitted","Wniosek wysłany"
"We'll confirm your request by email","Potwierdzimy Twoje żądanie e-mailem"
"I expressly consent to begin performance of the digital content before the withdrawal period expires.","Wyraźnie zgadzam się na rozpoczęcie wykonywania treści cyfrowej przed upływem terminu odstąpienia od umowy."
"I acknowledge that by giving this consent I lose my right of withdrawal once performance has begun (Art. 16(m) CRD).","Przyjmuję do wiadomości, że wyrażając tę zgodę, tracę prawo do odstąpienia od umowy z chwilą rozpoczęcia świadczenia (art. 16 lit. m dyrektywy 2011/83/UE)."
"Withdrawals","Odstąpienia"
"Minimum %1 characters required.","Wymagane jest co najmniej %1 znaków."
"Failed to add note.","Nie udało się dodać notatki."
"Network error while adding note.","Błąd sieci podczas dodawania notatki."
"Exported Evidence","Wyeksportowano"
"Pending Confirm","Oczekuje na potwierdzenie"
"Sent","Wysłane"
"Failed Permanent","Błąd trwały"
"Failed Retry","Błąd – ponowna próba"
"Eligible","Kwalifikujące się"
"Excluded","Wykluczone"
"Action","Akcja"
"From","Od"
"To","Do"
"Admin Id","ID administratora"
"Order Id","ID zamówienia"
"Request Id","ID żądania"
"Item Count","Liczba pozycji"
"Rules Fired","Zastosowane reguły"
"Topic","Temat"
"Message Id","ID wiadomości"
"Email To Hash","Hash e-maila"
"Attempts","Próby"
"Viewed At","Wyświetlono"
"Referrer Host","Host odsyłający"
"Enable \Other\"" with Free Text""","Włącz „Inne” z dowolnym tekstem"
"Optional legal template — not required to use; you can also exercise the right of withdrawal by any unequivocal statement.","Opcjonalny szablon prawny — jego użycie nie jest wymagane; prawo odstąpienia można również wykonać poprzez jednoznaczne oświadczenie."
"Right of withdrawal","Prawo odstąpienia"
"You have %1 days from the day you receive your order to withdraw without giving any reason — full refund to your original payment method.","Masz %1 dni od dnia otrzymania zamówienia na odstąpienie bez podania przyczyny — pełny zwrot na pierwotną metodę płatności."
"Some items may be excluded by law (perishable goods, custom-made items, sealed hygiene or audio/video products). We'll show you exactly what's eligible on the next page.","Niektóre pozycje mogą być wyłączone z mocy prawa (towary szybko psujące się, wykonane na zamówienie, zapieczętowane towary higieniczne lub audio/wideo). Na następnej stronie pokażemy Ci dokładnie, co się kwalifikuje."
"Direct link — no login or account password required.","Link bezpośredni — logowanie ani hasło do konta nie są wymagane."
"Art. 16(m) CRD exclusion — digital content where the customer has (1) given express prior consent to begin performance and (2) acknowledged that they lose the withdrawal right. Two switches: the <em>Detection</em> subgroup decides what counts as digital (master switch), the <em>Checkout step + Email</em> subgroup renders the 2-checkbox waiver UX and dispatches the confirmation email. Both must be ON for the feature to work end-to-end. Use this only for <strong>one-time digital purchases</strong> (ebooks, software installers, music files, games). Do <strong>not</strong> enable it for ongoing digital <strong>subscriptions or services</strong> (SaaS, streaming, hosted software) — EU case law (CJEU Sky, C-641/19) requires a different consent flow for those.","Art. 16(m) CRD exclusion — digital content where the customer has (1) given express prior consent to begin performance and (2) acknowledged that they lose the withdrawal right. Two switches: the <em>Detection</em> subgroup decides what counts as digital (master switch), the <em>Checkout step + Email</em> subgroup renders the 2-checkbox waiver UX and dispatches the confirmation email. Both must be ON for the feature to work end-to-end. Use this only for <strong>one-time digital purchases</strong> (ebooks, software installers, music files, games). Do <strong>not</strong> enable it for ongoing digital <strong>subscriptions or services</strong> (SaaS, streaming, hosted software) — EU case law (CJEU Sky, C-641/19) requires a different consent flow for those."
"Customer-facing UX for the withdrawal flow. Subgroups: <em>Buttons</em> (legal-critical labels), <em>Placements</em> (where to surface the link), <em>Return Reasons</em> (per-item dropdown), <em>Review Step</em> (content on step 3 of the flow).","UX dla klienta w procesie odstąpienia. Podgrupy: <em>Przyciski</em> (etykiety o znaczeniu prawnym), <em>Lokalizacje</em> (gdzie wyświetlić link), <em>Powody zwrotu</em> (lista rozwijana dla każdej pozycji), <em>Krok przeglądu</em> (treść 3. kroku procesu)."
"Disable only if you deliver the durable-medium confirmation through a different channel.","Wyłącz tylko wtedy, gdy potwierdzenie na trwałym nośniku dostarczasz innym kanałem."
"Disable only if you deliver the receipt through a different durable medium (postal mail, customer account download, etc.).","Wyłącz tylko wtedy, gdy potwierdzenie dostarczasz na innym trwałym nośniku (pocztą tradycyjną, do pobrania z konta klienta itp.)."
"Empty fields fall through to the locale baseline. Any override value becomes part of the SHA-256 hash stored per consent event — changing a field after customers have consented does <strong>not</strong> retroactively invalidate prior consents.","Puste pola wracają do wartości bazowych z the locale baseline dla danej lokalizacji/jurysdykcji. Każda wartość zastępująca staje się częścią hasha SHA-256 zapisywanego przy każdym zdarzeniu zgody — zmiana pola po wyrażeniu zgody przez klientów <strong>nie</strong> unieważnia z mocą wsteczną wcześniejszych zgód."
"Mandatory pre-contractual disclosure of the right of withdrawal. Displayed on the checkout payment step. Each display is logged forensically (Art. 10 defence). Snapshot of the rendered text is stored immutably (Art. 6(5)). <strong>Counsel review recommended before customising any Annex I text.</strong>","Obowiązkowa informacja przedumowna o prawie odstąpienia. Wyświetlana w kroku płatności w procesie zamówienia. Każde wyświetlenie jest rejestrowane do celów dowodowych (obrona z art. 10). Migawka wyrenderowanego tekstu jest przechowywana w sposób niezmienny (art. 6 ust. 5). <strong>Przed dostosowaniem jakiegokolwiek tekstu Załącznika I zaleca się przegląd prawny.</strong>"
"Off = block hidden but display events still recorded server-side via predispatch fallback. Use only for sandbox testing. Default: on.","Wył. = blok ukryty, ale zdarzenia wyświetlenia nadal są rejestrowane po stronie serwera za pomocą rezerwy predispatch. Używaj wyłącznie do testów w piaskownicy. Domyślnie: wł."
"Optional URLs rendered as round monogram badges in the email footer. Leave blank to hide.","Opcjonalne adresy URL renderowane jako okrągłe odznaki monogramu w stopce e-maila. Pozostaw puste, aby ukryć."
"Sent when a customer cancels their own pending withdrawal.","Wysyłane, gdy klient anuluje własne oczekujące odstąpienie."
"Sent when a customer completes the withdrawal form.","Wysyłane, gdy klient wypełni formularz odstąpienia."
"Sent when an admin approves a withdrawal request.","Wysyłane, gdy administrator zatwierdzi wniosek o odstąpienie."
"Sent when an admin cancels a withdrawal request on the customer's behalf.","Wysyłane, gdy administrator anuluje wniosek o odstąpienie w imieniu klienta."
"Sent when an admin denies a withdrawal request.","Wysyłane, gdy administrator odrzuci wniosek o odstąpienie."
"These presets exclude specific product categories from the 14-day withdrawal right, per Art. 16 CRD. Each rule is OFF by default — enable only after confirming the corresponding product attribute is set correctly on your catalog.","Te ustawienia wstępne wyłączają określone kategorie produktów z 14-dniowego prawa odstąpienia, zgodnie z art. 16 dyrektywy CRD. Każda reguła jest domyślnie WYŁĄCZONA — włącz ją dopiero po potwierdzeniu, że odpowiedni atrybut produktu jest prawidłowo ustawiony w katalogu."
"e.g. ""EU orders above €50""","np. „Zamówienia z UE powyżej 50 €”"
"e.g. ""Free delivery""","np. „Darmowa dostawa”"
"Qty: ","Ilość: "
"Submission failed. Please try again.","Wysyłanie nie powiodło się. Spróbuj ponownie."
"Network error. Please try again.","Błąd sieci. Spróbuj ponownie."
"Invalid server response.","Nieprawidłowa odpowiedź serwera."
"Admin Notifications","Powiadomienia administratora"
"Internal alerts to your team. Independent of the per-email <em>BCC Merchant</em> checkboxes under <em>Customer Notifications</em> below — if you enable both, you will receive two emails per request.","Wewnętrzne powiadomienia dla Twojego zespołu. Niezależne od pól <em>UDW do sprzedawcy</em> w sekcji <em>Powiadomienia klienta</em> poniżej — jeśli włączysz oba, otrzymasz dwa e-maile na żądanie."
"1. New Request Alert","1. Alert o nowym żądaniu"
"Sent the moment a customer completes the two-step withdrawal flow.","Wysyłane w chwili, gdy klient kończy dwuetapowy proces odstąpienia."
"Recipient Email(s)","E-mail(e) odbiorcy"
"BCC","UDW"
"New Withdrawal Request","Nowe żądanie odstąpienia"
"A new withdrawal request was just submitted.","Właśnie zostało złożone nowe żądanie odstąpienia."
"Request:","Żądanie:"
"Order:","Zamówienie:"
"Customer:","Klient:"
"Refund Total:","Łączny zwrot:"
"[Withdrawal] New request %request_increment_id · Order #%order_increment_id · %refund_total","[Odstąpienie] Nowe żądanie %request_increment_id · Zamówienie #%order_increment_id · %refund_total"
"Anonymised","Zanonimizowane"
"Audit","Audyt"
"Cancel Order","Anuluj zamówienie"
"Confirmation Email (Art. 11a(4))","E-mail z potwierdzeniem (Art. 11a(4))"
"Detection (Art. 16(m))","Wykrywanie (Art. 16(m))"
"Digital Waiver (Art. 16(m))","Zrzeczenie się — treści cyfrowe (Art. 16(m))"
"Email Identity","Tożsamość nadawcy"
"ID","ID"
"Integrity hash","Skrót integralności"
"Pre-Contract Proof","Dowód przedumowny"
"Verify this receipt","Zweryfikuj to potwierdzenie"
"Withdrawal Window","Okres odstąpienia"
"This SHA-256 hash uniquely identifies your withdrawal record. Verify it at any time using the button above.","Ten skrót SHA-256 jednoznacznie identyfikuje Twój rekord odstąpienia. Możesz go zweryfikować w dowolnym momencie przyciskiem powyżej."
"Digital content waiver confirmation — Order %increment_id","Potwierdzenie zrzeczenia się treści cyfrowych — Zamówienie %increment_id"
"Comma-separated. Each recipient receives a separate email rendered in their own admin locale (looked up via the admin user's interface_locale; fallback to general/locale/code). Invalid addresses dropped silently.","Oddzielone przecinkami. Każdy odbiorca otrzymuje osobny e-mail wyrenderowany w jego własnej lokalizacji administracyjnej (poprzez interface_locale użytkownika admin; rezerwa — general/locale/code). Nieprawidłowe adresy są po cichu odrzucane."
"Art. 16(m) CRD digital-content detection. Determines what counts as digital content for eligibility purposes. The actual checkout-step waiver UI and email lives in the next section ""Digital Waiver"".","Wykrywanie treści cyfrowych zgodnie z Art. 16(m) dyrektywy o prawach konsumentów. Określa, co liczy się jako treść cyfrowa dla celów prawa odstąpienia. Faktyczny UI zrzeczenia się przy kasie i e-mail znajdują się w następnej sekcji „Zrzeczenie się — treści cyfrowe“."
"Art. 16(m) CRD exclusion — digital content where the customer has (1) given express prior consent to begin performance and (2) acknowledged that they lose the withdrawal right. Two switches control this feature end-to-end: the <em>Detection</em> subgroup under <em>Eligibility Rules</em> decides what counts as digital (master switch); this section renders the 2-checkbox waiver UX at checkout and dispatches the Art. 11a(4) confirmation email. Both must be ON for the feature to work end-to-end. Per-locale text overrides below. Use this only for <strong>one-time digital purchases</strong> (ebooks, software installers, music files, games). Do <strong>not</strong> enable it for ongoing digital <strong>subscriptions or services</strong> (SaaS, streaming, hosted software) — EU case law (CJEU Sky, C-641/19) requires a different consent flow for those.","Wyłączenie Art. 16(m) dyrektywy o prawach konsumentów — treść cyfrowa, w której klient (1) wyraził wyraźną wcześniejszą zgodę na rozpoczęcie wykonania i (2) przyjął utratę prawa do odstąpienia. Funkcję kontrolują dwa przełączniki: podgrupa <em>Wykrywanie</em> w <em>Regułach uprawnień</em> decyduje, co liczy się jako cyfrowe (główny przełącznik); ta sekcja renderuje UI zrzeczenia się z 2 polami wyboru przy kasie i wysyła e-mail potwierdzający z Art. 11a(4). Oba muszą być WŁĄCZONE. Tłumaczenia tekstu według języka poniżej. Używaj tylko do <strong>jednorazowych zakupów cyfrowych</strong> (e-booki, instalatory, pliki muzyczne, gry). <strong>Nie</strong> włączaj dla bieżących cyfrowych <strong>subskrypcji lub usług</strong> (SaaS, streaming, hostowane oprogramowanie) — orzecznictwo UE (CJEU Sky, C-641/19) wymaga innego procesu zgody."
"Defines <strong>when</strong> the 14-day withdrawal right starts running (the delivery trigger, Art. 9(2)(b)) and <strong>how long</strong> it lasts in days (Art. 9(2)). Together these control the period each order's withdrawal is open.","Określa, <strong>kiedy</strong> rozpoczyna się 14-dniowe prawo odstąpienia (wyzwalacz dostawy, Art. 9(2)(b)) i <strong>jak długo</strong> trwa w dniach (Art. 9(2)). Razem kontrolują okres, w którym odstąpienie od każdego zamówienia jest otwarte."
"Default 14 days per Art. 9(2). Extension allowed (e.g. 30, 100). Reduction below 14 is illegal — the field validates 14-3650 only.","Domyślnie 14 dni zgodnie z Art. 9(2). Wydłużenie dozwolone (np. 30, 100). Skrócenie poniżej 14 jest nielegalne — pole waliduje tylko 14-3650."
"When on, carts that contain a detected digital item render the 2-checkbox waiver step at checkout. Has no effect unless <em>Eligibility Rules → Detection → Enable Digital Content Detection</em> is also on.","Po włączeniu koszyki zawierające wykryty element cyfrowy renderują krok zrzeczenia się z 2 polami wyboru przy kasie. Nie ma efektu, chyba że również <em>Reguły uprawnień → Wykrywanie → Włącz wykrywanie treści cyfrowych</em> jest włączone."
"Optional. Comma-separated. Blind-copies the waiver-confirmation email to a merchant audit address. Leave blank to skip.","Opcjonalnie. Oddzielone przecinkami. Wysyła ukrytą kopię e-maila potwierdzającego zrzeczenie się do adresu audytowego sprzedawcy. Pozostaw puste, aby pominąć."
"<strong>⚠ Legal warning.</strong> Art. 11a(2) CRD requires the literal text ""withdraw from contract here"" <em>or a corresponding unambiguous formulation</em>. The default value (""Withdraw from contract here"") is the Directive's verbatim phrase; Per-locale translations are counsel-signed. <strong>Do not override unless you have received written advice from qualified consumer-law counsel in the target jurisdiction.</strong> Every override is recorded in the audit log.","<strong>⚠ Ostrzeżenie prawne.</strong> Art. 11a(2) dyrektywy o prawach konsumentów wymaga dosłownego tekstu „odstąp od umowy tutaj“ <em>lub odpowiedniego jednoznacznego sformułowania</em>. Wartość domyślna („Odstąp od umowy tutaj“) jest dosłowną frazą Dyrektywy; Tłumaczenia według lokalizacji są podpisane prawniczo. <strong>Nie nadpisuj, chyba że otrzymałeś pisemną poradę od wykwalifikowanego prawnika prawa konsumenckiego w docelowej jurysdykcji.</strong> Każde nadpisanie jest rejestrowane w dzienniku audytowym."
"<strong>⚠ Legal warning.</strong> This is the label on the final confirmation button. Default (""Confirm withdrawal"") is counsel-signed; Per-locale translations are counsel-signed. Override only with written legal advice; overrides are audit-logged.","<strong>⚠ Ostrzeżenie prawne.</strong> To etykieta końcowego przycisku potwierdzenia. Wartość domyślna („Potwierdź odstąpienie“) jest podpisana prawniczo; Tłumaczenia według lokalizacji są podpisane prawniczo. Nadpisuj tylko z pisemną poradą prawną; nadpisania są rejestrowane w dzienniku audytowym."
"Cancel the linked order? No payment has been captured, so there is nothing to refund — the order will be cancelled in Magento.","Anulować powiązane zamówienie? Nie pobrano żadnej płatności, więc nie ma nic do zwrotu — zamówienie zostanie anulowane w Magento."
"Scope & Applicability","Zakres i stosowanie"
"Controls in which markets the self-service withdrawal flow is offered. These are merchant business decisions, not legal exclusions — an EU consumer's statutory right of withdrawal does not depend on them, and declarations received by other means (email, letter) must still be honoured manually.","Określa, na których rynkach oferowany jest samoobsługowy proces odstąpienia. Są to decyzje biznesowe sprzedawcy, a nie wyłączenia prawne — ustawowe prawo odstąpienia konsumenta z UE od nich nie zależy, a odstąpienia otrzymane w inny sposób (e-mailem, listownie) nadal należy uwzględnić ręcznie."
"Restrict by Country","Ogranicz według kraju"
"Offers the self-service withdrawal flow only for orders whose billing <strong>or</strong> shipping address is in the selected countries. <strong>Legal note:</strong> this restricts the storefront flow only — an EU consumer's statutory right of withdrawal does not depend on the address, and withdrawal declarations received by other means (email, letter) must still be honoured manually. Default: disabled.","Oferuje samoobsługowy proces odstąpienia tylko dla zamówień, których adres rozliczeniowy <strong>lub</strong> dostawy znajduje się w wybranych krajach. <strong>Uwaga prawna:</strong> ogranicza to wyłącznie proces w sklepie — ustawowe prawo odstąpienia konsumenta z UE nie zależy od adresu, a odstąpienia otrzymane w inny sposób (e-mailem, listownie) nadal należy uwzględnić ręcznie. Domyślnie: wyłączone."
"Offer Withdrawal For Countries","Oferuj odstąpienie dla krajów"
"Preselected: EU-27 plus EEA (Norway, Iceland, Liechtenstein). Add the United Kingdom manually if you target UK consumers (separate national regime with a comparable 14-day right). If you clear this list, the restriction has no effect and the flow stays available to every customer.","Wstępnie wybrane: UE-27 oraz EOG (Norwegia, Islandia, Liechtenstein). Wielką Brytanię dodaj ręcznie, jeśli kierujesz ofertę do konsumentów z Wielkiej Brytanii (odrębny reżim krajowy z porównywalnym 14-dniowym prawem). Jeśli wyczyścisz tę listę, ograniczenie nie ma żadnego efektu, a proces pozostaje dostępny dla każdego klienta."
"Restrict by Customer Group","Ogranicz według grupy klientów"
"Hides the self-service withdrawal flow from orders placed by the selected customer groups (e.g. your B2B / wholesale groups). The right of withdrawal is a consumer right, so this lets you keep it off for business customers. <strong>Legal note:</strong> this restricts the storefront flow only — it does not decide who is legally a consumer, and any withdrawal declaration received by other means must still be honoured manually. Default: disabled.","Hides the self-service withdrawal flow from orders placed by the selected customer groups (e.g. your B2B / wholesale groups). The right of withdrawal is a consumer right, so this lets you keep it off for business customers. <strong>Legal note:</strong> this restricts the storefront flow only — it does not decide who is legally a consumer, and any withdrawal declaration received by other means must still be honoured manually. Default: disabled."
"Exclude Customer Groups","Wyklucz grupy klientów"
"Orders placed by any selected group are excluded from the self-service flow. Guests are always treated as consumers and cannot be excluded here. If you clear this list, the restriction has no effect and the flow stays available to every customer.","Orders placed by any selected group are excluded from the self-service flow. Guests are always treated as consumers and cannot be excluded here. If you clear this list, the restriction has no effect and the flow stays available to every customer."
"Custom-made to your specifications","Wykonano według Twoich specyfikacji"
"Perishable goods","Towary łatwo psujące się"
"Sealed hygiene item — seal broken","Zaplombowany artykuł higieniczny — plomba naruszona"
"Sealed audio/video — seal broken","Zaplombowane audio/wideo — plomba naruszona"
"Newspapers, periodicals, magazines","Gazety, periodyki, czasopisma"
"Accommodation / event on specific date","Zakwaterowanie / wydarzenie w określonym terminie"
"Digital content — right waived at purchase","Treść cyfrowa — rezygnacja z prawa przy zakupie"
"Withdrawal period has expired","Termin odstąpienia upłynął"
"Already withdrawn in a prior request","Już odstąpiono w poprzednim wniosku"
"A draft withdrawal is holding this item. Confirm it via the email we sent, or cancel it in the 'Existing withdrawals' section above.","Ten przedmiot jest zarezerwowany przez wersję roboczą odstąpienia. Potwierdź ją w wiadomości e-mail, którą wysłaliśmy, lub anuluj ją w sekcji „Istniejące odstąpienia“ powyżej."
"EU withdrawal request %1 was approved.","Wniosek o odstąpienie UE %1 został zatwierdzony."
"EU withdrawal request %1 was approved. Refund: %2.","Wniosek o odstąpienie UE %1 został zatwierdzony. Zwrot: %2."
"EU withdrawal request %1 was denied.","Wniosek o odstąpienie UE %1 został odrzucony."
"EU withdrawal request %1 was denied. Reason: %2","Wniosek o odstąpienie UE %1 został odrzucony. Powód: %2"
"EU withdrawal request %1 was cancelled by the customer.","Wniosek o odstąpienie UE %1 został anulowany przez klienta."
"EU withdrawal request %1 was cancelled by an administrator.","Wniosek o odstąpienie UE %1 został anulowany przez administratora."
"If Delivery Is Never Confirmed","Jeśli dostawa nigdy nie zostanie potwierdzona"
"When an order is already in a Delivery Confirmation Status but has no recorded transition into it (no delivery timestamp), choose whether its withdrawal stays open or it is treated as not eligible. Default: not eligible.","Gdy zamówienie ma już status potwierdzenia dostawy, ale nie zarejestrowano przejścia do tego statusu (brak daty dostawy), wybierz, czy odstąpienie pozostaje otwarte, czy jest traktowane jako niekwalifikujące się. Domyślnie: niekwalifikujące się."
"Statuses Excluded From Withdrawal","Statusy wykluczone z odstąpienia"
"Orders whose current status is selected here are never offered for withdrawal (e.g. a legacy migration status such as <code>imported</code>). Do not select a status used by active, deliverable orders — that withholds a valid withdrawal.","Zamówienia, których bieżący status jest tutaj zaznaczony, nigdy nie są oferowane do odstąpienia (np. status migracji, taki jak <code>imported</code>). Nie zaznaczaj statusu używanego przez aktywne, dostarczalne zamówienia — spowoduje to odmowę ważnego odstąpienia."
"Treat as not eligible","Traktuj jako niekwalifikujące się"
"Keep withdrawal open","Pozostaw odstąpienie otwarte"
"Withdrawal not available for this order","Odstąpienie niedostępne dla tego zamówienia"
"This order is not eligible for withdrawal.","To zamówienie nie kwalifikuje się do odstąpienia."
"EU withdrawal request %1 submitted.","Wniosek o odstąpienie UE %1 został wysłany."
"EU withdrawal request %1 submitted. Requested refund: %2.","Wniosek o odstąpienie UE %1 został wysłany. Żądany zwrot: %2."
"Show more orders","Pokaż więcej zamówień"
"Item Selection","Wybór pozycji"
"Per item (customer selects items and quantities)","Według pozycji (klient wybiera pozycje i ilości)"
"Full order (all returnable items, no selection)","Całe zamówienie (wszystkie pozycje podlegające zwrotowi, bez wyboru)"
"<em>Per item</em>: the customer chooses lines and quantities. <em>Full order</em>: the request always covers all returnable items; items excluded by law (opened seal, expired period) are still removed automatically, and the form shows a note that partial returns can be requested via your contact page.<br/><strong>⚠ Legal warning.</strong> The explanatory materials to the German implementation law expect the withdrawal function to support selecting parts of the order. Consult your counsel before switching to Full order.","<em>Według pozycji</em>: klient wybiera pozycje i ilości. <em>Całe zamówienie</em>: wniosek zawsze obejmuje wszystkie pozycje podlegające zwrotowi; pozycje wyłączone na mocy prawa (otwarte zabezpieczenie, upływ terminu) są mimo to usuwane automatycznie, a formularz wyświetla informację, że częściowe zwroty można zgłosić za pośrednictwem Państwa strony kontaktowej.<br/><strong>⚠ Ostrzeżenie prawne.</strong> Materiały objaśniające do niemieckiej ustawy wdrażającej zakładają, że funkcja odstąpienia od umowy będzie umożliwiać wybór części zamówienia. Przed przełączeniem na tryb całego zamówienia należy skonsultować się z radcą prawnym."
"This request covers all returnable items of the order.","Niniejszy wniosek obejmuje wszystkie pozycje zamówienia podlegające zwrotowi."
"Contact us for a partial return.","Skontaktuj się z nami w sprawie częściowego zwrotu."
"Review the items included in your return.","Sprawdź pozycje objęte Twoim zwrotem."
"Review the items to return","Sprawdź pozycje do zwrotu"
"Self-service withdrawal is not available for this order.","Samoobsługowe odstąpienie od umowy nie jest dostępne dla tego zamówienia."
"VAT","VAT"
"Of which VAT","W tym VAT"
"Order Adjustment","Korekta zamówienia"
"Bundle Item Selection","Wybór pozycji zestawu"
"<em>No</em> (default): the bundle is shown as one returnable unit — the customer returns the whole bundle. <em>Yes</em>: the bundle's priced components are shown as separate returnable lines when they can be returned independently (e.g. a device and an accessory sold together). Enable this only for bundles that group independently returnable products; a bundle sold as a single set should remain returnable only as a whole.<br/><strong>Legal note.</strong> Configure this according to how each bundle is offered and contracted; consult your counsel if components should be withdrawable separately.","<em>Nie</em> (domyślnie): zestaw jest pokazywany jako jedna pozycja podlegająca zwrotowi — klient zwraca cały zestaw. <em>Tak</em>: wycenione elementy zestawu są pokazywane jako osobne pozycje podlegające zwrotowi, gdy można je zwrócić niezależnie (np. urządzenie i akcesorium sprzedawane razem). Włącz tę opcję wyłącznie dla zestawów grupujących produkty podlegające niezależnemu zwrotowi; zestaw sprzedawany jako jeden komplet powinien pozostać zwracalny tylko w całości.<br/><strong>Uwaga prawna.</strong> Skonfiguruj tę opcję zgodnie z tym, jak każdy zestaw jest oferowany i objęty umową; skonsultuj się z radcą prawnym, jeśli elementy powinny podlegać odstąpieniu osobno."
"Acknowledgment of loss of withdrawal (Art. 16(m)(ii))","Przyjęcie do wiadomości utraty prawa odstąpienia (Art. 16(m)(ii))"
"Both confirmations are required to proceed. Your consent is recorded with a tamper-evident hash of the legal text shown above.","Oba potwierdzenia są wymagane, aby kontynuować. Twoja zgoda jest rejestrowana wraz z odpornym na manipulacje skrótem (hash) tekstu prawnego pokazanego powyżej."
"Digital Content Delivery — Required Waiver","Dostarczanie treści cyfrowych — wymagana zgoda"
"EU Art. 16(m)","EU Art. 16(m)"
"EU Art. 6(1)(h)","EU Art. 6(1)(h)"
"Express consent (Art. 16(m)(i))","Wyraźna zgoda (Art. 16(m)(i))"
"I acknowledge that, as a result, I will lose my right of withdrawal once performance has begun.","Przyjmuję do wiadomości, że w rezultacie utracę prawo odstąpienia z chwilą rozpoczęcia świadczenia."
"I expressly request that performance of the digital content begin immediately, before the end of the 14-day withdrawal period.","Wyraźnie żądam, aby świadczenie treści cyfrowej rozpoczęło się niezwłocznie, przed upływem 14-dniowego terminu do odstąpienia."
"The digital-content consent step is temporarily unavailable. Please refresh the page; if the problem persists, contact support — your order cannot be completed until the required consent can be shown.","Krok wyrażenia zgody na treści cyfrowe jest tymczasowo niedostępny. Odśwież stronę; jeśli problem będzie się powtarzał, skontaktuj się z pomocą techniczną — Twojego zamówienia nie można sfinalizować, dopóki nie będzie można wyświetlić wymaganej zgody."
"Your cart contains digital content. To receive it immediately, EU consumer law requires both your express consent to begin performance and your acknowledgment that doing so causes you to lose the right of withdrawal once delivery starts.","Twój koszyk zawiera treści cyfrowe. Aby otrzymać je niezwłocznie, unijne prawo konsumenckie wymaga zarówno Twojej wyraźnej zgody na rozpoczęcie świadczenia, jak i przyjęcia do wiadomości, że powoduje to utratę prawa odstąpienia z chwilą rozpoczęcia dostarczania."
SKU:,SKU:
"Seal photos skipped","Zdjęcia plomby pominięte"
Submitting…,Wysyłanie…
"That order does not belong to your account. Please select one of your own orders.","To zamówienie nie należy do Twojego konta. Wybierz jedno ze swoich zamówień."
