"View Credit Memo","Ver nota de crédito"
"Issue Credit Memo","Emitir nota de crédito"
"Approve","Aprovar"
"Approve this withdrawal request?","Aprovar este pedido de livre resolução?"
"Deny","Recusar"
"Legal reason for denial (min 10 chars):","Motivo legal da recusa (mín. 10 caracteres):"
"Cancel Request","Cancelar pedido"
"Cancel this withdrawal? Add an optional note for the customer (visible in their cancellation email):","Cancelar esta livre resolução? Adicione uma nota opcional para o cliente (visível no e-mail de cancelamento):"
"Resend Receipt","Reenviar comprovativo"
"Send the receipt email again? The customer will receive another copy.","Reenviar o e-mail de comprovativo? O cliente receberá outra cópia."
"Withdrawal Request #%1","Pedido de livre resolução #%1"
"Request Details","Detalhes do pedido"
"Information","Informação"
"Reason for Denial","Motivo da recusa"
"Customer Cancellation Note","Nota de cancelamento do cliente"
"Cancellation Note","Nota de cancelamento"
"Status-Change Note","Nota de alteração de estado"
"Code","Código"
"Label","Etiqueta"
"Add Reason","Adicionar motivo"
"In progress","Em curso"
"Refund issued","Reembolso emitido"
"Denied","Recusado"
"Cancelled","Cancelado"
"Pending","Pendente"
"This is a transactional email about your order.","Este é um e-mail transacional relativo à sua encomenda."
"Reason for denial","Motivo da recusa"
"Your cancellation note","A sua nota de cancelamento"
"Note from our team","Nota da nossa equipa"
"EU right of withdrawal","Direito de livre resolução UE"
"Withdrawal right pending delivery","Direito de livre resolução pendente de entrega"
"Withdrawal window has ended","Prazo de livre resolução terminado"
"Not eligible for withdrawal","Não elegível para livre resolução"
"Withdrawal already requested","Pedido de livre resolução já submetido"
"You can withdraw from this contract any time — the 14-day deadline begins counting once the order is delivered.","Pode resolver este contrato a qualquer momento — o prazo de 14 dias começa a contar a partir do momento em que a encomenda é entregue."
"Your 14-day withdrawal window will begin once this order is delivered.","O seu prazo de livre resolução de 14 dias começará assim que esta encomenda for entregue."
"The 14-day window for withdrawing from this contract has ended.","O prazo de 14 dias para resolver este contrato terminou."
"This order is not eligible for withdrawal under EU consumer law (Art. 16 Directive 2011/83/EU).","Esta encomenda não é elegível para livre resolução nos termos do direito do consumidor da UE (art. 16.º da Diretiva 2011/83/UE)."
"A withdrawal request for this order has been submitted. See the request details below.","Foi submetido um pedido de livre resolução para esta encomenda. Consulte os detalhes do pedido abaixo."
"This order contains a perishable item that cannot be returned (food with short shelf life, fresh flowers, etc.).","Esta encomenda contém um artigo perecível que não pode ser devolvido (alimentos com prazo de validade curto, flores frescas, etc.)."
"This order contains a custom-made or personalised item that cannot be returned.","Esta encomenda contém um artigo feito por medida ou personalizado que não pode ser devolvido."
"This order contains a sealed hygiene item. You keep the right of withdrawal only while the seal stays intact — once unsealed after delivery, the right is lost.","Esta encomenda contém um artigo de higiene selado. Mantém o direito de livre resolução apenas enquanto o selo permanecer intacto — uma vez aberto após a entrega, o direito perde-se."
"This order contains a sealed audio / video / software item. You keep the right of withdrawal only while the seal stays intact — once unsealed after delivery, the right is lost.","Esta encomenda contém um artigo selado de áudio / vídeo / software. Mantém o direito de livre resolução apenas enquanto o selo permanecer intacto — uma vez aberto após a entrega, o direito perde-se."
"This order contains digital content. Once you start using or downloading the content, you lose the right of withdrawal (you consented to this at checkout).","Esta encomenda contém conteúdo digital. Assim que começar a utilizar ou a transferir o conteúdo, perde o direito de livre resolução (consentiu nisso na finalização da compra)."
"%1 item(s) · Refund %2","%1 artigo(s) · Reembolso %2"
"Awaiting confirmation","A aguardar confirmação"
"Cancel withdrawal %1? Your refund will not be processed.","Cancelar a livre resolução %1? O seu reembolso não será processado."
"Submitted","Submetido"
"Approved","Aprovado"
"Fully returned","Totalmente devolvido"
"Return requested","Devolução solicitada"
"Not eligible","Não elegível"
"Partially requested","Solicitado parcialmente"
"— Select a reason —","— Selecionar um motivo —"
"Other","Outro"
"The refund will be issued using your original payment method within 5-7 business days after we receive your return.","O reembolso será efetuado pelo seu método de pagamento original no prazo de 5 a 7 dias úteis após a receção da devolução."
"Withdrawal right lost (Art. 16(m) CRD) — digital performance started on %1.","Direito de livre resolução perdido (art. 16(m) CRD) — execução digital iniciada em %1."
"Request #%1 not found.","Pedido #%1 não encontrado."
"Receipt email re-queued for request #%1. Delivery will retry asynchronously.","E-mail de comprovativo reenfileirado para o pedido #%1. A entrega será reenviada de forma assíncrona."
"Failed to queue receipt resend: %1","Falha ao enfileirar o reenvio do comprovativo: %1"
"Note text is empty.","O texto da nota está vazio."
"Note added to request #%1.","Nota adicionada ao pedido #%1."
"Request #%1 approved.","Pedido #%1 aprovado."
"Request #%1 cancelled.","Pedido #%1 cancelado."
"Request #%1 denied.","Pedido #%1 recusado."
"Invalid request id.","ID de pedido inválido."
"Unable to open temporary file for CSV export.","Não foi possível abrir o ficheiro temporário para exportação CSV."
"Withdrawal Requests","Pedidos de livre resolução"
"%1 requests queued for acceptance.","%1 pedidos enfileirados para aprovação."
"%1 request(s) approved.","%1 pedido(s) aprovado(s)."
"%1 request(s) failed. First errors: %2","%1 pedido(s) falharam. Primeiros erros: %2"
"Note added to %1 request(s).","Nota adicionada a %1 pedido(s)."
"Underlying order #%1 not found.","Encomenda associada #%1 não encontrada."
"Order #%1 has no invoice yet — Magento requires an invoice before a credit memo can be created. Open an invoice first (Sales → Orders → #%1 → Invoice button), then return here to refund.","A encomenda #%1 ainda não tem fatura — o Magento exige uma fatura antes de poder ser criada uma nota de crédito. Crie primeiro uma fatura (Vendas → Encomendas → #%1 → botão Faturar) e depois regresse aqui para efetuar o reembolso."
"No items recorded on this withdrawal request — the credit memo will open with default invoice qtys; please adjust manually.","Não há artigos registados neste pedido de livre resolução — a nota de crédito abrirá com as quantidades predefinidas da fatura; ajuste manualmente."
"Pre-filled credit memo for withdrawal #%1 — review the qtys + shipping refund below, then click Refund Online or Refund Offline.","Nota de crédito pré-preenchida para a livre resolução #%1 — reveja as quantidades e o reembolso de envio abaixo e clique em Reembolsar Online ou Reembolsar Offline."
"Some items are no longer eligible. Please reload and try again.","Alguns artigos já não são elegíveis. Recarregue a página e tente novamente."
"We could not process your request. Please try again.","Não foi possível processar o seu pedido. Tente novamente."
"Item","Artigo"
"We could not find a matching order for that email.","Não foi possível encontrar uma encomenda correspondente a esse e-mail."
"Withdraw from a contract","Resolver o contrato"
"Withdrawal not found.","Livre resolução não encontrada."
"This withdrawal can no longer be cancelled online. Contact us if you need help.","Esta livre resolução já não pode ser cancelada online. Contacte-nos se precisar de ajuda."
"Withdrawal #%1 cancelled.","Livre resolução #%1 cancelada."
"Please fill in all required fields.","Preencha todos os campos obrigatórios."
"%1 item(s) were excluded from the withdrawal because the seal is broken (Art. 16(e)/(i) Directive 2011/83/EU).","%1 artigo(s) foram excluídos da livre resolução porque o selo está quebrado (art. 16.º, alíneas e)/i) da Diretiva 2011/83/UE)."
"Please select at least one item to withdraw.","Selecione pelo menos um artigo para resolver."
"One or more items are no longer available for withdrawal. Please refresh and try again.","Um ou mais artigos já não estão disponíveis para livre resolução. Atualize a página e tente novamente."
"None of the selected items are eligible for withdrawal.","Nenhum dos artigos selecionados é elegível para livre resolução."
"Hash mismatch for quote item %1","Hash não corresponde para o item do orçamento %1"
"Requested qty %1 exceeds remaining %2 for order item %3","A quantidade solicitada %1 excede a quantidade restante %2 do artigo da encomenda %3"
"No delivery confirmation recorded for this order yet.","Ainda não foi registada qualquer confirmação de entrega para esta encomenda."
"No eligible items selected for withdrawal","Não foram selecionados artigos elegíveis para livre resolução"
"Physical goods","Bens físicos"
"Digital content (non-tangible)","Conteúdo digital (não tangível)"
"Digital service (SaaS / subscription)","Serviço digital (SaaS / subscrição)"
"Financial services (Enterprise tier)","Serviços financeiros (escalão Enterprise)"
"Downloadable products","Produtos para download"
"Virtual products","Produtos virtuais"
"Bundles containing digital children","Pacotes que contêm artigos digitais"
"Custom attribute flag","Indicador de atributo personalizado"
"locale_inheritance.xml missing at %1","locale_inheritance.xml em falta em %1"
"locale_inheritance.xml unreadable at %1","locale_inheritance.xml ilegível em %1"
"locale_inheritance.xml failed XSD validation: %1","locale_inheritance.xml falhou na validação XSD: %1"
"Original payment method","Método de pagamento original"
"This is your durable-medium receipt for the withdrawal (Art. 11a(4) Directive 2011/83/EU).","Este é o seu comprovativo em suporte duradouro da livre resolução (art. 11.º-A, n.º 4, da Diretiva 2011/83/UE)."
"This email is a notification about your withdrawal request.","Este e-mail é uma notificação sobre o seu pedido de livre resolução."
"5–7 business days","5–7 dias úteis"
"This is a confirmation that your withdrawal request has been recorded.","Esta é uma confirmação de que o seu pedido de livre resolução foi registado."
"MageMe EU Withdrawal is installed but not enabled. Review the compliance checklist and configure the module before enabling: <a href=""%1"">Stores → Configuration → MageMe Extensions → EU Withdrawal</a>.","O MageMe EU Withdrawal está instalado mas não está ativado. Reveja a lista de verificação de conformidade e configure o módulo antes de o ativar: <a href=""%1"">Lojas → Configuração → Extensões MageMe → Livre resolução UE</a>."
"Delivery confirmation status is not configured. Set Stores → Configuration → MageMe Extensions → EU Withdrawal → Withdrawal Period → Delivery Confirmation Statuses.","O estado de confirmação de entrega não está configurado. Defina em Lojas → Configuração → Extensões MageMe → Livre resolução UE → Prazo de livre resolução → Estados de confirmação de entrega."
"No Annex I source found for locale %1 along chain %2","Não foi encontrada fonte do anexo I para o idioma %1 ao longo da cadeia %2"
"Annex I source for locale %1 is malformed","A fonte do anexo I para o idioma %1 está mal formada"
"Missing merchant variables for Annex I rendering: %1","Variáveis do comerciante em falta para a renderização do anexo I: %1"
"Receipt hash mismatch for request %1","O hash do comprovativo não corresponde para o pedido %1"
"Request %1 not found.","Pedido %1 não encontrado."
"Denying a withdrawal request requires a legal basis of at least 10 characters.","A recusa de um pedido de livre resolução exige uma base legal com, no mínimo, 10 caracteres."
"Withdrawal request cannot transition from ""%1"" to ""%2"".","O pedido de livre resolução não pode transitar de ""%1"" para ""%2""."
"Request %1 is not in pending_confirm state.","O pedido %1 não se encontra no estado pending_confirm."
"Withdrawal request #%1 does not exist.","O pedido de livre resolução #%1 não existe."
"No digital items on order %1","Sem itens digitais na encomenda %1"
"This is your durable-medium copy of the waiver you signed at checkout (Art. 11a(4) Directive 2011/83/EU).","Esta é a sua cópia em suporte duradouro do consentimento que assinou na finalização da compra (art. 11.º-A, n.º 4, da Diretiva 2011/83/UE)."
"Waived","Renunciado"
"Waiver email render failed: %1","Falha ao renderizar o e-mail de consentimento: %1"
"Digital content waiver text has changed — please reload checkout.","O texto do consentimento para conteúdo digital foi alterado — recarregue o checkout."
"Digital content waiver is incomplete for item %1.","O consentimento para conteúdo digital está incompleto para o item %1."
"bad","mau"
"smtp down","smtp down"
"smtp","smtp"
"down","em baixo"
"No shipment found for order 42.","Não foi encontrada qualquer expedição para a encomenda 42."
"View","Ver"
"Withdrawal & Customer Information","Informações da livre resolução e do cliente"
"Request # %1","Pedido n.º %1"
"Request Status","Estado do pedido"
"Submitted At","Submetido em"
"Confirmed At","Confirmado em"
"Related Order","Encomenda relacionada"
"Jurisdiction","Jurisdição"
"Contract Type","Tipo de contrato"
"Receipt Status","Estado do comprovativo"
"%1 attempt(s)","%1 tentativa(s)"
"Receipt Error","Erro do comprovativo"
"Customer Information","Dados do cliente"
"Customer Name","Nome do cliente"
"Email","E-mail"
"Locale","Idioma"
"Items Selected for Withdrawal","Artigos selecionados para livre resolução"
"Product","Produto"
"Price","Preço"
"Qty","Qtd"
"Subtotal","Subtotal"
"Refund","Reembolso"
"Reason","Motivo"
"Eligibility","Elegibilidade"
"No items associated with this request.","Nenhum artigo associado a este pedido."
"SKU","SKU"
"Ordered","Encomendado"
"Withdrawing","A resolver"
"Refund Total","Total a reembolsar"
"Notes for this Request","Notas para este pedido"
"Internal notes — visible to admin staff only. Not sent to the customer.","Notas internas — visíveis apenas para a equipa de administração. Não são enviadas ao cliente."
"Comment","Comentário"
"Add internal note (max 2000 chars)","Adicionar nota interna (máx. 2000 caracteres)"
"Submit Comment","Enviar comentário"
"No comments added yet.","Ainda não foram adicionados comentários."
" by %1"," por %1"
"Refund Totals","Totais do reembolso"
"Items Subtotal","Subtotal dos artigos"
"Shipping Refund","Reembolso de envio"
"Total Refund","Reembolso total"
"Changes have been made to this section that have not been saved.","Foram feitas alterações nesta secção que ainda não foram guardadas."
"This tab contains invalid data. Please resolve this before saving.","Este separador contém dados inválidos. Corrija antes de guardar."
"Contact us","Contacto"
"Returns","Devoluções"
"FAQs","Perguntas frequentes"
"All rights reserved.","Todos os direitos reservados."
"Returned items","Artigos devolvidos"
"No image","Sem imagem"
"Item status","Estado do artigo"
"Withdrawal options for this order","Opções de livre resolução para esta encomenda"
"You can return this order until %1.","Pode devolver esta encomenda até %1."
"(Art. 11a Directive 2011/83/EU)","(art. 11.º-A da Diretiva 2011/83/UE)"
"Submit a withdrawal request to start the refund process.","Submeta um pedido de livre resolução para iniciar o processo de reembolso."
"(Art. 9(2)(b) Directive 2011/83/EU)","(art. 9.º, n.º 2, alínea b), da Diretiva 2011/83/UE)"
"Start withdrawal","Iniciar livre resolução"
"Your withdrawal requests","Os seus pedidos de livre resolução"
"Submitted %1","Submetido %1"
"Show items","Mostrar artigos"
"Cancel withdrawal","Cancelar livre resolução"
"Qty %1","Qtd. %1"
"Receipt details","Detalhes do comprovativo"
"Receipt number","Número do comprovativo"
"Order number","Número da encomenda"
"Confirmed","Confirmado"
"Consumer","Consumidor"
"Refund total","Reembolso total"
"Merchant","Comerciante"
"Legal basis","Base legal"
"SKU %1","SKU %1"
"Shipping refund","Reembolso de envio"
"Tax refund","Reembolso de impostos"
"Total refund","Reembolso total"
"Digital content — Art. 16(m) notice","Conteúdo digital — Aviso art. 16(m)"
"By placing the order you agreed to begin performance of the digital content before the end of the withdrawal period and acknowledged that, once performance has begun, the right of withdrawal no longer applies. This notice is shown for your records.","Ao efetuar a encomenda concordou com o início da execução do conteúdo digital antes do fim do prazo de resolução e reconheceu que, uma vez iniciada a execução, o direito de resolução deixa de se aplicar. Este aviso é apresentado para os seus registos."
"Existing withdrawals for this order","Livres resoluções existentes para esta encomenda"
"You can cancel a withdrawal here until it is approved.","Pode cancelar uma livre resolução aqui até esta ser aprovada."
"Request #%1","Pedido #%1"
"SKU: %1","SKU: %1"
"Estimated refund: %1 %2","Reembolso estimado: %1 %2"
"Cancel this withdrawal","Cancelar esta livre resolução"
"Are you sure? This cannot be undone.","Tem a certeza? Esta ação não pode ser revertida."
"Yes, cancel","Sim, cancelar"
"Keep it","Manter"
"That order does not belong to your account. Please select one of your own orders.","Essa encomenda não pertence à sua conta. Selecione uma das suas próprias encomendas."
"Select items to return","Selecionar artigos a devolver"
"Choose all items or only some of them. Set the return quantity for each item you want to withdraw.","Escolha todos os artigos ou apenas alguns. Defina a quantidade de devolução para cada artigo que pretende resolver."
"You have 14 days from the day you received your order to withdraw from the contract without giving a reason.","Tem 14 dias a contar do dia em que recebeu a encomenda para resolver o contrato sem necessidade de justificação."
"Back to order search","Voltar à pesquisa de encomendas"
"Cancel","Cancelar"
"Continue to review","Continuar para revisão"
"Review and confirm","Rever e confirmar"
"Order #%1","Encomenda #%1"
"Placed on %1","Efetuada em %1"
"Awaiting delivery","A aguardar entrega"
"Delivered on %1","Entregue em %1"
"Total","Total"
"Return shipping","Envio de devolução"
"View return policy","Ver política de devoluções"
"Refund method","Método de reembolso"
"Refund will be issued to your original payment method.","O reembolso será efetuado para o seu método de pagamento original."
"Return summary","Resumo da devolução"
"Shipping & Handling","Envio e manuseamento"
"Tax","Impostos"
"Back to items","Voltar aos artigos"
"Submit return request","Enviar pedido de devolução"
"Your return request has been submitted!","O seu pedido de devolução foi submetido!"
"We've emailed you a notification with your return details and a prepaid return label (if applicable). You have 14 days from the delivery date to send your items back.","Enviámos-lhe por e-mail uma notificação com os detalhes da devolução e uma etiqueta de devolução pré-paga (se aplicável). Tem 14 dias a contar da data de entrega para devolver os seus artigos."
"Return request number","Número do pedido de devolução"
"Copy request number","Copiar número do pedido"
"Copied!","Copiado!"
"Confirmation email sent","E-mail de confirmação enviado"
"We've sent the details to","Enviámos os detalhes para"
"What happens next?","O que acontece a seguir?"
"Pack your items securely","Embale os artigos com cuidado"
"Send them back using the provided instructions","Envie-os de volta seguindo as instruções fornecidas"
"We'll inspect your return","Vamos inspecionar a sua devolução"
"Your refund will be issued to your original payment method","O seu reembolso será efetuado para o seu método de pagamento original"
"Need more help?","Precisa de mais ajuda?"
"View my returns","Ver as minhas devoluções"
"Contact support","Contactar o suporte"
"Purchased","Comprados"
"Returned","Devolvidos"
"Decrease quantity","Reduzir quantidade"
"Increase quantity","Aumentar quantidade"
"Has the hygiene seal been broken after delivery?","O selo de higiene foi quebrado após a entrega?"
"Has the original software / media seal been broken after delivery?","O selo original do software / suporte foi quebrado após a entrega?"
"No, the seal is intact","Não, o selo está intacto"
"Refund possible — return the unopened package.","Reembolso possível — devolva a embalagem por abrir."
"Yes, the seal is broken","Sim, o selo está quebrado"
"This item cannot be returned (Art. 16(e) Directive 2011/83/EU).","Este artigo não pode ser devolvido (art. 16.º, alínea e), da Diretiva 2011/83/UE)."
"This item cannot be returned (Art. 16(i) Directive 2011/83/EU).","Este artigo não pode ser devolvido (art. 16.º, alínea i), da Diretiva 2011/83/UE)."
"Once you confirm the seal is broken, this item is excluded from the withdrawal request and the quantity will be reset to zero.","Após confirmar que o selo está quebrado, este artigo é excluído do pedido de livre resolução e a quantidade será reposta a zero."
"Reason for return (optional)","Motivo da devolução (facultativo)"
"Tell us more (optional, max 500 chars)","Diga-nos mais (facultativo, máx. 500 caracteres)"
"Already returned.","Já devolvido."
"awaiting admin review","a aguardar revisão administrativa"
"awaiting confirmation","a aguardar confirmação"
"Request %1 %2 (%3 item%4).","Pedido %1 %2 (%3 artigo%4)."
"Return request awaiting review.","Pedido de devolução a aguardar revisão."
"Cancel request","Cancelar pedido"
"Under EU consumer law, you may withdraw from most contracts within 14 days without giving a reason.","Nos termos do direito do consumidor da UE, pode resolver a maioria dos contratos no prazo de 14 dias sem necessidade de justificação."
"Read your full pre-contract rights (Art. 6)","Consulte os seus direitos pré-contratuais completos (art. 6.º)"
"Under Art. 6 of Directive 2011/83/EU (as amended by Directive (EU) 2023/2673), before you placed this order the seller informed you — or made available — the following information:","Nos termos do art. 6.º da Diretiva 2011/83/UE (alterada pela Diretiva (UE) 2023/2673), antes de efetuar esta encomenda, o vendedor informou-o — ou disponibilizou-lhe — as seguintes informações:"
"The main characteristics of the goods or services.","As principais características dos bens ou serviços."
"The identity and contact details of the trader.","A identidade e os dados de contacto do profissional."
"The total price including all taxes and any delivery costs.","O preço total, incluindo todos os impostos e quaisquer custos de entrega."
"The arrangements for payment, delivery and performance, and complaint-handling.","As modalidades de pagamento, entrega e execução, bem como o tratamento de reclamações."
"Your right of withdrawal: under Art. 9 you have 14 days to withdraw from this distance contract without giving a reason. For physical goods, the 14-day period starts on the day you (or a third party nominated by you) take physical possession of the goods. For services and digital content, different starting dates apply (Art. 9(2)(a)/(c)).","O seu direito de livre resolução: nos termos do art. 9.º, dispõe de 14 dias para resolver este contrato à distância sem necessidade de justificação. Para os bens físicos, o prazo de 14 dias começa a contar a partir do dia em que o consumidor (ou um terceiro por si indicado) adquire a posse física dos bens. Para os serviços e o conteúdo digital, aplicam-se datas de início diferentes (art. 9.º, n.º 2, alíneas a) e c))."
"Exceptions: the right does not apply to certain goods and services listed in Art. 16 (e.g., custom-made goods, sealed hygiene items once unsealed, digital content whose performance has begun with your prior express consent and acknowledgement that you lose the withdrawal right).","Exceções: o direito não se aplica a determinados bens e serviços enumerados no art. 16.º (por exemplo, bens feitos por medida, artigos de higiene selados depois de abertos, conteúdo digital cuja execução tenha sido iniciada com o seu consentimento expresso prévio e o reconhecimento de que perde o direito de livre resolução)."
"The legal guarantee of conformity for goods applies under Art. 5 of Directive 2019/771, in addition to the right of withdrawal.","A garantia legal de conformidade dos bens aplica-se nos termos do art. 5.º da Diretiva 2019/771, em complemento do direito de livre resolução."
"Delivery: %1","Entrega: %1"
"Total paid","Total pago"
"Pick an order to withdraw from","Escolha uma encomenda a resolver"
"Select a recent order to start your withdrawal.","Selecione uma encomenda recente para iniciar a sua livre resolução."
"Select","Selecionar"
"Withdrawal progress","Progresso da resolução"
"title","título"
"subtitle","subtítulo"
"Items to return","Artigos a devolver"
"0 items","0 artigos"
"Refund summary","Resumo do reembolso"
"No items in this order are currently eligible for withdrawal.","Nenhum artigo desta encomenda é atualmente elegível para livre resolução."
"Each line is either already being processed, pending confirmation, or has been fully withdrawn. Check the existing requests section above for status or to cancel.","Cada linha está já a ser processada, a aguardar confirmação ou foi totalmente resolvida. Consulte a secção de pedidos existentes acima para ver o estado ou cancelar."
"No items selected yet. Use the + button next to an item to add it to your return.","Ainda não foram selecionados artigos. Use o botão + ao lado de um artigo para o adicionar à devolução."
"Find your order","Encontre a sua encomenda"
"Enter the details you used during checkout to start a return or withdrawal.","Introduza os dados que utilizou no checkout para iniciar uma devolução ou livre resolução."
"We could not find an order matching that email. Double-check your order number and email address.","Não foi possível encontrar uma encomenda correspondente a esse e-mail. Verifique novamente o número da encomenda e o endereço de e-mail."
"e.g. 12345","ex.: 12345"
"You can find this in your order confirmation email.","Pode encontrar isto no email de confirmação da encomenda."
"Email address","Endereço de email"
"you@example.com","you@example.com"
"Must match the email used for the order.","Tem de corresponder ao email utilizado na encomenda."
"Find my order","Encontrar a minha encomenda"
"You have the right to withdraw from your purchase within 14 days of receiving your order, without giving any reason.","Tem o direito de resolver a compra no prazo de 14 dias após a receção da encomenda, sem necessidade de justificação."
"Need help finding your order?","Precisa de ajuda para encontrar a sua encomenda?"
"Select an order","Selecionar uma encomenda"
"Choose an order from your history to start a return or withdrawal.","Escolha uma encomenda do seu histórico para iniciar uma devolução ou livre resolução."
"You don't have any orders eligible for withdrawal. The 14-day withdrawal window runs from the day you received your order.","Não tem encomendas elegíveis para livre resolução. O prazo de 14 dias começa a contar a partir do dia em que recebeu a encomenda."
"View all my orders","Ver todas as minhas encomendas"
"items","artigos"
"Select order","Selecionar encomenda"
"No recent withdrawal","Sem livre resolução recente"
"We could not find a recent withdrawal in this session. If you have just submitted one, please check your inbox for the confirmation email.","Não foi possível encontrar uma livre resolução recente nesta sessão. Se acabou de submeter uma, verifique a sua caixa de entrada para o e-mail de confirmação."
"Start a new withdrawal","Iniciar uma nova livre resolução"
"Withdrawal #%1 submitted","Livre resolução #%1 submetida"
"Related order:","Encomenda relacionada:"
"Items","Artigos"
"Items included in this withdrawal","Artigos incluídos nesta livre resolução"
"Line Total","Total da linha"
"What happens next","O que acontece a seguir"
"You will receive a receipt email with the full withdrawal statement and integrity hash within a few minutes.","Receberá um e-mail de comprovativo com a declaração completa da livre resolução e o hash de integridade dentro de alguns minutos."
"The 14-day window under Art. 9 CRD is locked to the moment you confirmed the withdrawal — nothing further is required from you to preserve the right.","O prazo de 14 dias previsto no art. 9.º da Diretiva relativa aos direitos dos consumidores fica fixado no momento em que confirmou a livre resolução — não é necessária qualquer outra ação da sua parte para preservar o direito."
"The final refund is determined after we receive the returned items (Art. 14(2)) and is issued to the original payment method. Expect the funds within 14 days of receipt.","O reembolso final é determinado após a receção dos artigos devolvidos (art. 14.º, n.º 2) e é efetuado para o método de pagamento original. Os fundos deverão ser creditados no prazo de 14 dias após a receção."
"Back to Withdrawals","Voltar às livres resoluções"
"Verzichtsbestätigung digitaler Inhalte — Bestellung %increment_id","Confirmação de renúncia ao conteúdo digital — Encomenda %increment_id"
"Sehr geehrte/r %name,","Caro(a) %name,"
"Dies ist die Bestätigung auf einem dauerhaften Datenträger Ihrer ausdrücklichen Einwilligung zum Beginn der Ausführung folgender digitaler Inhalte sowie Ihrer Bestätigung, dass Sie dadurch Ihr Widerrufsrecht verlieren (Art. 16(m) VRL).","Esta é a confirmação em suporte duradouro do seu consentimento expresso para o início da execução dos seguintes conteúdos digitais, bem como do seu reconhecimento de que, por esse motivo, perde o seu direito de livre resolução (art. 16.º, alínea m), da Diretiva relativa aos direitos dos consumidores)."
"Durch den Verzicht abgedeckte digitale Inhalte","Conteúdos digitais abrangidos por esta renúncia"
"Ihre ausdrückliche Einwilligung","O seu consentimento expresso"
"Eingewilligt am:","Consentido em:"
"Ihre Bestätigung zum Verlust des Widerrufsrechts","O seu reconhecimento da perda do direito de livre resolução"
"Bestätigt am:","Confirmado em:"
"Verzichtsreferenz:","Referência da renúncia:"
"Rechtsgrundlage: Art. 16(m) Verbraucherrechterichtlinie 2011/83/EU.","Base legal: art. 16.º, alínea m), da Diretiva relativa aos direitos dos consumidores 2011/83/UE."
"Digital content waiver confirmation — Order %1","Confirmação de renúncia ao conteúdo digital — Encomenda %1"
"Dear %name,","Caro(a) %name,"
"This is the durable-medium confirmation of your express consent to begin performance of the following digital items, and your acknowledgment that by doing so you lose your right of withdrawal (Art. 16(m) CRD).","Esta é a confirmação em suporte duradouro do seu consentimento expresso para o início da execução dos seguintes artigos digitais e do seu reconhecimento de que, ao fazê-lo, perde o seu direito de livre resolução (art. 16.º, alínea m), da Diretiva relativa aos direitos dos consumidores)."
"Digital items covered by this waiver","Artigos digitais abrangidos por esta renúncia"
"Your express consent","O seu consentimento expresso"
"Consented at:","Consentido em:"
"Your acknowledgment of loss of withdrawal right","O seu reconhecimento da perda do direito de livre resolução"
"Acknowledged at:","Reconhecido em:"
"Waiver reference:","Referência da renúncia:"
"Legal basis: Art. 16(m) Consumer Rights Directive 2011/83/EU.","Base legal: art. 16.º, alínea m) da Diretiva 2011/83/UE relativa aos direitos dos consumidores."
"Digitaalisen sisällön luopumisvahvistus — Tilaus %increment_id","Confirmação de renúncia ao conteúdo digital — Encomenda %increment_id"
"Hyvä %name,","Caro(a) %name,"
"Tämä on pysyvällä tietovälineellä annettu vahvistus nimenomaisesta suostumuksestasi aloittaa seuraavien digitaalisten sisältöjen toimitus sekä vahvistuksestasi, että menetät peruuttamisoikeutesi (KSL 6:16).","Esta é a confirmação em suporte duradouro do seu consentimento expresso para o início do fornecimento dos seguintes conteúdos digitais e do seu reconhecimento de que perde o seu direito de livre resolução (art. 16.º, alínea m), da Diretiva 2011/83/UE)."
"Luopumisen kattamat digitaaliset sisällöt","Conteúdos digitais abrangidos por esta renúncia"
"Nimenomainen suostumuksesi","O seu consentimento expresso"
"Suostuttu:","Consentido em:"
"Vahvistuksesi peruuttamisoikeuden menettämisestä","O seu reconhecimento da perda do direito de livre resolução"
"Vahvistettu:","Confirmado em:"
"Luopumisen viite:","Referência da renúncia:"
"Oikeusperusta: KSL 6:16 / Art. 16(m) kuluttajanoikeusdirektiivi 2011/83/EU.","Base legal: art. 16.º, alínea m), da Diretiva relativa aos direitos dos consumidores 2011/83/UE."
"Confirmation de renonciation au contenu numérique — Commande %increment_id","Confirmação de renúncia ao conteúdo digital — Encomenda %increment_id"
"Cher/Chère %name,","Caro(a) %name,"
"Ceci est la confirmation sur un support durable de votre consentement exprès à commencer l'exécution des contenus numériques suivants, et de votre reconnaissance que vous perdez ainsi votre droit de rétractation (Art. L. 221-28 Code consommation).","Esta é a confirmação em suporte duradouro do seu consentimento expresso para o início da execução dos seguintes conteúdos digitais e do seu reconhecimento de que, ao fazê-lo, perde o seu direito de livre resolução (art. 16.º, alínea m), da Diretiva 2011/83/UE)."
"Contenus numériques couverts par la présente renonciation","Conteúdos digitais abrangidos pela presente renúncia"
"Votre consentement exprès","O seu consentimento expresso"
"Consenti le :","Consentido em:"
"Votre reconnaissance de la perte du droit de rétractation","O seu reconhecimento da perda do direito de livre resolução"
"Reconnu le :","Reconhecido em:"
"Référence de renonciation :","Referência da renúncia:"
"Base légale : Art. L. 221-28 Code consommation / Art. 16(m) Directive 2011/83/UE.","Base legal: art. 16.º, alínea m), da Diretiva 2011/83/UE."
"Bevestiging afstand digitale inhoud — Bestelling %increment_id","Confirmação de renúncia ao conteúdo digital — Encomenda %increment_id"
"Beste %name,","Caro(a) %name,"
"Dit is de bevestiging op een duurzame gegevensdrager van uw uitdrukkelijke toestemming om te beginnen met de levering van de volgende digitale inhoud, en uw erkenning dat u daardoor uw herroepingsrecht verliest (Art. 6:230s BW).","Esta é a confirmação em suporte duradouro do seu consentimento expresso para o início do fornecimento dos seguintes conteúdos digitais e do seu reconhecimento de que, por esse motivo, perde o seu direito de livre resolução (art. 16.º, alínea m), da Diretiva 2011/83/UE)."
"Onder deze afstand vallende digitale items","Artigos digitais abrangidos por esta renúncia"
"Uw uitdrukkelijke toestemming","O seu consentimento expresso"
"Toestemming verleend op:","Consentimento concedido em:"
"Uw erkenning van verlies van herroepingsrecht","O seu reconhecimento da perda do direito de livre resolução"
"Erkend op:","Reconhecido em:"
"Afstandreferentie:","Referência da renúncia:"
"Rechtsgrondslag: Art. 6:230s BW / Art. 16(m) Richtlijn 2011/83/EU.","Base legal: art. 16.º, alínea m), da Diretiva 2011/83/UE."
"[EU Withdrawal] Receipt send failed — request #%request_id","[Livre resolução UE] Falha no envio do comprovativo — pedido #%request_id"
"The receipt email for withdrawal request #%request_id has failed to send permanently.","O e-mail de comprovativo do pedido de livre resolução #%request_id falhou de forma permanente."
"Inspect the <code>mm_eu_withdrawal_request.receipt_last_error</code> column for the last error message, and the <code>mm_eu_withdrawal_request.receipt_send_attempts</code> column for the retry count.","Consulte a coluna <code>mm_eu_withdrawal_request.receipt_last_error</code> para a última mensagem de erro e a coluna <code>mm_eu_withdrawal_request.receipt_send_attempts</code> para o número de tentativas."
"You can requeue the send from the admin grid after resolving the underlying issue.","Pode reenfileirar o envio a partir da grelha do administrador após resolver o problema subjacente."
"Your refund is on its way — Withdrawal #%1","O seu reembolso está a caminho — Livre resolução n.º %1"
"Your refund is on its way","O seu reembolso está a caminho"
"Hi %name, we've approved your withdrawal request and started the refund process.","Olá %name, aprovámos o seu pedido de livre resolução e iniciámos o processo de reembolso."
"View refund details","Ver detalhes do reembolso"
"Withdrawal number","Número da livre resolução"
"Approved on","Aprovada em"
"Estimated arrival","Chegada estimada"
"Status","Estado"
"Your refund will be issued to your original payment method within 5–7 business days. You'll see it on your card or bank statement once it lands.","O seu reembolso será efetuado no seu método de pagamento original no prazo de 5–7 dias úteis. Verá o valor refletido no extrato do cartão ou da conta bancária assim que for creditado."
"Need help?","Precisa de ajuda?"
"Reply to this email or contact us at","Responda a este e-mail ou contacte-nos em"
"Your withdrawal was cancelled — Withdrawal #%1","A sua livre resolução foi cancelada — Livre resolução n.º %1"
"Your withdrawal was cancelled","A sua livre resolução foi cancelada"
"Hi %name, we've cancelled your withdrawal request.","Olá %name, cancelámos o seu pedido de livre resolução."
"Submit a new request","Submeter novo pedido"
"Cancelled request","Pedido cancelado"
"Cancelled on","Cancelada em"
"Refund requested","Reembolso solicitado"
"If this was unexpected, you can submit a new withdrawal request as long as your 14-day window is still open. Reach out if you need help — we're happy to clarify.","Se isto foi inesperado, pode submeter um novo pedido de livre resolução enquanto o seu prazo de 14 dias ainda estiver aberto. Contacte-nos se precisar de ajuda — teremos todo o gosto em esclarecer."
"Cancellation confirmed — Withdrawal #%1","Cancelamento confirmado — Livre resolução n.º %1"
"Cancellation confirmed","Cancelamento confirmado"
"Hi %name, your withdrawal request has been cancelled as you asked.","Olá %name, o seu pedido de livre resolução foi cancelado conforme solicitou."
"Back to my orders","Voltar às minhas encomendas"
"Cancelled by","Cancelada por"
"You","Você"
"Your order remains active and there's no further action needed. If you change your mind, you can start a new withdrawal request any time within your 14-day window.","A sua encomenda mantém-se ativa e não é necessária qualquer outra ação. Se mudar de ideias, pode iniciar um novo pedido de livre resolução em qualquer momento dentro do seu prazo de 14 dias."
"Update on your withdrawal request — Withdrawal #%1","Atualização sobre o seu pedido de livre resolução — Livre resolução n.º %1"
"We can't process this withdrawal","Não podemos processar esta livre resolução"
"Hi %name, after reviewing your withdrawal request we're unable to approve it.","Olá %name, após análise do seu pedido de livre resolução, não nos é possível aprová-lo."
"Request details","Detalhes do pedido"
"Reviewed on","Revista em"
"Decision","Decisão"
"Reason from our team","Motivo da nossa equipa"
"If you'd like to discuss this decision, our team is here to help. Reply to this email or use the button above.","Se pretender esclarecer esta decisão, a nossa equipa está disponível para o ajudar. Responda a este e-mail ou utilize o botão acima."
"Your withdrawal request has been submitted — Order #%1","O seu pedido de livre resolução foi submetido — Encomenda n.º %1"
"Your return request has been submitted","O seu pedido de livre resolução foi submetido"
"Hi %name, we've received your return request and are currently reviewing it. You'll hear back when we've inspected your return and processed your refund.","Olá %name, recebemos o seu pedido de livre resolução e estamos a analisá-lo. Entraremos em contacto assim que inspecionarmos a devolução e processarmos o reembolso."
"Return number","Número da devolução"
"Requested on","Solicitada em"
"We'll inspect your return and notify you once approved. Refunds are issued to your original payment method within 5–7 business days after approval.","Iremos inspecionar a sua devolução e notificá-lo após a aprovação. Os reembolsos são efetuados no método de pagamento original no prazo de 5–7 dias úteis após a aprovação."
"If you have any questions, our customer service team is here to help.","Para qualquer dúvida, a nossa equipa de apoio ao cliente está disponível para o ajudar."
"Visit our help center","Visite o nosso centro de ajuda"
"If you did not initiate this request, contact us immediately at","Se não foi você quem iniciou este pedido, contacte-nos imediatamente em"
"Withdrawal receipt — Order #%1","Comprovativo de livre resolução — Encomenda n.º %1"
"Withdrawal receipt","Comprovativo de livre resolução"
"Hi %name, this email is your durable-medium proof of withdrawal under Art. 11a Directive 2011/83/EU. Keep it for your records.","Olá %name, este e-mail é a sua prova de livre resolução em suporte duradouro nos termos do art. 11.º-A da Diretiva 2011/83/UE. Guarde-o para os seus registos."
"Submitted on","Submetida em"
"Your %store_name order confirmation","Confirmação da sua encomenda em %store_name"
"%customer_name,","%customer_name,"
"Thank you for your order from %store_name.","Obrigado pela sua encomenda em %store_name."
"Once your package ships we will send you a tracking number.","Assim que a sua encomenda for expedida, enviaremos um número de seguimento."
"You can check the status of your order by <a href=""%account_url"">logging into your account</a>.","Pode consultar o estado da sua encomenda <a href=""%account_url"">iniciando sessão na sua conta</a>."
"If you have questions about your order, you can email us at <a href=""mailto:%store_email"">%store_email</a>","Se tiver dúvidas sobre a sua encomenda, pode contactar-nos por e-mail para <a href=""mailto:%store_email"">%store_email</a>"
"or call us at <a href=""tel:%store_phone"">%store_phone</a>","ou ligar-nos para <a href=""tel:%store_phone"">%store_phone</a>"
"Our hours are <span class=""no-link"">%store_hours</span>.","O nosso horário é <span class=""no-link"">%store_hours</span>."
"Your Order <span class=""no-link"">#%increment_id</span>","A sua encomenda <span class=""no-link"">#%increment_id</span>"
"Placed on <span class=""no-link"">%created_at</span>","Efetuada em <span class=""no-link"">%created_at</span>"
"Billing Info","Dados de faturação"
"Shipping Info","Dados de envio"
"Payment Method","Método de pagamento"
"Shipping Method","Método de envio"
"%name,","%name,"
"Once your package ships we will send an email with a link to track your order.","Assim que a sua encomenda for expedida, enviaremos um e-mail com uma ligação para seguir a encomenda."
"Your %store_name order has shipped","A sua encomenda em %store_name foi expedida"
"Your shipping confirmation is below. Thank you again for your business.","A sua confirmação de envio segue abaixo. Mais uma vez, obrigado pela sua preferência."
"Your Shipment #%shipment_id for Order #%order_id","A sua expedição #%shipment_id da encomenda #%order_id"
"Your digital content waiver is on file","A sua renúncia ao conteúdo digital está registada"
"Hi %name, you've consented to immediate digital delivery of the items below — this is your durable-medium copy of that consent (Art. 11a(4) CRD).","Olá %name, consentiu o fornecimento digital imediato dos artigos indicados abaixo — esta é a sua cópia em suporte duradouro desse consentimento (art. 11.º-A(4) Diretiva relativa aos direitos dos consumidores)."
"View order","Ver encomenda"
"Consented at","Consentido em"
"Acknowledged at","Reconhecido em"
"Keep this email as your durable-medium record. The merchant has stored the SHA-256 hash of the legal text you accepted:","Guarde este e-mail como o seu registo em suporte duradouro. O comerciante armazenou o hash SHA-256 do texto legal que aceitou:"
"Digital content waiver","Renúncia para conteúdo digital"
"We need your explicit consent before you can buy this digital item — please read both points carefully.","Necessitamos do seu consentimento expresso antes de poder comprar este artigo digital — por favor leia atentamente ambos os pontos."
"We log this consent with your IP and timestamp for our audit record.","Registamos este consentimento com o seu IP e carimbo de data/hora para o nosso registo de auditoria."
"Continue","Continuar"
"Waiver could not be saved. Please retry.","Não foi possível gravar o consentimento. Tente novamente."
"Enable for EU Withdrawal Lookup Form","Ativar no formulário de consulta de livre resolução UE"
"MageMe Extensions","Extensões MageMe"
"EU Withdrawal","Livre resolução UE"
"General","Geral"
"Enable Module","Ativar o módulo"
"Activates frontend and cron jobs. Default: disabled. Complete the manual setup checklist before enabling.","Ativa a frontend e as tarefas cron. Predefinição: desativado. Conclua a lista de verificação de configuração manual antes de ativar."
"Request Number Prefix","Prefixo do número do pedido"
"Optional prefix prepended to the withdrawal request increment ID in customer-facing UI (e.g. ""RR-"" renders as ""RR-000000022""). Leave blank to show the plain padded number.","Prefixo opcional acrescentado ao ID de incremento do pedido de livre resolução na interface do cliente (por exemplo, ""RR-"" apresenta-se como ""RR-000000022""). Deixe em branco para apresentar apenas o número preenchido."
"Default Contract Type","Tipo de contrato predefinido"
"Frontend Route","Rota da loja"
"URL prefix used by the customer-facing withdrawal flow (e.g. <code>withdraw-contract</code> renders as <code>/withdraw-contract/...</code>). Lowercase letters, digits, dashes and underscores only.","Prefixo de URL utilizado pelo fluxo de livre resolução do cliente (por exemplo, <code>withdraw-contract</code> apresenta-se como <code>/withdraw-contract/...</code>). Apenas letras minúsculas, dígitos, hífenes e sublinhados."
"Withdrawal Period","Prazo de livre resolução"
"Delivery Confirmation Statuses","Estados de confirmação de entrega"
"Pick one or more order statuses whose <em>transition</em> means the customer received the goods in your fulfillment workflow. The 14-day withdrawal window starts on the timestamp of the order's <em>earliest</em> transition into <em>any</em> of the selected statuses (Art. 9(2)(b) Directive 2011/83/EU). Multi-select supports merchants who use several ""delivered""-type statuses (e.g. <code>delivered</code> + <code>complete</code> + <code>delivered_partial</code>). Until the order reaches any of them, the right of withdrawal is open with no fixed deadline.","Escolha um ou mais estados de encomenda cuja <em>transição</em> significa que o cliente recebeu os bens no seu fluxo de entrega. O prazo de 14 dias começa no carimbo de data/hora da <em>primeira</em> transição da encomenda para <em>qualquer</em> dos estados selecionados (art. 9.º, n.º 2, alínea b), da Diretiva 2011/83/UE). A seleção múltipla apoia comerciantes que utilizam vários estados do tipo ""entregue"" (por exemplo, <code>delivered</code> + <code>complete</code> + <code>delivered_partial</code>). Até que a encomenda alcance algum deles, o direito de livre resolução permanece aberto, sem prazo fixo."
"Eligibility Rules (Art. 16 CRD Presets)","Regras de elegibilidade (predefinições art. 16.º DDC)"
"Art. 16(c) Custom-Made Goods","Art. 16.º, alínea c) Bens feitos por medida"
"Excludes products made to customer specifications or clearly personalised (e.g. engraved jewellery, made-to-measure clothing). <strong>Requires</strong> product attribute <code>is_custom_made = true</code>. If enabled, orders containing such items cannot be withdrawn — customers will see this when attempting to start withdrawal.","Exclui produtos feitos de acordo com as especificações do cliente ou claramente personalizados (por exemplo, joias gravadas, vestuário feito por medida). <strong>Requer</strong> o atributo de produto <code>is_custom_made = true</code>. Se ativado, as encomendas que contenham tais artigos não podem ser objeto de livre resolução — os clientes verão esta indicação ao tentar iniciar a livre resolução."
"Art. 16(d) Perishable Goods","Art. 16.º, alínea d) Bens perecíveis"
"Excludes goods that can deteriorate or expire rapidly (fresh food, cut flowers, short-shelf-life pharmaceuticals). <strong>Requires</strong> product attribute <code>is_perishable = true</code>. Do not enable for all categories — apply it only to truly perishable SKUs, otherwise you will unlawfully deny valid withdrawals.","Exclui bens suscetíveis de se deteriorar ou de expirar rapidamente (alimentos frescos, flores cortadas, medicamentos com prazo de validade curto). <strong>Requer</strong> o atributo de produto <code>is_perishable = true</code>. Não ative para todas as categorias — aplique-o apenas a SKU verdadeiramente perecíveis, sob pena de recusar ilicitamente livres resoluções válidas."
"Art. 16(e) Sealed Hygiene / Health","Art. 16.º, alínea e) Artigos selados de higiene ou saúde"
"Excludes sealed hygiene or health items <strong>only if the seal has been broken after delivery</strong> (cosmetics, intimate apparel, sealed medical supplies). <strong>Requires</strong> product attribute <code>is_sealed_hygiene = true</code>. The exclusion depends on a seal-check at the time of withdrawal (workflow in phase-04) — a sealed, unopened return remains eligible.","Exclui artigos selados de higiene ou saúde <strong>apenas se o selo tiver sido quebrado após a entrega</strong> (cosméticos, roupa íntima, materiais médicos selados). <strong>Requer</strong> o atributo de produto <code>is_sealed_hygiene = true</code>. A exclusão depende de uma verificação do selo no momento da livre resolução (fluxo na fase 04) — uma devolução selada e por abrir mantém-se elegível."
"Art. 16(i) Sealed Audio / Video / Software","Art. 16.º, alínea i) Suportes selados de áudio, vídeo ou software"
"Excludes sealed audio recordings, video recordings, or sealed computer software <strong>only if the seal has been broken after delivery</strong>. <strong>Requires</strong> product attribute <code>is_sealed_av = true</code>. Same seal-check logic as Art. 16(e). Does not apply to streaming / digital-download content — use Art. 16(m) for those.","Exclui gravações de áudio seladas, gravações de vídeo seladas ou software informático selado <strong>apenas se o selo tiver sido quebrado após a entrega</strong>. <strong>Requer</strong> o atributo de produto <code>is_sealed_av = true</code>. Mesma lógica de verificação do selo do art. 16.º, alínea e). Não se aplica a conteúdos de streaming / transferência digital — para esses, utilize o art. 16.º, alínea m)."
"Digital Content (Art. 16(m))","Conteúdo digital (art. 16.º, alínea m)"
"Detection","Deteção"
"Enable Digital Content Detection","Ativar a deteção de conteúdo digital"
"Master switch for Art. 16(m) digital-content detection. When off, no product is recognised as digital, the checkout waiver step is not required, and the preset always allows withdrawal.","Interruptor principal da deteção de conteúdo digital do art. 16.º, alínea m). Quando desativado, nenhum produto é reconhecido como digital, o passo de renúncia na finalização da compra não é exigido e a predefinição permite sempre a livre resolução."
"Detection Strategies","Estratégias de deteção"
"Which product-type heuristics trigger the digital-content waiver gate. Downloadable + virtual are safe defaults; bundle_contains_digital inspects bundle children; custom_attribute reads the EAV flag configured below.","Quais as heurísticas por tipo de produto que ativam o controlo de renúncia ao conteúdo digital. Downloadable + virtual são predefinições seguras; bundle_contains_digital inspeciona os artigos filhos dos pacotes; custom_attribute lê o indicador EAV configurado abaixo."
"Custom Attribute Code","Código de atributo personalizado"
"EAV attribute code used <strong>only</strong> when <em>Custom attribute flag</em> is picked in <em>Detection strategies</em> above. Default: <code>is_digital_content</code> (boolean attribute, 1 = digital). Ignored otherwise.","Código de atributo EAV utilizado <strong>apenas</strong> quando <em>Indicador de atributo personalizado</em> é selecionado em <em>Estratégias de deteção</em> acima. Predefinição: <code>is_digital_content</code> (atributo booleano, 1 = digital). Caso contrário, é ignorado."
"Checkout Step + Email","Passo de finalização + e-mail"
"Enable Checkout Waiver Step","Ativar o passo de renúncia na finalização"
"When on, carts that contain a detected digital item render the 2-checkbox waiver step at checkout. Has no effect unless <em>Detection → Enable digital content detection</em> is also on.","Quando ativado, os carrinhos que contenham um artigo digital detetado apresentam o passo de renúncia com 2 caixas de verificação na finalização da compra. Não tem efeito a menos que <em>Deteção → Ativar deteção de conteúdo digital</em> também esteja ativo."
"Merchant BCC Address for Confirmation Emails","Endereço BCC do comerciante para os e-mails de confirmação"
"Optional. Blind-copies the waiver-confirmation email to a merchant audit address. Leave blank to skip.","Facultativo. Envia uma cópia oculta do e-mail de confirmação da renúncia para um endereço de auditoria do comerciante. Deixe em branco para ignorar."
"Mark Virtual-Only Items as Performance-Started on Confirmation","Marcar artigos exclusivamente virtuais como «execução iniciada» na confirmação"
"Virtual products have no download trigger. When on, the waiver confirmation email's dispatch counts as performance-start for virtual-only items.","Os produtos virtuais não têm acionador de transferência. Quando ativado, o envio do e-mail de confirmação da renúncia conta como início da execução para os artigos exclusivamente virtuais (limite I-6)."
"Confirmation Email Identity","Identidade do remetente dos e-mails de confirmação"
"Per-Locale Waiver Text Overrides","Substituições do texto de renúncia por idioma"
"English (en_US)","Inglês (en_US)"
"Consent Text","Texto de consentimento"
"Right-Loss Acknowledgment Text","Texto de reconhecimento da perda do direito"
"German (de_DE)","Alemão (de_DE)"
"Finnish (fi_FI)","Finlandês (fi_FI)"
"Dutch (nl_NL)","Neerlandês (nl_NL)"
"French (fr_FR)","Francês (fr_FR)"
"Italian (it_IT)","Italiano (it_IT)"
"Spanish (es_ES)","Espanhol (es_ES)"
"Polish (pl_PL)","Polaco (pl_PL)"
"Portuguese (pt_PT)","Português (pt_PT)"
"Danish (da_DK)","Dinamarquês (da_DK)"
"Swedish (sv_SE)","Sueco (sv_SE)"
"German — Austria (de_AT)","Alemão — Áustria (de_AT)"
"Swedish — Finland (sv_FI)","Sueco — Finlândia (sv_FI)"
"Dutch — Belgium (nl_BE)","Neerlandês — Bélgica (nl_BE)"
"French — Belgium (fr_BE)","Francês — Bélgica (fr_BE)"
"German — Belgium (de_BE)","Alemão — Bélgica (de_BE)"
"French — Luxembourg (fr_LU)","Francês — Luxemburgo (fr_LU)"
"Pre-Contract Information (Art. 6(1)(h))","Informação pré-contratual (art. 6.º, n.º 1, alínea h)"
"Enable Pre-Contract Disclosure","Ativar a informação pré-contratual"
"Master kill-switch. Disabled = block does not render and no display events are recorded. Disabling exposes the merchant to Art. 10 (12 month + 14 day extended withdrawal period). Default: enabled.","Interruptor geral. Desativado = o bloco não é apresentado e não são registados eventos de exibição. A desativação expõe o comerciante ao art. 10.º (prazo prolongado de livre resolução de 12 meses + 14 dias). Predefinição: ativado."
"Withdrawal Period (Days)","Prazo de livre resolução (dias)"
"Default 14 days per Art. 9(2). Extension allowed (e.g. 30, 100). Reduction below 14 is illegal — the field validates >=14 only when the module is enabled.","Predefinição de 14 dias nos termos do art. 9.º, n.º 2. É permitida a extensão (por exemplo, 30, 100). A redução abaixo de 14 é ilegal — o campo só valida >=14 quando o módulo está ativado."
"Return Address","Endereço de devolução"
"Where consumers send goods back. Leave empty to fall back to the store address from Stores → Configuration → General → General → Store Information.","Local para onde os consumidores devolvem os bens. Deixe vazio para utilizar o endereço de Lojas → Configuração → Geral → Geral → Informações da loja."
"Display In Checkout","Mostrar na finalização"
"Annex I Overrides Per Locale","Substituições do anexo I por idioma"
"Bulgarian (bg_BG)","Búlgaro (bg_BG)"
"Czech (cs_CZ)","Checo (cs_CZ)"
"Greek (el_GR)","Grego (el_GR)"
"Estonian (et_EE)","Estónio (et_EE)"
"Croatian (hr_HR)","Croata (hr_HR)"
"Hungarian (hu_HU)","Húngaro (hu_HU)"
"Lithuanian (lt_LT)","Lituano (lt_LT)"
"Latvian (lv_LV)","Letão (lv_LV)"
"Romanian (ro_RO)","Romeno (ro_RO)"
"Slovak (sk_SK)","Eslovaco (sk_SK)"
"Slovenian (sl_SI)","Esloveno (sl_SI)"
"Frontend","Frontend"
"Buttons","Botões"
"Step 1 Button Label","Etiqueta do botão do passo 1"
"<strong>⚠ Legal warning.</strong> Art. 11a(2) CRD requires the literal text ""withdraw from contract here"" <em>or a corresponding unambiguous formulation</em>. The default value (""Withdraw from contract here"") is the Directive's verbatim phrase. Per-locale translations are counsel-signed. <strong>Do not override unless you have received written advice from qualified consumer-law counsel in the target jurisdiction.</strong> Every override is recorded in the audit log.","<strong>⚠ Aviso legal (lacuna #4).</strong> O art. 11.º-A, n.º 2, da Diretiva relativa aos direitos dos consumidores exige o texto literal ""resolver o contrato aqui"" <em>ou uma formulação inequívoca correspondente</em>. O valor predefinido (""Resolver o contrato aqui"") é a frase literal da Diretiva. Per-locale translations are counsel-signed. <strong>Não substitua a menos que tenha recebido aconselhamento por escrito de juristas qualificados em direito do consumidor na jurisdição em causa.</strong> Cada substituição fica registada no registo de auditoria."
"Step 2 Button Label (Confirmation)","Etiqueta do botão do passo 2 (confirmação)"
"<strong>⚠ Legal warning.</strong> This is the label on the final confirmation button. Default (""Confirm withdrawal"") is counsel-signed. Per-locale translations are counsel-signed. Override only with written legal advice; overrides are audit-logged.","<strong>⚠ Aviso legal (lacuna #4).</strong> Esta é a etiqueta do botão de confirmação final. A predefinição (""Confirmar livre resolução"") é validada por aconselhamento jurídico. Per-locale translations are counsel-signed. Substitua apenas com aconselhamento jurídico escrito; as substituições ficam registadas em auditoria."
"Placements","Posicionamentos"
"Show Footer Link","Mostrar ligação no rodapé"
"Show in My Account","Mostrar em A Minha Conta"
"Return Reasons","Motivos de devolução"
"Reasons","Motivos"
"List of reasons offered to the customer in the per-item dropdown. <strong>Code</strong> is the machine value (lowercase, snake_case, max 32 chars); <strong>Label</strong> is the visible text. Empty grid hides the dropdown entirely.","Lista de motivos disponibilizados ao cliente no menu pendente por artigo. <strong>Código</strong> é o valor de máquina guardado na base de dados (minúsculas, snake_case, máx. 32 caracteres); <strong>Etiqueta</strong> é o texto visível. Uma grelha vazia oculta totalmente o menu pendente."
"Enable ""Other"" with Free Text","Ativar «Outro» com texto livre"
"When enabled, an ""Other"" option appears in the dropdown that reveals a free-text field (max 500 chars).","Quando ativado, aparece a opção ""Outro"" no menu pendente, que apresenta um campo de texto livre (máx. 500 caracteres)."
"Review Step","Passo de revisão"
"Return Shipping Notice","Aviso de envio de devolução"
"Text shown on the Review & Confirm step (step 3). Example: ""You'll receive a prepaid shipping label in the confirmation email."" or ""Return shipping costs are paid by the customer."" Leave blank to hide the row.","Texto apresentado no passo Rever e confirmar (passo 3). Exemplo: ""Receberá uma etiqueta de envio pré-paga no e-mail de confirmação."" ou ""Os custos de envio da devolução são suportados pelo cliente."" Deixe em branco para ocultar a linha."
"Return Policy URL","URL da política de devoluções"
"Optional link rendered next to the shipping notice (""View return policy""). Accepts absolute URLs or relative paths like ""return-policy"".","Ligação opcional apresentada junto ao aviso de envio (""Ver política de devoluções""). Aceita URLs absolutos ou caminhos relativos como ""return-policy""."
"Customer Notifications","Notificações ao cliente"
"All customer-facing emails sent by the module. Each email can be enabled/disabled, assigned a custom template (Marketing → Email Templates), and BCC'd to a merchant address. The shared <em>Branding</em> subgroup at the bottom controls the layout (USP strip, social links) used by every email below.","Todos os e-mails para clientes enviados pelo módulo. Cada e-mail pode ser ativado/desativado, associado a um modelo personalizado (Marketing → Modelos de e-mail) e enviado em BCC para um endereço do comerciante. O subgrupo <em>Identidade da marca</em> partilhado em baixo controla o esquema gráfico (barra USP, ligações sociais) utilizado por todos os e-mails abaixo."
"1. Submission Confirmation Email","1. E-mail de confirmação de envio"
"Enabled","Ativado"
"Email Template","Modelo de e-mail"
"BCC Merchant","BCC ao comerciante"
"Comma-separated. Leave blank to disable.","Separados por vírgula. Deixe em branco para desativar."
"2. Approval Email","2. E-mail de aprovação"
"3. Denial Email","3. E-mail de recusa"
"4. Cancellation Email (Admin-Initiated)","4. E-mail de cancelamento (iniciado pelo administrador)"
"5. Cancellation Email (Customer Self-Cancel)","5. E-mail de cancelamento (iniciado pelo cliente)"
"6. Receipt Email (Durable Medium — Art. 11a(4))","6. E-mail de receção (suporte duradouro — art. 11.º-A, n.º 4)"
"Legally required durable-medium confirmation. Cannot be fully disabled (Art. 11a(4) Directive 2011/83/EU). Disabling here only stops the sender — the receipt is still generated and stored.","Confirmação em suporte duradouro exigida por lei. Não pode ser totalmente desativada (art. 11.º-A, n.º 4, da Diretiva 2011/83/UE). Desativar aqui apenas interrompe o envio — o comprovativo continua a ser gerado e armazenado."
"Send Email","Enviar e-mail"
"Comma-separated.","Separados por vírgula."
"Delivery Retry Attempts","Tentativas de reenvio"
"Number of delivery attempts before a receipt is flagged as undelivered.","Number of delivery attempts before a receipt is flagged as undelivered."
"DLQ Alert Recipient","Destinatário dos alertas DLQ"
"Notified when a receipt fails permanently. Falls back to Store Email Addresses → General Contact.","Notificado quando um comprovativo falha de forma permanente. Recorre a Endereços de e-mail da loja → Contacto geral."
"7. Digital Waiver Confirmation Email (Art. 11a(4))","7. E-mail de confirmação de renúncia ao conteúdo digital (art. 11.º-A, n.º 4)"
"Durable-medium copy of the customer's Art. 16(m) waiver, sent immediately after checkout when a digital item is in cart. Required by Art. 11a(4) Directive 2011/83/EU — keeps a tamper-evident record of the legal text the customer accepted.","Cópia em suporte duradouro da renúncia do cliente nos termos do art. 16.º, alínea m), enviada imediatamente após a finalização da compra quando há um artigo digital no carrinho. Exigida pelo art. 11.º-A, n.º 4, da Diretiva 2011/83/UE — mantém um registo inviolável do texto legal aceite pelo cliente, juntamente com o hash SHA-256 para verificação da cadeia de hashes."
"Comma-separated. Receives a copy of every confirmation for audit purposes.","Separados por vírgula. Recebe uma cópia de cada confirmação para efeitos de auditoria."
"Branding (Shared by All Emails Above)","Identidade da marca (partilhada por todos os e-mails acima)"
"Optional decoration of the customer-facing emails. Empty fields hide their respective rows. Brand wordmark, logo, support email, and store address are read from the standard Magento configuration tree (Stores → Configuration → General + Design → Transactional Emails).","Decoração opcional dos e-mails para clientes. Os campos vazios ocultam as respetivas linhas. A marca nominativa, o logótipo, o e-mail de apoio e o endereço da loja são lidos a partir da árvore de configuração padrão do Magento (Lojas → Configuração → Geral + Design → E-mails transacionais)."
"USP Strip — Item 1","Barra USP — item 1"
"Icon","Ícone"
"Title","Título"
"Subtitle","Subtítulo"
"USP Strip — Item 2","Barra USP — item 2"
"USP Strip — Item 3","Barra USP — item 3"
"Social Links","Ligações sociais"
"Instagram URL","URL do Instagram"
"X / Twitter URL","URL do X / Twitter"
"Facebook URL","URL do Facebook"
"YouTube URL","URL do YouTube"
"Privacy & Retention","Privacidade e retenção"
"Two-stage GDPR data lifecycle for the <code>mm_eu_withdrawal_request</code> table. Withdrawal requests carry both <em>personally identifiable</em> data (customer name, email, IP, user agent, admin notes, denial reasons) and a content hash that is the Art. 11a(4) <em>durable-medium</em> legal proof. The two have different mandatory retention periods, so we store them on the same row and age them out separately.","Ciclo de vida de dados RGPD em duas fases para a tabela <code>mm_eu_withdrawal_request</code>. Os pedidos de livre resolução contêm tanto dados <em>pessoalmente identificáveis</em> (nome do cliente, e-mail, IP, agente do utilizador, notas administrativas, motivos de recusa) como um hash de conteúdo que é a prova legal em <em>suporte duradouro</em> do art. 11.º-A, n.º 4. Os dois têm períodos de retenção obrigatórios diferentes, pelo que são armazenados na mesma linha e expirados em separado."
"PII Retention (days)","Retenção de dados pessoais (dias)"
"How long the <strong>personally identifiable columns</strong> stay on a row before the daily cron <strong>nullifies</strong> them: <code>customer_name</code>, <code>customer_email</code>, <code>customer_ip</code>, <code>user_agent</code>, <code>denial_reason</code>, <code>admin_note</code>. The row itself stays — only PII is wiped. Counted from the row's <code>created_at</code>.<br/><br/>
                        <strong>Default: 730 days (2 years).</strong> This is the floor — GDPR Art. 5(1)(e) (""storage limitation"") balanced against the statute of limitations for consumer-rights claims in most EU member states (1–2 years). Range: 730–3650 days.","Por quanto tempo as <strong>colunas pessoalmente identificáveis</strong> permanecem numa linha antes de o cron diário as <strong>anular</strong>: <code>customer_name</code>, <code>customer_email</code>, <code>customer_ip</code>, <code>user_agent</code>, <code>denial_reason</code>, <code>admin_note</code>. A própria linha permanece — apenas os dados pessoais são apagados. Contado a partir do <code>created_at</code> da linha.<br/><br/>
                        <strong>Predefinição: 730 dias (2 anos).</strong> Este é o limite mínimo — RGPD art. 5.º, n.º 1, alínea e) (""limitação da conservação"") em equilíbrio com o prazo de prescrição das ações relativas aos direitos dos consumidores na maioria dos Estados-Membros da UE (1–2 anos). Intervalo: 730–3650 dias."
"Hash Retention (days)","Retenção de hashes (dias)"
"How long the <strong>content hash</strong> (Art. 11a(4) durable-medium proof) stays. After PII has been wiped above, the row keeps only the SHA-256 hash + receipt timestamps until this period expires; then the cron <strong>deletes the whole row</strong>.<br/><br/>
                        <strong>Default: 2190 days (6 years).</strong> Matches the longest commercial-records retention obligation in EU member states (typically 6 years for accounting / VAT). Must be ≥ PII Retention. Range: 2190–3650 days.","Por quanto tempo o <strong>hash de conteúdo</strong> (prova em suporte duradouro do art. 11.º-A, n.º 4) permanece. Depois de os dados pessoais terem sido apagados conforme acima, a linha mantém apenas o hash SHA-256 e os carimbos de data/hora do comprovativo até este período expirar; em seguida, o cron <strong>elimina a linha inteira</strong>.<br/><br/>
                        <strong>Predefinição: 2190 dias (6 anos).</strong> Corresponde à obrigação de retenção de registos comerciais mais longa dos Estados-Membros da UE (normalmente 6 anos para contabilidade / IVA). Deve ser ≥ Retenção de dados pessoais. Intervalo: 2190–3650 dias."
"Append-only audit log of all withdrawal lifecycle events (GDPR Art. 5(2) accountability).
                    Personal data (IP, user agent, customer actor ID) is automatically nullified after the retention period.
                    The audit rows themselves are never deleted — only anonymised.","Registo de auditoria apenas adicionável de todos os eventos do ciclo de vida da livre resolução (responsabilidade nos termos do art. 5.º, n.º 2, do RGPD).
                    Os dados pessoais (IP, agente do utilizador, ID do ator-cliente) são automaticamente anulados após o período de retenção.
                    As próprias linhas de auditoria nunca são eliminadas — apenas anonimizadas."
"Order #","Encomenda #"
"Contract","Contrato"
"Submitter","Remetente"
"Withdrawal submitted","Livre resolução submetida"
"Right of Withdrawal — Required Information","Direito de livre resolução — Informação obrigatória"
"Before placing your order, please review the conditions, time limit, and procedures for exercising your 14-day right of withdrawal. This information forms part of your contract.","Antes de efetuar a sua encomenda, leia as condições, o prazo e os procedimentos para o exercício do seu direito de livre resolução de 14 dias. Esta informação faz parte do seu contrato."
"Conditions, Time Limit and Procedures for Withdrawal","Condições, prazo e procedimentos de livre resolução"
"Start Online Return","Iniciar devolução online"
"Download Model Withdrawal Form (Annex I(B))","Descarregar modelo do formulário de livre resolução (Anexo I(B))"
"Withdrawal Information v%1 — Issued %2","Informações sobre livre resolução v%1 — emitido em %2"
"You'll receive a prepaid shipping label in the confirmation email.","Receberá uma etiqueta de envio pré-paga no email de confirmação."
"← Back to order search","← Voltar à pesquisa de encomendas"
"← Back to items","← Voltar aos artigos"
"Find order","Encontrar encomenda"
"Enter your order number and email","Introduza o número da encomenda e o email"
"Select items","Selecionar artigos"
"Choose items to return (partial withdrawal)","Escolha os artigos a devolver (livre resolução parcial)"
"Review & confirm","Rever e confirmar"
"Review your return details and confirm","Reveja os detalhes da devolução e confirme"
"Request submitted","Pedido enviado"
"We'll confirm your request by email","Confirmaremos o seu pedido por email"
"I expressly consent to begin performance of the digital content before the withdrawal period expires.","Consinto expressamente o início da execução do conteúdo digital antes do termo do prazo de livre resolução."
"I acknowledge that by giving this consent I lose my right of withdrawal once performance has begun (Art. 16(m) CRD).","Reconheço que, ao prestar este consentimento, perco o meu direito de livre resolução assim que a execução tiver início (art. 16.º, alínea m), Diretiva 2011/83/UE)."
"Withdrawals","Direitos de livre resolução"
"Minimum %1 characters required.","São necessários no mínimo %1 caracteres."
"Failed to add note.","Falha ao adicionar a nota."
"Network error while adding note.","Erro de rede ao adicionar a nota."
"Exported Evidence","Prova exportada"
"Pending Confirm","Pendente de confirmação"
"Sent","Enviado"
"Failed Permanent","Falha permanente"
"Failed Retry","Falha com nova tentativa"
"Eligible","Elegível"
"Excluded","Excluído"
"Action","Ação"
"From","De"
"To","Para"
"Admin Id","ID de admin."
"Order Id","ID da encomenda"
"Request Id","ID do pedido"
"Item Count","Quantidade de artigos"
"Rules Fired","Regras aplicadas"
"Topic","Tópico"
"Message Id","ID da mensagem"
"Email To Hash","Hash do e-mail"
"Attempts","Tentativas"
"Viewed At","Visualizado em"
"Referrer Host","Anfitrião referente"
"Optional legal template — not required to use; you can also exercise the right of withdrawal by any unequivocal statement.","Modelo legal opcional — não é obrigatório utilizá-lo; pode igualmente exercer o direito de livre resolução através de qualquer declaração inequívoca."
"Right of withdrawal","Direito de livre resolução"
"You have 14 days from the day you receive your order to withdraw without giving any reason — full refund to your original payment method.","Tem 14 dias a contar do dia em que recebe a encomenda para resolver o contrato sem necessidade de justificação — reembolso integral pelo seu método de pagamento original."
"Some items may be excluded by law (perishable goods, custom-made items, sealed hygiene or audio/video products). We'll show you exactly what's eligible on the next page.","Alguns artigos podem ser excluídos por lei (bens perecíveis, artigos feitos por medida, produtos selados de higiene ou de áudio/vídeo). Mostrar-lhe-emos exatamente o que é elegível na próxima página."
"Direct link — no login or account password required.","Ligação direta — não é necessário iniciar sessão nem ter palavra-passe de conta."
"Art. 16(m) CRD exclusion — digital content where the customer has (1) given express prior consent to begin performance and (2) acknowledged that they lose the withdrawal right. Two switches: the <em>Detection</em> subgroup decides what counts as digital (master switch), the <em>Checkout step + Email</em> subgroup renders the 2-checkbox waiver UX and dispatches the confirmation email. Both must be ON for the feature to work end-to-end. Use this only for <strong>one-time digital purchases</strong> (ebooks, software installers, music files, games). Do <strong>not</strong> enable it for ongoing digital <strong>subscriptions or services</strong> (SaaS, streaming, hosted software) — EU case law (CJEU Sky, C-641/19) requires a different consent flow for those.","Art. 16(m) CRD exclusion — digital content where the customer has (1) given express prior consent to begin performance and (2) acknowledged that they lose the withdrawal right. Two switches: the <em>Detection</em> subgroup decides what counts as digital (master switch), the <em>Checkout step + Email</em> subgroup renders the 2-checkbox waiver UX and dispatches the confirmation email. Both must be ON for the feature to work end-to-end. Use this only for <strong>one-time digital purchases</strong> (ebooks, software installers, music files, games). Do <strong>not</strong> enable it for ongoing digital <strong>subscriptions or services</strong> (SaaS, streaming, hosted software) — EU case law (CJEU Sky, C-641/19) requires a different consent flow for those."
"Customer-facing UX for the withdrawal flow. Subgroups: <em>Buttons</em> (legal-critical labels), <em>Placements</em> (where to surface the link), <em>Return Reasons</em> (per-item dropdown), <em>Review Step</em> (content on step 3 of the flow).","UX voltada ao cliente para o fluxo de livre resolução. Subgrupos: <em>Botões</em> (rótulos juridicamente relevantes), <em>Posicionamentos</em> (onde apresentar a ligação), <em>Motivos de devolução</em> (lista pendente por artigo), <em>Etapa de revisão</em> (conteúdo do passo 3 do fluxo)."
"Disable only if you deliver the durable-medium confirmation through a different channel.","Desative apenas se entregar a confirmação em suporte duradouro através de outro canal."
"Disable only if you deliver the receipt through a different durable medium (postal mail, customer account download, etc.).","Desative apenas se entregar o comprovativo através de outro suporte duradouro (correio postal, transferência na conta do cliente, etc.)."
"Empty fields fall through to the locale baseline. Any override value becomes part of the SHA-256 hash stored per consent event — changing a field after customers have consented does <strong>not</strong> retroactively invalidate prior consents.","Os campos vazios recorrem à linha de base de the locale baseline para a localização/jurisdição. Qualquer valor de substituição passa a integrar o hash SHA-256 armazenado em cada evento de consentimento — alterar um campo após os clientes terem consentido <strong>não</strong> invalida retroativamente os consentimentos anteriores."
"Mandatory pre-contractual disclosure of the right of withdrawal. Displayed on the checkout payment step. Each display is logged forensically (Art. 10 defence). Snapshot of the rendered text is stored immutably (Art. 6(5)). <strong>Counsel review recommended before customising any Annex I text.</strong>","Informação pré-contratual obrigatória sobre o direito de livre resolução. Apresentada na etapa de pagamento do checkout. Cada apresentação é registada de forma forense (defesa ao abrigo do art. 10.º). É armazenado de forma imutável um instantâneo do texto renderizado (art. 6.º, n.º 5). <strong>Recomenda-se revisão jurídica antes de personalizar qualquer texto do anexo I.</strong>"
"Off = block hidden but display events still recorded server-side via predispatch fallback. Use only for sandbox testing. Default: on.","Desligado = bloco oculto mas os eventos de apresentação continuam a ser registados do lado do servidor através do recurso predispatch. Utilize apenas para testes em sandbox. Predefinição: ligado."
"Optional URLs rendered as round monogram badges in the email footer. Leave blank to hide.","URLs opcionais apresentados como emblemas circulares com monograma no rodapé do e-mail. Deixe em branco para ocultar."
"Sent when a customer cancels their own pending withdrawal.","Enviado quando um cliente cancela a sua própria livre resolução pendente."
"Sent when a customer completes the withdrawal form.","Enviado quando um cliente conclui o formulário de livre resolução."
"Sent when an admin approves a withdrawal request.","Enviado quando um administrador aprova um pedido de livre resolução."
"Sent when an admin cancels a withdrawal request on the customer's behalf.","Enviado quando um administrador cancela um pedido de livre resolução em nome do cliente."
"Sent when an admin denies a withdrawal request.","Enviado quando um administrador recusa um pedido de livre resolução."
"These presets exclude specific product categories from the 14-day withdrawal right, per Art. 16 CRD. Each rule is OFF by default — enable only after confirming the corresponding product attribute is set correctly on your catalog.","Estas predefinições excluem determinadas categorias de produtos do direito de livre resolução de 14 dias, ao abrigo do art. 16.º da CRD. Cada regra está DESLIGADA por predefinição — ative apenas depois de confirmar que o atributo de produto correspondente está corretamente definido no seu catálogo."
"e.g. ""EU orders above €50""","p. ex. «Encomendas UE acima de 50 €»"
"e.g. ""Free delivery""","p. ex. «Entrega grátis»"
"Qty: ","Qtd.: "
"Submission failed. Please try again.","Envio falhou. Por favor, tente novamente."
"Network error. Please try again.","Erro de rede. Por favor, tente novamente."
"Invalid server response.","Resposta do servidor inválida."
"Admin Notifications","Notificações do administrador"
"Internal alerts to your team. Independent of the per-email <em>BCC Merchant</em> checkboxes under <em>Customer Notifications</em> below — if you enable both, you will receive two emails per request.","Alertas internos para a sua equipa. Independentes das caixas <em>BCC para o comerciante</em> em <em>Notificações ao cliente</em> abaixo — se ativar ambos, receberá dois e-mails por pedido."
"1. New Request Alert","1. Alerta de novo pedido"
"Sent the moment a customer completes the two-step withdrawal flow.","Enviado no momento em que um cliente conclui o fluxo de desistência em dois passos."
"Recipient Email(s)","E-mail(s) do destinatário"
"BCC","BCC"
"New Withdrawal Request","Novo pedido de desistência"
"A new withdrawal request was just submitted.","Foi enviado um novo pedido de desistência."
"Request:","Pedido:"
"Order:","Encomenda:"
"Customer:","Cliente:"
"Refund Total:","Reembolso total:"
"[Withdrawal] New request %request_increment_id · Order #%order_increment_id · %refund_total","[Desistência] Novo pedido %request_increment_id · Encomenda #%order_increment_id · %refund_total"
"Anonymised","Anonimizado"
"Audit","Auditoria"
"Cancel Order","Cancelar encomenda"
"Confirmation Email (Art. 11a(4))","E-mail de confirmação (Art. 11.º-A(4))"
"Detection (Art. 16(m))","Deteção (Art. 16.º(m))"
"Digital Waiver (Art. 16(m))","Renúncia digital (Art. 16.º(m))"
"Email Identity","Identidade do remetente"
"ID","ID"
"Integrity hash","Hash de integridade"
"Pre-Contract Proof","Prova pré-contratual"
"Verify this receipt","Verificar este recibo"
"Withdrawal Window","Prazo de desistência"
"This SHA-256 hash uniquely identifies your withdrawal record. Verify it at any time using the button above.","Este hash SHA-256 identifica de forma única o seu registo de desistência. Pode verificá-lo a qualquer momento com o botão acima."
"Digital content waiver confirmation — Order %increment_id","Confirmação de renúncia a conteúdo digital — Encomenda %increment_id"
"Comma-separated. Each recipient receives a separate email rendered in their own admin locale (looked up via the admin user's interface_locale; fallback to general/locale/code). Invalid addresses dropped silently.","Separados por vírgulas. Cada destinatário recebe um e-mail separado renderizado na sua própria localidade de administração (procurada via interface_locale do utilizador admin; recurso — general/locale/code). Os endereços inválidos são descartados silenciosamente."
"Art. 16(m) CRD digital-content detection. Determines what counts as digital content for eligibility purposes. The actual checkout-step waiver UI and email lives in the next section ""Digital Waiver"".","Deteção de conteúdo digital ao abrigo do Art. 16.º(m) DDC. Determina o que conta como conteúdo digital para efeitos de elegibilidade. A interface de renúncia no checkout e o e-mail estão na secção seguinte «Renúncia digital»."
"Art. 16(m) CRD exclusion — digital content where the customer has (1) given express prior consent to begin performance and (2) acknowledged that they lose the withdrawal right. Two switches control this feature end-to-end: the <em>Detection</em> subgroup under <em>Eligibility Rules</em> decides what counts as digital (master switch); this section renders the 2-checkbox waiver UX at checkout and dispatches the Art. 11a(4) confirmation email. Both must be ON for the feature to work end-to-end. Per-locale text overrides below. Use this only for <strong>one-time digital purchases</strong> (ebooks, software installers, music files, games). Do <strong>not</strong> enable it for ongoing digital <strong>subscriptions or services</strong> (SaaS, streaming, hosted software) — EU case law (CJEU Sky, C-641/19) requires a different consent flow for those.","Exceção Art. 16.º(m) DDC — conteúdo digital em que o cliente (1) deu consentimento expresso prévio para iniciar a prestação e (2) reconheceu a perda do direito de desistência. Dois interruptores controlam a funcionalidade: o subgrupo <em>Deteção</em> em <em>Regras de elegibilidade</em> decide o que conta como digital (interruptor principal); esta secção renderiza a UI de renúncia com 2 caixas de seleção no checkout e envia o e-mail de confirmação do Art. 11.º-A(4). Ambos devem estar LIGADOS. Substituições de texto por localidade abaixo. Use apenas para <strong>compras digitais únicas</strong> (e-books, instaladores, ficheiros de música, jogos). <strong>Não</strong> ative para <strong>subscrições ou serviços</strong> digitais contínuos (SaaS, streaming, software alojado) — a jurisprudência da UE (CJEU Sky, C-641/19) exige um fluxo de consentimento diferente."
"Defines <strong>when</strong> the 14-day withdrawal right starts running (the delivery trigger, Art. 9(2)(b)) and <strong>how long</strong> it lasts in days (Art. 9(2)). Together these control the period each order's withdrawal is open.","Define <strong>quando</strong> começa o direito de desistência de 14 dias (acionador de entrega, Art. 9.º(2)(b)) e <strong>quanto</strong> dura em dias (Art. 9.º(2)). Em conjunto, controlam o período em que a desistência de cada encomenda está aberta."
"Default 14 days per Art. 9(2). Extension allowed (e.g. 30, 100). Reduction below 14 is illegal — the field validates 14-3650 only.","Predefinição de 14 dias conforme Art. 9.º(2). Extensão permitida (por exemplo, 30, 100). Redução abaixo de 14 é ilegal — o campo valida apenas 14-3650."
"When on, carts that contain a detected digital item render the 2-checkbox waiver step at checkout. Has no effect unless <em>Eligibility Rules → Detection → Enable Digital Content Detection</em> is also on.","Quando ligado, carrinhos que contêm um item digital detetado renderizam o passo de renúncia com 2 caixas de seleção no checkout. Sem efeito a menos que <em>Regras de elegibilidade → Deteção → Ativar deteção de conteúdo digital</em> também esteja ligado."
"Optional. Comma-separated. Blind-copies the waiver-confirmation email to a merchant audit address. Leave blank to skip.","Opcional. Separados por vírgulas. Envia uma cópia oculta do e-mail de confirmação de renúncia para um endereço de auditoria do comerciante. Deixe em branco para ignorar."
"<strong>⚠ Legal warning.</strong> Art. 11a(2) CRD requires the literal text ""withdraw from contract here"" <em>or a corresponding unambiguous formulation</em>. The default value (""Withdraw from contract here"") is the Directive's verbatim phrase; Per-locale translations are counsel-signed. <strong>Do not override unless you have received written advice from qualified consumer-law counsel in the target jurisdiction.</strong> Every override is recorded in the audit log.","<strong>⚠ Aviso legal.</strong> O Art. 11a(2) DDC exige o texto literal «desistir do contrato aqui» <em>ou uma formulação equivalente sem ambiguidade</em>. O valor predefinido («Desistir do contrato aqui») é a frase literal da Diretiva; As traduções por localidade são assinadas por advogados. <strong>Não substitua a menos que tenha recebido aconselhamento por escrito de um advogado qualificado em direito do consumo na jurisdição-alvo.</strong> Cada substituição é registada no log de auditoria."
"<strong>⚠ Legal warning.</strong> This is the label on the final confirmation button. Default (""Confirm withdrawal"") is counsel-signed; Per-locale translations are counsel-signed. Override only with written legal advice; overrides are audit-logged.","<strong>⚠ Aviso legal.</strong> Este é o rótulo do botão final de confirmação. O valor predefinido («Confirmar desistência») é assinado por advogados; As traduções por localidade são assinadas por advogados. Substitua apenas com aconselhamento jurídico por escrito; as substituições são registadas no log de auditoria."
"Cancel the linked order? No payment has been captured, so there is nothing to refund — the order will be cancelled in Magento.","Cancelar a encomenda associada? Não foi capturado nenhum pagamento, pelo que não há nada a reembolsar — a encomenda será cancelada no Magento."
"Two-stage GDPR data lifecycle. Withdrawal requests carry both <em>personally identifiable</em> data (customer name, email, IP, user agent, admin notes, denial reasons) and a content hash that is the Art. 11a(4) <em>durable-medium</em> legal proof. The two have different mandatory retention periods and are aged out separately.","Ciclo de vida de dados RGPD em duas fases. Os pedidos de desistência contêm tanto dados <em>identificáveis pessoalmente</em> (nome do cliente, e-mail, IP, user agent, notas de admin, motivos de recusa) como um hash de conteúdo que é a prova legal em <em>suporte duradouro</em> do Art. 11a(4). Os dois têm períodos obrigatórios de conservação diferentes e são eliminados separadamente."
"How long the <strong>personally identifiable fields</strong> (customer name, email, IP, user agent, denial reason, admin note) are kept before they are nullified by the daily privacy cron. The withdrawal record itself stays — only PII is wiped. Counted from the record's creation date.<br/><br/>
                        <strong>Default: 730 days (2 years).</strong> This is the floor — GDPR Art. 5(1)(e) (""storage limitation"") balanced against the statute of limitations for consumer-rights claims in most EU member states (1–2 years). Range: 730–3650 days.","Quanto tempo os <strong>campos identificáveis pessoalmente</strong> (nome do cliente, e-mail, IP, user agent, motivo de recusa, nota de admin) são mantidos antes de serem anulados pelo cron diário de privacidade. O próprio registo de desistência permanece — apenas o PII é apagado. Contado a partir da data de criação do registo.<br/><br/>
                        <strong>Predefinição: 730 dias (2 anos).</strong> Este é o limite mínimo — Art. 5.º(1)(e) RGPD («limitação da conservação») equilibrado com os prazos de prescrição das reivindicações de direitos dos consumidores na maioria dos Estados-Membros da UE (1–2 anos). Intervalo: 730–3650 dias."
"How long the <strong>content hash</strong> (Art. 11a(4) durable-medium proof) is retained. After PII has been wiped, the record keeps only the hash and receipt timestamps until this period expires; then the record is deleted entirely.<br/><br/>
                        <strong>Default: 2190 days (6 years).</strong> Matches the longest commercial-records retention obligation in EU member states (typically 6 years for accounting / VAT). Must be ≥ PII Retention. Range: 2190–3650 days.","Quanto tempo o <strong>hash de conteúdo</strong> (prova em suporte duradouro do Art. 11a(4)) é mantido. Depois do PII apagado, o registo conserva apenas o hash e os carimbos temporais do recibo até este período expirar; depois o registo é eliminado por completo.<br/><br/>
                        <strong>Predefinição: 2190 dias (6 anos).</strong> Corresponde à obrigação de conservação mais longa de registos comerciais em Estados-Membros da UE (geralmente 6 anos para contabilidade / IVA). Deve ser ≥ Conservação PII. Intervalo: 2190–3650 dias."
"Append-only audit log of all withdrawal lifecycle events (GDPR Art. 5(2) accountability). Personal data (IP, user agent, customer actor ID) is automatically nullified after the retention period. The audit log itself stays — only PII is wiped.","Log de auditoria append-only de todos os eventos do ciclo de vida das desistências (responsabilidade Art. 5.º(2) RGPD). Os dados pessoais (IP, user agent, ID do ator cliente) são automaticamente anulados após o período de conservação. O log de auditoria em si permanece — apenas o PII é apagado."
