"View Credit Memo","Vezi nota de credit"
"Issue Credit Memo","Emite nota de credit"
"Approve","Aprobă"
"Approve this withdrawal request?","Aprobați această cerere de retragere?"
"Deny","Respinge"
"Legal reason for denial (min 10 chars):","Temei juridic pentru respingere (minimum 10 caractere):"
"Cancel Request","Anulează cererea"
"Cancel this withdrawal? Add an optional note for the customer (visible in their cancellation email):","Anulați această retragere? Adăugați o notă opțională pentru client (vizibilă în e-mailul de anulare):"
"Resend Receipt","Retrimite chitanța"
"Send the receipt email again? The customer will receive another copy.","Retrimiteți e-mailul de confirmare? Clientul va primi încă un exemplar."
"Withdrawal Request #%1","Cerere de retragere #%1"
"Request Details","Detaliile cererii"
"Information","Informații"
"Reason for Denial","Motivul respingerii"
"Customer Cancellation Note","Notă de anulare a clientului"
"Cancellation Note","Notă de anulare"
"Status-Change Note","Notă privind modificarea stării"
"Code","Cod"
"Label","Etichetă"
"Add Reason","Adaugă motiv"
"In progress","În curs"
"Refund issued","Rambursare emisă"
"Denied","Respins"
"Cancelled","Anulat"
"Pending","În așteptare"
"This is a transactional email about your order.","Acesta este un e-mail tranzacțional referitor la comanda dvs."
"Reason for denial","Motivul respingerii"
"Your cancellation note","Nota dvs. de anulare"
"Note from our team","Mesaj de la echipa noastră"
"EU right of withdrawal","Drept de retragere UE"
"Withdrawal right pending delivery","Drept de retragere în așteptarea livrării"
"Withdrawal window has ended","Termenul de retragere a expirat"
"Not eligible for withdrawal","Nu se poate retrage"
"Withdrawal already requested","Cerere de retragere deja trimisă"
"You can withdraw from this contract any time — the 14-day deadline begins counting once the order is delivered.","Puteți să vă retrageți din acest contract oricând — termenul de 14 zile începe să curgă din momentul livrării comenzii."
"Your 14-day withdrawal window will begin once this order is delivered.","Termenul dvs. de retragere de 14 zile va începe din momentul livrării acestei comenzi."
"The 14-day window for withdrawing from this contract has ended.","Termenul de 14 zile pentru retragerea din acest contract a expirat."
"This order is not eligible for withdrawal under EU consumer law (Art. 16 Directive 2011/83/EU).","Această comandă nu este eligibilă pentru retragere conform legislației UE privind protecția consumatorilor (art. 16 Directiva 2011/83/UE)."
"A withdrawal request for this order has been submitted. See the request details below.","Pentru această comandă a fost trimisă o cerere de retragere. Vedeți detaliile cererii mai jos."
"This order contains a perishable item that cannot be returned (food with short shelf life, fresh flowers, etc.).","Această comandă conține un articol perisabil care nu poate fi returnat (alimente cu termen scurt de valabilitate, flori proaspete etc.)."
"This order contains a custom-made or personalised item that cannot be returned.","Această comandă conține un articol realizat la comandă sau personalizat care nu poate fi returnat."
"This order contains a sealed hygiene item. You keep the right of withdrawal only while the seal stays intact — once unsealed after delivery, the right is lost.","Această comandă conține un articol de igienă sigilat. Păstrați dreptul de retragere doar atât timp cât sigiliul rămâne intact — odată desigilat după livrare, dreptul se pierde."
"This order contains a sealed audio / video / software item. You keep the right of withdrawal only while the seal stays intact — once unsealed after delivery, the right is lost.","Această comandă conține un articol audio / video / software sigilat. Păstrați dreptul de retragere doar atât timp cât sigiliul rămâne intact — odată desigilat după livrare, dreptul se pierde."
"This order contains digital content. Once you start using or downloading the content, you lose the right of withdrawal (you consented to this at checkout).","Această comandă conține conținut digital. Odată ce începeți să utilizați sau să descărcați conținutul, pierdeți dreptul de retragere (ați consimțit la acest lucru la finalizarea comenzii)."
"%1 item(s) · Refund %2","%1 articol(e) · Rambursare %2"
"Awaiting confirmation","Așteaptă confirmarea"
"Cancel withdrawal %1? Your refund will not be processed.","Anulați retragerea %1? Rambursarea dvs. nu va fi procesată."
"Submitted","Trimis"
"Approved","Aprobat"
"Fully returned","Returnat integral"
"Return requested","Returnare solicitată"
"Not eligible","Neeligibil"
"Partially requested","Solicitat parțial"
"— Select a reason —","— Selectați un motiv —"
"Other","Altul"
"The refund will be issued using your original payment method within 5-7 business days after we receive your return.","Rambursarea va fi efectuată folosind metoda dvs. inițială de plată în termen de 5-7 zile lucrătoare de la primirea returului."
"Withdrawal right lost (Art. 16(m) CRD) — digital performance started on %1.","Drept de retragere pierdut (art. 16 lit. m) Directiva 2011/83/UE) — executarea digitală a început la %1."
"Request #%1 not found.","Cererea #%1 nu a fost găsită."
"Receipt email re-queued for request #%1. Delivery will retry asynchronously.","E-mailul de confirmare a fost reintrodus în coadă pentru cererea #%1. Livrarea va fi reîncercată asincron."
"Failed to queue receipt resend: %1","Punerea în coadă a retrimiterii confirmării a eșuat: %1"
"Note text is empty.","Textul notei este gol."
"Note added to request #%1.","Notă adăugată la cererea #%1."
"Request #%1 approved.","Cererea #%1 a fost aprobată."
"Request #%1 cancelled.","Cererea #%1 a fost anulată."
"Request #%1 denied.","Cererea #%1 a fost respinsă."
"Invalid request id.","ID cerere invalid."
"Unable to open temporary file for CSV export.","Nu se poate deschide fișierul temporar pentru exportul CSV."
"Withdrawal Requests","Cereri de retragere"
"%1 requests queued for acceptance.","%1 cereri puse în coadă pentru acceptare."
"%1 request(s) approved.","%1 cerere(i) aprobată(e)."
"%1 request(s) failed. First errors: %2","%1 cerere(i) au eșuat. Primele erori: %2"
"Note added to %1 request(s).","Notă adăugată la %1 cerere(i)."
"Underlying order #%1 not found.","Comanda asociată #%1 nu a fost găsită."
"Order #%1 has no invoice yet — Magento requires an invoice before a credit memo can be created. Open an invoice first (Sales → Orders → #%1 → Invoice button), then return here to refund.","Comanda #%1 nu are încă o factură — Magento necesită o factură înainte de a putea crea o notă de credit. Deschideți mai întâi o factură (Vânzări → Comenzi → #%1 → butonul Factură), apoi reveniți aici pentru a rambursa."
"No items recorded on this withdrawal request — the credit memo will open with default invoice qtys; please adjust manually.","Nu sunt înregistrate articole pentru această cerere de retragere — nota de credit se va deschide cu cantitățile implicite ale facturii; vă rugăm să le ajustați manual."
"Pre-filled credit memo for withdrawal #%1 — review the qtys + shipping refund below, then click Refund Online or Refund Offline.","Notă de credit precompletată pentru retragerea #%1 — verificați cantitățile + rambursarea transportului mai jos, apoi apăsați Rambursare online sau Rambursare offline."
"Some items are no longer eligible. Please reload and try again.","Unele articole nu mai sunt eligibile. Vă rugăm să reîncărcați pagina și să încercați din nou."
"We could not process your request. Please try again.","Nu am putut procesa cererea dvs. Vă rugăm să încercați din nou."
"Item","Articol"
"We could not find a matching order for that email.","Nu am găsit o comandă care să corespundă acestui e-mail."
"Withdraw from a contract","Retragere din contract"
"Withdrawal not found.","Retragerea nu a fost găsită."
"This withdrawal can no longer be cancelled online. Contact us if you need help.","Această retragere nu mai poate fi anulată online. Contactați-ne dacă aveți nevoie de ajutor."
"Withdrawal #%1 cancelled.","Retragerea #%1 a fost anulată."
"Please fill in all required fields.","Completați toate câmpurile obligatorii."
"%1 item(s) were excluded from the withdrawal because the seal is broken (Art. 16(e)/(i) Directive 2011/83/EU).","%1 articol(e) au fost excluse din retragere deoarece sigiliul este rupt (art. 16 lit. e)/(i) Directiva 2011/83/UE)."
"Please select at least one item to withdraw.","Vă rugăm să selectați cel puțin un articol pentru retragere."
"One or more items are no longer available for withdrawal. Please refresh and try again.","Unul sau mai multe articole nu mai sunt disponibile pentru retragere. Vă rugăm să reîmprospătați și să încercați din nou."
"None of the selected items are eligible for withdrawal.","Niciunul dintre articolele selectate nu este eligibil pentru retragere."
"Hash mismatch for quote item %1","Nepotrivire de hash pentru articolul ofertă %1"
"Requested qty %1 exceeds remaining %2 for order item %3","Cantitatea solicitată %1 depășește cantitatea rămasă %2 pentru articolul de comandă %3"
"No delivery confirmation recorded for this order yet.","Nu există încă o confirmare de livrare înregistrată pentru această comandă."
"No eligible items selected for withdrawal","Nu au fost selectate articole eligibile pentru retragere"
"Physical goods","Produse fizice"
"Digital content (non-tangible)","Conținut digital (intangibil)"
"Digital service (SaaS / subscription)","Serviciu digital (SaaS / abonament)"
"Financial services (not supported)","Servicii financiare (nu este acceptat)"
"Downloadable products","Produse descărcabile"
"Virtual products","Produse virtuale"
"Bundles containing digital children","Pachete care conțin componente digitale"
"Custom attribute flag","Marcaj atribut personalizat"
"locale_inheritance.xml missing at %1","locale_inheritance.xml lipsește la %1"
"locale_inheritance.xml unreadable at %1","locale_inheritance.xml ilizibil la %1"
"locale_inheritance.xml failed XSD validation: %1","validarea XSD a locale_inheritance.xml a eșuat: %1"
"Original payment method","Metoda inițială de plată"
"This is your durable-medium receipt for the withdrawal (Art. 11a(4) Directive 2011/83/EU).","Aceasta este confirmarea dvs. pe suport durabil pentru retragere (art. 11a alin. (4) Directiva 2011/83/UE)."
"This email is a notification about your withdrawal request.","Acest e-mail este o notificare privind cererea dvs. de retragere."
"5–7 business days","5–7 zile lucrătoare"
"This is a confirmation that your withdrawal request has been recorded.","Aceasta este o confirmare că cererea dvs. de retragere a fost înregistrată."
"MageMe EU Withdrawal is installed but not enabled. Review the compliance checklist and configure the module before enabling: <a href=""%1"">Stores → Configuration → MageMe Extensions → EU Withdrawal</a>.","MageMe EU Withdrawal este instalat, dar nu este activat. Verificați lista de conformitate și configurați modulul înainte de activare: <a href=""%1"">Magazine → Configurare → Extensii MageMe → Retragere UE</a>."
"Delivery confirmation status is not configured. Set Stores → Configuration → MageMe Extensions → EU Withdrawal → Withdrawal Period → Delivery Confirmation Statuses.","Starea de confirmare a livrării nu este configurată. Setați Magazine → Configurare → Extensii MageMe → Retragere UE → Perioadă de retragere → Stări de confirmare a livrării."
"No Annex I source found for locale %1 along chain %2","Nu s-a găsit nicio sursă Anexa I pentru limba %1 pe lanțul %2"
"Annex I source for locale %1 is malformed","Sursa Anexa I pentru limba %1 este malformată"
"Missing merchant variables for Annex I rendering: %1","Lipsesc variabile de comerciant pentru randarea Anexei I: %1"
"Receipt hash mismatch for request %1","Nepotrivire de hash al confirmării pentru cererea %1"
"Request %1 not found.","Cererea %1 nu a fost găsită."
"Denying a withdrawal request requires a legal basis of at least 10 characters.","Respingerea unei cereri de retragere necesită un temei juridic de cel puțin 10 caractere."
"Withdrawal request cannot transition from ""%1"" to ""%2"".","Cererea de retragere nu poate trece din „%1” în „%2”."
"Request %1 is not in pending_confirm state.","Cererea %1 nu este în starea pending_confirm."
"Withdrawal request #%1 does not exist.","Cererea de retragere #%1 nu există."
"No digital items on order %1","Nu există articole digitale în comanda %1"
"This is your durable-medium copy of the waiver you signed at checkout (Art. 11a(4) Directive 2011/83/EU).","Aceasta este copia dvs. pe suport durabil a consimțământului pe care l-ați semnat la finalizarea comenzii (art. 11a alin. (4) Directiva 2011/83/UE)."
"Waived","Renunțat"
"Waiver email render failed: %1","Randarea e-mailului de consimțământ a eșuat: %1"
"Digital content waiver text has changed — please reload checkout.","Textul consimțământului pentru conținut digital s-a modificat — vă rugăm să reîncărcați finalizarea comenzii."
"Digital content waiver is incomplete for item %1.","Consimțământul pentru conținut digital este incomplet pentru articolul %1."
"bad","necorespunzător"
"smtp down","smtp down"
"smtp","smtp"
"down","indisponibil"
"No shipment found for order 42.","Nu s-a găsit niciun transport pentru comanda 42."
"View","Vizualizează"
"Withdrawal & Customer Information","Informații despre retragere și client"
"Request # %1","Cerere # %1"
"Request Status","Stare cerere"
"Submitted At","Trimis la"
"Confirmed At","Confirmat la"
"Related Order","Comandă asociată"
"Jurisdiction","Jurisdicție"
"Contract Type","Tip contract"
"Receipt Status","Stare confirmare"
"%1 attempt(s)","%1 încercare(i)"
"Receipt Error","Eroare confirmare"
"Customer Information","Informații despre client"
"Customer Name","Numele clientului"
"Email","E-mail"
"Locale","Limbă"
"Items Selected for Withdrawal","Articole selectate pentru retragere"
"Product","Produs"
"Price","Preț"
"Qty","Cant."
"Subtotal","Subtotal"
"Refund","Rambursare"
"Reason","Motiv"
"Eligibility","Eligibilitate"
"No items associated with this request.","Niciun articol asociat acestei cereri."
"SKU","SKU"
"Ordered","Comandate"
"Withdrawing","Se retrag"
"Refund Total","Total rambursare"
"Notes for this Request","Note pentru această cerere"
"Internal notes — visible to admin staff only. Not sent to the customer.","Note interne — vizibile doar pentru personalul administrativ. Nu sunt trimise clientului."
"Comment","Comentariu"
"Add internal note (max 2000 chars)","Adaugă notă internă (maximum 2000 de caractere)"
"Submit Comment","Trimite comentariul"
"No comments added yet.","Nu au fost adăugate încă comentarii."
" by %1"," de %1"
"Refund Totals","Totaluri rambursare"
"Items Subtotal","Subtotal articole"
"Shipping Refund","Rambursare transport"
"Total Refund","Rambursare totală"
"Changes have been made to this section that have not been saved.","În această secțiune au fost efectuate modificări care nu au fost salvate."
"This tab contains invalid data. Please resolve this before saving.","Această filă conține date invalide. Vă rugăm să remediați acest lucru înainte de salvare."
"Contact us","Contactați-ne"
"Returns","Returnări"
"FAQs","Întrebări frecvente"
"All rights reserved.","Toate drepturile rezervate."
"Returned items","Articole returnate"
"No image","Fără imagine"
"Item status","Stare articol"
"Withdrawal options for this order","Opțiuni de retragere pentru această comandă"
"You can return this order until %1.","Puteți returna această comandă până la %1."
"(Art. 11a Directive 2011/83/EU)","(art. 11a Directiva 2011/83/UE)"
"Submit a withdrawal request to start the refund process.","Trimiteți o cerere de retragere pentru a începe procesul de rambursare."
"(Art. 9(2)(b) Directive 2011/83/EU)","(art. 9 alin. (2) lit. b) Directiva 2011/83/UE)"
"Start withdrawal","Începe retragerea"
"Your withdrawal requests","Cererile dvs. de retragere"
"Submitted %1","Trimis %1"
"Show items","Afișează articolele"
"Cancel withdrawal","Anulează retragerea"
"Qty %1","Cant. %1"
"Receipt details","Detaliile confirmării"
"Receipt number","Număr chitanță"
"Order number","Număr comandă"
"Confirmed","Confirmat"
"Consumer","Consumator"
"Refund total","Total rambursare"
"Merchant","Comerciant"
"Legal basis","Temei juridic"
"SKU %1","SKU %1"
"Shipping refund","Rambursare transport"
"Tax refund","Rambursare taxă"
"Total refund","Total rambursare"
"Digital content — Art. 16(m) notice","Conținut digital — notificare art. 16 lit. m)"
"By placing the order you agreed to begin performance of the digital content before the end of the withdrawal period and acknowledged that, once performance has begun, the right of withdrawal no longer applies. This notice is shown for your records.","Prin plasarea comenzii ați fost de acord să se înceapă executarea conținutului digital înainte de sfârșitul perioadei de retragere și ați luat la cunoștință că, odată ce executarea a început, dreptul de retragere nu se mai aplică. Această notificare este afișată pentru evidența dvs."
"Existing withdrawals for this order","Retrageri existente pentru această comandă"
"You can cancel a withdrawal here until it is approved.","Puteți anula o retragere aici până când este aprobată."
"Request #%1","Cerere #%1"
"SKU: %1","SKU: %1"
"Estimated refund: %1 %2","Rambursare estimată: %1 %2"
"Cancel this withdrawal","Anulează această retragere"
"Are you sure? This cannot be undone.","Sunteți sigur? Această acțiune nu poate fi anulată."
"Yes, cancel","Da, anulează"
"Keep it","Păstrează"
"Select items to return","Selectați articolele de returnat"
"Choose all items or only some of them. Set the return quantity for each item you want to withdraw.","Alegeți toate articolele sau doar unele dintre ele. Setați cantitatea de retur pentru fiecare articol pentru care doriți să vă retrageți."
"You have 14 days from the day you received your order to withdraw from the contract without giving a reason.","Aveți la dispoziție 14 zile de la primirea comenzii pentru a vă retrage din contract fără a fi nevoie să motivați decizia."
"Back to order search","Înapoi la căutarea comenzii"
"Cancel","Anulează"
"Continue to review","Continuă la verificare"
"Review and confirm","Verifică și confirmă"
"Order #%1","Comandă #%1"
"Placed on %1","Plasată la %1"
"Awaiting delivery","În așteptarea livrării"
"Delivered on %1","Livrată la %1"
"Total","Total"
"Return shipping","Expediere retur"
"View return policy","Vizualizare politică de retur"
"Refund method","Metodă de rambursare"
"Refund will be issued to your original payment method.","Rambursarea va fi efectuată pe metoda dvs. inițială de plată."
"Return summary","Sumar al returului"
"Shipping & Handling","Transport și manipulare"
"Tax","Taxă"
"Back to items","Înapoi la articole"
"Submit return request","Trimite cererea de retur"
"Your return request has been submitted!","Cererea dvs. de returnare a fost trimisă!"
"We've emailed you a notification with your return details and a prepaid return label (if applicable). You have 14 days from the delivery date to send your items back.","V-am trimis prin e-mail o notificare cu detaliile returului și o etichetă de retur preplătită (dacă este cazul). Aveți la dispoziție 14 zile de la data livrării pentru a vă trimite articolele înapoi."
"Return request number","Număr cerere de returnare"
"Copy request number","Copiază numărul cererii"
"Copied!","Copiat!"
"Confirmation email sent","E-mail de confirmare trimis"
"We've sent the details to","Am trimis detaliile la"
"What happens next?","Ce urmează?"
"Pack your items securely","Ambalați-vă articolele în siguranță"
"Send them back using the provided instructions","Trimiteți-le înapoi folosind instrucțiunile furnizate"
"We'll inspect your return","Vom verifica returul dvs."
"Your refund will be issued to your original payment method","Rambursarea va fi efectuată către metoda dvs. inițială de plată"
"Need more help?","Aveți nevoie de mai mult ajutor?"
"View my returns","Vezi returnările mele"
"Contact support","Contactează asistența"
"Purchased","Cumpărate"
"Returned","Returnate"
"Decrease quantity","Scădere cantitate"
"Increase quantity","Creștere cantitate"
"Is the hygiene seal still intact?","Sigiliul de igienă este încă intact?"
"Is the original software / media seal still intact?","Sigiliul original al software-ului / mediului de stocare este încă intact?"
"Yes — it's still sealed","Da — este încă sigilat"
"Refund possible — return the unopened package.","Rambursare posibilă — returnați coletul nedeschis."
"No — I've opened it","Nu — l-am deschis"
"This item cannot be returned (Art. 16(e) Directive 2011/83/EU).","Acest articol nu poate fi returnat (art. 16 lit. e) Directiva 2011/83/UE)."
"This item cannot be returned (Art. 16(i) Directive 2011/83/EU).","Acest articol nu poate fi returnat (art. 16 lit. i) Directiva 2011/83/UE)."
"Once you confirm the seal is broken, this item is excluded from the withdrawal request and the quantity will be reset to zero.","Odată ce confirmați că sigiliul este rupt, acest articol este exclus din cererea de retragere și cantitatea va fi resetată la zero."
"Reason for return (optional)","Motiv returnare (opțional)"
"Tell us more (optional, max 500 chars)","Spuneți-ne mai multe (opțional, maximum 500 de caractere)"
"Already returned.","Deja returnat."
"awaiting admin review","în așteptarea verificării de către administrator"
"awaiting confirmation","în așteptarea confirmării"
"Request %1 %2 (%3 item%4).","Cererea %1 %2 (%3 articol%4)."
"Return request awaiting review.","Cerere de retur în așteptarea verificării."
"Cancel request","Anulează cererea"
"Under EU consumer law, you may withdraw from most contracts within 14 days without giving a reason.","În conformitate cu legislația UE privind protecția consumatorilor, vă puteți retrage din majoritatea contractelor în termen de 14 zile fără a fi nevoie să motivați."
"Read your full pre-contract rights (Art. 6)","Citiți toate drepturile dvs. precontractuale (art. 6)"
"Under Art. 6 of Directive 2011/83/EU (as amended by Directive (EU) 2023/2673), before you placed this order the seller informed you — or made available — the following information:","În conformitate cu art. 6 din Directiva 2011/83/UE (astfel cum a fost modificată prin Directiva (UE) 2023/2673), înainte de plasarea acestei comenzi, vânzătorul v-a informat sau v-a pus la dispoziție următoarele informații:"
"The main characteristics of the goods or services.","Principalele caracteristici ale bunurilor sau serviciilor."
"The identity and contact details of the trader.","Identitatea și datele de contact ale comerciantului."
"The total price including all taxes and any delivery costs.","Prețul total, incluzând toate taxele și eventualele costuri de livrare."
"The arrangements for payment, delivery and performance, and complaint-handling.","Modalitățile de plată, livrare și executare, precum și de soluționare a reclamațiilor."
"Your right of withdrawal: under Art. 9 you have 14 days to withdraw from this distance contract without giving a reason. For physical goods, the 14-day period starts on the day you (or a third party nominated by you) take physical possession of the goods. For services and digital content, different starting dates apply (Art. 9(2)(a)/(c)).","Dreptul dvs. de retragere: în conformitate cu art. 9, aveți la dispoziție 14 zile pentru a vă retrage din acest contract la distanță, fără a fi nevoie să motivați. Pentru bunurile fizice, termenul de 14 zile începe să curgă din ziua în care dvs. (sau un terț desemnat de dvs.) intrați în posesia fizică a bunurilor. Pentru servicii și conținut digital, se aplică alte date de începere (art. 9 alin. (2) lit. a)/c))."
"Exceptions: the right does not apply to certain goods and services listed in Art. 16 (e.g., custom-made goods, sealed hygiene items once unsealed, digital content whose performance has begun with your prior express consent and acknowledgement that you lose the withdrawal right).","Excepții: dreptul nu se aplică anumitor bunuri și servicii enumerate la art. 16 (de exemplu, bunuri realizate la comandă, articole de igienă sigilate odată desigilate, conținut digital a cărui executare a început cu consimțământul dvs. expres prealabil și recunoașterea pierderii dreptului de retragere)."
"The legal guarantee of conformity for goods applies under Art. 5 of Directive 2019/771, in addition to the right of withdrawal.","Garanția legală de conformitate pentru bunuri se aplică în conformitate cu art. 5 din Directiva 2019/771, în plus față de dreptul de retragere."
"Delivery: %1","Livrare: %1"
"Total paid","Total plătit"
"Pick an order to withdraw from","Alegeți o comandă din care să vă retrageți"
"Select a recent order to start your withdrawal.","Selectați o comandă recentă pentru a începe retragerea."
"Select","Selectează"
"Withdrawal progress","Progres retragere"
"title","titlu"
"subtitle","subtitlu"
"Items to return","Articole de returnat"
"0 items","0 articole"
"Refund summary","Sumar al rambursării"
"No items in this order are currently eligible for withdrawal.","Niciun articol din această comandă nu este în prezent eligibil pentru retragere."
"Each line is either already being processed, pending confirmation, or has been fully withdrawn. Check the existing requests section above for status or to cancel.","Fiecare linie este fie deja în curs de procesare, fie în așteptarea confirmării, fie a fost retrasă integral. Verificați secțiunea de cereri existente de mai sus pentru stare sau pentru anulare."
"No items selected yet. Use the + button next to an item to add it to your return.","Niciun articol selectat încă. Folosiți butonul + de lângă un articol pentru a-l adăuga la retur."
"Find your order","Găsiți comanda"
"Enter the details you used during checkout to start a return or withdrawal.","Introduceți datele folosite la finalizarea comenzii pentru a începe un retur sau o retragere."
"We could not find an order matching that email. Double-check your order number and email address.","Nu am găsit nicio comandă care să corespundă acelui e-mail. Verificați din nou numărul comenzii și adresa de e-mail."
"e.g. 12345","ex.: 12345"
"You can find this in your order confirmation email.","Puteți găsi acest lucru în e-mailul de confirmare a comenzii."
"Email address","Adresă de e-mail"
"you@example.com","you@example.com"
"Must match the email used for the order.","Trebuie să se potrivească cu e-mailul folosit pentru comandă."
"Find my order","Găsește comanda mea"
"You have the right to withdraw from your purchase within 14 days of receiving your order, without giving any reason.","Aveți dreptul să vă retrageți din achiziție în termen de 14 zile de la primirea comenzii, fără a fi nevoie să motivați decizia."
"Need help finding your order?","Aveți nevoie de ajutor pentru a găsi comanda?"
"Select an order","Selectați o comandă"
"Choose an order from your history to start a return or withdrawal.","Alegeți o comandă din istoric pentru a începe returul sau retragerea."
"You don't have any orders eligible for withdrawal. The 14-day withdrawal window runs from the day you received your order.","Nu aveți nicio comandă eligibilă pentru retragere. Termenul de retragere de 14 zile începe din ziua în care ați primit comanda."
"View all my orders","Vezi toate comenzile mele"
"items","articole"
"Select order","Selectează comanda"
"No recent withdrawal","Nicio retragere recentă"
"We could not find a recent withdrawal in this session. If you have just submitted one, please check your inbox for the confirmation email.","Nu am găsit nicio retragere recentă în această sesiune. Dacă tocmai ați trimis una, vă rugăm să verificați căsuța dvs. de e-mail pentru e-mailul de confirmare."
"Start a new withdrawal","Începe o nouă retragere"
"Withdrawal #%1 submitted","Retragere #%1 trimisă"
"Related order:","Comandă asociată:"
"Items","Articole"
"Items included in this withdrawal","Articole incluse în această retragere"
"Line Total","Total linie"
"What happens next","Ce urmează"
"You will receive a receipt email with the full withdrawal statement and integrity hash within a few minutes.","Veți primi un e-mail de confirmare cu declarația completă de retragere și hash-ul de integritate în câteva minute."
"The 14-day window under Art. 9 CRD is locked to the moment you confirmed the withdrawal — nothing further is required from you to preserve the right.","Termenul de 14 zile prevăzut la art. 9 din Directiva 2011/83/UE este blocat la momentul în care ați confirmat retragerea — nu vi se mai cere nimic pentru a vă păstra acest drept."
"The final refund is determined after we receive the returned items (Art. 14(2)) and is issued to the original payment method. Expect the funds within 14 days of receipt.","Rambursarea finală se stabilește după primirea articolelor returnate (art. 14 alin. (2)) și se efectuează către metoda inițială de plată. Așteptați ca fondurile să sosească în termen de 14 zile de la primire."
"Back to Withdrawals","Înapoi la retrageri"
"Verzichtsbestätigung digitaler Inhalte — Bestellung %increment_id","Confirmare a renunțării la conținut digital — Comanda %increment_id"
"Sehr geehrte/r %name,","Stimate/Stimată %name,"
"Dies ist die Bestätigung auf einem dauerhaften Datenträger Ihrer ausdrücklichen Einwilligung zum Beginn der Ausführung folgender digitaler Inhalte sowie Ihrer Bestätigung, dass Sie dadurch Ihr Widerrufsrecht verlieren (Art. 16(m) VRL).","Aceasta este confirmarea pe suport durabil a consimțământului dvs. expres pentru începerea executării următoarelor conținuturi digitale, precum și a confirmării dvs. că, prin aceasta, vă pierdeți dreptul de retragere (art. 16 lit. m) Directiva 2011/83/UE)."
"Durch den Verzicht abgedeckte digitale Inhalte","Conținuturi digitale acoperite de această renunțare"
"Ihre ausdrückliche Einwilligung","Consimțământul dvs. expres"
"Eingewilligt am:","Consimțit la:"
"Ihre Bestätigung zum Verlust des Widerrufsrechts","Confirmarea dvs. privind pierderea dreptului de retragere"
"Bestätigt am:","Confirmat la:"
"Verzichtsreferenz:","Referință renunțare:"
"Rechtsgrundlage: Art. 16(m) Verbraucherrechterichtlinie 2011/83/EU.","Temei juridic: art. 16 lit. m) Directiva 2011/83/UE privind drepturile consumatorilor."
"Digital content waiver confirmation — Order %1","Confirmare a consimțământului pentru conținut digital — Comanda %1"
"Dear %name,","Stimate/Stimată %name,"
"This is the durable-medium confirmation of your express consent to begin performance of the following digital items, and your acknowledgment that by doing so you lose your right of withdrawal (Art. 16(m) CRD).","Aceasta este confirmarea pe suport durabil a consimțământului dvs. expres pentru începerea executării următoarelor articole digitale, precum și a recunoașterii dvs. că, prin aceasta, vă pierdeți dreptul de retragere (art. 16 lit. m) Directiva 2011/83/UE)."
"Digital items covered by this waiver","Articole digitale acoperite de acest consimțământ"
"Your express consent","Consimțământul tău expres"
"Consented at:","Consimțit la:"
"Your acknowledgment of loss of withdrawal right","Confirmarea ta privind pierderea dreptului de retragere"
"Acknowledged at:","Confirmat la:"
"Waiver reference:","Referință consimțământ:"
"Legal basis: Art. 16(m) Consumer Rights Directive 2011/83/EU.","Temei juridic: art. 16 lit. (m) din Directiva 2011/83/UE privind drepturile consumatorilor."
"Digitaalisen sisällön luopumisvahvistus — Tilaus %increment_id","Confirmare a renunțării la conținut digital — Comanda %increment_id"
"Hyvä %name,","Stimate/Stimată %name,"
"Tämä on pysyvällä tietovälineellä annettu vahvistus nimenomaisesta suostumuksestasi aloittaa seuraavien digitaalisten sisältöjen toimitus sekä vahvistuksestasi, että menetät peruuttamisoikeutesi (KSL 6:16).","Aceasta este confirmarea pe suport durabil a consimțământului dvs. expres pentru începerea livrării următoarelor conținuturi digitale, precum și a confirmării dvs. că vă pierdeți dreptul de retragere (Cap. 6 § 16 din Codul finlandez al consumatorilor)."
"Luopumisen kattamat digitaaliset sisällöt","Conținuturi digitale acoperite de renunțare"
"Nimenomainen suostumuksesi","Consimțământul dvs. expres"
"Suostuttu:","Consimțit:"
"Vahvistuksesi peruuttamisoikeuden menettämisestä","Confirmarea dvs. privind pierderea dreptului de retragere"
"Vahvistettu:","Confirmat:"
"Luopumisen viite:","Referință renunțare:"
"Oikeusperusta: KSL 6:16 / Art. 16(m) kuluttajanoikeusdirektiivi 2011/83/EU.","Temei juridic: Cap. 6 § 16 din Codul finlandez al consumatorilor / art. 16 lit. m) Directiva 2011/83/UE privind drepturile consumatorilor."
"Confirmation de renonciation au contenu numérique — Commande %increment_id","Confirmare a renunțării la conținut digital — Comanda %increment_id"
"Cher/Chère %name,","Stimate/Stimată %name,"
"Ceci est la confirmation sur un support durable de votre consentement exprès à commencer l'exécution des contenus numériques suivants, et de votre reconnaissance que vous perdez ainsi votre droit de rétractation (Art. L. 221-28 Code consommation).","Aceasta este confirmarea pe suport durabil a consimțământului dvs. expres pentru începerea executării următoarelor conținuturi digitale, precum și a recunoașterii dvs. că, prin aceasta, vă pierdeți dreptul de retragere (art. L. 221-28 Codul consumatorului francez)."
"Contenus numériques couverts par la présente renonciation","Conținuturi digitale acoperite de prezenta renunțare"
"Votre consentement exprès","Consimțământul dvs. expres"
"Consenti le :","Consimțit la:"
"Votre reconnaissance de la perte du droit de rétractation","Recunoașterea dvs. privind pierderea dreptului de retragere"
"Reconnu le :","Recunoscut la:"
"Référence de renonciation :","Referință renunțare:"
"Base légale : Art. L. 221-28 Code consommation / Art. 16(m) Directive 2011/83/UE.","Temei juridic: art. L. 221-28 Codul consumatorului francez / art. 16 lit. m) Directiva 2011/83/UE."
"Bevestiging afstand digitale inhoud — Bestelling %increment_id","Confirmare a renunțării la conținut digital — Comanda %increment_id"
"Beste %name,","Stimate/Stimată %name,"
"Dit is de bevestiging op een duurzame gegevensdrager van uw uitdrukkelijke toestemming om te beginnen met de levering van de volgende digitale inhoud, en uw erkenning dat u daardoor uw herroepingsrecht verliest (Art. 6:230s BW).","Aceasta este confirmarea pe suport durabil a consimțământului dvs. expres pentru începerea livrării următorului conținut digital, precum și a recunoașterii dvs. că, prin aceasta, vă pierdeți dreptul de retragere (art. 6:230s din Codul civil olandez)."
"Onder deze afstand vallende digitale items","Articole digitale acoperite de această renunțare"
"Uw uitdrukkelijke toestemming","Consimțământul dvs. expres"
"Toestemming verleend op:","Consimțământ acordat la:"
"Uw erkenning van verlies van herroepingsrecht","Recunoașterea dvs. privind pierderea dreptului de retragere"
"Erkend op:","Recunoscut la:"
"Afstandreferentie:","Referință renunțare:"
"Rechtsgrondslag: Art. 6:230s BW / Art. 16(m) Richtlijn 2011/83/EU.","Temei juridic: art. 6:230s din Codul civil olandez / art. 16 lit. m) Directiva 2011/83/UE."
"[EU Withdrawal] Receipt send failed — request #%request_id","[Retragere UE] Trimiterea confirmării a eșuat — cererea #%request_id"
"The receipt email for withdrawal request #%request_id has failed to send permanently.","E-mailul de confirmare pentru cererea de retragere #%request_id nu a putut fi trimis în mod permanent."
"Inspect the <code>mm_eu_withdrawal_request.receipt_last_error</code> column for the last error message, and the <code>mm_eu_withdrawal_request.receipt_send_attempts</code> column for the retry count.","Inspectați coloana <code>mm_eu_withdrawal_request.receipt_last_error</code> pentru ultimul mesaj de eroare și coloana <code>mm_eu_withdrawal_request.receipt_send_attempts</code> pentru numărul de reîncercări."
"You can requeue the send from the admin grid after resolving the underlying issue.","Puteți repune trimiterea în coadă din grila de administrare după rezolvarea problemei subiacente."
"Your refund is on its way — Withdrawal #%1","Rambursarea ta este pe drum — Retragere #%1"
"Your refund is on its way","Rambursarea ta este pe drum"
"Hi %name, we've approved your withdrawal request and started the refund process.","Salut %name, am aprobat cererea ta de retragere și am demarat procesul de rambursare."
"View refund details","Vezi detaliile rambursării"
"Withdrawal number","Număr retragere"
"Approved on","Aprobat la data de"
"Estimated arrival","Sosire estimată"
"Status","Stare"
"Your refund will be issued to your original payment method within 5–7 business days. You'll see it on your card or bank statement once it lands.","Rambursarea va fi efectuată către metoda inițială de plată în termen de 5–7 zile lucrătoare. O vei vedea pe extrasul de card sau de cont bancar imediat ce ajunge."
"Need help?","Ai nevoie de ajutor?"
"Reply to this email or contact us at","Răspunde la acest e-mail sau contactează-ne la"
"Your withdrawal was cancelled — Withdrawal #%1","Retragerea ta a fost anulată — Retragere #%1"
"Your withdrawal was cancelled","Retragerea ta a fost anulată"
"Hi %name, we've cancelled your withdrawal request.","Salut %name, am anulat cererea ta de retragere."
"Submit a new request","Trimite o cerere nouă"
"Cancelled request","Cerere anulată"
"Cancelled on","Anulat la data de"
"Refund requested","Rambursare solicitată"
"If this was unexpected, you can submit a new withdrawal request as long as your 14-day window is still open. Reach out if you need help — we're happy to clarify.","Dacă a fost ceva neașteptat, poți trimite o nouă cerere de retragere atâta timp cât termenul de 14 zile este încă deschis. Scrie-ne dacă ai nevoie de ajutor — îți explicăm cu plăcere."
"Cancellation confirmed — Withdrawal #%1","Anulare confirmată — Retragere #%1"
"Cancellation confirmed","Anulare confirmată"
"Hi %name, your withdrawal request has been cancelled as you asked.","Salut %name, cererea ta de retragere a fost anulată conform solicitării tale."
"Back to my orders","Înapoi la comenzile mele"
"Cancelled by","Anulată de"
"You","Dumneavoastră"
"Your order remains active and there's no further action needed. If you change your mind, you can start a new withdrawal request any time within your 14-day window.","Comanda ta rămâne activă și nu mai trebuie să faci nimic altceva. Dacă te răzgândești, poți iniția oricând o nouă cerere de retragere în cadrul termenului de 14 zile."
"Update on your withdrawal request — Withdrawal #%1","Actualizare privind cererea ta de retragere — Retragere #%1"
"We can't process this withdrawal","Nu putem procesa această retragere"
"Hi %name, after reviewing your withdrawal request we're unable to approve it.","Salut %name, după analizarea cererii tale de retragere, nu o putem aproba."
"Request details","Detalii cerere"
"Reviewed on","Analizată la data de"
"Decision","Decizie"
"Reason from our team","Motiv din partea echipei noastre"
"If you'd like to discuss this decision, our team is here to help. Reply to this email or use the button above.","Dacă vrei să discuți despre această decizie, echipa noastră îți stă la dispoziție. Răspunde la acest e-mail sau folosește butonul de mai sus."
"Your withdrawal request has been submitted — Order #%1","Cererea ta de retragere a fost trimisă — Comanda #%1"
"Your return request has been submitted","Cererea ta de retur a fost trimisă"
"Hi %name, we've received your return request and are currently reviewing it. You'll hear back when we've inspected your return and processed your refund.","Salut %name, am primit cererea ta de retur și o analizăm în acest moment. Te vom contacta după ce verificăm returul și procesăm rambursarea."
"Return number","Număr retur"
"Requested on","Solicitat la data de"
"We'll inspect your return and notify you once approved. Refunds are issued to your original payment method within 5–7 business days after approval.","Vom verifica returul și te vom anunța după aprobare. Rambursările se efectuează către metoda inițială de plată în termen de 5–7 zile lucrătoare de la aprobare."
"If you have any questions, our customer service team is here to help.","Dacă ai întrebări, echipa noastră de servicii clienți îți stă la dispoziție."
"Visit our help center","Vizitează centrul nostru de asistență"
"If you did not initiate this request, contact us immediately at","Dacă nu ai inițiat tu această cerere, contactează-ne imediat la"
"Withdrawal receipt — Order #%1","Confirmare de retragere — Comanda #%1"
"Withdrawal receipt","Confirmare de retragere"
"Hi %name, this email is your durable-medium proof of withdrawal under Art. 11a Directive 2011/83/EU. Keep it for your records.","Salut %name, acest e-mail reprezintă dovada ta de retragere pe suport durabil, în conformitate cu art. 11a din Directiva 2011/83/UE. Păstrează-l pentru evidența ta."
"Submitted on","Trimisă la data de"
"Your %store_name order confirmation","Confirmarea comenzii dvs. %store_name"
"%customer_name,","%customer_name,"
"Thank you for your order from %store_name.","Vă mulțumim pentru comanda plasată la %store_name."
"Once your package ships we will send you a tracking number.","Odată ce coletul dvs. este expediat, vă vom trimite un număr de urmărire."
"You can check the status of your order by <a href=""%account_url"">logging into your account</a>.","Puteți verifica starea comenzii dvs. prin <a href=""%account_url"">conectarea la contul dvs.</a>."
"If you have questions about your order, you can email us at <a href=""mailto:%store_email"">%store_email</a>","Dacă aveți întrebări cu privire la comanda dvs., ne puteți contacta prin e-mail la <a href=""mailto:%store_email"">%store_email</a>"
"or call us at <a href=""tel:%store_phone"">%store_phone</a>","sau la telefon <a href=""tel:%store_phone"">%store_phone</a>"
"Our hours are <span class=""no-link"">%store_hours</span>.","Programul nostru este <span class=""no-link"">%store_hours</span>."
"Your Order <span class=""no-link"">#%increment_id</span>","Comanda dvs. <span class=""no-link"">#%increment_id</span>"
"Placed on <span class=""no-link"">%created_at</span>","Plasată la <span class=""no-link"">%created_at</span>"
"Billing Info","Date de facturare"
"Shipping Info","Date de livrare"
"Payment Method","Metodă de plată"
"Shipping Method","Metodă de livrare"
"%name,","%name,"
"Once your package ships we will send an email with a link to track your order.","Odată ce coletul dvs. este expediat, vă vom trimite un e-mail cu un link pentru urmărirea comenzii."
"Your %store_name order has shipped","Comanda dvs. %store_name a fost expediată"
"Your shipping confirmation is below. Thank you again for your business.","Confirmarea dvs. de expediere se află mai jos. Vă mulțumim încă o dată pentru încredere."
"Your Shipment #%shipment_id for Order #%order_id","Expedierea dvs. #%shipment_id pentru comanda #%order_id"
"Your digital content waiver is on file","Consimțământul tău pentru conținutul digital este înregistrat"
"Hi %name, you've consented to immediate digital delivery of the items below — this is your durable-medium copy of that consent (Art. 11a(4) CRD).","Salut %name, ți-ai exprimat consimțământul pentru livrarea digitală imediată a articolelor de mai jos — aceasta este copia ta a consimțământului pe suport durabil (art. 11a(4) CRD)."
"View order","Vezi comanda"
"Consented at","Consimțit la data de"
"Acknowledged at","Confirmat la data de"
"Keep this email as your durable-medium record. The merchant has stored the SHA-256 hash of the legal text you accepted:","Păstrează acest e-mail ca evidență pe suport durabil. Comerciantul a stocat hash-ul SHA-256 al textului juridic pe care l-ai acceptat:"
"Digital content waiver","Renunțare pentru conținut digital"
"We need your explicit consent before you can buy this digital item — please read both points carefully.","Avem nevoie de consimțământul dvs. expres înainte de a putea cumpăra acest articol digital — vă rugăm să citiți cu atenție ambele puncte."
"We log this consent with your IP and timestamp for our audit record.","Înregistrăm acest consimțământ împreună cu adresa dvs. IP și marcajul de timp pentru evidența noastră de audit."
"Continue","Continuă"
"Waiver could not be saved. Please retry.","Consimțământul nu a putut fi salvat. Vă rugăm să încercați din nou."
"Enable for EU Withdrawal Lookup Form","Activează pentru formularul de căutare a retragerii UE"
"MageMe Extensions","Extensii MageMe"
"EU Withdrawal","Retragere UE"
"General","General"
"Enable Module","Activează modulul"
"Activates frontend and cron jobs. Default: disabled. Complete the manual setup checklist before enabling.","Activează frontend-ul și sarcinile cron. Implicit: dezactivat. Parcurgeți lista de configurare manuală înainte de activare."
"Request Number Prefix","Prefixul numărului cererii"
"Optional prefix prepended to the withdrawal request increment ID in customer-facing UI (e.g. ""RR-"" renders as ""RR-000000022""). Leave blank to show the plain padded number.","Prefix opțional adăugat înainte la ID-ul incremental al cererii de retragere în interfața vizibilă pentru clienți (de exemplu, „RR-” se afișează ca „RR-000000022”). Lăsați gol pentru a afișa numai numărul completat cu zerouri."
"Default Contract Type","Tip contract implicit"
"Frontend Route","Rută frontend"
"URL prefix used by the customer-facing withdrawal flow (e.g. <code>withdraw-contract</code> renders as <code>/withdraw-contract/...</code>). Lowercase letters, digits, dashes and underscores only.","Prefix URL utilizat de fluxul de retragere vizibil pentru clienți (de exemplu, <code>withdraw-contract</code> se afișează ca <code>/withdraw-contract/...</code>). Numai litere mici, cifre, cratime și liniuțe de subliniere."
"Withdrawal Period","Perioadă de retragere"
"Delivery Confirmation Statuses","Stări de confirmare a livrării"
"Pick one or more order statuses whose <em>transition</em> means the customer received the goods in your fulfillment workflow. The 14-day withdrawal window starts on the timestamp of the order's <em>earliest</em> transition into <em>any</em> of the selected statuses (Art. 9(2)(b) Directive 2011/83/EU). Multi-select supports merchants who use several ""delivered""-type statuses (e.g. <code>delivered</code> + <code>complete</code> + <code>delivered_partial</code>). Until the order reaches any of them, the right of withdrawal is open with no fixed deadline.","Alegeți una sau mai multe stări ale comenzii a căror <em>tranziție</em> înseamnă că clientul a primit bunurile în fluxul dvs. de procesare. Termenul de retragere de 14 zile începe la marcajul de timp al <em>celei mai timpurii</em> tranziții a comenzii în <em>oricare</em> dintre stările selectate (art. 9 alin. (2) lit. b) Directiva 2011/83/UE). Selecția multiplă acceptă comercianții care utilizează mai multe stări de tip „livrat” (de exemplu, <code>delivered</code> + <code>complete</code> + <code>delivered_partial</code>). Până când comanda atinge oricare dintre acestea, dreptul de retragere este deschis fără un termen fix."
"Eligibility Rules (Art. 16 CRD Presets)","Reguli de eligibilitate (presetări art. 16 CRD)"
"Art. 16(c) Custom-Made Goods","Art. 16 lit. c) bunuri realizate la comandă"
"Excludes products made to customer specifications or clearly personalised (e.g. engraved jewellery, made-to-measure clothing). <strong>Requires</strong> product attribute <code>is_custom_made = true</code>. If enabled, orders containing such items cannot be withdrawn — customers will see this when attempting to start withdrawal.","Exclude produsele realizate conform specificațiilor clientului sau în mod clar personalizate (de exemplu, bijuterii gravate, îmbrăcăminte realizată la comandă). <strong>Necesită</strong> atributul de produs <code>is_custom_made = true</code>. Dacă este activat, comenzile care conțin astfel de articole nu pot fi retrase — clienții vor vedea acest lucru atunci când încearcă să inițieze retragerea."
"Art. 16(d) Perishable Goods","Art. 16 lit. d) bunuri perisabile"
"Excludes goods that can deteriorate or expire rapidly (fresh food, cut flowers, short-shelf-life pharmaceuticals). <strong>Requires</strong> product attribute <code>is_perishable = true</code>. Do not enable for all categories — apply it only to truly perishable SKUs, otherwise you will unlawfully deny valid withdrawals.","Exclude bunurile care se pot deteriora sau pot expira rapid (alimente proaspete, flori tăiate, produse farmaceutice cu termen scurt de valabilitate). <strong>Necesită</strong> atributul de produs <code>is_perishable = true</code>. Nu activați pentru toate categoriile — aplicați-l doar SKU-urilor cu adevărat perisabile, altfel veți refuza ilegal retragerile valide."
"Art. 16(e) Sealed Hygiene / Health","Art. 16 lit. e) bunuri de igienă / sănătate sigilate"
"Excludes sealed hygiene or health items <strong>only if the seal has been broken after delivery</strong> (cosmetics, intimate apparel, sealed medical supplies). <strong>Requires</strong> product attribute <code>is_sealed_hygiene = true</code>. The exclusion depends on a seal-check at the time of withdrawal (workflow in phase-04) — a sealed, unopened return remains eligible.","Exclude articolele de igienă sau sănătate sigilate <strong>doar dacă sigiliul a fost rupt după livrare</strong> (cosmetice, lenjerie intimă, consumabile medicale sigilate). <strong>Necesită</strong> atributul de produs <code>is_sealed_hygiene = true</code>. Excluderea depinde de o verificare a sigiliului în momentul retragerii (flux în faza 04) — un retur sigilat, nedeschis rămâne eligibil."
"Art. 16(i) Sealed Audio / Video / Software","Art. 16 lit. i) audio / video / software sigilate"
"Excludes sealed audio recordings, video recordings, or sealed computer software <strong>only if the seal has been broken after delivery</strong>. <strong>Requires</strong> product attribute <code>is_sealed_av = true</code>. Same seal-check logic as Art. 16(e). Does not apply to streaming / digital-download content — use Art. 16(m) for those.","Exclude înregistrările audio sigilate, înregistrările video sau software-ul de calculator sigilat <strong>doar dacă sigiliul a fost rupt după livrare</strong>. <strong>Necesită</strong> atributul de produs <code>is_sealed_av = true</code>. Aceeași logică de verificare a sigiliului ca la art. 16 lit. e). Nu se aplică conținutului de streaming / descărcare digitală — pentru acestea utilizați art. 16 lit. m)."
"Digital Content (Art. 16(m))","Conținut digital (art. 16 lit. m)"
"Detection","Detectare"
"Enable Digital Content Detection","Activează detectarea conținutului digital"
"Master switch for Art. 16(m) digital-content detection. When off, no product is recognised as digital, the checkout waiver step is not required, and the preset always allows withdrawal.","Întrerupător principal pentru detectarea conținutului digital conform art. 16 lit. m). Când este dezactivat, niciun produs nu este recunoscut ca digital, pasul de consimțământ la finalizarea comenzii nu este necesar, iar presetarea permite întotdeauna retragerea."
"Detection Strategies","Strategii de detectare"
"Which product-type heuristics trigger the digital-content waiver gate. Downloadable + virtual are safe defaults; bundle_contains_digital inspects bundle children; custom_attribute reads the EAV flag configured below.","Ce euristici de tip de produs declanșează verificarea consimțământului pentru conținut digital. Descărcabil + virtual sunt valori implicite sigure; bundle_contains_digital inspectează componentele pachetelor; custom_attribute citește marcajul EAV configurat mai jos."
"Custom Attribute Code","Cod atribut personalizat"
"EAV attribute code used <strong>only</strong> when <em>Custom attribute flag</em> is picked in <em>Detection strategies</em> above. Default: <code>is_digital_content</code> (boolean attribute, 1 = digital). Ignored otherwise.","Codul atributului EAV utilizat <strong>doar</strong> atunci când <em>Marcaj atribut personalizat</em> este selectat în <em>Strategii de detectare</em> de mai sus. Implicit: <code>is_digital_content</code> (atribut boolean, 1 = digital). Ignorat în caz contrar."
"Checkout Step + Email","Pas în finalizarea comenzii + e-mail"
"Enable Checkout Waiver Step","Activează pasul de acord în finalizarea comenzii"
"When on, carts that contain a detected digital item render the 2-checkbox waiver step at checkout. Has no effect unless <em>Detection → Enable digital content detection</em> is also on.","Când este activat, coșurile care conțin un articol digital detectat afișează pasul de consimțământ cu 2 casete de selectare la finalizarea comenzii. Nu are niciun efect decât dacă <em>Detectare → Activează detectarea conținutului digital</em> este, de asemenea, activată."
"Merchant BCC Address for Confirmation Emails","Adresa BCC a comerciantului pentru e-mailurile de confirmare"
"Optional. Blind-copies the waiver-confirmation email to a merchant audit address. Leave blank to skip.","Opțional. Trimite o copie ascunsă (BCC) a e-mailului de confirmare a consimțământului la o adresă de audit a comerciantului. Lăsați gol pentru a sări peste."
"Mark Virtual-Only Items as Performance-Started on Confirmation","Marchează articolele exclusiv virtuale ca având executarea începută la confirmare"
"Virtual products have no download trigger. When on, the waiver confirmation email's dispatch counts as performance-start for virtual-only items.","Produsele virtuale nu au un declanșator de descărcare. Când este activat, expedierea e-mailului de confirmare a consimțământului contează drept începerea executării pentru articolele exclusiv virtuale (limita I-6)."
"Confirmation Email Identity","Identitatea e-mailului de confirmare"
"Per-Locale Waiver Text Overrides","Suprascrieri ale textului de acord pe limbă"
"English (en_US)","Engleză (en_US)"
"Consent Text","Text consimțământ"
"Right-Loss Acknowledgment Text","Text recunoaștere pierdere drept"
"German (de_DE)","Germană (de_DE)"
"Finnish (fi_FI)","Finlandeză (fi_FI)"
"Dutch (nl_NL)","Olandeză (nl_NL)"
"French (fr_FR)","Franceză (fr_FR)"
"Italian (it_IT)","Italiană (it_IT)"
"Spanish (es_ES)","Spaniolă (es_ES)"
"Polish (pl_PL)","Poloneză (pl_PL)"
"Portuguese (pt_PT)","Portugheză (pt_PT)"
"Danish (da_DK)","Daneză (da_DK)"
"Swedish (sv_SE)","Suedeză (sv_SE)"
"German — Austria (de_AT)","Germană — Austria (de_AT)"
"Swedish — Finland (sv_FI)","Suedeză — Finlanda (sv_FI)"
"Dutch — Belgium (nl_BE)","Olandeză — Belgia (nl_BE)"
"French — Belgium (fr_BE)","Franceză — Belgia (fr_BE)"
"German — Belgium (de_BE)","Germană — Belgia (de_BE)"
"French — Luxembourg (fr_LU)","Franceză — Luxemburg (fr_LU)"
"Pre-Contract Information (Art. 6(1)(h))","Informații precontractuale (art. 6 alin. (1) lit. h)"
"Enable Pre-Contract Disclosure","Activează informarea precontractuală"
"Master kill-switch. Disabled = block does not render and no display events are recorded. Disabling exposes the merchant to Art. 10 (12 month + 14 day extended withdrawal period). Default: enabled.","Întrerupător principal de oprire. Dezactivat = blocul nu se afișează și nu se înregistrează evenimente de afișare. Dezactivarea expune comerciantul la art. 10 (perioadă de retragere extinsă de 12 luni + 14 zile). Implicit: activat."
"Withdrawal Period (Days)","Perioadă de retragere (zile)"
"Default 14 days per Art. 9(2). Extension allowed (e.g. 30, 100). Reduction below 14 is illegal — the field validates >=14 only when the module is enabled.","Implicit 14 zile conform art. 9 alin. (2). Extinderea este permisă (de exemplu, 30, 100). Reducerea sub 14 este ilegală — câmpul validează >=14 doar atunci când modulul este activat."
"Return Address","Adresa de returnare"
"Where consumers send goods back. Leave empty to fall back to the store address from Stores → Configuration → General → General → Store Information.","Locul unde consumatorii trimit înapoi bunurile. Lăsați gol pentru a reveni la adresa din Magazine → Configurare → General → General → Informații despre magazin."
"Display In Checkout","Afișează la finalizarea comenzii"
"Annex I Overrides Per Locale","Suprascrieri ale anexei I pe limbă"
"Bulgarian (bg_BG)","Bulgară (bg_BG)"
"Czech (cs_CZ)","Cehă (cs_CZ)"
"Greek (el_GR)","Greacă (el_GR)"
"Estonian (et_EE)","Estonă (et_EE)"
"Croatian (hr_HR)","Croată (hr_HR)"
"Hungarian (hu_HU)","Maghiară (hu_HU)"
"Lithuanian (lt_LT)","Lituaniană (lt_LT)"
"Latvian (lv_LV)","Letonă (lv_LV)"
"Romanian (ro_RO)","Română (ro_RO)"
"Slovak (sk_SK)","Slovacă (sk_SK)"
"Slovenian (sl_SI)","Slovenă (sl_SI)"
"Frontend","Frontend"
"Buttons","Butoane"
"Step 1 Button Label","Eticheta butonului pentru pasul 1"
"Step 2 Button Label (Confirmation)","Eticheta butonului pentru pasul 2 (confirmare)"
"<strong>⚠ Legal warning.</strong> This is the label on the final confirmation button. Default (""Confirm withdrawal"") is counsel-signed. Per-locale translations are counsel-signed. Override only with written legal advice; overrides are audit-logged.","<strong>⚠ Avertisment juridic.</strong> Aceasta este eticheta de pe butonul de confirmare finală. Valoarea implicită („Confirmă retragerea”) este avizată juridic. Per-locale translations are counsel-signed. Suprascrieți doar cu consultanță juridică scrisă; suprascrierile sunt înregistrate în jurnalul de audit."
"Placements","Plasări"
"Show Footer Link","Afișează linkul în subsol"
"Show in My Account","Afișează în Contul meu"
"Return Reasons","Motive de returnare"
"Reasons","Motive"
"List of reasons offered to the customer in the per-item dropdown. <strong>Code</strong> is the machine value (lowercase, snake_case, max 32 chars); <strong>Label</strong> is the visible text. Empty grid hides the dropdown entirely.","Lista motivelor oferite clientului în meniul derulant pentru fiecare articol. <strong>Codul</strong> este valoarea computerizată stocată în baza de date (litere mici, snake_case, maximum 32 de caractere); <strong>Eticheta</strong> este textul vizibil. O grilă goală ascunde complet meniul derulant."
"Enable ""Other"" with Free Text","Activează „Altele” cu text liber"
"When enabled, an ""Other"" option appears in the dropdown that reveals a free-text field (max 500 chars).","Când este activat, apare o opțiune „Altele” în meniul derulant care dezvăluie un câmp de text liber (maximum 500 de caractere)."
"Review Step","Pas de revizuire"
"Return Shipping Notice","Notificare privind expedierea returului"
"Text shown on the Review & Confirm step (step 3). Example: ""You'll receive a prepaid shipping label in the confirmation email."" or ""Return shipping costs are paid by the customer."" Leave blank to hide the row.","Text afișat în pasul Verifică și confirmă (pasul 3). Exemplu: „Veți primi o etichetă de livrare preplătită în e-mailul de confirmare.” sau „Costurile de transport pentru retur sunt suportate de client.” Lăsați gol pentru a ascunde rândul."
"Return Policy URL","URL politică de returnare"
"Optional link rendered next to the shipping notice (""View return policy""). Accepts absolute URLs or relative paths like ""return-policy"".","Link opțional afișat lângă notificarea de transport („Vizualizare politică de retur”). Acceptă URL-uri absolute sau căi relative precum „return-policy”."
"Customer Notifications","Notificări pentru clienți"
"All customer-facing emails sent by the module. Each email can be enabled/disabled, assigned a custom template (Marketing → Email Templates), and BCC'd to a merchant address. The shared <em>Branding</em> subgroup at the bottom controls the layout (USP strip, social links) used by every email below.","Toate e-mailurile vizibile pentru clienți trimise de modul. Fiecare e-mail poate fi activat/dezactivat, atribuit unui șablon personalizat (Marketing → Șabloane e-mail) și trimis în BCC către o adresă de comerciant. Subgrupul comun <em>Branding</em> de la partea de jos controlează aspectul (banda USP, linkuri sociale) utilizat de fiecare e-mail de mai jos."
"1. Submission Confirmation Email","1. E-mail de confirmare a depunerii"
"Enabled","Activat"
"Email Template","Șablon e-mail"
"BCC Merchant","Copie ascunsă către comerciant (BCC)"
"Comma-separated. Leave blank to disable.","Separate prin virgulă. Lăsați gol pentru dezactivare."
"2. Approval Email","2. E-mail de aprobare"
"3. Denial Email","3. E-mail de respingere"
"4. Cancellation Email (Admin-Initiated)","4. E-mail de anulare (inițiat de administrator)"
"5. Cancellation Email (Customer Self-Cancel)","5. E-mail de anulare (anulare de către client)"
"6. Receipt Email (Durable Medium — Art. 11a(4))","6. E-mail de confirmare (suport durabil — art. 11a alin. (4))"
"Legally required durable-medium confirmation. Cannot be fully disabled (Art. 11a(4) Directive 2011/83/EU). Disabling here only stops the sender — the receipt is still generated and stored.","Confirmare obligatorie din punct de vedere juridic pe suport durabil. Nu poate fi dezactivată complet (art. 11a alin. (4) Directiva 2011/83/UE). Dezactivarea aici oprește doar expeditorul — confirmarea este în continuare generată și stocată."
"Send Email","Trimite e-mail"
"Comma-separated.","Separate prin virgulă."
"Delivery Retry Attempts","Încercări de relivrare"
"Number of delivery attempts before a receipt is flagged as undelivered.","Number of delivery attempts before a receipt is flagged as undelivered."
"DLQ Alert Recipient","Destinatar al alertelor DLQ"
"Notified when a receipt fails permanently. Falls back to Store Email Addresses → General Contact.","Notificat când o confirmare eșuează în mod permanent. Revine la Adrese de e-mail magazin → Contact general."
"7. Digital Waiver Confirmation Email (Art. 11a(4))","7. E-mail de confirmare a acordului digital (art. 11a alin. (4))"
"Durable-medium copy of the customer's Art. 16(m) waiver, sent immediately after checkout when a digital item is in cart. Required by Art. 11a(4) Directive 2011/83/EU — keeps a tamper-evident record of the legal text the customer accepted.","Copia pe suport durabil a consimțământului clientului conform art. 16 lit. m), trimisă imediat după finalizarea comenzii când un articol digital se află în coș. Necesară conform art. 11a alin. (4) Directiva 2011/83/UE — păstrează o evidență cu protecție împotriva modificărilor a textului juridic acceptat de client, plus hash-ul SHA-256 pentru verificarea lanțului de hash-uri."
"Comma-separated. Receives a copy of every confirmation for audit purposes.","Separate prin virgulă. Primește o copie a fiecărei confirmări în scopuri de audit."
"Branding (Shared by All Emails Above)","Branding (comun pentru toate e-mailurile de mai sus)"
"Optional decoration of the customer-facing emails. Empty fields hide their respective rows. Brand wordmark, logo, support email, and store address are read from the standard Magento configuration tree (Stores → Configuration → General + Design → Transactional Emails).","Decorare opțională a e-mailurilor vizibile pentru clienți. Câmpurile goale ascund rândurile respective. Marca text, sigla, e-mailul de asistență și adresa magazinului sunt citite din arborele standard de configurare Magento (Magazine → Configurare → General + Design → E-mailuri tranzacționale)."
"USP Strip — Item 1","Bandă USP — element 1"
"Icon","Pictogramă"
"Title","Titlu"
"Subtitle","Subtitlu"
"USP Strip — Item 2","Bandă USP — element 2"
"USP Strip — Item 3","Bandă USP — element 3"
"Social Links","Linkuri către rețelele sociale"
"Instagram URL","URL Instagram"
"X / Twitter URL","URL X / Twitter"
"Facebook URL","URL Facebook"
"YouTube URL","URL YouTube"
"Order #","Comandă #"
"Contract","Contract"
"Submitter","Expeditor"
"Withdrawal submitted","Retragere trimisă"
"Right of Withdrawal — Required Information","Dreptul de retragere — Informații obligatorii"
"Before placing your order, please review the conditions, time limit, and procedures for exercising your 14-day right of withdrawal. This information forms part of your contract.","Înainte de a plasa comanda, vă rugăm să consultați condițiile, termenul și procedurile pentru exercitarea dreptului dvs. de retragere de 14 zile. Aceste informații fac parte integrantă din contractul dvs."
"Conditions, Time Limit and Procedures for Withdrawal","Condiții, termen și proceduri de retragere"
"Start Online Return","Începe returul online"
"Download Model Withdrawal Form (Annex I(B))","Descarcă formularul tip de retragere (Anexa I(B))"
"Withdrawal Information v%1 — Issued %2","Informații privind retragerea v%1 — emis la %2"
"You'll receive a prepaid shipping label in the confirmation email.","Veți primi o etichetă de livrare preplătită în e-mailul de confirmare."
"← Back to order search","← Înapoi la căutarea comenzii"
"← Back to items","← Înapoi la articole"
"Find order","Găsiți comanda"
"Enter your order number and email","Introduceți numărul comenzii și e-mailul"
"Select items","Selectează articole"
"Choose items to return (partial withdrawal)","Alegeți articolele de returnat (retragere parțială)"
"Review & confirm","Verifică și confirmă"
"Review your return details and confirm","Verificați detaliile returului și confirmați"
"Request submitted","Cerere trimisă"
"We'll confirm your request by email","Vom confirma cererea dvs. prin e-mail"
"I expressly consent to begin performance of the digital content before the withdrawal period expires.","Consimt în mod expres începerea executării conținutului digital înainte de expirarea termenului de retragere."
"I acknowledge that by giving this consent I lose my right of withdrawal once performance has begun (Art. 16(m) CRD).","Iau la cunoștință că, prin acordarea acestui consimțământ, îmi pierd dreptul de retragere odată cu începerea executării (art. 16 lit. m) din Directiva 2011/83/UE)."
"Withdrawals","Retrageri"
"Minimum %1 characters required.","Sunt necesare minimum %1 caractere."
"Failed to add note.","Adăugarea notei a eșuat."
"Network error while adding note.","Eroare de rețea la adăugarea notei."
"Exported Evidence","Dovadă exportată"
"Pending Confirm","În așteptarea confirmării"
"Sent","Trimis"
"Failed Permanent","Eșec permanent"
"Failed Retry","Eșec cu reîncercare"
"Eligible","Eligibil"
"Excluded","Exclus"
"Action","Acțiune"
"From","De la"
"To","La"
"Admin Id","ID admin"
"Order Id","ID comandă"
"Request Id","ID cerere"
"Item Count","Număr articole"
"Rules Fired","Reguli aplicate"
"Topic","Subiect"
"Message Id","ID mesaj"
"Email To Hash","Hash e-mail"
"Attempts","Încercări"
"Viewed At","Vizualizat la"
"Referrer Host","Gazdă referent"
"Enable \Other\"" with Free Text""","Activează „Altele” cu text liber"
"Optional legal template — not required to use; you can also exercise the right of withdrawal by any unequivocal statement.","Model legal opțional — utilizarea sa nu este obligatorie; dreptul de retragere poate fi exercitat și printr-o declarație neechivocă."
"Right of withdrawal","Drept de retragere"
"You have 14 days from the day you receive your order to withdraw without giving any reason — full refund to your original payment method.","Aveți la dispoziție 14 zile de la primirea comenzii pentru a vă retrage fără a fi nevoie să motivați — rambursare integrală către metoda dvs. inițială de plată."
"Some items may be excluded by law (perishable goods, custom-made items, sealed hygiene or audio/video products). We'll show you exactly what's eligible on the next page.","Anumite articole pot fi excluse prin lege (bunuri perisabile, articole realizate la comandă, produse de igienă sau audio/video sigilate). Vă vom arăta exact ce este eligibil pe pagina următoare."
"Direct link — no login or account password required.","Link direct — nu este necesară autentificarea sau o parolă de cont."
"Art. 16(m) CRD exclusion — digital content where the customer has (1) given express prior consent to begin performance and (2) acknowledged that they lose the withdrawal right. Two switches: the <em>Detection</em> subgroup decides what counts as digital (master switch), the <em>Checkout step + Email</em> subgroup renders the 2-checkbox waiver UX and dispatches the confirmation email. Both must be ON for the feature to work end-to-end. Use this only for <strong>one-time digital purchases</strong> (ebooks, software installers, music files, games). Do <strong>not</strong> enable it for ongoing digital <strong>subscriptions or services</strong> (SaaS, streaming, hosted software) — EU case law (CJEU Sky, C-641/19) requires a different consent flow for those.","Art. 16(m) CRD exclusion — digital content where the customer has (1) given express prior consent to begin performance and (2) acknowledged that they lose the withdrawal right. Two switches: the <em>Detection</em> subgroup decides what counts as digital (master switch), the <em>Checkout step + Email</em> subgroup renders the 2-checkbox waiver UX and dispatches the confirmation email. Both must be ON for the feature to work end-to-end. Use this only for <strong>one-time digital purchases</strong> (ebooks, software installers, music files, games). Do <strong>not</strong> enable it for ongoing digital <strong>subscriptions or services</strong> (SaaS, streaming, hosted software) — EU case law (CJEU Sky, C-641/19) requires a different consent flow for those."
"Customer-facing UX for the withdrawal flow. Subgroups: <em>Buttons</em> (legal-critical labels), <em>Placements</em> (where to surface the link), <em>Return Reasons</em> (per-item dropdown), <em>Review Step</em> (content on step 3 of the flow).","UX orientat către client pentru fluxul de retragere. Subgrupuri: <em>Butoane</em> (etichete cu importanță juridică), <em>Plasări</em> (unde se afișează linkul), <em>Motive de retur</em> (listă derulantă per articol), <em>Pas de revizuire</em> (conținut la pasul 3 al fluxului)."
"Disable only if you deliver the durable-medium confirmation through a different channel.","Dezactivați doar dacă livrați confirmarea pe suport durabil printr-un alt canal."
"Disable only if you deliver the receipt through a different durable medium (postal mail, customer account download, etc.).","Dezactivați doar dacă livrați confirmarea pe un alt suport durabil (poștă, descărcare din contul clientului etc.)."
"Empty fields fall through to the locale baseline. Any override value becomes part of the SHA-256 hash stored per consent event — changing a field after customers have consented does <strong>not</strong> retroactively invalidate prior consents.","Câmpurile goale revin la valoarea de bază din the locale baseline pentru localizarea/jurisdicția respectivă. Orice valoare de suprascriere devine parte din hash-ul SHA-256 stocat pentru fiecare eveniment de consimțământ — modificarea unui câmp după ce clienții au consimțit <strong>nu</strong> invalidează retroactiv consimțămintele anterioare."
"Mandatory pre-contractual disclosure of the right of withdrawal. Displayed on the checkout payment step. Each display is logged forensically (Art. 10 defence). Snapshot of the rendered text is stored immutably (Art. 6(5)). <strong>Counsel review recommended before customising any Annex I text.</strong>","Informare precontractuală obligatorie privind dreptul de retragere. Afișată la pasul de plată din finalizarea comenzii. Fiecare afișare este înregistrată în vederea probei (apărare conform art. 10). Un snapshot al textului randat este stocat imutabil (art. 6 alin. (5)). <strong>Se recomandă revizuire juridică înainte de a personaliza orice text din Anexa I.</strong>"
"Off = block hidden but display events still recorded server-side via predispatch fallback. Use only for sandbox testing. Default: on.","Dezactivat = blocul este ascuns, dar evenimentele de afișare sunt în continuare înregistrate pe partea de server prin mecanismul de rezervă predispatch. A se folosi doar pentru testare în sandbox. Implicit: activat."
"Optional URLs rendered as round monogram badges in the email footer. Leave blank to hide.","URL-uri opționale afișate ca insigne rotunde cu monogramă în subsolul e-mailului. Lăsați necompletat pentru a ascunde."
"Sent when a customer cancels their own pending withdrawal.","Trimis când un client anulează propria retragere în așteptare."
"Sent when a customer completes the withdrawal form.","Trimis când un client completează formularul de retragere."
"Sent when an admin approves a withdrawal request.","Trimis când un administrator aprobă o cerere de retragere."
"Sent when an admin cancels a withdrawal request on the customer's behalf.","Trimis când un administrator anulează o cerere de retragere în numele clientului."
"Sent when an admin denies a withdrawal request.","Trimis când un administrator respinge o cerere de retragere."
"These presets exclude specific product categories from the 14-day withdrawal right, per Art. 16 CRD. Each rule is OFF by default — enable only after confirming the corresponding product attribute is set correctly on your catalog.","Aceste presetări exclud anumite categorii de produse din dreptul de retragere de 14 zile, conform art. 16 din Directiva 2011/83/UE. Fiecare regulă este DEZACTIVATĂ în mod implicit — activați-o doar după ce confirmați că atributul de produs corespunzător este setat corect în catalog."
"e.g. ""EU orders above €50""","de ex. „Comenzi UE peste 50 €”"
"e.g. ""Free delivery""","de ex. „Livrare gratuită”"
"Qty: ","Cant.: "
"Submission failed. Please try again.","Trimiterea a eșuat. Vă rugăm să încercați din nou."
"Network error. Please try again.","Eroare de rețea. Vă rugăm să încercați din nou."
"Invalid server response.","Răspuns invalid de la server."
"Admin Notifications","Notificări administrator"
"Internal alerts to your team. Independent of the per-email <em>BCC Merchant</em> checkboxes under <em>Customer Notifications</em> below — if you enable both, you will receive two emails per request.","Alerte interne pentru echipa dvs. Independente de casetele <em>BCC la comerciant</em> din <em>Notificări către client</em> de mai jos — dacă activați ambele, veți primi două e-mailuri per solicitare."
"1. New Request Alert","1. Alertă de solicitare nouă"
"Sent the moment a customer completes the two-step withdrawal flow.","Trimis în momentul în care un client finalizează fluxul de retragere în doi pași."
"Recipient Email(s)","E-mail(uri) destinatar"
"BCC","BCC"
"New Withdrawal Request","Solicitare nouă de retragere"
"A new withdrawal request was just submitted.","Tocmai a fost trimisă o nouă solicitare de retragere."
"Request:","Solicitare:"
"Order:","Comandă:"
"Customer:","Client:"
"Refund Total:","Total rambursare:"
"[Withdrawal] New request %request_increment_id · Order #%order_increment_id · %refund_total","[Retragere] Solicitare nouă %request_increment_id · Comandă #%order_increment_id · %refund_total"
"Anonymised","Anonimizat"
"Audit","Audit"
"Cancel Order","Anulează comanda"
"Confirmation Email (Art. 11a(4))","E-mail de confirmare (Art. 11a(4))"
"Detection (Art. 16(m))","Detectare (Art. 16(m))"
"Digital Waiver (Art. 16(m))","Renunțare digitală (Art. 16(m))"
"Email Identity","Identitatea expeditorului"
"ID","ID"
"Integrity hash","Hash de integritate"
"Pre-Contract Proof","Dovadă precontractuală"
"Verify this receipt","Verifică această chitanță"
"Withdrawal Window","Termen de retragere"
"This SHA-256 hash uniquely identifies your withdrawal record. Verify it at any time using the button above.","Acest hash SHA-256 identifică în mod unic înregistrarea dvs. de retragere. Îl puteți verifica oricând folosind butonul de mai sus."
"Digital content waiver confirmation — Order %increment_id","Confirmare de renunțare la conținut digital — Comandă %increment_id"
"Comma-separated. Each recipient receives a separate email rendered in their own admin locale (looked up via the admin user's interface_locale; fallback to general/locale/code). Invalid addresses dropped silently.","Separate prin virgulă. Fiecare destinatar primește un e-mail separat redat în propria locală de administrare (căutată prin interface_locale al utilizatorului admin; rezervă — general/locale/code). Adresele nevalide sunt eliminate fără notificare."
"Art. 16(m) CRD digital-content detection. Determines what counts as digital content for eligibility purposes. The actual checkout-step waiver UI and email lives in the next section ""Digital Waiver"".","Detectarea conținutului digital conform Art. 16(m) DDC. Determină ce contează drept conținut digital în scop de eligibilitate. Interfața efectivă de renunțare la finalizare și e-mailul se află în secțiunea următoare „Renunțare digitală“."
"Art. 16(m) CRD exclusion — digital content where the customer has (1) given express prior consent to begin performance and (2) acknowledged that they lose the withdrawal right. Two switches control this feature end-to-end: the <em>Detection</em> subgroup under <em>Eligibility Rules</em> decides what counts as digital (master switch); this section renders the 2-checkbox waiver UX at checkout and dispatches the Art. 11a(4) confirmation email. Both must be ON for the feature to work end-to-end. Per-locale text overrides below. Use this only for <strong>one-time digital purchases</strong> (ebooks, software installers, music files, games). Do <strong>not</strong> enable it for ongoing digital <strong>subscriptions or services</strong> (SaaS, streaming, hosted software) — EU case law (CJEU Sky, C-641/19) requires a different consent flow for those.","Excepție Art. 16(m) DDC — conținut digital în care clientul (1) și-a dat consimțământul expres prealabil pentru începerea executării și (2) a recunoscut pierderea dreptului de retragere. Două comutatoare controlează funcția: subgrupul <em>Detectare</em> din <em>Reguli de eligibilitate</em> decide ce contează ca digital (comutator principal); această secțiune randează UI de renunțare cu 2 casete de bifare la finalizare și trimite e-mailul de confirmare conform Art. 11a(4). Ambele trebuie să fie ACTIVATE. Suprascrierile de text per limbă mai jos. Folosiți doar pentru <strong>achiziții digitale unice</strong> (e-cărți, instalatoare, fișiere muzicale, jocuri). <strong>Nu</strong> activați pentru <strong>abonamente sau servicii</strong> digitale continue (SaaS, streaming, software găzduit) — jurisprudența UE (CJEU Sky, C-641/19) cere un alt flux de consimțământ."
"Defines <strong>when</strong> the 14-day withdrawal right starts running (the delivery trigger, Art. 9(2)(b)) and <strong>how long</strong> it lasts in days (Art. 9(2)). Together these control the period each order's withdrawal is open.","Definește <strong>când</strong> începe dreptul de retragere de 14 zile (declanșatorul livrării, Art. 9(2)(b)) și <strong>cât</strong> durează în zile (Art. 9(2)). Împreună, acestea controlează perioada în care retragerea fiecărei comenzi este deschisă."
"Default 14 days per Art. 9(2). Extension allowed (e.g. 30, 100). Reduction below 14 is illegal — the field validates 14-3650 only.","Implicit 14 zile conform Art. 9(2). Extensia este permisă (de ex., 30, 100). Reducerea sub 14 este ilegală — câmpul validează doar 14-3650."
"When on, carts that contain a detected digital item render the 2-checkbox waiver step at checkout. Has no effect unless <em>Eligibility Rules → Detection → Enable Digital Content Detection</em> is also on.","Când este activat, coșurile care conțin un articol digital detectat afișează pasul de renunțare cu 2 casete de bifare la finalizare. Nu are efect dacă nu este activat și <em>Reguli de eligibilitate → Detectare → Activează detectarea conținutului digital</em>."
"Optional. Comma-separated. Blind-copies the waiver-confirmation email to a merchant audit address. Leave blank to skip.","Opțional. Separate prin virgulă. Trimite o copie ascunsă a e-mailului de confirmare a renunțării către o adresă de audit a comerciantului. Lăsați necompletat pentru a omite."
"<strong>⚠ Legal warning.</strong> Art. 11a(2) CRD requires the literal text ""withdraw from contract here"" <em>or a corresponding unambiguous formulation</em>. The default value (""Withdraw from contract here"") is the Directive's verbatim phrase; Per-locale translations are counsel-signed. <strong>Do not override unless you have received written advice from qualified consumer-law counsel in the target jurisdiction.</strong> Every override is recorded in the audit log.","<strong>⚠ Avertisment juridic.</strong> Art. 11a(2) DDC cere textul literal „retragerea din contract aici” <em>sau o formulare echivalentă neambiguă</em>. Valoarea implicită („Retragerea din contract aici”) este fraza literală a Directivei; Traducerile per limbă sunt semnate de avocat. <strong>Nu suprascrieți decât dacă ați primit consiliere scrisă de la un avocat calificat în drept al consumatorilor în jurisdicția vizată.</strong> Fiecare suprascriere este înregistrată în jurnalul de audit."
"<strong>⚠ Legal warning.</strong> This is the label on the final confirmation button. Default (""Confirm withdrawal"") is counsel-signed; Per-locale translations are counsel-signed. Override only with written legal advice; overrides are audit-logged.","<strong>⚠ Avertisment juridic.</strong> Aceasta este eticheta butonului final de confirmare. Valoarea implicită („Confirmă retragerea”) este semnată de avocat; Traducerile per limbă sunt semnate de avocat. Suprascrieți doar cu consiliere juridică scrisă; suprascrierile sunt înregistrate în jurnalul de audit."
"Cancel the linked order? No payment has been captured, so there is nothing to refund — the order will be cancelled in Magento.","Anulați comanda asociată? Nu a fost capturată nicio plată, așa că nu există nimic de rambursat — comanda va fi anulată în Magento."
"Scope & Applicability","Domeniu și aplicabilitate"
"Controls in which markets the self-service withdrawal flow is offered. These are merchant business decisions, not legal exclusions — an EU consumer's statutory right of withdrawal does not depend on them, and declarations received by other means (email, letter) must still be honoured manually.","Controlează în ce piețe este oferit fluxul de retragere cu autoservire. Acestea sunt decizii comerciale ale comerciantului, nu excluderi legale — dreptul legal de retragere al unui consumator din UE nu depinde de ele, iar retragerile primite prin alte mijloace (e-mail, scrisoare) trebuie totuși onorate manual."
"Restrict by Country","Restricționează după țară"
"Offers the self-service withdrawal flow only for orders whose billing <strong>or</strong> shipping address is in the selected countries. <strong>Legal note:</strong> this restricts the storefront flow only — an EU consumer's statutory right of withdrawal does not depend on the address, and withdrawal declarations received by other means (email, letter) must still be honoured manually. Default: disabled.","Oferă fluxul de retragere cu autoservire doar pentru comenzile a căror adresă de facturare <strong>sau</strong> de livrare se află în țările selectate. <strong>Notă juridică:</strong> aceasta restricționează doar fluxul din magazin — dreptul legal de retragere al unui consumator din UE nu depinde de adresă, iar retragerile primite prin alte mijloace (e-mail, scrisoare) trebuie totuși onorate manual. Implicit: dezactivat."
"Offer Withdrawal For Countries","Oferă retragerea pentru țări"
"Preselected: EU-27 plus EEA (Norway, Iceland, Liechtenstein). Add the United Kingdom manually if you target UK consumers (separate national regime with a comparable 14-day right). If you clear this list, the restriction has no effect and the flow stays available to every customer.","Preselectate: UE-27 plus SEE (Norvegia, Islanda, Liechtenstein). Adăugați manual Regatul Unit dacă vizați consumatori din Regatul Unit (regim național separat cu un drept de 14 zile comparabil). Dacă goliți această listă, restricția nu are efect, iar procesul rămâne disponibil pentru toți clienții."
"Custom-made to your specifications","Fabricat conform specificațiilor dvs."
"Perishable goods","Bunuri perisabile"
"Sealed hygiene item — seal broken","Articol de igienă sigilat — sigiliu rupt"
"Sealed audio/video — seal broken","Audio/video sigilat — sigiliu rupt"
"Newspapers, periodicals, magazines","Ziare, publicații periodice, reviste"
"Accommodation / event on specific date","Cazare / eveniment la o dată specifică"
"Digital content — right waived at purchase","Conținut digital — drept renunțat la cumpărare"
"Withdrawal period has expired","Termenul de retragere a expirat"
"Already withdrawn in a prior request","Deja retras într-o cerere anterioară"
"A draft withdrawal is holding this item. Confirm it via the email we sent, or cancel it in the 'Existing withdrawals' section above.","Un proiect de retragere reține acest articol. Confirmați-l prin e-mailul pe care l-am trimis sau anulați-l în secțiunea „Retrageri existente“ de mai sus."
