"View Credit Memo","Zobraziť dobropis"
"Issue Credit Memo","Vystaviť dobropis"
"Approve","Schváliť"
"Approve this withdrawal request?","Schváliť túto žiadosť o odstúpenie?"
"Deny","Zamietnuť"
"Legal reason for denial (min 10 chars):","Právny dôvod zamietnutia (min. 10 znakov):"
"Cancel Request","Zrušiť žiadosť"
"Cancel this withdrawal? Add an optional note for the customer (visible in their cancellation email):","Zrušiť toto odstúpenie? Pridajte voliteľnú poznámku pre zákazníka (viditeľná v jeho e-maile o zrušení):"
"Resend Receipt","Znova odoslať potvrdenie"
"Send the receipt email again? The customer will receive another copy.","Odoslať e-mail s potvrdením znova? Zákazník dostane ďalšiu kópiu."
"Withdrawal Request #%1","Žiadosť o odstúpenie #%1"
"Request Details","Podrobnosti žiadosti"
"Information","Informácie"
"Reason for Denial","Dôvod zamietnutia"
"Customer Cancellation Note","Poznámka zákazníka k zrušeniu"
"Cancellation Note","Poznámka k zrušeniu"
"Status-Change Note","Poznámka k zmene stavu"
"Code","Kód"
"Label","Štítok"
"Add Reason","Pridať dôvod"
"In progress","Prebieha"
"Refund issued","Refundácia vystavená"
"Denied","Zamietnuté"
"Cancelled","Zrušené"
"Pending","Čaká"
"This is a transactional email about your order.","Toto je transakčný e-mail týkajúci sa vašej objednávky."
"Reason for denial","Dôvod zamietnutia"
"Your cancellation note","Vaša poznámka k zrušeniu"
"Note from our team","Poznámka od nášho tímu"
"EU right of withdrawal","Právo na odstúpenie podľa EÚ"
"Withdrawal right pending delivery","Právo na odstúpenie čaká na doručenie"
"Withdrawal window has ended","Lehota na odstúpenie uplynula"
"Not eligible for withdrawal","Nie je možné odstúpiť"
"Withdrawal already requested","Žiadosť o odstúpenie už odoslaná"
"You can withdraw from this contract any time — the %1-day deadline begins counting once the order is delivered.","Od tejto zmluvy môžete odstúpiť kedykoľvek — %1-dňová lehota začína plynúť až po doručení objednávky."
"Your %1-day withdrawal window will begin once this order is delivered.","Vaša %1-dňová lehota na odstúpenie začne plynúť po doručení tejto objednávky."
"The %1-day window for withdrawing from this contract has ended.","%1-dňová lehota na odstúpenie od tejto zmluvy uplynula."
"This order is not eligible for withdrawal under EU consumer law (Art. 16 Directive 2011/83/EU).","Táto objednávka nespĺňa podmienky na odstúpenie podľa spotrebiteľského práva EÚ (čl. 16 smernice 2011/83/EÚ)."
"A withdrawal request for this order has been submitted. See the request details below.","Pre túto objednávku bola odoslaná žiadosť o odstúpenie. Detaily žiadosti pozri nižšie."
"This order contains a perishable item that cannot be returned (food with short shelf life, fresh flowers, etc.).","Táto objednávka obsahuje rýchlo sa kaziaci tovar, ktorý nie je možné vrátiť (potraviny s krátkou trvanlivosťou, čerstvé kvety a pod.)."
"This order contains a custom-made or personalised item that cannot be returned.","Táto objednávka obsahuje tovar vyrobený na mieru alebo personalizovaný, ktorý nie je možné vrátiť."
"This order contains a sealed hygiene item. You keep the right of withdrawal only while the seal stays intact — once unsealed after delivery, the right is lost.","Táto objednávka obsahuje zapečatený hygienický tovar. Právo na odstúpenie máte iba dovtedy, kým zostane pečať neporušená — po jej porušení po doručení toto právo zaniká."
"This order contains a sealed audio / video / software item. You keep the right of withdrawal only while the seal stays intact — once unsealed after delivery, the right is lost.","Táto objednávka obsahuje zapečatený audio / video / softvérový tovar. Právo na odstúpenie máte iba dovtedy, kým zostane pečať neporušená — po jej porušení po doručení toto právo zaniká."
"This order contains digital content. Once you start using or downloading the content, you lose the right of withdrawal (you consented to this at checkout).","Táto objednávka obsahuje digitálny obsah. Po začatí používania alebo sťahovania obsahu strácate právo na odstúpenie (s týmto ste súhlasili pri pokladni)."
"%1 item(s) · Refund %2","%1 položiek · Refundácia %2"
"Awaiting confirmation","Čaká na potvrdenie"
"Cancel withdrawal %1? Your refund will not be processed.","Zrušiť odstúpenie %1? Vaša refundácia nebude spracovaná."
"Submitted","Odoslané"
"Approved","Schválené"
"Fully returned","Plne vrátené"
"Return requested","Vrátenie vyžiadané"
"Not eligible","Nespĺňa podmienky"
"Partially requested","Čiastočne vyžiadané"
"— Select a reason —","— Vyberte dôvod —"
"Other","Iné"
"The refund will be issued using your original payment method within 5-7 business days after we receive your return.","Vrátenie peňazí bude vykonané pôvodným spôsobom platby do 5-7 pracovných dní od prijatia vášho vrátenia."
"Withdrawal right lost (Art. 16(m) CRD) — digital performance started on %1.","Právo na odstúpenie zaniklo (čl. 16 písm. m) smernice CRD) — plnenie digitálneho obsahu začalo dňa %1."
"Request #%1 not found.","Žiadosť č. %1 sa nenašla."
"Receipt email re-queued for request #%1. Delivery will retry asynchronously.","E-mail s potvrdením žiadosti č. %1 bol opätovne zaradený do frontu. Doručenie sa zopakuje asynchrónne."
"Failed to queue receipt resend: %1","Opätovné zaradenie potvrdenia do frontu zlyhalo: %1"
"Note text is empty.","Text poznámky je prázdny."
"Note added to request #%1.","Poznámka bola pridaná k žiadosti č. %1."
"Request #%1 approved.","Žiadosť č. %1 schválená."
"Request #%1 cancelled.","Žiadosť č. %1 zrušená."
"Request #%1 denied.","Žiadosť č. %1 zamietnutá."
"Invalid request id.","Neplatné ID žiadosti."
"Unable to open temporary file for CSV export.","Nepodarilo sa otvoriť dočasný súbor pre export CSV."
"Withdrawal Requests","Žiadosti o odstúpenie"
"%1 requests queued for acceptance.","%1 žiadostí bolo zaradených na schválenie."
"%1 request(s) approved.","%1 žiadostí schválených."
"%1 request(s) failed. First errors: %2","%1 žiadostí zlyhalo. Prvé chyby: %2"
"Note added to %1 request(s).","Poznámka bola pridaná k %1 žiadostiam."
"Underlying order #%1 not found.","Súvisiaca objednávka č. %1 sa nenašla."
"Order #%1 has no invoice yet — Magento requires an invoice before a credit memo can be created. Open an invoice first (Sales → Orders → #%1 → Invoice button), then return here to refund.","Objednávka č. %1 zatiaľ nemá faktúru — Magento vyžaduje faktúru pred vytvorením dobropisu. Najprv vystavte faktúru (Predaj → Objednávky → č. %1 → tlačidlo Faktúra) a potom sa vráťte sem na refundáciu."
"No items recorded on this withdrawal request — the credit memo will open with default invoice qtys; please adjust manually.","K tejto žiadosti o odstúpenie nie sú evidované žiadne položky — dobropis sa otvorí s predvolenými množstvami z faktúry; upravte ich, prosím, manuálne."
"Pre-filled credit memo for withdrawal #%1 — review the qtys + shipping refund below, then click Refund Online or Refund Offline.","Predvyplnený dobropis pre odstúpenie č. %1 — skontrolujte nižšie množstvá a refundáciu dopravy a potom kliknite na Refundovať online alebo Refundovať offline."
"Some items are no longer eligible. Please reload and try again.","Niektoré položky už nespĺňajú podmienky. Obnovte stránku a skúste znova."
"We could not process your request. Please try again.","Vašu žiadosť sa nám nepodarilo spracovať. Skúste to znova."
"Item","Položka"
"We could not find a matching order for that email.","Pre tento e-mail sme nenašli zodpovedajúcu objednávku."
"Withdraw from a contract","Odstúpiť od zmluvy"
"Withdrawal not found.","Odstúpenie sa nenašlo."
"This withdrawal can no longer be cancelled online. Contact us if you need help.","Toto odstúpenie už nie je možné zrušiť online. Ak potrebujete pomoc, kontaktujte nás."
"Withdrawal #%1 cancelled.","Odstúpenie č. %1 zrušené."
"Please fill in all required fields.","Vyplňte všetky povinné polia."
"%1 item(s) were excluded from the withdrawal because the seal is broken (Art. 16(e)/(i) Directive 2011/83/EU).","%1 položiek bolo vylúčených z odstúpenia, pretože pečať je porušená (čl. 16 písm. e)/i) smernice 2011/83/EÚ)."
"Please select at least one item to withdraw.","Vyberte aspoň jednu položku na odstúpenie."
"One or more items are no longer available for withdrawal. Please refresh and try again.","Jedna alebo viaceré položky už nie sú dostupné na odstúpenie. Obnovte stránku a skúste znova."
"None of the selected items are eligible for withdrawal.","Žiadna z vybraných položiek nespĺňa podmienky na odstúpenie."
"Hash mismatch for quote item %1","Nezhoda hashu pre položku košíka %1"
"Requested qty %1 exceeds remaining %2 for order item %3","Požadované množstvo %1 prekračuje zostávajúce %2 pre položku objednávky %3"
"No delivery confirmation recorded for this order yet.","Pre túto objednávku zatiaľ nie je zaznamenané potvrdenie doručenia."
"No eligible items selected for withdrawal","Nie sú vybrané žiadne položky spĺňajúce podmienky na odstúpenie"
"Physical goods","Fyzický tovar"
"Digital content (non-tangible)","Digitálny obsah (nehmotný)"
"Digital service (SaaS / subscription)","Digitálna služba (SaaS / predplatné)"
"Financial services (not supported)","Finančné služby (nepodporované)"
"Downloadable products","Stiahnuteľné produkty"
"Virtual products","Virtuálne produkty"
"Bundles containing digital children","Balíky obsahujúce digitálne podpoložky"
"Custom attribute flag","Príznak vlastného atribútu"
"locale_inheritance.xml missing at %1","locale_inheritance.xml chýba v %1"
"locale_inheritance.xml unreadable at %1","locale_inheritance.xml sa nedá prečítať v %1"
"locale_inheritance.xml failed XSD validation: %1","locale_inheritance.xml zlyhal pri XSD validácii: %1"
"Original payment method","Pôvodná metóda platby"
"This is your durable-medium receipt for the withdrawal (Art. 11a(4) Directive 2011/83/EU).","Toto je vaše potvrdenie o odstúpení na trvanlivom nosiči (čl. 11a ods. 4 smernice 2011/83/EÚ)."
"This email is a notification about your withdrawal request.","Tento e-mail je upozornením na vašu žiadosť o odstúpenie."
"5–7 business days","5–7 pracovných dní"
"This is a confirmation that your withdrawal request has been recorded.","Toto je potvrdenie, že vaša žiadosť o odstúpenie bola zaznamenaná."
"MageMe EU Withdrawal is installed but not enabled. Review the compliance checklist and configure the module before enabling: <a href=""%1"">Stores → Configuration → MageMe Extensions → EU Withdrawal</a>.","MageMe EU Withdrawal je nainštalované, ale nie je povolené. Pred povolením skontrolujte zoznam súladu a nakonfigurujte modul: <a href=""%1"">Obchody → Konfigurácia → Rozšírenia MageMe → EÚ odstúpenie od zmluvy</a>."
"Delivery confirmation status is not configured. Set Stores → Configuration → MageMe Extensions → EU Withdrawal → Withdrawal Period → Delivery Confirmation Statuses.","Stav potvrdenia doručenia nie je nakonfigurovaný. Nastavte Obchody → Konfigurácia → Rozšírenia MageMe → EÚ odstúpenie od zmluvy → Lehota na odstúpenie → Stavy potvrdenia doručenia."
"No Annex I source found for locale %1 along chain %2","Pre jazyk %1 sa v reťazi %2 nenašiel zdroj Prílohy I"
"Annex I source for locale %1 is malformed","Zdroj Prílohy I pre jazyk %1 je poškodený"
"Missing merchant variables for Annex I rendering: %1","Chýbajú premenné obchodníka pre vykreslenie Prílohy I: %1"
"Receipt hash mismatch for request %1","Nezhoda hashu potvrdenia pre žiadosť %1"
"Request %1 not found.","Žiadosť %1 sa nenašla."
"Denying a withdrawal request requires a legal basis of at least 10 characters.","Zamietnutie žiadosti o odstúpenie vyžaduje právny dôvod s minimálne 10 znakmi."
"Withdrawal request cannot transition from ""%1"" to ""%2"".","Žiadosť o odstúpenie nemôže prejsť zo stavu „%1"" do stavu „%2""."
"Request %1 is not in pending_confirm state.","Žiadosť %1 nie je v stave pending_confirm."
"Withdrawal request #%1 does not exist.","Žiadosť o odstúpenie č. %1 neexistuje."
"No digital items on order %1","V objednávke %1 nie sú žiadne digitálne položky"
"This is your durable-medium copy of the waiver you signed at checkout (Art. 11a(4) Directive 2011/83/EU).","Toto je vaša kópia súhlasu na trvanlivom nosiči, ktorý ste podpísali pri pokladni (čl. 11a ods. 4 smernice 2011/83/EÚ)."
"Waived","Vzdané"
"Waiver email render failed: %1","Vykreslenie e-mailu so súhlasom zlyhalo: %1"
"Digital content waiver text has changed — please reload checkout.","Text súhlasu s digitálnym obsahom sa zmenil — obnovte, prosím, pokladňu."
"Digital content waiver is incomplete for item %1.","Súhlas s digitálnym obsahom je neúplný pre položku %1."
"bad","zlé"
"smtp down","smtp down"
"smtp","smtp"
"down","nefunkčné"
"No shipment found for order 42.","Pre objednávku 42 sa nenašla žiadna zásielka."
"View","Zobraziť"
"Withdrawal & Customer Information","Informácie o odstúpení a zákazníkovi"
"Request # %1","Žiadosť č. %1"
"Request Status","Stav žiadosti"
"Submitted At","Odoslané dňa"
"Related Order","Súvisiaca objednávka"
"Jurisdiction","Jurisdikcia"
"Contract Type","Typ zmluvy"
"Receipt Status","Stav potvrdenia"
"%1 attempt(s)","%1 pokusov"
"Receipt Error","Chyba potvrdenia"
"Customer Information","Informácie o zákazníkovi"
"Customer Name","Meno zákazníka"
"Email","E-mail"
"Locale","Jazyk"
"Items Selected for Withdrawal","Položky vybrané na odstúpenie"
"Product","Produkt"
"Price","Cena"
"Qty","Množ."
"Subtotal","Medzisúčet"
"Refund","Refundácia"
"Reason","Dôvod"
"Eligibility","Spôsobilosť"
"No items associated with this request.","K tejto žiadosti nie sú priradené žiadne položky."
"SKU","SKU"
"Ordered","Objednané"
"Withdrawing","Odstupované"
"Refund Total","Celkom na vrátenie"
"Notes for this Request","Poznámky k tejto žiadosti"
"Internal notes — visible to admin staff only. Not sent to the customer.","Interné poznámky — viditeľné iba pre administrátorov. Zákazníkovi sa neodosielajú."
"Comment","Komentár"
"Add internal note (max 2000 chars)","Pridať internú poznámku (max. 2000 znakov)"
"Submit Comment","Odoslať komentár"
"No comments added yet.","Zatiaľ neboli pridané žiadne komentáre."
" by %1"," od %1"
"Refund Totals","Súhrn refundácie"
"Items Subtotal","Medzisúčet položiek"
"Shipping Refund","Refundácia dopravy"
"Total Refund","Celková refundácia"
"Changes have been made to this section that have not been saved.","V tejto sekcii boli vykonané zmeny, ktoré neboli uložené."
"This tab contains invalid data. Please resolve this before saving.","Táto karta obsahuje neplatné údaje. Pred uložením to, prosím, opravte."
"Contact us","Kontaktujte nás"
"Returns","Vrátenia"
"FAQs","Časté otázky"
"All rights reserved.","Všetky práva vyhradené."
"Returned items","Vrátené položky"
"No image","Bez obrázka"
"Item status","Stav položky"
"Withdrawal options for this order","Možnosti odstúpenia pre túto objednávku"
"You can return this order until %1.","Túto objednávku môžete vrátiť do %1."
"(Art. 11a Directive 2011/83/EU)","(čl. 11a smernice 2011/83/EÚ)"
"Submit a withdrawal request to start the refund process.","Podajte žiadosť o odstúpenie a začnite proces refundácie."
"(Art. 9(2)(b) Directive 2011/83/EU)","(čl. 9 ods. 2 písm. b) smernice 2011/83/EÚ)"
"Start withdrawal","Začať odstúpenie"
"Your withdrawal requests","Vaše žiadosti o odstúpenie"
"Submitted %1","Odoslané %1"
"Show items","Zobraziť položky"
"Cancel withdrawal","Zrušiť odstúpenie"
"Qty %1","Množstvo %1"
"Receipt details","Detaily potvrdenia"
"Receipt number","Číslo potvrdenia"
"Order number","Číslo objednávky"
"Consumer","Spotrebiteľ"
"Refund total","Celková suma refundácie"
"Merchant","Predajca"
"Legal basis","Právny základ"
"SKU %1","SKU %1"
"Shipping refund","Refundácia dopravy"
"Tax refund","Refundácia dane"
"Total refund","Celkové vrátenie peňazí"
"Digital content — Art. 16(m) notice","Digitálny obsah — oznámenie podľa čl. 16 písm. m)"
"By placing the order you agreed to begin performance of the digital content before the end of the withdrawal period and acknowledged that, once performance has begun, the right of withdrawal no longer applies. This notice is shown for your records.","Zadaním objednávky ste súhlasili so začatím plnenia digitálneho obsahu pred uplynutím lehoty na odstúpenie a potvrdili ste, že po začatí plnenia právo na odstúpenie zaniká. Toto oznámenie sa zobrazuje pre vaše záznamy."
"Existing withdrawals for this order","Existujúce odstúpenia pre túto objednávku"
"You can cancel a withdrawal here until it is approved.","Odstúpenie tu môžete zrušiť, kým nie je schválené."
"Request #%1","Žiadosť #%1"
"SKU: %1","SKU: %1"
"Estimated refund: %1 %2","Odhadovaná refundácia: %1 %2"
"Cancel this withdrawal","Zrušiť toto odstúpenie"
"Are you sure? This cannot be undone.","Ste si istí? Túto akciu nie je možné vrátiť."
"Yes, cancel","Áno, zrušiť"
"Keep it","Ponechať"
"Select items to return","Vyberte položky na vrátenie"
"Choose all items or only some of them. Set the return quantity for each item you want to withdraw.","Vyberte všetky položky alebo len niektoré. Nastavte množstvo na vrátenie pre každú položku, od ktorej chcete odstúpiť."
"You have %1 days from the day you received your order to withdraw from the contract without giving a reason.","Od prevzatia objednávky máte %1 dní na odstúpenie od zmluvy bez uvedenia dôvodu."
"Back to order search","Späť na vyhľadávanie objednávok"
"Cancel","Zrušiť"
"Continue to review","Pokračovať na kontrolu"
"Review and confirm","Skontrolovať a potvrdiť"
"Order #%1","Objednávka #%1"
"Placed on %1","Vytvorené %1"
"Awaiting delivery","Čaká na doručenie"
"Delivered on %1","Doručené %1"
"Total","Spolu"
"Return shipping","Doprava vrátenia"
"View return policy","Zobraziť pravidlá vrátenia"
"Refund method","Spôsob refundácie"
"Refund will be issued to your original payment method.","Vrátenie peňazí bude vykonané na váš pôvodný spôsob platby."
"Return summary","Zhrnutie vrátenia"
"Shipping & Handling","Doprava a manipulácia"
"Tax","Daň"
"Back to items","Späť na položky"
"Submit return request","Odoslať žiadosť o vrátenie"
"Your return request has been submitted!","Vaša žiadosť o vrátenie bola odoslaná!"
"We've emailed you a notification with your return details and a prepaid return label (if applicable). You have 14 days from the delivery date to send your items back.","Poslali sme vám e-mail s podrobnosťami o vrátení a predplateným prepravným štítkom (ak je k dispozícii). Od dátumu doručenia máte 14 dní na zaslanie položiek späť."
"Return request number","Číslo žiadosti o vrátenie"
"Copy request number","Kopírovať číslo žiadosti"
"Copied!","Skopírované!"
"Confirmation email sent","Potvrdzovací e-mail odoslaný"
"We've sent the details to","Podrobnosti sme zaslali na"
"What happens next?","Čo bude nasledovať?"
"Pack your items securely","Bezpečne zabaľte položky"
"Send them back using the provided instructions","Zašlite ich späť podľa poskytnutých pokynov"
"We'll inspect your return","Skontrolujeme vaše vrátenie"
"Your refund will be issued to your original payment method","Refundácia bude pripísaná na váš pôvodný spôsob platby"
"Need more help?","Potrebujete ďalšiu pomoc?"
"View my returns","Zobraziť moje vrátenia"
"Contact support","Kontaktovať podporu"
"Purchased","Zakúpené"
"Returned","Vrátené"
"Decrease quantity","Znížiť množstvo"
"Increase quantity","Zvýšiť množstvo"
"Is the hygiene seal still intact?","Je hygienická pečať stále neporušená?"
"Is the original software / media seal still intact?","Je pôvodná pečať softvéru / nosiča stále neporušená?"
"Yes — it's still sealed","Áno — stále je zapečatené"
"Refund possible — return the unopened package.","Refundácia je možná — vráťte neotvorené balenie."
"No — I've opened it","Nie — otvoril som ho"
"This item cannot be returned (Art. 16(e) Directive 2011/83/EU).","Túto položku nie je možné vrátiť (čl. 16 písm. e) smernice 2011/83/EÚ)."
"This item cannot be returned (Art. 16(i) Directive 2011/83/EU).","Túto položku nie je možné vrátiť (čl. 16 písm. i) smernice 2011/83/EÚ)."
"Once you confirm the seal is broken, this item is excluded from the withdrawal request and the quantity will be reset to zero.","Po potvrdení, že pečať je porušená, bude táto položka vylúčená zo žiadosti o odstúpenie a množstvo bude vynulované."
"Reason for return (optional)","Dôvod vrátenia (voliteľné)"
"Tell us more (optional, max 500 chars)","Povedzte nám viac (voliteľné, max. 500 znakov)"
"Already returned.","Už vrátené."
"awaiting admin review","čaká na kontrolu administrátorom"
"awaiting confirmation","čaká na potvrdenie"
"Request %1 %2 (%3 item%4).","Žiadosť %1 %2 (%3 položka%4)."
"Return request awaiting review.","Žiadosť o vrátenie čaká na kontrolu."
"Cancel request","Zrušiť žiadosť"
"Under EU consumer law, you may withdraw from most contracts within 14 days without giving a reason.","Podľa spotrebiteľského práva EÚ môžete od väčšiny zmlúv odstúpiť do 14 dní bez uvedenia dôvodu."
"Read your full pre-contract rights (Art. 6)","Prečítajte si svoje úplné predzmluvné práva (čl. 6)"
"Under Art. 6 of Directive 2011/83/EU (as amended by Directive (EU) 2023/2673), before you placed this order the seller informed you — or made available — the following information:","Podľa čl. 6 smernice 2011/83/EÚ (v znení smernice (EÚ) 2023/2673) vás predávajúci pred zadaním tejto objednávky informoval — alebo sprístupnil — nasledujúce informácie:"
"The main characteristics of the goods or services.","Hlavné vlastnosti tovaru alebo služieb."
"The identity and contact details of the trader.","Totožnosť a kontaktné údaje obchodníka."
"The total price including all taxes and any delivery costs.","Celková cena vrátane všetkých daní a prípadných nákladov na doručenie."
"The arrangements for payment, delivery and performance, and complaint-handling.","Spôsoby platby, doručenia a plnenia a postup vybavovania reklamácií."
"Your right of withdrawal: under Art. 9 you have 14 days to withdraw from this distance contract without giving a reason. For physical goods, the 14-day period starts on the day you (or a third party nominated by you) take physical possession of the goods. For services and digital content, different starting dates apply (Art. 9(2)(a)/(c)).","Vaše právo na odstúpenie: podľa čl. 9 máte 14 dní na odstúpenie od tejto zmluvy uzavretej na diaľku bez uvedenia dôvodu. Pri fyzickom tovare začína 14-dňová lehota plynúť dňom, keď ste vy (alebo vami určená tretia osoba) prevzali tovar do fyzickej držby. Pri službách a digitálnom obsahu platia iné začiatočné dátumy (čl. 9 ods. 2 písm. a)/c))."
"Exceptions: the right does not apply to certain goods and services listed in Art. 16 (e.g., custom-made goods, sealed hygiene items once unsealed, digital content whose performance has begun with your prior express consent and acknowledgement that you lose the withdrawal right).","Výnimky: právo sa nevzťahuje na určitý tovar a služby uvedené v čl. 16 (napr. tovar vyrobený na mieru, zapečatený hygienický tovar po porušení pečate, digitálny obsah, ktorého plnenie začalo s vaším predchádzajúcim výslovným súhlasom a potvrdením o strate práva na odstúpenie)."
"The legal guarantee of conformity for goods applies under Art. 5 of Directive 2019/771, in addition to the right of withdrawal.","Okrem práva na odstúpenie sa na tovar vzťahuje aj zákonná záruka súladu podľa čl. 5 smernice 2019/771."
"Delivery: %1","Doručenie: %1"
"Total paid","Zaplatené spolu"
"Pick an order to withdraw from","Vyberte objednávku, od ktorej chcete odstúpiť"
"Select a recent order to start your withdrawal.","Vyberte nedávnu objednávku a začnite odstúpenie."
"Select","Vybrať"
"Withdrawal progress","Postup odstúpenia"
"title","názov"
"subtitle","podnadpis"
"Items to return","Položky na vrátenie"
"0 items","0 položiek"
"Refund summary","Zhrnutie refundácie"
"No items in this order are currently eligible for withdrawal.","Žiadne položky v tejto objednávke v súčasnosti nespĺňajú podmienky na odstúpenie."
"Each line is either already being processed, pending confirmation, or has been fully withdrawn. Check the existing requests section above for status or to cancel.","Každá položka je buď už spracovávaná, čaká na potvrdenie alebo bola úplne odstúpená. Stav alebo zrušenie nájdete v sekcii existujúcich žiadostí vyššie."
"No items selected yet. Use the + button next to an item to add it to your return.","Zatiaľ nie sú vybrané žiadne položky. Použite tlačidlo + vedľa položky na jej pridanie do vrátenia."
"Find your order","Nájsť objednávku"
"Enter the details you used during checkout to start a return or withdrawal.","Zadajte údaje, ktoré ste použili pri platbe, na začatie vrátenia alebo odstúpenia od zmluvy."
"We could not find an order matching that email. Double-check your order number and email address.","Nenašli sme objednávku zodpovedajúcu tomuto e-mailu. Skontrolujte si číslo objednávky a e-mailovú adresu."
"e.g. 12345","napr. 12345"
"You can find this in your order confirmation email.","Nájdete to v potvrdzovacom e-maile objednávky."
"Email address","E-mailová adresa"
"you@example.com","you@example.com"
"Must match the email used for the order.","Musí sa zhodovať s e-mailom použitým pri objednávke."
"Find my order","Nájsť moju objednávku"
"You have the right to withdraw from your purchase within %1 days of receiving your order, without giving any reason.","Máte právo odstúpiť od nákupu do %1 dní od prevzatia objednávky bez uvedenia dôvodu."
"Need help finding your order?","Potrebujete pomoc s nájdením objednávky?"
"Select an order","Vyberte objednávku"
"Choose an order from your history to start a return or withdrawal.","Vyberte objednávku z histórie a začnite vrátenie alebo odstúpenie od zmluvy."
"You don't have any orders eligible for withdrawal. The %1-day withdrawal window runs from the day you received your order.","Nemáte žiadne objednávky spĺňajúce podmienky na odstúpenie. %1-dňová lehota na odstúpenie plynie odo dňa prevzatia objednávky."
"View all my orders","Zobraziť všetky moje objednávky"
"items","položiek"
"Select order","Vybrať objednávku"
"No recent withdrawal","Žiadne nedávne odstúpenie"
"We could not find a recent withdrawal in this session. If you have just submitted one, please check your inbox for the confirmation email.","V tejto relácii sme nenašli žiadne nedávne odstúpenie. Ak ste práve nejaké podali, skontrolujte si, prosím, doručenú poštu pre potvrdzovací e-mail."
"Start a new withdrawal","Začať nové odstúpenie"
"Withdrawal #%1 submitted","Odstúpenie #%1 odoslané"
"Related order:","Súvisiaca objednávka:"
"Items","Položky"
"Items included in this withdrawal","Položky zahrnuté v tomto odstúpení"
"Line Total","Spolu za položku"
"What happens next","Čo nasleduje"
"You will receive a receipt email with the full withdrawal statement and integrity hash within a few minutes.","Do niekoľkých minút dostanete e-mail s potvrdením, ktorý bude obsahovať úplné vyhlásenie o odstúpení a kontrolný hash."
"The %1-day window under Art. 9 CRD is locked to the moment you confirmed the withdrawal — nothing further is required from you to preserve the right.","%1-dňová lehota podľa čl. 9 smernice CRD je viazaná na okamih, kedy ste potvrdili odstúpenie — na zachovanie tohto práva sa od vás nevyžaduje nič ďalšie."
"The final refund is determined after we receive the returned items (Art. 14(2)) and is issued to the original payment method. Expect the funds within 14 days of receipt.","Konečná suma refundácie sa určuje po prijatí vrátených položiek (čl. 14 ods. 2) a vypláca sa na pôvodný spôsob platby. Prostriedky očakávajte do 14 dní od prijatia."
"Back to Withdrawals","Späť na odstúpenia"
"Verzichtsbestätigung digitaler Inhalte — Bestellung %increment_id","Potvrdenie súhlasu s digitálnym obsahom — Objednávka %increment_id"
"Sehr geehrte/r %name,","Vážený/á %name,"
"Dies ist die Bestätigung auf einem dauerhaften Datenträger Ihrer ausdrücklichen Einwilligung zum Beginn der Ausführung folgender digitaler Inhalte sowie Ihrer Bestätigung, dass Sie dadurch Ihr Widerrufsrecht verlieren (Art. 16(m) VRL).","Toto je potvrdenie na trvanlivom nosiči o vašom výslovnom súhlase so začatím plnenia nasledujúceho digitálneho obsahu, ako aj o vašom potvrdení, že tým strácate právo na odstúpenie od zmluvy (čl. 16 písm. m) smernice o právach spotrebiteľov)."
"Durch den Verzicht abgedeckte digitale Inhalte","Digitálny obsah, na ktorý sa vzťahuje tento súhlas"
"Ihre ausdrückliche Einwilligung","Váš výslovný súhlas"
"Eingewilligt am:","Súhlas udelený dňa:"
"Ihre Bestätigung zum Verlust des Widerrufsrechts","Vaše potvrdenie o strate práva na odstúpenie"
"Bestätigt am:","Potvrdené dňa:"
"Verzichtsreferenz:","Referencia súhlasu:"
"Rechtsgrundlage: Art. 16(m) Verbraucherrechterichtlinie 2011/83/EU.","Právny základ: čl. 16 písm. m) smernice 2011/83/EÚ o právach spotrebiteľov."
"Digital content waiver confirmation — Order %1","Potvrdenie súhlasu s digitálnym obsahom — Objednávka %1"
"Dear %name,","Vážený/á %name,"
"This is the durable-medium confirmation of your express consent to begin performance of the following digital items, and your acknowledgment that by doing so you lose your right of withdrawal (Art. 16(m) CRD).","Toto je potvrdenie na trvanlivom nosiči o vašom výslovnom súhlase so začatím plnenia nasledujúcich digitálnych položiek a o vašom potvrdení, že tým strácate právo na odstúpenie od zmluvy (čl. 16 písm. m) smernice CRD)."
"Digital items covered by this waiver","Digitálne položky, na ktoré sa vzťahuje tento súhlas"
"Your express consent","Tvoj výslovný súhlas"
"Consented at:","Súhlas udelený dňa:"
"Your acknowledgment of loss of withdrawal right","Tvoje potvrdenie o strate práva na odstúpenie"
"Acknowledged at:","Potvrdené dňa:"
"Waiver reference:","Referencia súhlasu:"
"Legal basis: Art. 16(m) Consumer Rights Directive 2011/83/EU.","Právny základ: čl. 16 písm. m) smernice 2011/83/EÚ o právach spotrebiteľov."
"Digitaalisen sisällön luopumisvahvistus — Tilaus %increment_id","Potvrdenie súhlasu s digitálnym obsahom — Objednávka %increment_id"
"Hyvä %name,","Vážený/á %name,"
"Tämä on pysyvällä tietovälineellä annettu vahvistus nimenomaisesta suostumuksestasi aloittaa seuraavien digitaalisten sisältöjen toimitus sekä vahvistuksestasi, että menetät peruuttamisoikeutesi (KSL 6:16).","Toto je potvrdenie na trvanlivom nosiči o vašom výslovnom súhlase so začatím plnenia nasledujúceho digitálneho obsahu a o vašom potvrdení, že tým strácate právo na odstúpenie od zmluvy (čl. 16 písm. m) smernice 2011/83/EÚ)."
"Luopumisen kattamat digitaaliset sisällöt","Digitálny obsah, na ktorý sa vzťahuje tento súhlas"
"Nimenomainen suostumuksesi","Váš výslovný súhlas"
"Suostuttu:","Súhlas udelený dňa:"
"Vahvistuksesi peruuttamisoikeuden menettämisestä","Vaše potvrdenie o strate práva na odstúpenie"
"Vahvistettu:","Potvrdené dňa:"
"Luopumisen viite:","Referencia súhlasu:"
"Oikeusperusta: KSL 6:16 / Art. 16(m) kuluttajanoikeusdirektiivi 2011/83/EU.","Právny základ: čl. 16 písm. m) smernice 2011/83/EÚ o právach spotrebiteľov."
"Confirmation de renonciation au contenu numérique — Commande %increment_id","Potvrdenie súhlasu s digitálnym obsahom — Objednávka %increment_id"
"Cher/Chère %name,","Vážený/á %name,"
"Ceci est la confirmation sur un support durable de votre consentement exprès à commencer l'exécution des contenus numériques suivants, et de votre reconnaissance que vous perdez ainsi votre droit de rétractation (Art. L. 221-28 Code consommation).","Toto je potvrdenie na trvanlivom nosiči o vašom výslovnom súhlase so začatím plnenia nasledujúceho digitálneho obsahu a o vašom potvrdení, že tým strácate právo na odstúpenie od zmluvy (čl. 16 písm. m) smernice 2011/83/EÚ)."
"Contenus numériques couverts par la présente renonciation","Digitálny obsah, na ktorý sa vzťahuje tento súhlas"
"Votre consentement exprès","Váš výslovný súhlas"
"Consenti le :","Súhlas udelený dňa:"
"Votre reconnaissance de la perte du droit de rétractation","Vaše potvrdenie o strate práva na odstúpenie"
"Reconnu le :","Potvrdené dňa:"
"Référence de renonciation :","Referencia súhlasu:"
"Base légale : Art. L. 221-28 Code consommation / Art. 16(m) Directive 2011/83/UE.","Právny základ: čl. 16 písm. m) smernice 2011/83/EÚ o právach spotrebiteľov."
"Bevestiging afstand digitale inhoud — Bestelling %increment_id","Potvrdenie súhlasu s digitálnym obsahom — Objednávka %increment_id"
"Beste %name,","Vážený/á %name,"
"Dit is de bevestiging op een duurzame gegevensdrager van uw uitdrukkelijke toestemming om te beginnen met de levering van de volgende digitale inhoud, en uw erkenning dat u daardoor uw herroepingsrecht verliest (Art. 6:230s BW).","Toto je potvrdenie na trvanlivom nosiči o vašom výslovnom súhlase so začatím plnenia nasledujúceho digitálneho obsahu a o vašom potvrdení, že tým strácate právo na odstúpenie od zmluvy (čl. 16 písm. m) smernice 2011/83/EÚ)."
"Onder deze afstand vallende digitale items","Digitálny obsah, na ktorý sa vzťahuje tento súhlas"
"Uw uitdrukkelijke toestemming","Váš výslovný súhlas"
"Toestemming verleend op:","Súhlas udelený dňa:"
"Uw erkenning van verlies van herroepingsrecht","Vaše potvrdenie o strate práva na odstúpenie"
"Erkend op:","Potvrdené dňa:"
"Afstandreferentie:","Referencia súhlasu:"
"Rechtsgrondslag: Art. 6:230s BW / Art. 16(m) Richtlijn 2011/83/EU.","Právny základ: čl. 16 písm. m) smernice 2011/83/EÚ o právach spotrebiteľov."
"[EU Withdrawal] Receipt send failed — request #%request_id","[EÚ odstúpenie od zmluvy] Odoslanie potvrdenia zlyhalo — žiadosť č. %request_id"
"The receipt email for withdrawal request #%request_id has failed to send permanently.","E-mail s potvrdením žiadosti o odstúpenie č. %request_id sa trvalo nepodarilo odoslať."
"Inspect the <code>mm_eu_withdrawal_request.receipt_last_error</code> column for the last error message, and the <code>mm_eu_withdrawal_request.receipt_send_attempts</code> column for the retry count.","Posledná chybová správa je v stĺpci <code>mm_eu_withdrawal_request.receipt_last_error</code>, počet pokusov v stĺpci <code>mm_eu_withdrawal_request.receipt_send_attempts</code>."
"You can requeue the send from the admin grid after resolving the underlying issue.","Po vyriešení základného problému môžete odoslanie znova zaradiť do frontu z administračnej mriežky."
"Your refund is on its way — Withdrawal #%1","Tvoja refundácia je na ceste — Odstúpenie č. %1"
"Your refund is on its way","Tvoja refundácia je na ceste"
"Hi %name, we've approved your withdrawal request and started the refund process.","Ahoj %name, schválili sme tvoju žiadosť o odstúpenie a začali sme proces refundácie."
"View refund details","Zobraziť detaily refundácie"
"Withdrawal number","Číslo odstúpenia"
"Approved on","Schválené"
"Estimated arrival","Predpokladané doručenie"
"Status","Stav"
"Your refund will be issued to your original payment method within 5–7 business days. You'll see it on your card or bank statement once it lands.","Refundácia bude pripísaná na pôvodný spôsob platby do 5–7 pracovných dní. Akonáhle dorazí, uvidíš ju na výpise z karty alebo bankového účtu."
"Need help?","Potrebuješ pomoc?"
"Reply to this email or contact us at","Odpovedz na tento e-mail alebo nás kontaktuj na adrese"
"Your withdrawal was cancelled — Withdrawal #%1","Tvoje odstúpenie bolo zrušené — Odstúpenie č. %1"
"Your withdrawal was cancelled","Tvoje odstúpenie bolo zrušené"
"Hi %name, we've cancelled your withdrawal request.","Ahoj %name, zrušili sme tvoju žiadosť o odstúpenie."
"Submit a new request","Podať novú žiadosť"
"Cancelled request","Zrušená žiadosť"
"Cancelled on","Zrušené"
"Refund requested","Požiadané o refundáciu"
"If this was unexpected, you can submit a new withdrawal request as long as your %period_days-day window is still open. Reach out if you need help — we're happy to clarify.","Ak to bolo nečakané, môžeš podať novú žiadosť o odstúpenie, kým je %period_days-dňová lehota otvorená. Ozvi sa, ak potrebuješ pomoc — radi ti všetko vysvetlíme."
"Cancellation confirmed — Withdrawal #%1","Zrušenie potvrdené — Odstúpenie č. %1"
"Cancellation confirmed","Zrušenie potvrdené"
"Hi %name, your withdrawal request has been cancelled as you asked.","Ahoj %name, tvoja žiadosť o odstúpenie bola zrušená podľa tvojej požiadavky."
"Back to my orders","Späť na moje objednávky"
"Cancelled by","Zrušil"
"You","Vy"
"Your order remains active and there's no further action needed. If you change your mind, you can start a new withdrawal request any time within your %period_days-day window.","Tvoja objednávka zostáva aktívna a nie je potrebná žiadna ďalšia akcia. Ak si to rozmyslíš, môžeš kedykoľvek počas %period_days-dňovej lehoty podať novú žiadosť o odstúpenie."
"Update on your withdrawal request — Withdrawal #%1","Aktualizácia tvojej žiadosti o odstúpenie — Odstúpenie č. %1"
"We can't process this withdrawal","Toto odstúpenie nemôžeme spracovať"
"Hi %name, after reviewing your withdrawal request we're unable to approve it.","Ahoj %name, po posúdení tvojej žiadosti o odstúpenie ju, žiaľ, nemôžeme schváliť."
"Request details","Detaily žiadosti"
"Reviewed on","Skontrolované"
"Decision","Rozhodnutie"
"Reason from our team","Dôvod od nášho tímu"
"If you'd like to discuss this decision, our team is here to help. Reply to this email or use the button above.","Ak chceš toto rozhodnutie prediskutovať, náš tím ti rád pomôže. Odpovedz na tento e-mail alebo použi tlačidlo vyššie."
"Your withdrawal request has been submitted — Order #%1","Tvoja žiadosť o odstúpenie bola odoslaná — Objednávka č. %1"
"Your return request has been submitted","Tvoja žiadosť o vrátenie bola odoslaná"
"Hi %name, we've received your return request and are currently reviewing it. You'll hear back when we've inspected your return and processed your refund.","Ahoj %name, prijali sme tvoju žiadosť o vrátenie a momentálne ju posudzujeme. Ozveme sa ti, len čo vrátenie skontrolujeme a spracujeme refundáciu."
"Return number","Číslo vrátenia"
"Requested on","Vyžiadané"
"We'll inspect your return and notify you once approved. Refunds are issued to your original payment method within 5–7 business days after approval.","Skontrolujeme tvoje vrátenie a po schválení ťa upozorníme. Refundácie sa pripisujú na pôvodný spôsob platby do 5–7 pracovných dní od schválenia."
"If you have any questions, our customer service team is here to help.","Ak máš akékoľvek otázky, náš tím zákazníckej podpory ti rád pomôže."
"Visit our help center","Navštíviť naše centrum pomoci"
"If you did not initiate this request, contact us immediately at","Ak si túto žiadosť nepodal/a, okamžite nás kontaktuj na adrese"
"Withdrawal receipt — Order #%1","Potvrdenie o odstúpení — Objednávka č. %1"
"Withdrawal receipt","Potvrdenie o odstúpení"
"Hi %name, this email is your durable-medium proof of withdrawal under Art. 11a Directive 2011/83/EU. Keep it for your records.","Ahoj %name, tento e-mail je tvojím dokladom o odstúpení na trvanlivom nosiči podľa čl. 11a smernice 2011/83/EÚ. Uschovaj si ho pre svoje záznamy."
"Submitted on","Odoslané"
"Your %store_name order confirmation","Potvrdenie vašej objednávky %store_name"
"%customer_name,","%customer_name,"
"Thank you for your order from %store_name.","Ďakujeme za vašu objednávku v %store_name."
"Once your package ships we will send you a tracking number.","Po odoslaní zásielky vám pošleme sledovacie číslo."
"You can check the status of your order by <a href=""%account_url"">logging into your account</a>.","Stav vašej objednávky si môžete overiť <a href=""%account_url"">prihlásením do svojho účtu</a>."
"If you have questions about your order, you can email us at <a href=""mailto:%store_email"">%store_email</a>","Ak máte otázky k vašej objednávke, môžete nám napísať na <a href=""mailto:%store_email"">%store_email</a>"
"or call us at <a href=""tel:%store_phone"">%store_phone</a>","alebo nám zavolajte na <a href=""tel:%store_phone"">%store_phone</a>"
"Our hours are <span class=""no-link"">%store_hours</span>.","Naše otváracie hodiny sú <span class=""no-link"">%store_hours</span>."
"Your Order <span class=""no-link"">#%increment_id</span>","Vaša objednávka <span class=""no-link"">č. %increment_id</span>"
"Placed on <span class=""no-link"">%created_at</span>","Vytvorená dňa <span class=""no-link"">%created_at</span>"
"Billing Info","Fakturačné údaje"
"Shipping Info","Údaje o doručení"
"Payment Method","Spôsob platby"
"Shipping Method","Spôsob doručenia"
"%name,","%name,"
"Once your package ships we will send an email with a link to track your order.","Po odoslaní zásielky vám pošleme e-mail s odkazom na sledovanie objednávky."
"Your %store_name order has shipped","Vaša objednávka %store_name bola odoslaná"
"Your shipping confirmation is below. Thank you again for your business.","Potvrdenie o odoslaní nájdete nižšie. Ešte raz ďakujeme za váš nákup."
"Your Shipment #%shipment_id for Order #%order_id","Vaša zásielka č. %shipment_id pre objednávku č. %order_id"
"Your digital content waiver is on file","Tvoj súhlas s digitálnym obsahom je uložený"
"Hi %name, you've consented to immediate digital delivery of the items below — this is your durable-medium copy of that consent (Art. 11a(4) CRD).","Ahoj %name, súhlasil/a si s okamžitým digitálnym dodaním nižšie uvedených položiek — toto je tvoja kópia súhlasu na trvanlivom nosiči (čl. 11a ods. 4 CRD)."
"View order","Zobraziť objednávku"
"Consented at","Súhlas udelený dňa"
"Acknowledged at","Potvrdené dňa"
"Keep this email as your durable-medium record. The merchant has stored the SHA-256 hash of the legal text you accepted:","Uschovaj si tento e-mail ako záznam na trvanlivom nosiči. Obchodník uložil SHA-256 hash právneho textu, s ktorým si súhlasil/a:"
"Digital content waiver","Vzdanie sa práva pri digitálnom obsahu"
"We need your explicit consent before you can buy this digital item — please read both points carefully.","Pred zakúpením tejto digitálnej položky potrebujeme váš výslovný súhlas — prečítajte si, prosím, obidva body pozorne."
"We log this consent with your IP and timestamp for our audit record.","Tento súhlas zaznamenávame s vašou IP adresou a časovou pečiatkou pre náš audit záznam."
"Continue","Pokračovať"
"Waiver could not be saved. Please retry.","Súhlas sa nepodarilo uložiť. Skúste to znova."
"Enable for EU Withdrawal Lookup Form","Povoliť pre vyhľadávací formulár EÚ odstúpenia"
"MageMe Extensions","Rozšírenia MageMe"
"EU Withdrawal","EÚ odstúpenie od zmluvy"
"General","Všeobecné"
"Enable Module","Povoliť modul"
"Activates frontend and cron jobs. Default: disabled. Complete the manual setup checklist before enabling.","Aktivuje frontend a cron úlohy. Predvolene: vypnuté. Pred zapnutím dokončite manuálny zoznam nastavení."
"Request Number Prefix","Predpona čísla žiadosti"
"Optional prefix prepended to the withdrawal request increment ID in customer-facing UI (e.g. ""RR-"" renders as ""RR-000000022""). Leave blank to show the plain padded number.","Voliteľná predpona pridaná pred číslo žiadosti o odstúpenie v zákazníckom rozhraní (napr. „RR-"" sa zobrazí ako „RR-000000022""). Ak chcete zobraziť iba doplnené číslo, ponechajte prázdne."
"Default Contract Type","Predvolený typ zmluvy"
"Frontend Route","Frontendová cesta"
"URL prefix used by the customer-facing withdrawal flow (e.g. <code>withdraw-contract</code> renders as <code>/withdraw-contract/...</code>). Lowercase letters, digits, dashes and underscores only.","Predpona URL používaná v zákazníckom procese odstúpenia (napr. <code>withdraw-contract</code> sa zobrazí ako <code>/withdraw-contract/...</code>)."
"Withdrawal Period","Lehota na odstúpenie"
"Delivery Confirmation Statuses","Stavy potvrdenia doručenia"
"Pick one or more order statuses whose <em>transition</em> means the customer received the goods in your fulfillment workflow. The 14-day withdrawal window starts on the timestamp of the order's <em>earliest</em> transition into <em>any</em> of the selected statuses (Art. 9(2)(b) Directive 2011/83/EU). Multi-select supports merchants who use several ""delivered""-type statuses (e.g. <code>delivered</code> + <code>complete</code> + <code>delivered_partial</code>). Until the order reaches any of them, the right of withdrawal is open with no fixed deadline.","Vyberte jeden alebo viac stavov objednávky, ktorých <em>prechod</em> znamená, že zákazník prevzal tovar vo vašom procese vybavovania. 14-dňová lehota na odstúpenie začína časovou pečiatkou <em>najskoršieho</em> prechodu objednávky do <em>ktoréhokoľvek</em> z vybraných stavov (čl. 9 ods. 2 písm. b) smernice 2011/83/EÚ). Viacnásobný výber podporuje obchodníkov, ktorí používajú viacero stavov typu „delivered"" (napr. <code>delivered</code> + <code>complete</code> + <code>delivered_partial</code>). Kým objednávka nedosiahne ani jeden z nich, právo na odstúpenie je otvorené bez pevného termínu."
"Eligibility Rules (Art. 16 CRD Presets)","Pravidlá oprávnenosti (prednastavenia čl. 16 CRD)"
"Art. 16(c) Custom-Made Goods","Čl. 16 písm. c) tovar vyrobený na mieru"
"Excludes products made to customer specifications or clearly personalised (e.g. engraved jewellery, made-to-measure clothing). <strong>Requires</strong> product attribute <code>is_custom_made = true</code>. If enabled, orders containing such items cannot be withdrawn — customers will see this when attempting to start withdrawal.","Vylučuje produkty vyrobené podľa špecifikácií zákazníka alebo zjavne personalizované (napr. gravírované šperky, oblečenie šité na mieru). <strong>Vyžaduje</strong> atribút produktu <code>is_custom_made = true</code>. Ak je zapnuté, od objednávok obsahujúcich takéto položky nie je možné odstúpiť — zákazníci to uvidia pri pokuse o začatie odstúpenia."
"Art. 16(d) Perishable Goods","Čl. 16 písm. d) rýchlo sa kaziaci tovar"
"Excludes goods that can deteriorate or expire rapidly (fresh food, cut flowers, short-shelf-life pharmaceuticals). <strong>Requires</strong> product attribute <code>is_perishable = true</code>. Do not enable for all categories — apply it only to truly perishable SKUs, otherwise you will unlawfully deny valid withdrawals.","Vylučuje tovar, ktorý sa môže rýchlo pokaziť alebo mu uplynie trvanlivosť (čerstvé potraviny, rezané kvety, lieky s krátkou trvanlivosťou). <strong>Vyžaduje</strong> atribút produktu <code>is_perishable = true</code>. Nezapínajte pre všetky kategórie — aplikujte iba na skutočne podliehajúce skaze SKU, inak budete protiprávne zamietať platné odstúpenia."
"Art. 16(e) Sealed Hygiene / Health","Čl. 16 písm. e) zapečatený hygienický / zdravotnícky tovar"
"Excludes sealed hygiene or health items <strong>only if the seal has been broken after delivery</strong> (cosmetics, intimate apparel, sealed medical supplies). <strong>Requires</strong> product attribute <code>is_sealed_hygiene = true</code>. The exclusion depends on a seal-check at the time of withdrawal (workflow in phase-04) — a sealed, unopened return remains eligible.","Vylučuje zapečatený hygienický alebo zdravotnícky tovar <strong>iba ak bola pečať po doručení porušená</strong> (kozmetika, intímne oblečenie, zapečatené zdravotnícke pomôcky). <strong>Vyžaduje</strong> atribút produktu <code>is_sealed_hygiene = true</code>. Vylúčenie závisí od kontroly pečate v čase odstúpenia (proces vo fáze 04) — zapečatené, neotvorené vrátenie zostáva spôsobilé."
"Art. 16(i) Sealed Audio / Video / Software","Čl. 16 písm. i) zapečatené audio / video / softvér"
"Excludes sealed audio recordings, video recordings, or sealed computer software <strong>only if the seal has been broken after delivery</strong>. <strong>Requires</strong> product attribute <code>is_sealed_av = true</code>. Same seal-check logic as Art. 16(e). Does not apply to streaming / digital-download content — use Art. 16(m) for those.","Vylučuje zapečatené zvukové záznamy, videozáznamy alebo zapečatený počítačový softvér <strong>iba ak bola pečať po doručení porušená</strong>. <strong>Vyžaduje</strong> atribút produktu <code>is_sealed_av = true</code>. Rovnaká logika kontroly pečate ako pri čl. 16 písm. e). Nevzťahuje sa na streamovaný / digitálne stiahnuteľný obsah — pre ten použite čl. 16 písm. m)."
"Digital Content (Art. 16(m))","Digitálny obsah (čl. 16 písm. m)"
"Detection","Detekcia"
"Enable Digital Content Detection","Povoliť detekciu digitálneho obsahu"
"Master switch for Art. 16(m) digital-content detection. When off, no product is recognised as digital, the checkout waiver step is not required, and the preset always allows withdrawal.","Hlavný prepínač detekcie digitálneho obsahu podľa čl. 16 písm. m). Keď je vypnutý, žiadny produkt nie je rozpoznaný ako digitálny, krok súhlasu v pokladni sa nevyžaduje a prednastavenie vždy umožňuje odstúpenie."
"Detection Strategies","Detekčné stratégie"
"Which product-type heuristics trigger the digital-content waiver gate. Downloadable + virtual are safe defaults; bundle_contains_digital inspects bundle children; custom_attribute reads the EAV flag configured below.","Ktoré heuristiky podľa typu produktu spúšťajú bránu súhlasu s digitálnym obsahom. Stiahnuteľné a virtuálne sú bezpečné predvolené hodnoty; bundle_contains_digital kontroluje podpoložky balíka; custom_attribute načítava EAV príznak nakonfigurovaný nižšie."
"Custom Attribute Code","Kód vlastného atribútu"
"EAV attribute code used <strong>only</strong> when <em>Custom attribute flag</em> is picked in <em>Detection strategies</em> above. Default: <code>is_digital_content</code> (boolean attribute, 1 = digital). Ignored otherwise.","Kód EAV atribútu použitý <strong>iba</strong> ak je vyššie v <em>Detekčných stratégiách</em> vybraný <em>Príznak vlastného atribútu</em>. Predvolené: <code>is_digital_content</code> (logický atribút, 1 = digitálne). Inak sa ignoruje."
"Checkout Step + Email","Krok pokladne + e-mail"
"Enable Checkout Waiver Step","Povoliť krok súhlasu v pokladni"
"When on, carts that contain a detected digital item render the 2-checkbox waiver step at checkout. Has no effect unless <em>Detection → Enable digital content detection</em> is also on.","Keď je zapnuté, košíky obsahujúce detegovanú digitálnu položku zobrazia v pokladni krok súhlasu s 2 zaškrtávacími políčkami. Nemá účinok, pokiaľ nie je zapnuté aj <em>Detekcia → Povoliť detekciu digitálneho obsahu</em>."
"Merchant BCC Address for Confirmation Emails","BCC adresa obchodníka pre potvrdzovacie e-maily"
"Optional. Blind-copies the waiver-confirmation email to a merchant audit address. Leave blank to skip.","Voliteľné. Odošle skrytú kópiu (BCC) e-mailu o potvrdení súhlasu na audítorskú adresu obchodníka. Ponechajte prázdne, ak chcete preskočiť."
"Mark Virtual-Only Items as Performance-Started on Confirmation","Označiť virtuálne položky ako začaté pri potvrdení"
"Virtual products have no download trigger. When on, the waiver confirmation email's dispatch counts as performance-start for virtual-only items.","Virtuálne produkty nemajú spúšťač stiahnutia. Keď je zapnuté, odoslanie e-mailu o potvrdení súhlasu sa pri výlučne virtuálnych položkách počíta ako začiatok plnenia (hranica I-6)."
"Confirmation Email Identity","Identita potvrdzovacieho e-mailu"
"Per-Locale Waiver Text Overrides","Prepisy textu súhlasu podľa jazyka"
"English (en_US)","Angličtina (en_US)"
"Consent Text","Text súhlasu"
"Right-Loss Acknowledgment Text","Text potvrdenia o strate práva"
"German (de_DE)","Nemčina (de_DE)"
"Finnish (fi_FI)","Fínčina (fi_FI)"
"Dutch (nl_NL)","Holandčina (nl_NL)"
"French (fr_FR)","Francúzština (fr_FR)"
"Italian (it_IT)","Taliančina (it_IT)"
"Spanish (es_ES)","Španielčina (es_ES)"
"Polish (pl_PL)","Poľština (pl_PL)"
"Portuguese (pt_PT)","Portugalčina (pt_PT)"
"Danish (da_DK)","Dánčina (da_DK)"
"Swedish (sv_SE)","Švédčina (sv_SE)"
"German — Austria (de_AT)","Nemčina — Rakúsko (de_AT)"
"Swedish — Finland (sv_FI)","Švédčina — Fínsko (sv_FI)"
"Dutch — Belgium (nl_BE)","Holandčina — Belgicko (nl_BE)"
"French — Belgium (fr_BE)","Francúzština — Belgicko (fr_BE)"
"German — Belgium (de_BE)","Nemčina — Belgicko (de_BE)"
"French — Luxembourg (fr_LU)","Francúzština — Luxembursko (fr_LU)"
"Pre-Contract Information (Art. 6(1)(h))","Predzmluvné informácie (čl. 6 ods. 1 písm. h)"
"Enable Pre-Contract Disclosure","Povoliť predzmluvné informovanie"
"Master kill-switch. Disabled = block does not render and no display events are recorded. Disabling exposes the merchant to Art. 10 (12 month + 14 day extended withdrawal period). Default: enabled.","Hlavný vypínač. Vypnuté = blok sa nevykreslí a nezaznamenajú sa žiadne udalosti zobrazenia. Vypnutie vystavuje obchodníka čl. 10 (predĺžená lehota na odstúpenie 12 mesiacov + 14 dní). Predvolené: zapnuté."
"Withdrawal Period (Days)","Lehota na odstúpenie (dni)"
"Default 14 days per Art. 9(2). Extension allowed (e.g. 30, 100). Reduction below 14 is illegal — the field validates >=14 only when the module is enabled.","Predvolených 14 dní podľa čl. 9 ods. 2. Predĺženie je povolené (napr. 30, 100). Skrátenie pod 14 dní je nezákonné — pole validuje >=14 iba keď je modul zapnutý."
"Return Address","Adresa na vrátenie"
"Where consumers send goods back. Leave empty to fall back to the store address from Stores → Configuration → General → General → Store Information.","Kam spotrebitelia zasielajú tovar späť. Ak ponecháte prázdne, použije sa adresa z Obchody → Konfigurácia → Všeobecné → Všeobecné → Informácie o obchode."
"Display In Checkout","Zobraziť v pokladni"
"Annex I Overrides Per Locale","Prepisy prílohy I podľa jazyka"
"Bulgarian (bg_BG)","Bulharčina (bg_BG)"
"Czech (cs_CZ)","Čeština (cs_CZ)"
"Greek (el_GR)","Gréčtina (el_GR)"
"Estonian (et_EE)","Estónčina (et_EE)"
"Croatian (hr_HR)","Chorvátčina (hr_HR)"
"Hungarian (hu_HU)","Maďarčina (hu_HU)"
"Lithuanian (lt_LT)","Litovčina (lt_LT)"
"Latvian (lv_LV)","Lotyština (lv_LV)"
"Romanian (ro_RO)","Rumunčina (ro_RO)"
"Slovak (sk_SK)","Slovenčina (sk_SK)"
"Slovenian (sl_SI)","Slovinčina (sl_SI)"
"Frontend","Frontend"
"Buttons","Tlačidlá"
"Step 1 Button Label","Popis tlačidla kroku 1"
"Step 2 Button Label (Confirmation)","Popis tlačidla kroku 2 (potvrdenie)"
"<strong>⚠ Legal warning.</strong> This is the label on the final confirmation button. Default (""Confirm withdrawal"") is counsel-signed. Per-locale translations are counsel-signed. Override only with written legal advice; overrides are audit-logged.","<strong>⚠ Právne upozornenie (medzera č. 4).</strong> Toto je popis na tlačidle konečného potvrdenia. Predvolené („Potvrdiť odstúpenie"") je schválené právnym poradcom. Per-locale translations are counsel-signed. Prepíšte iba s písomným právnym stanoviskom; prepisy sú zaznamenávané v audit logu."
"Placements","Umiestnenia"
"Show Footer Link","Zobraziť odkaz v päte"
"Show in My Account","Zobraziť v Mojom účte"
"Return Reasons","Dôvody vrátenia"
"Reasons","Dôvody"
"List of reasons offered to the customer in the per-item dropdown. <strong>Code</strong> is the machine value (lowercase, snake_case, max 32 chars); <strong>Label</strong> is the visible text. Empty grid hides the dropdown entirely.","Zoznam dôvodov ponúkaných zákazníkovi v rozbaľovacom menu pri každej položke. <strong>Kód</strong> je strojová hodnota uložená v databáze (malé písmená, snake_case, max. 32 znakov); <strong>Štítok</strong> je viditeľný text. Prázdna mriežka úplne skryje rozbaľovacie menu."
"Enable ""Other"" with Free Text","Povoliť „Iné"" s voľným textom"
"When enabled, an ""Other"" option appears in the dropdown that reveals a free-text field (max 500 chars).","Keď je zapnuté, v rozbaľovacom menu sa objaví možnosť „Iné"", ktorá zobrazí pole s voľným textom (max. 500 znakov)."
"Review Step","Krok kontroly"
"Return Shipping Notice","Upozornenie na zasielanie vráteného tovaru"
"Text shown on the Review & Confirm step (step 3). Example: ""You'll receive a prepaid shipping label in the confirmation email."" or ""Return shipping costs are paid by the customer."" Leave blank to hide the row.","Text zobrazený v kroku Skontrolovať a potvrdiť (krok 3). Príklad: „V potvrdzovacom e-maile dostanete predplatený prepravný štítok."" alebo „Náklady na vrátenie hradí zákazník."" Ak ponecháte prázdne, riadok sa skryje."
"Return Policy URL","URL podmienok vrátenia"
"Optional link rendered next to the shipping notice (""View return policy""). Accepts absolute URLs or relative paths like ""return-policy"".","Voliteľný odkaz vykreslený vedľa upozornenia na dopravu („Zobraziť pravidlá vrátenia""). Akceptuje absolútne URL alebo relatívne cesty ako „return-policy""."
"Customer Notifications","Zákaznícke upozornenia"
"All customer-facing emails sent by the module. Each email can be enabled/disabled, assigned a custom template (Marketing → Email Templates), and BCC'd to a merchant address. The shared <em>Branding</em> subgroup at the bottom controls the layout (USP strip, social links) used by every email below.","Všetky e-maily, ktoré modul odosiela zákazníkom. Každý e-mail je možné zapnúť/vypnúť, priradiť mu vlastnú šablónu (Marketing → E-mailové šablóny) a poslať skrytú kópiu (BCC) na adresu obchodníka. Spoločná podskupina <em>Branding</em> v dolnej časti riadi rozloženie (USP pás, odkazy na sociálne siete) používané každým e-mailom nižšie."
"1. Submission Confirmation Email","1. Potvrdzovací e-mail o podaní"
"Enabled","Zapnuté"
"Email Template","Šablóna e-mailu"
"BCC Merchant","Skrytá kópia obchodníkovi (BCC)"
"Comma-separated. Leave blank to disable.","Oddelené čiarkami. Ak chcete vypnúť, ponechajte prázdne."
"2. Approval Email","2. E-mail o schválení"
"3. Denial Email","3. E-mail o zamietnutí"
"4. Cancellation Email (Admin-Initiated)","4. E-mail o zrušení (iniciované administrátorom)"
"5. Cancellation Email (Customer Self-Cancel)","5. E-mail o zrušení (zrušenie samotným zákazníkom)"
"6. Receipt Email (Durable Medium — Art. 11a(4))","6. E-mail s potvrdením (trvalý nosič — čl. 11a ods. 4)"
"Legally required durable-medium confirmation. Cannot be fully disabled (Art. 11a(4) Directive 2011/83/EU). Disabling here only stops the sender — the receipt is still generated and stored.","Právne vyžadované potvrdenie na trvanlivom nosiči. Nedá sa úplne vypnúť (čl. 11a ods. 4 smernice 2011/83/EÚ). Vypnutie tu zastaví iba odosielateľa — potvrdenie sa naďalej generuje a ukladá."
"Send Email","Odoslať e-mail"
"Comma-separated.","Oddelené čiarkami."
"Delivery Retry Attempts","Pokusy o opätovné doručenie"
"Number of delivery attempts before a receipt is flagged as undelivered.","Number of delivery attempts before a receipt is flagged as undelivered."
"DLQ Alert Recipient","Príjemca upozornenia DLQ"
"Notified when a receipt fails permanently. Falls back to Store Email Addresses → General Contact.","Upozornený pri trvalom zlyhaní potvrdenia. Záloha: E-mailové adresy obchodu → Všeobecný kontakt."
"7. Digital Waiver Confirmation Email (Art. 11a(4))","7. E-mail o potvrdení digitálneho súhlasu (čl. 11a ods. 4)"
"Durable-medium copy of the customer's Art. 16(m) waiver, sent immediately after checkout when a digital item is in cart. Required by Art. 11a(4) Directive 2011/83/EU — keeps a tamper-evident record of the legal text the customer accepted.","Kópia súhlasu zákazníka podľa čl. 16 písm. m) na trvanlivom nosiči, odoslaná ihneď po pokladni, keď je v košíku digitálna položka. Vyžaduje to čl. 11a ods. 4 smernice 2011/83/EÚ — vedie sa záznam právneho textu, s ktorým zákazník súhlasil, odolný voči zmenám, plus SHA-256 hash pre overenie hash reťazca."
"Comma-separated. Receives a copy of every confirmation for audit purposes.","Oddelené čiarkami. Dostáva kópiu každého potvrdenia na audítorské účely."
"Branding (Shared by All Emails Above)","Branding (zdieľaný všetkými vyššie uvedenými e-mailmi)"
"Optional decoration of the customer-facing emails. Empty fields hide their respective rows. Brand wordmark, logo, support email, and store address are read from the standard Magento configuration tree (Stores → Configuration → General + Design → Transactional Emails).","Voliteľná úprava zákazníckych e-mailov. Prázdne polia skryjú príslušné riadky. Slovná značka, logo, e-mail podpory a adresa obchodu sa načítavajú zo štandardnej konfigurácie Magenta (Obchody → Konfigurácia → Všeobecné + Vzhľad → Transakčné e-maily)."
"USP Strip — Item 1","USP pás — položka 1"
"Icon","Ikona"
"Title","Názov"
"Subtitle","Podnadpis"
"USP Strip — Item 2","USP pás — položka 2"
"USP Strip — Item 3","USP pás — položka 3"
"Social Links","Odkazy na sociálne siete"
"Instagram URL","URL Instagramu"
"X / Twitter URL","URL X / Twitteru"
"Facebook URL","URL Facebooku"
"YouTube URL","URL YouTube"
"Order #","Č. obj."
"Contract","Zmluva"
"Customer","Zákazník"
"Withdrawal submitted","Odstúpenie odoslané"
"Right of Withdrawal — Required Information","Právo na odstúpenie — Povinné informácie"
"Before placing your order, please review the conditions, time limit, and procedures for exercising your %1-day right of withdrawal. This information forms part of your contract.","Pred zadaním objednávky si prosím prečítajte podmienky, lehotu a postup uplatnenia %1-dňového práva na odstúpenie od zmluvy. Tieto informácie sú neoddeliteľnou súčasťou vašej zmluvy."
"Conditions, Time Limit and Procedures for Withdrawal","Podmienky, lehota a postup na odstúpenie od zmluvy"
"Start Online Return","Začať online vrátenie"
"Download Model Withdrawal Form (Annex I(B))","Stiahnuť vzor formulára na odstúpenie od zmluvy (Príloha I(B))"
"Withdrawal Information v%1 — Issued %2","Informácie o odstúpení v%1 — vydané %2"
"You'll receive a prepaid shipping label in the confirmation email.","V potvrdzovacom e-maile dostanete predplatený prepravný štítok."
"← Back to order search","← Späť na vyhľadávanie objednávky"
"← Back to items","← Späť na položky"
"Find order","Nájsť objednávku"
"Enter your order number and email","Zadajte číslo objednávky a e-mail"
"Select items","Vybrať položky"
"Choose items to return (partial withdrawal)","Vyberte položky na vrátenie (čiastočné odstúpenie)"
"Review & confirm","Skontrolovať a potvrdiť"
"Review your return details and confirm","Skontrolujte podrobnosti vrátenia a potvrďte"
"Request submitted","Žiadosť odoslaná"
"We'll confirm your request by email","Vašu žiadosť potvrdíme e-mailom"
"I expressly consent to begin performance of the digital content before the withdrawal period expires.","Výslovne súhlasím so začatím plnenia digitálneho obsahu pred uplynutím lehoty na odstúpenie od zmluvy."
"I acknowledge that by giving this consent I lose my right of withdrawal once performance has begun (Art. 16(m) CRD).","Beriem na vedomie, že týmto súhlasom strácam právo na odstúpenie od zmluvy okamihom začatia plnenia (článok 16 písm. m) smernice 2011/83/EÚ)."
"Withdrawals","Odstúpenia"
"Minimum %1 characters required.","Vyžaduje sa minimálne %1 znakov."
"Failed to add note.","Nepodarilo sa pridať poznámku."
"Network error while adding note.","Sieťová chyba pri pridávaní poznámky."
"Exported Evidence","Exportované"
"Pending Confirm","Čaká na potvrdenie"
"Sent","Odoslané"
"Failed Permanent","Trvalé zlyhanie"
"Failed Retry","Dočasné zlyhanie"
"Eligible","Spôsobilé"
"Excluded","Vylúčené"
"Action","Akcia"
"From","Od"
"To","Na"
"Admin Id","ID admina"
"Order Id","ID objednávky"
"Request Id","ID požiadavky"
"Item Count","Počet položiek"
"Rules Fired","Použité pravidlá"
"Topic","Téma"
"Message Id","ID správy"
"Email To Hash","Hash e-mailu"
"Attempts","Pokusy"
"Viewed At","Zobrazené"
"Referrer Host","Odkazujúci hostiteľ"
"Enable \Other\"" with Free Text""","Povoliť „Iné“ s voľným textom"
"Optional legal template — not required to use; you can also exercise the right of withdrawal by any unequivocal statement.","Nepovinná právna šablóna — jej použitie nie je povinné; právo na odstúpenie od zmluvy možno uplatniť aj akýmkoľvek jednoznačným vyhlásením."
"Right of withdrawal","Právo na odstúpenie"
"You have %1 days from the day you receive your order to withdraw without giving any reason — full refund to your original payment method.","Od prevzatia objednávky máte %1 dní na odstúpenie bez uvedenia dôvodu — plná refundácia na váš pôvodný spôsob platby."
"Some items may be excluded by law (perishable goods, custom-made items, sealed hygiene or audio/video products). We'll show you exactly what's eligible on the next page.","Niektoré položky môžu byť zo zákona vylúčené (rýchlo sa kaziaci tovar, tovar vyrobený na mieru, zapečatené hygienické alebo audio/video produkty). Na ďalšej stránke vám presne ukážeme, čo spĺňa podmienky."
"Direct link — no login or account password required.","Priamy odkaz — bez nutnosti prihlásenia alebo hesla k účtu."
"Art. 16(m) CRD exclusion — digital content where the customer has (1) given express prior consent to begin performance and (2) acknowledged that they lose the withdrawal right. Two switches: the <em>Detection</em> subgroup decides what counts as digital (master switch), the <em>Checkout step + Email</em> subgroup renders the 2-checkbox waiver UX and dispatches the confirmation email. Both must be ON for the feature to work end-to-end. Use this only for <strong>one-time digital purchases</strong> (ebooks, software installers, music files, games). Do <strong>not</strong> enable it for ongoing digital <strong>subscriptions or services</strong> (SaaS, streaming, hosted software) — EU case law (CJEU Sky, C-641/19) requires a different consent flow for those.","Art. 16(m) CRD exclusion — digital content where the customer has (1) given express prior consent to begin performance and (2) acknowledged that they lose the withdrawal right. Two switches: the <em>Detection</em> subgroup decides what counts as digital (master switch), the <em>Checkout step + Email</em> subgroup renders the 2-checkbox waiver UX and dispatches the confirmation email. Both must be ON for the feature to work end-to-end. Use this only for <strong>one-time digital purchases</strong> (ebooks, software installers, music files, games). Do <strong>not</strong> enable it for ongoing digital <strong>subscriptions or services</strong> (SaaS, streaming, hosted software) — EU case law (CJEU Sky, C-641/19) requires a different consent flow for those."
"Customer-facing UX for the withdrawal flow. Subgroups: <em>Buttons</em> (legal-critical labels), <em>Placements</em> (where to surface the link), <em>Return Reasons</em> (per-item dropdown), <em>Review Step</em> (content on step 3 of the flow).","UX zameraná na zákazníka pre tok odstúpenia. Podskupiny: <em>Tlačidlá</em> (právne dôležité označenia), <em>Umiestnenia</em> (kde zobraziť odkaz), <em>Dôvody vrátenia</em> (rozbaľovacia ponuka pre každú položku), <em>Krok kontroly</em> (obsah 3. kroku toku)."
"Disable only if you deliver the durable-medium confirmation through a different channel.","Vypnite len v prípade, že potvrdenie na trvanlivom nosiči doručujete iným kanálom."
"Disable only if you deliver the receipt through a different durable medium (postal mail, customer account download, etc.).","Vypnite len v prípade, že potvrdenie doručujete iným trvanlivým nosičom (poštou, stiahnutím z účtu zákazníka a pod.)."
"Empty fields fall through to the locale baseline. Any override value becomes part of the SHA-256 hash stored per consent event — changing a field after customers have consented does <strong>not</strong> retroactively invalidate prior consents.","Prázdne polia sa vrátia k východiskovým hodnotám z the locale baseline pre daný jazyk/jurisdikciu. Akákoľvek prepísaná hodnota sa stáva súčasťou hashu SHA-256 ukladaného pri každej udalosti súhlasu — zmena poľa po udelení súhlasu zákazníkmi <strong>ne</strong>vedie k spätnému zneplatneniu predchádzajúcich súhlasov."
"Mandatory pre-contractual disclosure of the right of withdrawal. Displayed on the checkout payment step. Each display is logged forensically (Art. 10 defence). Snapshot of the rendered text is stored immutably (Art. 6(5)). <strong>Counsel review recommended before customising any Annex I text.</strong>","Povinné predzmluvné poučenie o práve na odstúpenie. Zobrazuje sa v kroku platby pri pokladnici. Každé zobrazenie sa forenzne zaznamenáva (obrana podľa čl. 10). Snímka vykresleného textu sa ukladá nemenne (čl. 6 ods. 5). <strong>Pred úpravou ľubovoľného textu Prílohy I sa odporúča právna revízia.</strong>"
"Off = block hidden but display events still recorded server-side via predispatch fallback. Use only for sandbox testing. Default: on.","Vypnuté = blok je skrytý, ale udalosti zobrazenia sa naďalej zaznamenávajú na strane servera prostredníctvom predispatch zálohy. Používajte iba na testovanie v sandboxe. Predvolene: zapnuté."
"Optional URLs rendered as round monogram badges in the email footer. Leave blank to hide.","Voliteľné URL adresy zobrazované ako okrúhle monogramové odznaky v päte e-mailu. Ak chcete skryť, ponechajte prázdne."
"Sent when a customer cancels their own pending withdrawal.","Odosiela sa, keď zákazník zruší svoje vlastné čakajúce odstúpenie."
"Sent when a customer completes the withdrawal form.","Odosiela sa, keď zákazník vyplní formulár na odstúpenie."
"Sent when an admin approves a withdrawal request.","Odosiela sa, keď administrátor schváli žiadosť o odstúpenie."
"Sent when an admin cancels a withdrawal request on the customer's behalf.","Odosiela sa, keď administrátor zruší žiadosť o odstúpenie v mene zákazníka."
"Sent when an admin denies a withdrawal request.","Odosiela sa, keď administrátor zamietne žiadosť o odstúpenie."
"These presets exclude specific product categories from the 14-day withdrawal right, per Art. 16 CRD. Each rule is OFF by default — enable only after confirming the corresponding product attribute is set correctly on your catalog.","Tieto predvoľby vylučujú konkrétne kategórie produktov zo 14-dňového práva na odstúpenie podľa čl. 16 smernice CRD. Každé pravidlo je predvolene VYPNUTÉ — zapnite ho až po overení, že príslušný atribút produktu je vo vašom katalógu nastavený správne."
"e.g. ""EU orders above €50""","napr. „Objednávky z EÚ nad 50 €“"
"e.g. ""Free delivery""","napr. „Doprava zdarma“"
"Qty: ","Množstvo: "
"Submission failed. Please try again.","Odoslanie zlyhalo. Skúste to prosím znovu."
"Network error. Please try again.","Chyba siete. Skúste to prosím znovu."
"Invalid server response.","Neplatná odpoveď servera."
"Admin Notifications","Administrátorské oznámenia"
"Internal alerts to your team. Independent of the per-email <em>BCC Merchant</em> checkboxes under <em>Customer Notifications</em> below — if you enable both, you will receive two emails per request.","Interné upozornenia pre váš tím. Nezávislé od zaškrtávacích polí <em>BCC obchodníkovi</em> v sekcii <em>Oznámenia pre zákazníka</em> nižšie — ak zapnete oboje, dostanete dva e-maily na žiadosť."
"1. New Request Alert","1. Upozornenie na novú žiadosť"
"Sent the moment a customer completes the two-step withdrawal flow.","Odoslané v okamihu, keď zákazník dokončí dvojkrokový proces odstúpenia."
"Recipient Email(s)","E-mail(y) príjemcu"
"BCC","Skrytá kópia"
"New Withdrawal Request","Nová žiadosť o odstúpenie"
"A new withdrawal request was just submitted.","Práve bola podaná nová žiadosť o odstúpenie."
"Request:","Žiadosť:"
"Order:","Objednávka:"
"Customer:","Zákazník:"
"Refund Total:","Celková suma vrátenia:"
"[Withdrawal] New request %request_increment_id · Order #%order_increment_id · %refund_total","[Odstúpenie] Nová žiadosť %request_increment_id · Objednávka #%order_increment_id · %refund_total"
"Anonymised","Anonymizované"
"Audit","Audit"
"Cancel Order","Zrušiť objednávku"
"Confirmation Email (Art. 11a(4))","Potvrdzovací e-mail (čl. 11a(4))"
"Detection (Art. 16(m))","Detekcia (čl. 16(m))"
"Digital Waiver (Art. 16(m))","Vzdanie sa pri digitálnom obsahu (čl. 16(m))"
"Email Identity","Identita odosielateľa"
"ID","ID"
"Integrity hash","Hash integrity"
"Pre-Contract Proof","Predzmluvný dôkaz"
"Verify this receipt","Overiť toto potvrdenie"
"Withdrawal Window","Lehota na odstúpenie"
"This SHA-256 hash uniquely identifies your withdrawal record. Verify it at any time using the button above.","Tento hash SHA-256 jednoznačne identifikuje váš záznam o odstúpení. Môžete ho kedykoľvek overiť tlačidlom vyššie."
"Digital content waiver confirmation — Order %increment_id","Potvrdenie vzdania sa pri digitálnom obsahu — Objednávka %increment_id"
"Comma-separated. Each recipient receives a separate email rendered in their own admin locale (looked up via the admin user's interface_locale; fallback to general/locale/code). Invalid addresses dropped silently.","Oddelené čiarkou. Každý príjemca dostane samostatný e-mail vykreslený v jeho vlastnom administrátorskom jazyku (cez interface_locale administrátora; záloha — general/locale/code). Neplatné adresy sa ticho odmietnu."
"Art. 16(m) CRD digital-content detection. Determines what counts as digital content for eligibility purposes. The actual checkout-step waiver UI and email lives in the next section ""Digital Waiver"".","Detekcia digitálneho obsahu podľa čl. 16(m) smernice o právach spotrebiteľov. Určuje, čo sa počíta ako digitálny obsah na účely oprávnenosti. Skutočné UI vzdania sa práva pri pokladni a e-mail sa nachádzajú v ďalšej sekcii „Vzdanie sa pri digitálnom obsahu“."
"Art. 16(m) CRD exclusion — digital content where the customer has (1) given express prior consent to begin performance and (2) acknowledged that they lose the withdrawal right. Two switches control this feature end-to-end: the <em>Detection</em> subgroup under <em>Eligibility Rules</em> decides what counts as digital (master switch); this section renders the 2-checkbox waiver UX at checkout and dispatches the Art. 11a(4) confirmation email. Both must be ON for the feature to work end-to-end. Per-locale text overrides below. Use this only for <strong>one-time digital purchases</strong> (ebooks, software installers, music files, games). Do <strong>not</strong> enable it for ongoing digital <strong>subscriptions or services</strong> (SaaS, streaming, hosted software) — EU case law (CJEU Sky, C-641/19) requires a different consent flow for those.","Výnimka podľa čl. 16(m) smernice o právach spotrebiteľov — digitálny obsah, pri ktorom zákazník (1) výslovne vopred súhlasil so začatím plnenia a (2) potvrdil stratu práva na odstúpenie. Funkciu riadia dva prepínače: podskupina <em>Detekcia</em> v <em>Pravidlách oprávnenosti</em> rozhoduje, čo sa počíta ako digitálne (hlavný vypínač); táto sekcia zobrazí UI vzdania sa práva s 2 zaškrtávacími poľami pri pokladni a odošle potvrdzovací e-mail podľa čl. 11a(4). Oba musia byť ZAPNUTÉ. Prepisy textu podľa jazyka nižšie. Používajte len pre <strong>jednorazové digitálne nákupy</strong> (e-knihy, inštalátory, hudobné súbory, hry). <strong>Ne</strong>aktivujte pre priebežné digitálne <strong>predplatné alebo služby</strong> (SaaS, streaming, hostené služby) — judikatúra EÚ (CJEU Sky, C-641/19) vyžaduje iný postup súhlasu."
"Defines <strong>when</strong> the 14-day withdrawal right starts running (the delivery trigger, Art. 9(2)(b)) and <strong>how long</strong> it lasts in days (Art. 9(2)). Together these control the period each order's withdrawal is open.","Definuje, <strong>kedy</strong> sa začína 14-dňové právo na odstúpenie (spúšťač doručenia, čl. 9(2)(b)) a <strong>ako dlho</strong> trvá v dňoch (čl. 9(2)). Spolu určujú obdobie, počas ktorého je odstúpenie každej objednávky otvorené."
"Default 14 days per Art. 9(2). Extension allowed (e.g. 30, 100). Reduction below 14 is illegal — the field validates 14-3650 only.","Predvolene 14 dní podľa čl. 9(2). Predĺženie povolené (napr. 30, 100). Skrátenie pod 14 je nezákonné — pole validuje len 14-3650."
"When on, carts that contain a detected digital item render the 2-checkbox waiver step at checkout. Has no effect unless <em>Eligibility Rules → Detection → Enable Digital Content Detection</em> is also on.","Keď je zapnuté, košíky s detegovaným digitálnym artiklom zobrazia krok vzdania sa práva s 2 zaškrtávacími poľami pri pokladni. Nemá účinok, pokiaľ nie je tiež zapnuté <em>Pravidlá oprávnenosti → Detekcia → Povoliť detekciu digitálneho obsahu</em>."
"Optional. Comma-separated. Blind-copies the waiver-confirmation email to a merchant audit address. Leave blank to skip.","Voliteľné. Oddelené čiarkou. Pošle skrytú kópiu potvrdzovacieho e-mailu vzdania sa práva na auditnú adresu obchodníka. Nechajte prázdne pre preskočenie."
"<strong>⚠ Legal warning.</strong> Art. 11a(2) CRD requires the literal text ""withdraw from contract here"" <em>or a corresponding unambiguous formulation</em>. The default value (""Withdraw from contract here"") is the Directive's verbatim phrase; Per-locale translations are counsel-signed. <strong>Do not override unless you have received written advice from qualified consumer-law counsel in the target jurisdiction.</strong> Every override is recorded in the audit log.","<strong>⚠ Právne upozornenie.</strong> Čl. 11a(2) smernice o právach spotrebiteľov vyžaduje doslovný text „odstúpte od zmluvy tu“ <em>alebo zodpovedajúce jednoznačné znenie</em>. Predvolená hodnota („Odstúpte od zmluvy tu“) je doslovná fráza Smernice; Preklady podľa jazyka sú podpísané právnikom. <strong>Neprepisujte bez písomného stanoviska od kvalifikovaného advokáta na spotrebiteľské právo v cieľovej jurisdikcii.</strong> Každé prepisanie je zaznamenané v audit-logu."
"<strong>⚠ Legal warning.</strong> This is the label on the final confirmation button. Default (""Confirm withdrawal"") is counsel-signed; Per-locale translations are counsel-signed. Override only with written legal advice; overrides are audit-logged.","<strong>⚠ Právne upozornenie.</strong> Toto je popis konečného potvrdzovacieho tlačidla. Predvolená hodnota („Potvrdiť odstúpenie“) je podpísaná právnikom; Preklady podľa jazyka sú podpísané právnikom. Prepisujte len s písomným právnym stanoviskom; prepisy sa zaznamenávajú v audit-logu."
"Cancel the linked order? No payment has been captured, so there is nothing to refund — the order will be cancelled in Magento.","Zrušiť prepojenú objednávku? Nebola zachytená žiadna platba, takže nie je čo vrátiť — objednávka bude zrušená v Magente."
"Scope & Applicability","Rozsah a použiteľnosť"
"Controls in which markets the self-service withdrawal flow is offered. These are merchant business decisions, not legal exclusions — an EU consumer's statutory right of withdrawal does not depend on them, and declarations received by other means (email, letter) must still be honoured manually.","Určuje, na ktorých trhoch sa ponúka samoobslužný proces odstúpenia. Ide o obchodné rozhodnutia predajcu, nie o právne výnimky — zákonné právo spotrebiteľa z EÚ na odstúpenie od nich nezávisí a odstúpenia doručené iným spôsobom (e-mailom, listom) je nutné naďalej vybaviť manuálne."
"Restrict by Country","Obmedziť podľa krajiny"
"Offers the self-service withdrawal flow only for orders whose billing <strong>or</strong> shipping address is in the selected countries. <strong>Legal note:</strong> this restricts the storefront flow only — an EU consumer's statutory right of withdrawal does not depend on the address, and withdrawal declarations received by other means (email, letter) must still be honoured manually. Default: disabled.","Ponúka samoobslužný proces odstúpenia iba pre objednávky, ktorých fakturačná <strong>alebo</strong> dodacia adresa je vo vybraných krajinách. <strong>Právna poznámka:</strong> toto obmedzuje iba proces v obchode — zákonné právo spotrebiteľa z EÚ na odstúpenie nezávisí od adresy a odstúpenia doručené iným spôsobom (e-mailom, listom) je nutné naďalej vybaviť manuálne. Predvolené: vypnuté."
"Offer Withdrawal For Countries","Ponúkať odstúpenie pre krajiny"
"Preselected: EU-27 plus EEA (Norway, Iceland, Liechtenstein). Add the United Kingdom manually if you target UK consumers (separate national regime with a comparable 14-day right). If you clear this list, the restriction has no effect and the flow stays available to every customer.","Predvybrané: EÚ-27 plus EHP (Nórsko, Island, Lichtenštajnsko). Spojené kráľovstvo pridajte manuálne, ak cielite na spotrebiteľov v Spojenom kráľovstve (samostatný národný režim s porovnateľným 14-dňovým právom). Ak tento zoznam vymažete, obmedzenie nemá žiadny účinok a proces zostáva dostupný pre všetkých zákazníkov."
"Restrict by Customer Group","Obmedziť podľa skupiny zákazníkov"
"Hides the self-service withdrawal flow from orders placed by the selected customer groups (e.g. your B2B / wholesale groups). The right of withdrawal is a consumer right, so this lets you keep it off for business customers. <strong>Legal note:</strong> this restricts the storefront flow only — it does not decide who is legally a consumer, and any withdrawal declaration received by other means must still be honoured manually. Default: disabled.","Hides the self-service withdrawal flow from orders placed by the selected customer groups (e.g. your B2B / wholesale groups). The right of withdrawal is a consumer right, so this lets you keep it off for business customers. <strong>Legal note:</strong> this restricts the storefront flow only — it does not decide who is legally a consumer, and any withdrawal declaration received by other means must still be honoured manually. Default: disabled."
"Exclude Customer Groups","Vylúčiť skupiny zákazníkov"
"Orders placed by any selected group are excluded from the self-service flow. Guests are always treated as consumers and cannot be excluded here. If you clear this list, the restriction has no effect and the flow stays available to every customer.","Orders placed by any selected group are excluded from the self-service flow. Guests are always treated as consumers and cannot be excluded here. If you clear this list, the restriction has no effect and the flow stays available to every customer."
"Custom-made to your specifications","Vyrobené podľa vašich špecifikácií"
"Perishable goods","Tovar podliehajúci rýchlej skaze"
"Sealed hygiene item — seal broken","Zapečatený hygienický tovar — pečať porušená"
"Sealed audio/video — seal broken","Zapečatené audio/video — pečať porušená"
"Newspapers, periodicals, magazines","Noviny, periodiká, časopisy"
"Accommodation / event on specific date","Ubytovanie / podujatie v konkrétnom termíne"
"Digital content — right waived at purchase","Digitálny obsah — vzdanie sa práva pri nákupe"
"Withdrawal period has expired","Lehota na odstúpenie uplynula"
"Already withdrawn in a prior request","Už odstúpené v predchádzajúcej žiadosti"
"A draft withdrawal is holding this item. Confirm it via the email we sent, or cancel it in the 'Existing withdrawals' section above.","Túto položku blokuje rozpracované odstúpenie. Potvrďte ho prostredníctvom e-mailu, ktorý sme vám poslali, alebo ho zrušte v sekcii „Existujúce odstúpenia“ vyššie."
"EU withdrawal request %1 was approved.","Žiadosť o odstúpenie EU %1 bola schválená."
"EU withdrawal request %1 was approved. Refund: %2.","Žiadosť o odstúpenie EU %1 bola schválená. Refundácia: %2."
"EU withdrawal request %1 was denied.","Žiadosť o odstúpenie EU %1 bola zamietnutá."
"EU withdrawal request %1 was denied. Reason: %2","Žiadosť o odstúpenie EU %1 bola zamietnutá. Dôvod: %2"
"EU withdrawal request %1 was cancelled by the customer.","Žiadosť o odstúpenie EU %1 bola zrušená zákazníkom."
"EU withdrawal request %1 was cancelled by an administrator.","Žiadosť o odstúpenie EU %1 bola zrušená administrátorom."
"If Delivery Is Never Confirmed","Ak doručenie nie je nikdy potvrdené"
"When an order is already in a Delivery Confirmation Status but has no recorded transition into it (no delivery timestamp), choose whether its withdrawal stays open or it is treated as not eligible. Default: not eligible.","Keď objednávka už má stav potvrdenia doručenia, ale nie je zaznamenaný prechod do tohto stavu (žiadny dátum doručenia), zvoľte, či odstúpenie zostane otvorené, alebo sa bude považovať za neoprávnené. Predvolené: neoprávnené."
"Statuses Excluded From Withdrawal","Stavy vylúčené z odstúpenia"
"Orders whose current status is selected here are never offered for withdrawal (e.g. a legacy migration status such as <code>imported</code>). Do not select a status used by active, deliverable orders — that withholds a valid withdrawal.","Objednávky, ktorých aktuálny stav je tu vybraný, sa nikdy neponukajú na odstúpenie (napr. migračný stav ako <code>imported</code>). Nevyberajte stav používaný aktívnymi, doručitelnými objednávkami — tým by sa zamietlo platné odstúpenie."
"Treat as not eligible","Považovať za neoprávnené"
"Keep withdrawal open","Ponechať odstúpenie otvorené"
"Withdrawal not available for this order","Odstúpenie nie je pre túto objednávku k dispozícii"
"This order is not eligible for withdrawal.","Táto objednávka nie je oprávnená na odstúpenie."
"EU withdrawal request %1 submitted.","Žiadosť o odstúpenie EU %1 bola odoslaná."
"EU withdrawal request %1 submitted. Requested refund: %2.","Žiadosť o odstúpenie EU %1 bola odoslaná. Požadovaná refundácia: %2."
"Show more orders","Zobraziť viac objednávok"
"Item Selection","Výber položiek"
"Per item (customer selects items and quantities)","Podľa položiek (zákazník vyberá položky a množstvá)"
"Full order (all returnable items, no selection)","Celá objednávka (všetky položky, ktoré možno vrátiť, bez výberu)"
"<em>Per item</em>: the customer chooses lines and quantities. <em>Full order</em>: the request always covers all returnable items; items excluded by law (opened seal, expired period) are still removed automatically, and the form shows a note that partial returns can be requested via your contact page.<br/><strong>⚠ Legal warning.</strong> The explanatory materials to the German implementation law expect the withdrawal function to support selecting parts of the order. Consult your counsel before switching to Full order.","<em>Podľa položiek</em>: zákazník vyberá riadky a množstvá. <em>Celá objednávka</em>: žiadosť sa vždy vzťahuje na všetky položky, ktoré možno vrátiť; položky vylúčené zo zákona (porušená pečať, uplynutá lehota) sa aj tak automaticky odstránia a formulár zobrazí poznámku, že o čiastočné odstúpenie možno požiadať prostredníctvom vašej kontaktnej stránky.<br/><strong>⚠ Právne upozornenie.</strong> Dôvodová správa k nemeckému vykonávaciemu zákonu predpokladá, že funkcia odstúpenia od zmluvy bude podporovať výber častí objednávky. Pred prepnutím na možnosť Celá objednávka sa poraďte so svojím právnym zástupcom."
"This request covers all returnable items of the order.","Táto žiadosť sa vzťahuje na všetky položky objednávky, ktoré možno vrátiť."
"Contact us for a partial return.","Pre čiastočné vrátenie nás kontaktujte."
"Review the items included in your return.","Skontrolujte položky zahrnuté vo vašom vrátení."
"Review the items to return","Skontrolujte položky na vrátenie"
"Self-service withdrawal is not available for this order.","Samoobslužné odstúpenie od zmluvy nie je pre túto objednávku k dispozícii."
"VAT","DPH"
"Of which VAT","Z toho DPH"
"Order Adjustment","Úprava objednávky"
"Bundle Item Selection","Výber položiek balíka"
"<em>No</em> (default): the bundle is shown as one returnable unit — the customer returns the whole bundle. <em>Yes</em>: the bundle's priced components are shown as separate returnable lines when they can be returned independently (e.g. a device and an accessory sold together). Enable this only for bundles that group independently returnable products; a bundle sold as a single set should remain returnable only as a whole.<br/><strong>Legal note.</strong> Configure this according to how each bundle is offered and contracted; consult your counsel if components should be withdrawable separately.","<em>Nie</em> (predvolené): balík sa zobrazuje ako jedna jednotka, ktorú možno vrátiť — zákazník vracia celý balík. <em>Áno</em>: podpoložky balíka s vlastnou cenou sa zobrazujú ako samostatné riadky, ktoré možno vrátiť, keď ich možno vrátiť nezávisle (napr. zariadenie a príslušenstvo predávané spolu). Toto zapnite len pri balíkoch, ktoré zoskupujú produkty, ktoré možno vrátiť nezávisle; balík predávaný ako jeden set by mal zostať vrátiteľný len ako celok.<br/><strong>Právna poznámka.</strong> Nastavte to podľa toho, ako sa každý balík ponúka a dojednáva v zmluve; ak by mali byť komponenty odstúpiteľné samostatne, poraďte sa so svojím právnym zástupcom."
"Acknowledgment of loss of withdrawal (Art. 16(m)(ii))","Potvrdenie o strate práva na odstúpenie (Art. 16(m)(ii))"
"Both confirmations are required to proceed. Your consent is recorded with a tamper-evident hash of the legal text shown above.","Na pokračovanie sú potrebné obidve potvrdenia. Váš súhlas sa zaznamenáva spolu s hashom právneho textu uvedeného vyššie, ktorý je odolný voči manipulácii."
"Digital Content Delivery — Required Waiver","Dodanie digitálneho obsahu — povinný súhlas"
"EU Art. 16(m)","EU Art. 16(m)"
"EU Art. 6(1)(h)","EU Art. 6(1)(h)"
"Express consent (Art. 16(m)(i))","Výslovný súhlas (Art. 16(m)(i))"
"I acknowledge that, as a result, I will lose my right of withdrawal once performance has begun.","Beriem na vedomie, že v dôsledku toho stratím svoje právo na odstúpenie, akonáhle sa začne plnenie."
"I expressly request that performance of the digital content begin immediately, before the end of the 14-day withdrawal period.","Výslovne žiadam, aby sa plnenie digitálneho obsahu začalo okamžite, pred uplynutím 14-dňovej lehoty na odstúpenie."
"The digital-content consent step is temporarily unavailable. Please refresh the page; if the problem persists, contact support — your order cannot be completed until the required consent can be shown.","Krok súhlasu s digitálnym obsahom je dočasne nedostupný. Obnovte, prosím, stránku; ak problém pretrváva, kontaktujte podporu — vašu objednávku nie je možné dokončiť, kým sa nezobrazí požadovaný súhlas."
"Your cart contains digital content. To receive it immediately, EU consumer law requires both your express consent to begin performance and your acknowledgment that doing so causes you to lose the right of withdrawal once delivery starts.","Váš košík obsahuje digitálny obsah. Aby ste ho dostali okamžite, spotrebiteľské právo EÚ vyžaduje váš výslovný súhlas so začatím plnenia aj vaše potvrdenie, že tým stratíte právo na odstúpenie, akonáhle sa začne dodanie."
SKU:,SKU:
"Seal photos skipped","Fotografie pečate preskočené"
Submitting…,"Odosiela sa…"
"That order does not belong to your account. Please select one of your own orders.","Táto objednávka nepatrí k vášmu účtu. Vyberte, prosím, jednu z vašich vlastných objednávok."
"Bundle contents","Obsah balíka"
"included in the bundle price above — not returnable separately","zahrnuté v cene balíka vyššie — nie je možné vrátiť samostatne"
"included: %1","zahrnuté: %1"
"Included","Zahrnuté"
"Individual items","Jednotlivé položky"
"%1 items","%1 položiek"
"Return now","Vrátiť teraz"
"Included in this bundle","Zahrnuté v tomto balíku"
"Included value","Zahrnutá hodnota"
"Other items","Ostatné položky"
"Order total","Spolu za objednávku"
"Hygiene seal","Hygienická pečať"
"Media seal","Pečať nosiča"
"Seal Photos","Fotografie pečate"
"Is the hygiene seal on “%1” still intact?","Je hygienická pečať na „%1“ stále neporušená?"
"Is the media / software seal on “%1” still intact?","Je pečať nosiča / softvéru na „%1“ stále neporušená?"
"Once you confirm the seal is broken, the whole bundle can’t be returned. Its quantity is set to 0.","Po potvrdení, že pečať je porušená, celý balík nie je možné vrátiť. Jeho množstvo sa nastaví na 0."
"A credit memo can only be started for an approved withdrawal request.","Dobropis možno začať iba pre schválenú žiadosť o odstúpenie."
"EU withdrawal request %1 was cancelled by an administrator. Reason: %2","Žiadosť o odstúpenie EÚ %1 zrušil administrátor. Dôvod: %2"
"System","Systém"
"View Order","Zobraziť objednávku"
"View Request","Zobraziť žiadosť"
"View Shipment","Zobraziť zásielku"
"Please confirm both consent boxes to proceed with digital content delivery.","Potvrďte obidva súhlasy, aby ste mohli pokračovať v dodaní digitálneho obsahu."
"The digital-content consent step could not load. Please refresh and try again, or contact support.","Krok súhlasu s digitálnym obsahom sa nepodarilo načítať. Obnovte stránku a skúste to znova alebo kontaktujte podporu."
"We could not record your consent just now. Please try again.","Váš súhlas sa teraz nepodarilo zaznamenať. Skúste to znova."
