"View Credit Memo","Ogled dobropisa"
"Issue Credit Memo","Izdaj dobropis"
"Approve","Odobri"
"Approve this withdrawal request?","Odobri to zahtevo za odstop?"
"Deny","Zavrni"
"Legal reason for denial (min 10 chars):","Pravni razlog za zavrnitev (najmanj 10 znakov):"
"Cancel Request","Prekliči zahtevo"
"Cancel this withdrawal? Add an optional note for the customer (visible in their cancellation email):","Prekličem ta odstop? Dodajte neobvezno opombo za stranko (vidno v njenem e-poštnem sporočilu o preklicu):"
"Resend Receipt","Ponovno pošlji potrdilo"
"Send the receipt email again? The customer will receive another copy.","Ponovno pošljem e-pošto s potrdilom? Stranka bo prejela še eno kopijo."
"Withdrawal Request #%1","Zahteva za odstop #%1"
"Request Details","Podrobnosti zahteve"
"Information","Informacije"
"Reason for Denial","Razlog za zavrnitev"
"Customer Cancellation Note","Opomba stranke ob preklicu"
"Cancellation Note","Opomba o preklicu"
"Status-Change Note","Opomba ob spremembi stanja"
"Code","Koda"
"Label","Oznaka"
"Add Reason","Dodaj razlog"
"In progress","V obdelavi"
"Refund issued","Vračilo izdano"
"Denied","Zavrnjeno"
"Cancelled","Preklicano"
"Pending","V obravnavi"
"This is a transactional email about your order.","To je transakcijsko e-poštno sporočilo o vašem naročilu."
"Reason for denial","Razlog za zavrnitev"
"Your cancellation note","Vaša opomba o preklicu"
"Note from our team","Sporočilo naše ekipe"
"EU right of withdrawal","Pravica do odstopa v EU"
"Withdrawal right pending delivery","Pravica do odstopa čaka na dostavo"
"Withdrawal window has ended","Rok za odstop se je iztekel"
"Not eligible for withdrawal","Ni mogoče odstopiti"
"Withdrawal already requested","Zahteva za odstop je že oddana"
"You can withdraw from this contract any time — the 14-day deadline begins counting once the order is delivered.","Od te pogodbe lahko odstopite kadar koli — 14-dnevni rok začne teči ob dostavi naročila."
"Your 14-day withdrawal window will begin once this order is delivered.","Vaše 14-dnevno obdobje za odstop se bo začelo, ko bo to naročilo dostavljeno."
"The 14-day window for withdrawing from this contract has ended.","14-dnevno obdobje za odstop od te pogodbe se je izteklo."
"This order is not eligible for withdrawal under EU consumer law (Art. 16 Directive 2011/83/EU).","To naročilo ne izpolnjuje pogojev za odstop po pravu EU o varstvu potrošnikov (Čl. 16 Direktiva 2011/83/EU)."
"A withdrawal request for this order has been submitted. See the request details below.","Za to naročilo je bila oddana zahteva za odstop. Podrobnosti zahteve si oglejte spodaj."
"This order contains a perishable item that cannot be returned (food with short shelf life, fresh flowers, etc.).","To naročilo vsebuje pokvarljiv izdelek, ki ga ni mogoče vrniti (živila s kratkim rokom trajanja, sveže rože itd.)."
"This order contains a custom-made or personalised item that cannot be returned.","To naročilo vsebuje izdelek, izdelan po naročilu ali prilagojen po željah stranke, ki ga ni mogoče vrniti."
"This order contains a sealed hygiene item. You keep the right of withdrawal only while the seal stays intact — once unsealed after delivery, the right is lost.","To naročilo vsebuje zapečaten higienski izdelek. Pravico do odstopa obdržite le, dokler je pečat nedotaknjen — ko po dostavi pečat odstranite, pravica preneha."
"This order contains a sealed audio / video / software item. You keep the right of withdrawal only while the seal stays intact — once unsealed after delivery, the right is lost.","To naročilo vsebuje zapečaten avdio / video / programski izdelek. Pravico do odstopa obdržite le, dokler je pečat nedotaknjen — ko po dostavi pečat odstranite, pravica preneha."
"This order contains digital content. Once you start using or downloading the content, you lose the right of withdrawal (you consented to this at checkout).","To naročilo vsebuje digitalno vsebino. Ko začnete uporabljati ali prenašati vsebino, izgubite pravico do odstopa (s tem ste soglašali ob zaključku nakupa)."
"%1 item(s) · Refund %2","%1 artiklov · Vračilo %2"
"Awaiting confirmation","Čaka na potrditev"
"Cancel withdrawal %1? Your refund will not be processed.","Prekličem odstop %1? Vaše vračilo ne bo izvedeno."
"Submitted","Oddano"
"Approved","Odobreno"
"Fully returned","V celoti vrnjeno"
"Return requested","Zahtevano vračilo"
"Not eligible","Ne izpolnjuje pogojev"
"Partially requested","Delno zahtevano"
"— Select a reason —","— Izberite razlog —"
"Other","Drugo"
"The refund will be issued using your original payment method within 5-7 business days after we receive your return.","Povračilo bo izvedeno na vašo izvirno plačilno metodo v 5–7 delovnih dneh po prejemu vašega vračila."
"Withdrawal right lost (Art. 16(m) CRD) — digital performance started on %1.","Pravica do odstopa je izgubljena (Čl. 16(m) Direktiva 2011/83/EU) — izvajanje digitalne vsebine se je začelo %1."
"Request #%1 not found.","Zahteve #%1 ni mogoče najti."
"Receipt email re-queued for request #%1. Delivery will retry asynchronously.","E-pošta s potrdilom je bila znova uvrščena v čakalno vrsto za zahtevo #%1. Dostava bo asinhrono ponovno poskušana."
"Failed to queue receipt resend: %1","Ponovnega pošiljanja potrdila ni bilo mogoče uvrstiti v čakalno vrsto: %1"
"Note text is empty.","Besedilo opombe je prazno."
"Note added to request #%1.","Opomba dodana k zahtevi #%1."
"Request #%1 approved.","Zahteva #%1 odobrena."
"Request #%1 cancelled.","Zahteva #%1 preklicana."
"Request #%1 denied.","Zahteva #%1 zavrnjena."
"Invalid request id.","Neveljaven ID zahteve."
"Unable to open temporary file for CSV export.","Začasne datoteke za izvoz CSV ni mogoče odpreti."
"Withdrawal Requests","Zahteve za odstop"
"%1 requests queued for acceptance.","%1 zahtev uvrščenih v čakalno vrsto za odobritev."
"%1 request(s) approved.","Odobrenih zahtev: %1."
"%1 request(s) failed. First errors: %2","Neuspešnih zahtev: %1. Prve napake: %2"
"Note added to %1 request(s).","Opomba dodana k %1 zahtevam."
"Underlying order #%1 not found.","Pripadajočega naročila #%1 ni mogoče najti."
"Order #%1 has no invoice yet — Magento requires an invoice before a credit memo can be created. Open an invoice first (Sales → Orders → #%1 → Invoice button), then return here to refund.","Naročilo #%1 še nima računa — Magento zahteva račun, preden je mogoče izdati dobropis. Najprej izdajte račun (Prodaja → Naročila → #%1 → gumb Račun), nato se vrnite sem za izvedbo vračila."
"No items recorded on this withdrawal request — the credit memo will open with default invoice qtys; please adjust manually.","Pri tej zahtevi za odstop ni zabeleženih izdelkov — dobropis se bo odprl s privzetimi količinami z računa; ročno jih prilagodite."
"Pre-filled credit memo for withdrawal #%1 — review the qtys + shipping refund below, then click Refund Online or Refund Offline.","Vnaprej izpolnjen dobropis za odstop #%1 — spodaj preverite količine in vračilo poštnine, nato kliknite Vračilo prek spleta ali Vračilo brez povezave."
"Some items are no longer eligible. Please reload and try again.","Nekateri izdelki ne izpolnjujejo več pogojev. Stran znova naložite in poskusite ponovno."
"We could not process your request. Please try again.","Vaše zahteve ni bilo mogoče obdelati. Poskusite ponovno."
"Item","Izdelek"
"We could not find a matching order for that email.","Za ta e-poštni naslov ni bilo mogoče najti ustreznega naročila."
"Withdraw from a contract","Odstop od pogodbe"
"Withdrawal not found.","Odstopa ni mogoče najti."
"This withdrawal can no longer be cancelled online. Contact us if you need help.","Tega odstopa prek spleta ni več mogoče preklicati. Če potrebujete pomoč, nas kontaktirajte."
"Withdrawal #%1 cancelled.","Odstop #%1 preklican."
"Please fill in all required fields.","Izpolnite vsa obvezna polja."
"%1 item(s) were excluded from the withdrawal because the seal is broken (Art. 16(e)/(i) Directive 2011/83/EU).","Iz odstopa je bilo izključenih %1 izdelkov, ker je pečat poškodovan (Čl. 16(e)/(i) Direktiva 2011/83/EU)."
"Please select at least one item to withdraw.","Izberite vsaj en izdelek za odstop."
"One or more items are no longer available for withdrawal. Please refresh and try again.","Eden ali več izdelkov ni več na voljo za odstop. Osvežite stran in poskusite ponovno."
"None of the selected items are eligible for withdrawal.","Nobeden od izbranih izdelkov ne izpolnjuje pogojev za odstop."
"Hash mismatch for quote item %1","Neujemanje zgoščene vrednosti pri postavki ponudbe %1"
"Requested qty %1 exceeds remaining %2 for order item %3","Zahtevana količina %1 presega preostalo količino %2 za postavko naročila %3"
"No delivery confirmation recorded for this order yet.","Za to naročilo še ni zabeležene potrditve dostave."
"No eligible items selected for withdrawal","Ni izbranih izdelkov, ki bi izpolnjevali pogoje za odstop"
"Physical goods","Fizično blago"
"Digital content (non-tangible)","Digitalna vsebina (neopredmetena)"
"Digital service (SaaS / subscription)","Digitalna storitev (SaaS / naročnina)"
"Financial services (not supported)","Finančne storitve (ni podprto)"
"Downloadable products","Izdelki za prenos"
"Virtual products","Virtualni izdelki"
"Bundles containing digital children","Sklopi, ki vsebujejo digitalne podizdelke"
"Custom attribute flag","Zastavica atributa po meri"
"locale_inheritance.xml missing at %1","locale_inheritance.xml manjka na %1"
"locale_inheritance.xml unreadable at %1","locale_inheritance.xml na %1 ni berljiv"
"locale_inheritance.xml failed XSD validation: %1","locale_inheritance.xml ni prestal XSD validacije: %1"
"Original payment method","Prvotni način plačila"
"This is your durable-medium receipt for the withdrawal (Art. 11a(4) Directive 2011/83/EU).","To je vaše potrdilo o odstopu na trajnem nosilcu (Čl. 11a(4) Direktiva 2011/83/EU)."
"This email is a notification about your withdrawal request.","To e-poštno sporočilo je obvestilo o vaši zahtevi za odstop."
"5–7 business days","5–7 delovnih dni"
"This is a confirmation that your withdrawal request has been recorded.","To je potrditev, da je bila vaša zahteva za odstop zabeležena."
"MageMe EU Withdrawal is installed but not enabled. Review the compliance checklist and configure the module before enabling: <a href=""%1"">Stores → Configuration → MageMe Extensions → EU Withdrawal</a>.","MageMe EU Withdrawal je nameščen, vendar ni omogočen. Pred omogočanjem preverite kontrolni seznam skladnosti in nastavite modul: <a href=""%1"">Trgovine → Konfiguracija → Razširitve MageMe → EU pravica do odstopa</a>."
"Delivery confirmation status is not configured. Set Stores → Configuration → MageMe Extensions → EU Withdrawal → Withdrawal Period → Delivery Confirmation Statuses.","Status potrditve dostave ni nastavljen. Nastavite v Trgovine → Konfiguracija → Razširitve MageMe → EU pravica do odstopa → Obdobje za odstop → Statusi potrditve dostave."
"No Annex I source found for locale %1 along chain %2","Vira Priloge I za jezik %1 ni mogoče najti v verigi %2"
"Annex I source for locale %1 is malformed","Vir Priloge I za jezik %1 je nepravilno oblikovan"
"Missing merchant variables for Annex I rendering: %1","Manjkajo trgovske spremenljivke za izpis Priloge I: %1"
"Receipt hash mismatch for request %1","Neujemanje zgoščene vrednosti potrdila za zahtevo %1"
"Request %1 not found.","Zahteve %1 ni mogoče najti."
"Denying a withdrawal request requires a legal basis of at least 10 characters.","Za zavrnitev zahteve za odstop je potrebna pravna podlaga z najmanj 10 znaki."
"Withdrawal request cannot transition from ""%1"" to ""%2"".","Zahteva za odstop ne more preiti iz „%1“ v „%2“."
"Request %1 is not in pending_confirm state.","Zahteva %1 ni v stanju pending_confirm."
"Withdrawal request #%1 does not exist.","Zahteva za odstop #%1 ne obstaja."
"No digital items on order %1","Na naročilu %1 ni digitalnih izdelkov"
"This is your durable-medium copy of the waiver you signed at checkout (Art. 11a(4) Directive 2011/83/EU).","To je vaša kopija odpovedi na trajnem nosilcu, ki ste jo podpisali ob zaključku nakupa (Čl. 11a(4) Direktiva 2011/83/EU)."
"Waived","Odpovedano"
"Waiver email render failed: %1","Izpis e-pošte z odpovedjo ni uspel: %1"
"Digital content waiver text has changed — please reload checkout.","Besedilo odpovedi pri digitalni vsebini se je spremenilo — znova naložite blagajno."
"Digital content waiver is incomplete for item %1.","Odpoved pri digitalni vsebini je nepopolna za izdelek %1."
"bad","slabo"
"smtp down","smtp down"
"smtp","smtp"
"down","izpad"
"No shipment found for order 42.","Za naročilo 42 ni mogoče najti pošiljke."
"View","Ogled"
"Withdrawal & Customer Information","Podatki o odstopu in stranki"
"Request # %1","Zahteva št. %1"
"Request Status","Stanje zahteve"
"Submitted At","Oddano"
"Confirmed At","Potrjeno"
"Related Order","Povezano naročilo"
"Jurisdiction","Pristojnost"
"Contract Type","Vrsta pogodbe"
"Receipt Status","Stanje potrdila"
"%1 attempt(s)","Št. poskusov: %1"
"Receipt Error","Napaka potrdila"
"Customer Information","Podatki o stranki"
"Customer Name","Ime stranke"
"Email","E-pošta"
"Locale","Jezik"
"Items Selected for Withdrawal","Izdelki, izbrani za odstop"
"Product","Izdelek"
"Price","Cena"
"Qty","Količina"
"Subtotal","Vmesna vsota"
"Refund","Vračilo"
"Reason","Razlog"
"Eligibility","Upravičenost"
"No items associated with this request.","Ni izdelkov, povezanih s to zahtevo."
"SKU","SKU"
"Ordered","Naročeno"
"Withdrawing","V odstopu"
"Refund Total","Skupno vračilo"
"Notes for this Request","Opombe za to zahtevo"
"Internal notes — visible to admin staff only. Not sent to the customer.","Notranje opombe — vidne samo skrbnikom. Niso poslane stranki."
"Comment","Komentar"
"Add internal note (max 2000 chars)","Dodaj notranjo opombo (največ 2000 znakov)"
"Submit Comment","Pošlji komentar"
"No comments added yet.","Še ni dodanih komentarjev."
" by %1"," od %1"
"Refund Totals","Skupni zneski vračila"
"Items Subtotal","Vmesna vsota izdelkov"
"Shipping Refund","Vračilo poštnine"
"Total Refund","Skupno vračilo"
"Changes have been made to this section that have not been saved.","V tem razdelku so bile narejene spremembe, ki niso bile shranjene."
"This tab contains invalid data. Please resolve this before saving.","Ta zavihek vsebuje neveljavne podatke. Pred shranjevanjem to odpravite."
"Contact us","Stik"
"Returns","Vračila"
"FAQs","Pogosta vprašanja"
"All rights reserved.","Vse pravice pridržane."
"Returned items","Vrnjeni artikli"
"No image","Brez slike"
"Item status","Stanje artikla"
"Withdrawal options for this order","Možnosti odstopa za to naročilo"
"You can return this order until %1.","To naročilo lahko vrnete do %1."
"(Art. 11a Directive 2011/83/EU)","(Čl. 11a Direktiva 2011/83/EU)"
"Submit a withdrawal request to start the refund process.","Oddajte zahtevo za odstop, da začnete postopek vračila."
"(Art. 9(2)(b) Directive 2011/83/EU)","(Čl. 9(2)(b) Direktiva 2011/83/EU)"
"Start withdrawal","Začni odstop"
"Your withdrawal requests","Vaše zahteve za odstop"
"Submitted %1","Oddano %1"
"Show items","Prikaži artikle"
"Cancel withdrawal","Prekliči odstop"
"Qty %1","Kol. %1"
"Receipt details","Podrobnosti potrdila"
"Receipt number","Številka potrdila"
"Order number","Številka naročila"
"Confirmed","Potrjeno"
"Consumer","Potrošnik"
"Refund total","Skupni znesek vračila"
"Merchant","Trgovec"
"Legal basis","Pravna podlaga"
"SKU %1","SKU %1"
"Shipping refund","Vračilo poštnine"
"Tax refund","Vračilo davka"
"Total refund","Skupno vračilo"
"Digital content — Art. 16(m) notice","Digitalna vsebina — obvestilo po Čl. 16(m)"
"By placing the order you agreed to begin performance of the digital content before the end of the withdrawal period and acknowledged that, once performance has begun, the right of withdrawal no longer applies. This notice is shown for your records.","Z oddajo naročila ste se strinjali z začetkom izvajanja digitalne vsebine pred iztekom roka za odstop in potrdili, da po začetku izvedbe pravica do odstopa ne velja več. To obvestilo je prikazano za vašo evidenco."
"Existing withdrawals for this order","Obstoječi odstopi za to naročilo"
"You can cancel a withdrawal here until it is approved.","Tu lahko odstop prekličete, dokler ni odobren."
"Request #%1","Zahteva #%1"
"SKU: %1","SKU: %1"
"Estimated refund: %1 %2","Predvideno vračilo: %1 %2"
"Cancel this withdrawal","Prekliči ta odstop"
"Are you sure? This cannot be undone.","Ste prepričani? Tega dejanja ni mogoče razveljaviti."
"Yes, cancel","Da, prekliči"
"Keep it","Ohrani"
"Select items to return","Izberite izdelke za vračilo"
"Choose all items or only some of them. Set the return quantity for each item you want to withdraw.","Izberite vse izdelke ali le nekatere. Nastavite količino vračila za vsak izdelek, od katerega želite odstopiti."
"You have 14 days from the day you received your order to withdraw from the contract without giving a reason.","Po prejemu naročila imate 14 dni časa, da odstopite od pogodbe brez navedbe razloga."
"Back to order search","Nazaj na iskanje naročil"
"Cancel","Prekliči"
"Continue to review","Nadaljuj na pregled"
"Review and confirm","Preglej in potrdi"
"Order #%1","Naročilo #%1"
"Placed on %1","Oddano %1"
"Awaiting delivery","Čaka na dostavo"
"Delivered on %1","Dostavljeno %1"
"Total","Skupaj"
"Return shipping","Pošiljanje vračila"
"View return policy","Oglejte si politiko vračil"
"Refund method","Način vračila"
"Refund will be issued to your original payment method.","Povračilo bo izvedeno na vašo izvirno plačilno metodo."
"Return summary","Povzetek vračila"
"Shipping & Handling","Pošiljanje in manipulacija"
"Tax","Davek"
"Back to items","Nazaj na artikle"
"Submit return request","Pošlji zahtevo za vračilo"
"Your return request has been submitted!","Vaša zahteva za vračilo je bila poslana!"
"We've emailed you a notification with your return details and a prepaid return label (if applicable). You have 14 days from the delivery date to send your items back.","Po e-pošti smo vam poslali obvestilo s podrobnostmi vračila in predplačano nalepko za vračilo (če velja). Od datuma dostave imate 14 dni časa za vračilo izdelkov."
"Return request number","Številka zahteve za vračilo"
"Copy request number","Kopiraj številko zahteve"
"Copied!","Kopirano!"
"Confirmation email sent","Potrditveno e-sporočilo poslano"
"We've sent the details to","Podrobnosti smo poslali na"
"What happens next?","Kaj sledi?"
"Pack your items securely","Varno zapakirajte svoje izdelke"
"Send them back using the provided instructions","Pošljite jih nazaj po priloženih navodilih"
"We'll inspect your return","Pregledali bomo vaše vračilo"
"Your refund will be issued to your original payment method","Vračilo bo izvedeno na vaš prvotni način plačila"
"Need more help?","Potrebujete dodatno pomoč?"
"View my returns","Oglej si moja vračila"
"Contact support","Kontaktiraj podporo"
"Purchased","Kupljeno"
"Returned","Vrnjeno"
"Decrease quantity","Zmanjšaj količino"
"Increase quantity","Povečaj količino"
"Is the hygiene seal still intact?","Je higienski pečat še nedotaknjen?"
"Is the original software / media seal still intact?","Je izvirni pečat programske opreme / medija še nedotaknjen?"
"Yes — it's still sealed","Da — še vedno je zapečaten"
"Refund possible — return the unopened package.","Vračilo je mogoče — vrnite neodprto embalažo."
"No — I've opened it","Ne — odprl/a sem ga"
"This item cannot be returned (Art. 16(e) Directive 2011/83/EU).","Tega izdelka ni mogoče vrniti (Čl. 16(e) Direktiva 2011/83/EU)."
"This item cannot be returned (Art. 16(i) Directive 2011/83/EU).","Tega izdelka ni mogoče vrniti (Čl. 16(i) Direktiva 2011/83/EU)."
"Once you confirm the seal is broken, this item is excluded from the withdrawal request and the quantity will be reset to zero.","Ko potrdite, da je pečat poškodovan, je ta izdelek izključen iz zahteve za odstop in količina bo ponastavljena na nič."
"Reason for return (optional)","Razlog za vračilo (neobvezno)"
"Tell us more (optional, max 500 chars)","Povejte nam več (neobvezno, največ 500 znakov)"
"Already returned.","Že vrnjeno."
"awaiting admin review","čaka na pregled skrbnika"
"awaiting confirmation","čaka na potrditev"
"Request %1 %2 (%3 item%4).","Zahteva %1 %2 (%3 izdelek%4)."
"Return request awaiting review.","Zahteva za vračilo čaka na pregled."
"Cancel request","Prekliči zahtevo"
"Under EU consumer law, you may withdraw from most contracts within 14 days without giving a reason.","V skladu s pravom EU o varstvu potrošnikov lahko od večine pogodb odstopite v 14 dneh brez navedbe razlogov."
"Read your full pre-contract rights (Art. 6)","Preberite vse svoje predpogodbene pravice (Čl. 6)"
"Under Art. 6 of Directive 2011/83/EU (as amended by Directive (EU) 2023/2673), before you placed this order the seller informed you — or made available — the following information:","V skladu s Čl. 6 Direktive 2011/83/EU (kot je bila spremenjena z Direktivo (EU) 2023/2673) vas je prodajalec pred oddajo naročila obvestil — ali vam dal na voljo — naslednje informacije:"
"The main characteristics of the goods or services.","Glavne značilnosti blaga ali storitev."
"The identity and contact details of the trader.","Identiteto in kontaktne podatke trgovca."
"The total price including all taxes and any delivery costs.","Skupno ceno vključno z vsemi davki in morebitnimi stroški dostave."
"The arrangements for payment, delivery and performance, and complaint-handling.","Pogoje plačila, dostave in izvedbe ter postopek obravnave pritožb."
"Your right of withdrawal: under Art. 9 you have 14 days to withdraw from this distance contract without giving a reason. For physical goods, the 14-day period starts on the day you (or a third party nominated by you) take physical possession of the goods. For services and digital content, different starting dates apply (Art. 9(2)(a)/(c)).","Vašo pravico do odstopa: v skladu s Čl. 9 imate 14 dni časa za odstop od te pogodbe na daljavo brez navedbe razloga. Pri fizičnem blagu 14-dnevni rok začne teči na dan, ko vi (ali tretja oseba, ki ste jo določili) prevzamete blago v fizično posest. Za storitve in digitalno vsebino veljajo drugi začetni datumi (Čl. 9(2)(a)/(c))."
"Exceptions: the right does not apply to certain goods and services listed in Art. 16 (e.g., custom-made goods, sealed hygiene items once unsealed, digital content whose performance has begun with your prior express consent and acknowledgement that you lose the withdrawal right).","Izjeme: pravica ne velja za določeno blago in storitve, navedene v Čl. 16 (npr. blago, izdelano po naročilu, zapečateno higiensko blago po odstranitvi pečata, digitalna vsebina, katere izvajanje se je začelo z vašim predhodnim izrecnim soglasjem in priznanjem, da izgubite pravico do odstopa)."
"The legal guarantee of conformity for goods applies under Art. 5 of Directive 2019/771, in addition to the right of withdrawal.","Zakonsko jamstvo o skladnosti blaga velja v skladu s Čl. 5 Direktive 2019/771, poleg pravice do odstopa."
"Delivery: %1","Dostava: %1"
"Total paid","Skupaj plačano"
"Pick an order to withdraw from","Izberite naročilo za odstop"
"Select a recent order to start your withdrawal.","Izberite nedavno naročilo, da začnete odstop."
"Select","Izberi"
"Withdrawal progress","Napredek odstopa"
"title","naslov"
"subtitle","podnaslov"
"Items to return","Artikli za vrnitev"
"0 items","0 artiklov"
"Refund summary","Povzetek vračila"
"No items in this order are currently eligible for withdrawal.","Noben izdelek v tem naročilu trenutno ne izpolnjuje pogojev za odstop."
"Each line is either already being processed, pending confirmation, or has been fully withdrawn. Check the existing requests section above for status or to cancel.","Vsaka vrstica je že v obdelavi, čaka na potrditev ali je bila v celoti odstopljena. Preverite razdelek z obstoječimi zahtevami zgoraj za stanje ali preklic."
"No items selected yet. Use the + button next to an item to add it to your return.","Še ni izbranih izdelkov. Z gumbom + ob izdelku ga dodajte v svoje vračilo."
"Find your order","Poiščite svoje naročilo"
"Enter the details you used during checkout to start a return or withdrawal.","Vnesite podatke, uporabljene pri zaključku nakupa, za začetek vračila ali odstopa."
"We could not find an order matching that email. Double-check your order number and email address.","Naročila s tem e-poštnim naslovom ni bilo mogoče najti. Preverite številko naročila in e-poštni naslov."
"e.g. 12345","npr. 12345"
"You can find this in your order confirmation email.","To najdete v potrditvenem e-poštnem sporočilu naročila."
"Email address","E-poštni naslov"
"you@example.com","you@example.com"
"Must match the email used for the order.","Mora se ujemati z e-poštnim naslovom, uporabljenim za naročilo."
"Find my order","Poišči moje naročilo"
"You have the right to withdraw from your purchase within 14 days of receiving your order, without giving any reason.","Pravico imate odstopiti od nakupa v 14 dneh od prejema naročila brez navedbe razlogov."
"Need help finding your order?","Potrebujete pomoč pri iskanju naročila?"
"Select an order","Izberite naročilo"
"Choose an order from your history to start a return or withdrawal.","Izberite naročilo iz svoje zgodovine za začetek vračila ali odstopa."
"You don't have any orders eligible for withdrawal. The 14-day withdrawal window runs from the day you received your order.","Nimate nobenih naročil, ki bi izpolnjevala pogoje za odstop. 14-dnevno obdobje za odstop teče od dneva prejema vašega naročila."
"View all my orders","Ogled vseh mojih naročil"
"items","artiklov"
"Select order","Izberi naročilo"
"No recent withdrawal","Ni nedavnega odstopa"
"We could not find a recent withdrawal in this session. If you have just submitted one, please check your inbox for the confirmation email.","V tej seji ni bilo mogoče najti nedavnega odstopa. Če ste ga pravkar oddali, preverite svoj e-poštni nabiralnik za potrditveno sporočilo."
"Start a new withdrawal","Začni nov odstop"
"Withdrawal #%1 submitted","Odstop #%1 oddan"
"Related order:","Povezano naročilo:"
"Items","Artikli"
"Items included in this withdrawal","Izdelki, vključeni v ta odstop"
"Line Total","Skupaj vrstica"
"What happens next","Kaj sledi"
"You will receive a receipt email with the full withdrawal statement and integrity hash within a few minutes.","V nekaj minutah boste prejeli e-poštno sporočilo s potrdilom, ki vsebuje celotno izjavo o odstopu in zgoščeno vrednost integritete."
"The 14-day window under Art. 9 CRD is locked to the moment you confirmed the withdrawal — nothing further is required from you to preserve the right.","14-dnevni rok po Čl. 9 Direktive 2011/83/EU je zaklenjen na trenutek, ko ste potrdili odstop — za ohranitev pravice od vas ni potrebno nič več."
"The final refund is determined after we receive the returned items (Art. 14(2)) and is issued to the original payment method. Expect the funds within 14 days of receipt.","Končno vračilo se določi po prejemu vrnjenih izdelkov (Čl. 14(2)) in se izvede na prvotni način plačila. Sredstva pričakujte v 14 dneh od prejema."
"Back to Withdrawals","Nazaj na odstope"
"Verzichtsbestätigung digitaler Inhalte — Bestellung %increment_id","Potrditev odpovedi pri digitalni vsebini — Naročilo %increment_id"
"Sehr geehrte/r %name,","Spoštovani %name,"
"Dies ist die Bestätigung auf einem dauerhaften Datenträger Ihrer ausdrücklichen Einwilligung zum Beginn der Ausführung folgender digitaler Inhalte sowie Ihrer Bestätigung, dass Sie dadurch Ihr Widerrufsrecht verlieren (Art. 16(m) VRL).","To je potrditev na trajnem nosilcu o vašem izrecnem soglasju za začetek izvajanja naslednjih digitalnih vsebin in vaši potrditvi, da s tem izgubite pravico do odstopa (Čl. 16(m) Direktiva 2011/83/EU)."
"Durch den Verzicht abgedeckte digitale Inhalte","Digitalne vsebine, ki jih zajema ta odpoved"
"Ihre ausdrückliche Einwilligung","Vaše izrecno soglasje"
"Eingewilligt am:","Soglasje dano:"
"Ihre Bestätigung zum Verlust des Widerrufsrechts","Vaša potrditev izgube pravice do odstopa"
"Bestätigt am:","Potrjeno:"
"Verzichtsreferenz:","Referenca odpovedi:"
"Rechtsgrundlage: Art. 16(m) Verbraucherrechterichtlinie 2011/83/EU.","Pravna podlaga: Čl. 16(m) Direktiva 2011/83/EU o pravicah potrošnikov."
"Digital content waiver confirmation — Order %1","Potrditev odpovedi pri digitalni vsebini — Naročilo %1"
"Dear %name,","Spoštovani %name,"
"This is the durable-medium confirmation of your express consent to begin performance of the following digital items, and your acknowledgment that by doing so you lose your right of withdrawal (Art. 16(m) CRD).","To je potrditev na trajnem nosilcu o vašem izrecnem soglasju za začetek izvajanja naslednjih digitalnih izdelkov in vašem priznanju, da s tem izgubite pravico do odstopa (Čl. 16(m) Direktiva 2011/83/EU)."
"Digital items covered by this waiver","Digitalni izdelki, ki jih zajema ta odpoved"
"Your express consent","Tvoje izrecno soglasje"
"Consented at:","Soglasje dano:"
"Your acknowledgment of loss of withdrawal right","Tvoje priznanje izgube pravice do odstopa"
"Acknowledged at:","Priznano:"
"Waiver reference:","Referenca odpovedi:"
"Legal basis: Art. 16(m) Consumer Rights Directive 2011/83/EU.","Pravna podlaga: 16. člen, točka (m) Direktive 2011/83/EU o pravicah potrošnikov."
"Digitaalisen sisällön luopumisvahvistus — Tilaus %increment_id","Potrditev odpovedi pri digitalni vsebini — Naročilo %increment_id"
"Hyvä %name,","Spoštovani %name,"
"Tämä on pysyvällä tietovälineellä annettu vahvistus nimenomaisesta suostumuksestasi aloittaa seuraavien digitaalisten sisältöjen toimitus sekä vahvistuksestasi, että menetät peruuttamisoikeutesi (KSL 6:16).","To je potrditev na trajnem nosilcu o vašem izrecnem soglasju za začetek dobave naslednjih digitalnih vsebin in vaši potrditvi, da s tem izgubite pravico do odstopa (Čl. 16(m) Direktiva 2011/83/EU)."
"Luopumisen kattamat digitaaliset sisällöt","Digitalne vsebine, ki jih zajema ta odpoved"
"Nimenomainen suostumuksesi","Vaše izrecno soglasje"
"Suostuttu:","Soglasje dano:"
"Vahvistuksesi peruuttamisoikeuden menettämisestä","Vaša potrditev izgube pravice do odstopa"
"Vahvistettu:","Potrjeno:"
"Luopumisen viite:","Referenca odpovedi:"
"Oikeusperusta: KSL 6:16 / Art. 16(m) kuluttajanoikeusdirektiivi 2011/83/EU.","Pravna podlaga: Čl. 16(m) Direktiva 2011/83/EU o pravicah potrošnikov."
"Confirmation de renonciation au contenu numérique — Commande %increment_id","Potrditev odpovedi pri digitalni vsebini — Naročilo %increment_id"
"Cher/Chère %name,","Spoštovani %name,"
"Ceci est la confirmation sur un support durable de votre consentement exprès à commencer l'exécution des contenus numériques suivants, et de votre reconnaissance que vous perdez ainsi votre droit de rétractation (Art. L. 221-28 Code consommation).","To je potrditev na trajnem nosilcu o vašem izrecnem soglasju za začetek izvajanja naslednjih digitalnih vsebin in vašem priznanju, da s tem izgubite pravico do odstopa (Čl. 16(m) Direktiva 2011/83/EU)."
"Contenus numériques couverts par la présente renonciation","Digitalne vsebine, ki jih zajema ta odpoved"
"Votre consentement exprès","Vaše izrecno soglasje"
"Consenti le :","Soglasje dano:"
"Votre reconnaissance de la perte du droit de rétractation","Vaše priznanje izgube pravice do odstopa"
"Reconnu le :","Priznano:"
"Référence de renonciation :","Referenca odpovedi:"
"Base légale : Art. L. 221-28 Code consommation / Art. 16(m) Directive 2011/83/UE.","Pravna podlaga: Čl. 16(m) Direktiva 2011/83/EU o pravicah potrošnikov."
"Bevestiging afstand digitale inhoud — Bestelling %increment_id","Potrditev odpovedi pri digitalni vsebini — Naročilo %increment_id"
"Beste %name,","Spoštovani %name,"
"Dit is de bevestiging op een duurzame gegevensdrager van uw uitdrukkelijke toestemming om te beginnen met de levering van de volgende digitale inhoud, en uw erkenning dat u daardoor uw herroepingsrecht verliest (Art. 6:230s BW).","To je potrditev na trajnem nosilcu o vašem izrecnem soglasju za začetek dobave naslednje digitalne vsebine in vašem priznanju, da s tem izgubite pravico do odstopa (Čl. 16(m) Direktiva 2011/83/EU)."
"Onder deze afstand vallende digitale items","Digitalni izdelki, ki jih zajema ta odpoved"
"Uw uitdrukkelijke toestemming","Vaše izrecno soglasje"
"Toestemming verleend op:","Soglasje dano:"
"Uw erkenning van verlies van herroepingsrecht","Vaše priznanje izgube pravice do odstopa"
"Erkend op:","Priznano:"
"Afstandreferentie:","Referenca odpovedi:"
"Rechtsgrondslag: Art. 6:230s BW / Art. 16(m) Richtlijn 2011/83/EU.","Pravna podlaga: Čl. 16(m) Direktiva 2011/83/EU o pravicah potrošnikov."
"[EU Withdrawal] Receipt send failed — request #%request_id","[EU pravica do odstopa] Pošiljanje potrdila ni uspelo — zahteva #%request_id"
"The receipt email for withdrawal request #%request_id has failed to send permanently.","E-pošte s potrdilom za zahtevo za odstop #%request_id trajno ni bilo mogoče poslati."
"Inspect the <code>mm_eu_withdrawal_request.receipt_last_error</code> column for the last error message, and the <code>mm_eu_withdrawal_request.receipt_send_attempts</code> column for the retry count.","V stolpcu <code>mm_eu_withdrawal_request.receipt_last_error</code> preverite zadnje sporočilo o napaki, v stolpcu <code>mm_eu_withdrawal_request.receipt_send_attempts</code> pa število poskusov."
"You can requeue the send from the admin grid after resolving the underlying issue.","Po odpravi osnovne težave lahko ponovno pošiljanje sprožite iz skrbniške mreže."
"Your refund is on its way — Withdrawal #%1","Tvoje vračilo je na poti — Odstop #%1"
"Your refund is on its way","Tvoje vračilo je na poti"
"Hi %name, we've approved your withdrawal request and started the refund process.","Pozdravljen, %name, odobrili smo tvojo zahtevo za odstop in začeli postopek vračila."
"View refund details","Oglej si podrobnosti vračila"
"Withdrawal number","Številka odstopa"
"Approved on","Odobreno"
"Estimated arrival","Predvideno prispetje"
"Status","Stanje"
"Your refund will be issued to your original payment method within 5–7 business days. You'll see it on your card or bank statement once it lands.","Vračilo bo izvedeno na tvoj prvotni način plačila v 5–7 delovnih dneh. Ko bo nakazano, ga boš videl/a na izpisku kartice ali bančnega računa."
"Need help?","Potrebuješ pomoč?"
"Reply to this email or contact us at","Odgovori na to e-pošto ali nas kontaktiraj na"
"Your withdrawal was cancelled — Withdrawal #%1","Tvoj odstop je bil preklican — Odstop #%1"
"Your withdrawal was cancelled","Tvoj odstop je bil preklican"
"Hi %name, we've cancelled your withdrawal request.","Pozdravljen, %name, preklicali smo tvojo zahtevo za odstop."
"Submit a new request","Oddaj novo zahtevo"
"Cancelled request","Preklicana zahteva"
"Cancelled on","Preklicano"
"Refund requested","Zahtevano vračilo"
"If this was unexpected, you can submit a new withdrawal request as long as your 14-day window is still open. Reach out if you need help — we're happy to clarify.","Če je bilo to nepričakovano, lahko oddaš novo zahtevo za odstop, dokler je tvoje 14-dnevno obdobje še odprto. Obrni se na nas, če potrebuješ pomoč — z veseljem ti pojasnimo."
"Cancellation confirmed — Withdrawal #%1","Preklic potrjen — Odstop #%1"
"Cancellation confirmed","Preklic potrjen"
"Hi %name, your withdrawal request has been cancelled as you asked.","Pozdravljen, %name, tvoja zahteva za odstop je bila preklicana, kot si želel/a."
"Back to my orders","Nazaj na moja naročila"
"Cancelled by","Preklical"
"You","Vi"
"Your order remains active and there's no further action needed. If you change your mind, you can start a new withdrawal request any time within your 14-day window.","Tvoje naročilo ostaja aktivno in nadaljnji ukrepi niso potrebni. Če si premisliš, lahko kadar koli v svojem 14-dnevnem obdobju začneš novo zahtevo za odstop."
"Update on your withdrawal request — Withdrawal #%1","Posodobitev tvoje zahteve za odstop — Odstop #%1"
"We can't process this withdrawal","Tega odstopa ne moremo obdelati"
"Hi %name, after reviewing your withdrawal request we're unable to approve it.","Pozdravljen, %name, po pregledu tvoje zahteve za odstop je ne moremo odobriti."
"Request details","Podrobnosti zahteve"
"Reviewed on","Pregledano"
"Decision","Odločitev"
"Reason from our team","Obrazložitev naše ekipe"
"If you'd like to discuss this decision, our team is here to help. Reply to this email or use the button above.","Če želiš o tej odločitvi razpravljati, ti naša ekipa rada pomaga. Odgovori na to e-pošto ali uporabi gumb zgoraj."
"Your withdrawal request has been submitted — Order #%1","Tvoja zahteva za odstop je bila oddana — Naročilo #%1"
"Your return request has been submitted","Tvoja zahteva za vračilo je bila oddana"
"Hi %name, we've received your return request and are currently reviewing it. You'll hear back when we've inspected your return and processed your refund.","Pozdravljen, %name, prejeli smo tvojo zahtevo za vračilo in jo trenutno pregledujemo. Sporočili ti bomo, ko bomo pregledali vračilo in obdelali povračilo."
"Return number","Številka vračila"
"Requested on","Zahtevano"
"We'll inspect your return and notify you once approved. Refunds are issued to your original payment method within 5–7 business days after approval.","Pregledali bomo tvoje vračilo in te obvestili po odobritvi. Vračila se izvedejo na prvotni način plačila v 5–7 delovnih dneh po odobritvi."
"If you have any questions, our customer service team is here to help.","Če imaš vprašanja, ti naša ekipa za pomoč strankam rada pomaga."
"Visit our help center","Obišči naše središče za pomoč"
"If you did not initiate this request, contact us immediately at","Če te zahteve nisi sprožil/a ti, nas takoj kontaktiraj na"
"Withdrawal receipt — Order #%1","Potrdilo o odstopu — Naročilo #%1"
"Withdrawal receipt","Potrdilo o odstopu"
"Hi %name, this email is your durable-medium proof of withdrawal under Art. 11a Directive 2011/83/EU. Keep it for your records.","Pozdravljen, %name, to e-sporočilo je tvoje dokazilo o odstopu na trajnem nosilcu v skladu s 11.a členom Direktive 2011/83/EU. Shrani ga za svojo evidenco."
"Submitted on","Oddano"
"Your %store_name order confirmation","Potrditev vašega naročila pri %store_name"
"%customer_name,","%customer_name,"
"Thank you for your order from %store_name.","Hvala za vaše naročilo pri %store_name."
"Once your package ships we will send you a tracking number.","Ko bo vaš paket odposlan, vam bomo poslali številko za sledenje."
"You can check the status of your order by <a href=""%account_url"">logging into your account</a>.","Stanje svojega naročila lahko preverite tako, da se <a href=""%account_url"">prijavite v svoj račun</a>."
"If you have questions about your order, you can email us at <a href=""mailto:%store_email"">%store_email</a>","Če imate vprašanja o svojem naročilu, nam lahko pišete na <a href=""mailto:%store_email"">%store_email</a>"
"or call us at <a href=""tel:%store_phone"">%store_phone</a>","ali nas pokličite na <a href=""tel:%store_phone"">%store_phone</a>"
"Our hours are <span class=""no-link"">%store_hours</span>.","Naš delovni čas je <span class=""no-link"">%store_hours</span>."
"Your Order <span class=""no-link"">#%increment_id</span>","Vaše naročilo <span class=""no-link"">#%increment_id</span>"
"Placed on <span class=""no-link"">%created_at</span>","Oddano <span class=""no-link"">%created_at</span>"
"Billing Info","Podatki o plačilu"
"Shipping Info","Podatki o pošiljanju"
"Payment Method","Način plačila"
"Shipping Method","Način pošiljanja"
"%name,","%name,"
"Once your package ships we will send an email with a link to track your order.","Ko bo vaš paket odposlan, vam bomo po e-pošti poslali povezavo za sledenje naročilu."
"Your %store_name order has shipped","Vaše naročilo pri %store_name je bilo odposlano"
"Your shipping confirmation is below. Thank you again for your business.","Vaše potrdilo o pošiljanju je spodaj. Še enkrat hvala za vaš nakup."
"Your Shipment #%shipment_id for Order #%order_id","Vaša pošiljka #%shipment_id za naročilo #%order_id"
"Your digital content waiver is on file","Tvoja odpoved pri digitalni vsebini je zabeležena"
"Hi %name, you've consented to immediate digital delivery of the items below — this is your durable-medium copy of that consent (Art. 11a(4) CRD).","Pozdravljen, %name, soglasje si dal/a za takojšnjo digitalno dostavo spodnjih izdelkov — to je tvoja kopija tega soglasja na trajnem nosilcu (11.a člen, 4. odstavek Direktive o pravicah potrošnikov)."
"View order","Oglej si naročilo"
"Consented at","Soglasje dano"
"Acknowledged at","Priznano"
"Keep this email as your durable-medium record. The merchant has stored the SHA-256 hash of the legal text you accepted:","Shrani to e-sporočilo kot svojo evidenco na trajnem nosilcu. Trgovec je shranil zgoščeno vrednost SHA-256 pravnega besedila, ki si ga sprejel/a:"
"Digital content waiver","Odpoved pravici za digitalno vsebino"
"We need your explicit consent before you can buy this digital item — please read both points carefully.","Pred nakupom te digitalne vsebine potrebujemo vaše izrecno soglasje — natančno preberite obe točki."
"We log this consent with your IP and timestamp for our audit record.","Vašo privolitev beležimo z vašim IP-naslovom in časovnim žigom za naše revizijske zapise."
"Continue","Nadaljuj"
"Waiver could not be saved. Please retry.","Odpovedi ni bilo mogoče shraniti. Poskusite ponovno."
"Enable for EU Withdrawal Lookup Form","Omogoči za obrazec iskanja EU odstopa"
"MageMe Extensions","Razširitve MageMe"
"EU Withdrawal","EU pravica do odstopa"
"General","Splošno"
"Enable Module","Omogoči modul"
"Activates frontend and cron jobs. Default: disabled. Complete the manual setup checklist before enabling.","Aktivira spletno trgovino in opravila cron. Privzeto: onemogočeno. Pred omogočanjem dokončajte ročni kontrolni seznam za nastavitev."
"Request Number Prefix","Predpona številke zahtevka"
"Optional prefix prepended to the withdrawal request increment ID in customer-facing UI (e.g. ""RR-"" renders as ""RR-000000022""). Leave blank to show the plain padded number.","Neobvezna predpona, dodana pred ID zahtevka za odstop v vmesniku za stranke (npr. „RR-“ se izpiše kot „RR-000000022“). Pustite prazno, če želite prikazati zgolj ničlami dopolnjeno številko."
"Default Contract Type","Privzeta vrsta pogodbe"
"Frontend Route","Pot v spletni trgovini"
"URL prefix used by the customer-facing withdrawal flow (e.g. <code>withdraw-contract</code> renders as <code>/withdraw-contract/...</code>). Lowercase letters, digits, dashes and underscores only.","Predpona URL-ja, ki jo uporablja postopek odstopa v spletni trgovini (npr. <code>withdraw-contract</code> se izpiše kot <code>/withdraw-contract/...</code>)."
"Withdrawal Period","Obdobje za odstop"
"Delivery Confirmation Statuses","Statusi potrditve dostave"
"Pick one or more order statuses whose <em>transition</em> means the customer received the goods in your fulfillment workflow. The 14-day withdrawal window starts on the timestamp of the order's <em>earliest</em> transition into <em>any</em> of the selected statuses (Art. 9(2)(b) Directive 2011/83/EU). Multi-select supports merchants who use several ""delivered""-type statuses (e.g. <code>delivered</code> + <code>complete</code> + <code>delivered_partial</code>). Until the order reaches any of them, the right of withdrawal is open with no fixed deadline.","Izberite enega ali več statusov naročila, katerih <em>prehod</em> v vašem postopku izpolnitve pomeni, da je stranka prejela blago. 14-dnevni rok za odstop začne teči ob časovnem žigu <em>najzgodnejšega</em> prehoda naročila v <em>kateri koli</em> izbrani status (Čl. 9(2)(b) Direktiva 2011/83/EU). Več-izbira podpira trgovce, ki uporabljajo več statusov tipa „dostavljeno“ (npr. <code>delivered</code> + <code>complete</code> + <code>delivered_partial</code>). Dokler naročilo ne doseže nobenega od njih, je pravica do odstopa odprta brez določenega roka."
"Eligibility Rules (Art. 16 CRD Presets)","Pravila upravičenosti (prednastavitve čl. 16 CRD)"
"Art. 16(c) Custom-Made Goods","Čl. 16(c) Blago, izdelano po naročilu"
"Excludes products made to customer specifications or clearly personalised (e.g. engraved jewellery, made-to-measure clothing). <strong>Requires</strong> product attribute <code>is_custom_made = true</code>. If enabled, orders containing such items cannot be withdrawn — customers will see this when attempting to start withdrawal.","Izključi izdelke, izdelane po naročilu stranke ali jasno prilagojene (npr. graviran nakit, oblačila po meri). <strong>Zahteva</strong> atribut izdelka <code>is_custom_made = true</code>. Če je omogočeno, od naročil s takšnimi izdelki ni mogoče odstopiti — stranke bodo to videle ob poskusu začetka odstopa."
"Art. 16(d) Perishable Goods","Čl. 16(d) Pokvarljivo blago"
"Excludes goods that can deteriorate or expire rapidly (fresh food, cut flowers, short-shelf-life pharmaceuticals). <strong>Requires</strong> product attribute <code>is_perishable = true</code>. Do not enable for all categories — apply it only to truly perishable SKUs, otherwise you will unlawfully deny valid withdrawals.","Izključi blago, ki se hitro pokvari ali poteče (sveža živila, rezano cvetje, zdravila s kratkim rokom uporabe). <strong>Zahteva</strong> atribut izdelka <code>is_perishable = true</code>. Ne omogočajte za vse kategorije — uporabite samo za resnično pokvarljive SKU-je, sicer boste nezakonito zavrnili veljavne odstope."
"Art. 16(e) Sealed Hygiene / Health","Čl. 16(e) Zapečateno higiensko / zdravstveno blago"
"Excludes sealed hygiene or health items <strong>only if the seal has been broken after delivery</strong> (cosmetics, intimate apparel, sealed medical supplies). <strong>Requires</strong> product attribute <code>is_sealed_hygiene = true</code>. The exclusion depends on a seal-check at the time of withdrawal (workflow in phase-04) — a sealed, unopened return remains eligible.","Izključi zapečatene higienske ali zdravstvene izdelke, <strong>samo če je bil pečat po dostavi poškodovan</strong> (kozmetika, intimna oblačila, zapečatena medicinska oprema). <strong>Zahteva</strong> atribut izdelka <code>is_sealed_hygiene = true</code>. Izključitev je odvisna od preverjanja pečata ob odstopu (postopek v fazi-04) — zapečatena, neodprta vrnitev še vedno izpolnjuje pogoje."
"Art. 16(i) Sealed Audio / Video / Software","Čl. 16(i) Zapečatena avdio / video / programska oprema"
"Excludes sealed audio recordings, video recordings, or sealed computer software <strong>only if the seal has been broken after delivery</strong>. <strong>Requires</strong> product attribute <code>is_sealed_av = true</code>. Same seal-check logic as Art. 16(e). Does not apply to streaming / digital-download content — use Art. 16(m) for those.","Izključi zapečatene avdio posnetke, video posnetke ali zapečateno računalniško programsko opremo, <strong>samo če je bil pečat po dostavi poškodovan</strong>. <strong>Zahteva</strong> atribut izdelka <code>is_sealed_av = true</code>. Enaka logika preverjanja pečata kot pri Čl. 16(e). Ne velja za pretočne / digitalno prenesene vsebine — zanje uporabite Čl. 16(m)."
"Digital Content (Art. 16(m))","Digitalna vsebina (čl. 16(m))"
"Detection","Zaznavanje"
"Enable Digital Content Detection","Omogoči zaznavanje digitalne vsebine"
"Master switch for Art. 16(m) digital-content detection. When off, no product is recognised as digital, the checkout waiver step is not required, and the preset always allows withdrawal.","Glavno stikalo za zaznavanje digitalne vsebine po Čl. 16(m). Ko je izklopljeno, noben izdelek ni prepoznan kot digitalen, korak soglasja na blagajni ni potreben in prednastavitev vedno dovoli odstop."
"Detection Strategies","Strategije zaznavanja"
"Which product-type heuristics trigger the digital-content waiver gate. Downloadable + virtual are safe defaults; bundle_contains_digital inspects bundle children; custom_attribute reads the EAV flag configured below.","Katere hevristike po vrsti izdelka sprožijo vrata soglasja za digitalno vsebino. Downloadable + virtual sta varni privzeti vrednosti; bundle_contains_digital pregleda otroke sklopa; custom_attribute prebere EAV zastavico, nastavljeno spodaj."
"Custom Attribute Code","Koda atributa po meri"
"EAV attribute code used <strong>only</strong> when <em>Custom attribute flag</em> is picked in <em>Detection strategies</em> above. Default: <code>is_digital_content</code> (boolean attribute, 1 = digital). Ignored otherwise.","Koda atributa EAV, ki se uporablja <strong>samo</strong>, kadar je v <em>Strategije zaznavanja</em> zgoraj izbrana <em>Zastavica atributa po meri</em>. Privzeto: <code>is_digital_content</code> (logični atribut, 1 = digitalno). V nasprotnem primeru se prezre."
"Checkout Step + Email","Korak blagajne + e-pošta"
"Enable Checkout Waiver Step","Omogoči korak soglasja na blagajni"
"When on, carts that contain a detected digital item render the 2-checkbox waiver step at checkout. Has no effect unless <em>Detection → Enable digital content detection</em> is also on.","Ko je vklopljeno, košarice, ki vsebujejo zaznan digitalni izdelek, na blagajni izpišejo korak soglasja z 2 potrditvenima poljema. Nima učinka, če ni vklopljeno tudi <em>Zaznavanje → Omogoči zaznavanje digitalne vsebine</em>."
"Merchant BCC Address for Confirmation Emails","Naslov slepe kopije trgovca za e-pošte s potrditvijo"
"Optional. Blind-copies the waiver-confirmation email to a merchant audit address. Leave blank to skip.","Neobvezno. V slepi kopiji pošlje e-pošto s potrditvijo soglasja na revizijski naslov trgovca. Pustite prazno, da preskočite."
"Mark Virtual-Only Items as Performance-Started on Confirmation","Označi izključno virtualne artikle kot začete z izvedbo ob potrditvi"
"Virtual products have no download trigger. When on, the waiver confirmation email's dispatch counts as performance-start for virtual-only items.","Virtualni izdelki nimajo sprožilca za prenos. Ko je vklopljeno, se odprema e-pošte s potrditvijo soglasja šteje za začetek izvedbe za izključno virtualne izdelke (meja I-6)."
"Confirmation Email Identity","Identiteta pošiljatelja e-pošte s potrditvijo"
"Per-Locale Waiver Text Overrides","Preglasitve besedila soglasja po jeziku"
"English (en_US)","Angleščina (en_US)"
"Consent Text","Besedilo soglasja"
"Right-Loss Acknowledgment Text","Besedilo priznanja izgube pravice"
"German (de_DE)","Nemščina (de_DE)"
"Finnish (fi_FI)","Finščina (fi_FI)"
"Dutch (nl_NL)","Nizozemščina (nl_NL)"
"French (fr_FR)","Francoščina (fr_FR)"
"Italian (it_IT)","Italijanščina (it_IT)"
"Spanish (es_ES)","Španščina (es_ES)"
"Polish (pl_PL)","Poljščina (pl_PL)"
"Portuguese (pt_PT)","Portugalščina (pt_PT)"
"Danish (da_DK)","Danščina (da_DK)"
"Swedish (sv_SE)","Švedščina (sv_SE)"
"German — Austria (de_AT)","Nemščina — Avstrija (de_AT)"
"Swedish — Finland (sv_FI)","Švedščina — Finska (sv_FI)"
"Dutch — Belgium (nl_BE)","Nizozemščina — Belgija (nl_BE)"
"French — Belgium (fr_BE)","Francoščina — Belgija (fr_BE)"
"German — Belgium (de_BE)","Nemščina — Belgija (de_BE)"
"French — Luxembourg (fr_LU)","Francoščina — Luksemburg (fr_LU)"
"Pre-Contract Information (Art. 6(1)(h))","Predpogodbene informacije (čl. 6(1)(h))"
"Enable Pre-Contract Disclosure","Omogoči predpogodbene informacije"
"Master kill-switch. Disabled = block does not render and no display events are recorded. Disabling exposes the merchant to Art. 10 (12 month + 14 day extended withdrawal period). Default: enabled.","Glavno izklopno stikalo. Onemogočeno = blok se ne izpiše in ne beležijo se dogodki prikaza. Onemogočanje trgovca izpostavi Čl. 10 (podaljšan rok za odstop 12 mesecev + 14 dni). Privzeto: omogočeno."
"Withdrawal Period (Days)","Obdobje za odstop (dni)"
"Default 14 days per Art. 9(2). Extension allowed (e.g. 30, 100). Reduction below 14 is illegal — the field validates >=14 only when the module is enabled.","Privzeto 14 dni po Čl. 9(2). Podaljšanje je dovoljeno (npr. 30, 100). Skrajšanje pod 14 je nezakonito — polje preverja >=14 samo, kadar je modul omogočen."
"Return Address","Naslov za vračilo"
"Where consumers send goods back. Leave empty to fall back to the store address from Stores → Configuration → General → General → Store Information.","Kam potrošniki pošljejo blago nazaj. Pustite prazno, da se uporabi naslov iz Trgovine → Konfiguracija → Splošno → Splošno → Informacije o trgovini."
"Display In Checkout","Prikaži na blagajni"
"Annex I Overrides Per Locale","Preglasitve Priloge I po jeziku"
"Bulgarian (bg_BG)","Bolgarščina (bg_BG)"
"Czech (cs_CZ)","Češčina (cs_CZ)"
"Greek (el_GR)","Grščina (el_GR)"
"Estonian (et_EE)","Estonščina (et_EE)"
"Croatian (hr_HR)","Hrvaščina (hr_HR)"
"Hungarian (hu_HU)","Madžarščina (hu_HU)"
"Lithuanian (lt_LT)","Litovščina (lt_LT)"
"Latvian (lv_LV)","Latvijščina (lv_LV)"
"Romanian (ro_RO)","Romunščina (ro_RO)"
"Slovak (sk_SK)","Slovaščina (sk_SK)"
"Slovenian (sl_SI)","Slovenščina (sl_SI)"
"Frontend","Spletna trgovina"
"Buttons","Gumbi"
"Step 1 Button Label","Oznaka gumba 1. koraka"
"Step 2 Button Label (Confirmation)","Oznaka gumba 2. koraka (potrditev)"
"<strong>⚠ Legal warning.</strong> This is the label on the final confirmation button. Default (""Confirm withdrawal"") is counsel-signed. Per-locale translations are counsel-signed. Override only with written legal advice; overrides are audit-logged.","<strong>⚠ Pravno opozorilo (vrzel #4).</strong> To je oznaka na končnem gumbu za potrditev. Privzeta („Potrdi odstop“) je pravniško potrjena. Per-locale translations are counsel-signed. Preglasujte le s pisnim pravnim nasvetom; preglasitve se zabeležijo v dnevnik revizije."
"Placements","Postavitve"
"Show Footer Link","Prikaži povezavo v nogi"
"Show in My Account","Prikaži v „Moj račun“"
"Return Reasons","Razlogi za vračilo"
"Reasons","Razlogi"
"List of reasons offered to the customer in the per-item dropdown. <strong>Code</strong> is the machine value (lowercase, snake_case, max 32 chars); <strong>Label</strong> is the visible text. Empty grid hides the dropdown entirely.","Seznam razlogov, ponujenih stranki v spustnem meniju za posamezni izdelek. <strong>Koda</strong> je strojna vrednost, shranjena v bazi (male črke, snake_case, največ 32 znakov); <strong>Oznaka</strong> je vidno besedilo. Prazna mreža v celoti skrije spustni meni."
"Enable ""Other"" with Free Text","Omogoči „Drugo“ s prostim besedilom"
"When enabled, an ""Other"" option appears in the dropdown that reveals a free-text field (max 500 chars).","Ko je omogočeno, se v spustnem meniju pojavi možnost „Drugo“, ki razkrije polje za prosto besedilo (največ 500 znakov)."
"Review Step","Korak pregleda"
"Return Shipping Notice","Obvestilo o pošiljanju vračila"
"Text shown on the Review & Confirm step (step 3). Example: ""You'll receive a prepaid shipping label in the confirmation email."" or ""Return shipping costs are paid by the customer."" Leave blank to hide the row.","Besedilo, prikazano v koraku Pregled in potrditev (3. korak). Primer: „V potrdilnem e-poštnem sporočilu boste prejeli predplačano dostavno nalepko.“ ali „Stroške pošiljanja vračila plača stranka.“ Pustite prazno, da skrijete vrstico."
"Return Policy URL","URL pravil vračila"
"Optional link rendered next to the shipping notice (""View return policy""). Accepts absolute URLs or relative paths like ""return-policy"".","Neobvezna povezava, izpisana ob obvestilu o pošiljanju („Oglejte si politiko vračil“). Sprejema absolutne URL-je ali relativne poti, kot je „return-policy“."
"Customer Notifications","Obvestila strankam"
"All customer-facing emails sent by the module. Each email can be enabled/disabled, assigned a custom template (Marketing → Email Templates), and BCC'd to a merchant address. The shared <em>Branding</em> subgroup at the bottom controls the layout (USP strip, social links) used by every email below.","Vsa e-poštna sporočila za stranke, ki jih pošlje modul. Vsako sporočilo je mogoče omogočiti/onemogočiti, mu dodeliti predlogo po meri (Trženje → Predloge e-pošte) in poslati slepo kopijo na naslov trgovca. Skupna podskupina <em>Blagovna znamka</em> spodaj nadzoruje postavitev (USP trak, povezave do družbenih omrežij), ki jo uporablja vsako e-poštno sporočilo spodaj."
"1. Submission Confirmation Email","1. E-pošta s potrditvijo oddaje"
"Enabled","Omogočeno"
"Email Template","Predloga e-pošte"
"BCC Merchant","Slepa kopija trgovcu"
"Comma-separated. Leave blank to disable.","Ločeno z vejico. Pustite prazno za onemogočanje."
"2. Approval Email","2. E-pošta o odobritvi"
"3. Denial Email","3. E-pošta o zavrnitvi"
"4. Cancellation Email (Admin-Initiated)","4. E-pošta o preklicu (sproži skrbnik)"
"5. Cancellation Email (Customer Self-Cancel)","5. E-pošta o preklicu (samostojni preklic stranke)"
"6. Receipt Email (Durable Medium — Art. 11a(4))","6. E-pošta s potrdilom (trajni nosilec — čl. 11a(4))"
"Legally required durable-medium confirmation. Cannot be fully disabled (Art. 11a(4) Directive 2011/83/EU). Disabling here only stops the sender — the receipt is still generated and stored.","Zakonsko obvezna potrditev na trajnem nosilcu. Ni je mogoče v celoti onemogočiti (Čl. 11a(4) Direktiva 2011/83/EU). Onemogočanje tukaj zaustavi samo pošiljanje — potrdilo se kljub temu generira in shrani."
"Send Email","Pošlji e-pošto"
"Comma-separated.","Ločeno z vejico."
"Delivery Retry Attempts","Poskusi ponovne dostave"
"Number of delivery attempts before a receipt is flagged as undelivered.","Number of delivery attempts before a receipt is flagged as undelivered."
"DLQ Alert Recipient","Prejemnik opozoril iz DLQ"
"Notified when a receipt fails permanently. Falls back to Store Email Addresses → General Contact.","Obveščen, ko potrdilo trajno ne uspe. Privzeto se uporabi E-poštni naslovi trgovine → Splošni stik."
"7. Digital Waiver Confirmation Email (Art. 11a(4))","7. E-pošta o potrditvi digitalnega soglasja (čl. 11a(4))"
"Durable-medium copy of the customer's Art. 16(m) waiver, sent immediately after checkout when a digital item is in cart. Required by Art. 11a(4) Directive 2011/83/EU — keeps a tamper-evident record of the legal text the customer accepted.","Kopija strankine odpovedi po Čl. 16(m) na trajnem nosilcu, poslana takoj po zaključku nakupa, ko je v košarici digitalni izdelek. Zahteva Čl. 11a(4) Direktive 2011/83/EU — hrani zapis pravnega besedila, ki ga je stranka sprejela, zaščiten pred manipulacijo, skupaj z zgoščeno vrednostjo SHA-256 za preverjanje verige zgoščevanja."
"Comma-separated. Receives a copy of every confirmation for audit purposes.","Ločeno z vejico. Prejme kopijo vsake potrditve za revizijske namene."
"Branding (Shared by All Emails Above)","Blagovna znamka (skupna vsem zgornjim e-poštam)"
"Optional decoration of the customer-facing emails. Empty fields hide their respective rows. Brand wordmark, logo, support email, and store address are read from the standard Magento configuration tree (Stores → Configuration → General + Design → Transactional Emails).","Neobvezna okrasitev e-poštnih sporočil za stranke. Prazna polja skrijejo svoje vrstice. Besedna oznaka blagovne znamke, logotip, e-pošta podpore in naslov trgovine se berejo iz standardnega konfiguracijskega drevesa Magento (Trgovine → Konfiguracija → Splošno + Oblikovanje → Transakcijska e-pošta)."
"USP Strip — Item 1","USP trak — element 1"
"Icon","Ikona"
"Title","Naslov"
"Subtitle","Podnaslov"
"USP Strip — Item 2","USP trak — element 2"
"USP Strip — Item 3","USP trak — element 3"
"Social Links","Povezave do družbenih omrežij"
"Instagram URL","URL Instagrama"
"X / Twitter URL","URL X / Twitterja"
"Facebook URL","URL Facebooka"
"YouTube URL","URL YouTuba"
"Order #","Naročilo #"
"Contract","Pogodba"
"Submitter","Oddajatelj"
"Withdrawal submitted","Odstop oddan"
"Right of Withdrawal — Required Information","Pravica do odstopa — Obvezne informacije"
"Before placing your order, please review the conditions, time limit, and procedures for exercising your 14-day right of withdrawal. This information forms part of your contract.","Preden oddate naročilo, si oglejte pogoje, rok in postopke za uveljavljanje 14-dnevne pravice do odstopa. Te informacije so sestavni del vaše pogodbe."
"Conditions, Time Limit and Procedures for Withdrawal","Pogoji, rok in postopki za odstop"
"Start Online Return","Začni spletno vračilo"
"Download Model Withdrawal Form (Annex I(B))","Prenesi obrazec za odstop od pogodbe (Priloga I(B))"
"Withdrawal Information v%1 — Issued %2","Informacije o odstopu v%1 — izdano %2"
"You'll receive a prepaid shipping label in the confirmation email.","V potrdilnem e-poštnem sporočilu boste prejeli predplačan dostavni nalepko."
"← Back to order search","← Nazaj na iskanje naročil"
"← Back to items","← Nazaj na izdelke"
"Find order","Najdi naročilo"
"Enter your order number and email","Vnesite številko naročila in e-poštni naslov"
"Select items","Izberite izdelke"
"Choose items to return (partial withdrawal)","Izberite izdelke za vračilo (delni odstop)"
"Review & confirm","Preglej & potrdi"
"Review your return details and confirm","Preglejte podrobnosti vračila in potrdite"
"Request submitted","Zahteva oddana"
"We'll confirm your request by email","Vašo zahtevo bomo potrdili po e-pošti"
"I expressly consent to begin performance of the digital content before the withdrawal period expires.","Izrecno soglašam z začetkom izvajanja digitalne vsebine pred iztekom roka za odstop."
"I acknowledge that by giving this consent I lose my right of withdrawal once performance has begun (Art. 16(m) CRD).","Zavedam se, da s to privolitvijo izgubim pravico do odstopa, takoj ko se izvedba začne (16. točka m) Direktive 2011/83/EU)."
"Withdrawals","Odstopi"
"Minimum %1 characters required.","Zahtevanih je najmanj %1 znakov."
"Failed to add note.","Opombe ni bilo mogoče dodati."
"Network error while adding note.","Omrežna napaka pri dodajanju opombe."
"Exported Evidence","Izvoženi dokazi"
"Pending Confirm","Čaka potrditev"
"Sent","Poslano"
"Failed Permanent","Trajno neuspešno"
"Failed Retry","Neuspešno, ponovni poskus"
"Eligible","Upravičeno"
"Excluded","Izključeno"
"Action","Dejanje"
"From","Iz"
"To","V"
"Admin Id","ID skrbnika"
"Order Id","ID naročila"
"Request Id","ID zahtevka"
"Item Count","Število artiklov"
"Rules Fired","Uporabljena pravila"
"Topic","Tema"
"Message Id","ID sporočila"
"Email To Hash","Razpršilo e-pošte"
"Attempts","Poskusi"
"Viewed At","Ogled"
"Referrer Host","Napotitveni gostitelj"
"Enable \Other\"" with Free Text""","Omogoči „Drugo“ s prostim besedilom"
"Optional legal template — not required to use; you can also exercise the right of withdrawal by any unequivocal statement.","Neobvezen pravni vzorec — njegova uporaba ni obvezna; pravico do odstopa lahko uveljavite tudi z vsako nedvoumno izjavo."
"Right of withdrawal","Pravica do odstopa"
"You have 14 days from the day you receive your order to withdraw without giving any reason — full refund to your original payment method.","Po prejemu naročila imate 14 dni časa za odstop brez navedbe razloga — celotno vračilo na vaš prvotni način plačila."
"Some items may be excluded by law (perishable goods, custom-made items, sealed hygiene or audio/video products). We'll show you exactly what's eligible on the next page.","Nekateri izdelki so po zakonu lahko izključeni (pokvarljivo blago, izdelki po naročilu, zapečateni higienski ali avdio/video izdelki). Na naslednji strani vam bomo natančno prikazali, kaj izpolnjuje pogoje."
"Direct link — no login or account password required.","Neposredna povezava — prijava ali geslo računa nista potrebna."
"Art. 16(m) CRD exclusion — digital content where the customer has (1) given express prior consent to begin performance and (2) acknowledged that they lose the withdrawal right. Two switches: the <em>Detection</em> subgroup decides what counts as digital (master switch), the <em>Checkout step + Email</em> subgroup renders the 2-checkbox waiver UX and dispatches the confirmation email. Both must be ON for the feature to work end-to-end. Use this only for <strong>one-time digital purchases</strong> (ebooks, software installers, music files, games). Do <strong>not</strong> enable it for ongoing digital <strong>subscriptions or services</strong> (SaaS, streaming, hosted software) — EU case law (CJEU Sky, C-641/19) requires a different consent flow for those.","Art. 16(m) CRD exclusion — digital content where the customer has (1) given express prior consent to begin performance and (2) acknowledged that they lose the withdrawal right. Two switches: the <em>Detection</em> subgroup decides what counts as digital (master switch), the <em>Checkout step + Email</em> subgroup renders the 2-checkbox waiver UX and dispatches the confirmation email. Both must be ON for the feature to work end-to-end. Use this only for <strong>one-time digital purchases</strong> (ebooks, software installers, music files, games). Do <strong>not</strong> enable it for ongoing digital <strong>subscriptions or services</strong> (SaaS, streaming, hosted software) — EU case law (CJEU Sky, C-641/19) requires a different consent flow for those."
"Customer-facing UX for the withdrawal flow. Subgroups: <em>Buttons</em> (legal-critical labels), <em>Placements</em> (where to surface the link), <em>Return Reasons</em> (per-item dropdown), <em>Review Step</em> (content on step 3 of the flow).","Uporabniška izkušnja za stranko v toku odstopa. Podskupine: <em>Gumbi</em> (oznake s pravno težo), <em>Postavitve</em> (kje prikazati povezavo), <em>Razlogi za vračilo</em> (spustni meni za posamezni izdelek), <em>Korak pregleda</em> (vsebina v 3. koraku toka)."
"Disable only if you deliver the durable-medium confirmation through a different channel.","Onemogočite le, če potrdilo na trajnem nosilcu dostavljate po drugem kanalu."
"Disable only if you deliver the receipt through a different durable medium (postal mail, customer account download, etc.).","Onemogočite le, če potrdilo dostavljate prek drugega trajnega nosilca (po pošti, prenosom iz strankinega računa ipd.)."
"Empty fields fall through to the locale baseline. Any override value becomes part of the SHA-256 hash stored per consent event — changing a field after customers have consented does <strong>not</strong> retroactively invalidate prior consents.","Prazna polja se vrnejo na izhodiščne vrednosti iz the locale baseline za jezik/jurisdikcijo. Vsaka prepisana vrednost postane del zgoščene vrednosti SHA-256, shranjene ob vsakem dogodku soglasja — sprememba polja po tem, ko so stranke že podale soglasje, <strong>ne</strong> razveljavi prejšnjih soglasij za nazaj."
"Mandatory pre-contractual disclosure of the right of withdrawal. Displayed on the checkout payment step. Each display is logged forensically (Art. 10 defence). Snapshot of the rendered text is stored immutably (Art. 6(5)). <strong>Counsel review recommended before customising any Annex I text.</strong>","Obvezno predpogodbeno obvestilo o pravici do odstopa. Prikazano v koraku plačila ob zaključku nakupa. Vsak prikaz se forenzično beleži (obramba po čl. 10). Posnetek izrisanega besedila se hrani nespremenljivo (čl. 6(5)). <strong>Pred kakršno koli prilagoditvijo besedila Priloge I priporočamo pravni pregled.</strong>"
"Off = block hidden but display events still recorded server-side via predispatch fallback. Use only for sandbox testing. Default: on.","Izklopljeno = blok je skrit, dogodki prikaza pa se še vedno beležijo na strani strežnika prek predispatch nadomestka. Uporabljajte le za testiranje v peskovniku. Privzeto: vklopljeno."
"Optional URLs rendered as round monogram badges in the email footer. Leave blank to hide.","Neobvezni URL-ji, ki se v nogi e-pošte prikažejo kot okrogle monogramske značke. Pustite prazno, da jih skrijete."
"Sent when a customer cancels their own pending withdrawal.","Pošlje se, ko stranka prekliče lasten odstop, ki čaka na obravnavo."
"Sent when a customer completes the withdrawal form.","Pošlje se, ko stranka izpolni obrazec za odstop."
"Sent when an admin approves a withdrawal request.","Pošlje se, ko skrbnik odobri zahtevo za odstop."
"Sent when an admin cancels a withdrawal request on the customer's behalf.","Pošlje se, ko skrbnik prekliče zahtevo za odstop v imenu stranke."
"Sent when an admin denies a withdrawal request.","Pošlje se, ko skrbnik zavrne zahtevo za odstop."
"These presets exclude specific product categories from the 14-day withdrawal right, per Art. 16 CRD. Each rule is OFF by default — enable only after confirming the corresponding product attribute is set correctly on your catalog.","Te prednastavitve izključujejo določene kategorije izdelkov iz 14-dnevne pravice do odstopa po čl. 16 Direktive o pravicah potrošnikov. Vsako pravilo je privzeto IZKLOPLJENO — vklopite ga šele po tem, ko ste potrdili, da je ustrezni atribut izdelka v katalogu pravilno nastavljen."
"e.g. ""EU orders above €50""","npr. „Naročila iz EU nad 50 €“"
"e.g. ""Free delivery""","npr. „Brezplačna dostava“"
"Qty: ","Kol.: "
"Submission failed. Please try again.","Pošiljanje ni uspelo. Prosimo, poskusite znova."
"Network error. Please try again.","Napaka omrežja. Prosimo, poskusite znova."
"Invalid server response.","Neveljaven odgovor strežnika."
"Admin Notifications","Skrbniška obvestila"
"Internal alerts to your team. Independent of the per-email <em>BCC Merchant</em> checkboxes under <em>Customer Notifications</em> below — if you enable both, you will receive two emails per request.","Notranja obvestila za vašo ekipo. Neodvisna od potrditvenih polj <em>BCC trgovcu</em> v razdelku <em>Obvestila strankam</em> spodaj — če omogočite oboje, boste prejeli dve e-poštni sporočili na zahtevo."
"1. New Request Alert","1. Obvestilo o novi zahtevi"
"Sent the moment a customer completes the two-step withdrawal flow.","Poslano v trenutku, ko stranka zaključi dvostopenjski postopek odstopa."
"Recipient Email(s)","E-pošta prejemnika"
"BCC","Skp"
"New Withdrawal Request","Nova zahteva za odstop"
"A new withdrawal request was just submitted.","Pravkar je bila oddana nova zahteva za odstop."
"Request:","Zahteva:"
"Order:","Naročilo:"
"Customer:","Stranka:"
"Refund Total:","Skupno povračilo:"
"[Withdrawal] New request %request_increment_id · Order #%order_increment_id · %refund_total","[Odstop] Nova zahteva %request_increment_id · Naročilo #%order_increment_id · %refund_total"
"Anonymised","Anonimizirano"
"Audit","Revizija"
"Cancel Order","Prekliči naročilo"
"Confirmation Email (Art. 11a(4))","E-pošta s potrditvijo (čl. 11a(4))"
"Detection (Art. 16(m))","Zaznavanje (čl. 16(m))"
"Digital Waiver (Art. 16(m))","Odpoved za digitalno vsebino (čl. 16(m))"
"Email Identity","Identiteta pošiljatelja"
"ID","ID"
"Integrity hash","Zgoščena vrednost integritete"
"Pre-Contract Proof","Predpogodbeni dokaz"
"Verify this receipt","Preveri to potrdilo"
"Withdrawal Window","Rok za odstop"
"This SHA-256 hash uniquely identifies your withdrawal record. Verify it at any time using the button above.","Ta zgoščena vrednost SHA-256 enolično identificira vaš zapis o odstopu. Lahko ga kadar koli preverite z zgornjim gumbom."
"Digital content waiver confirmation — Order %increment_id","Potrditev odpovedi za digitalno vsebino — Naročilo %increment_id"
"Comma-separated. Each recipient receives a separate email rendered in their own admin locale (looked up via the admin user's interface_locale; fallback to general/locale/code). Invalid addresses dropped silently.","Ločeno z vejicami. Vsak prejemnik prejme ločeno e-poštno sporočilo, izrisano v lastni skrbniški lokalizaciji (poiskano prek interface_locale skrbnika; rezerva — general/locale/code). Neveljavni naslovi se tiho zavržejo."
"Art. 16(m) CRD digital-content detection. Determines what counts as digital content for eligibility purposes. The actual checkout-step waiver UI and email lives in the next section ""Digital Waiver"".","Zaznavanje digitalne vsebine po čl. 16(m) Direktive o pravicah potrošnikov. Določa, kaj se šteje za digitalno vsebino za namene upravičenosti. Dejanski UI odpovedi na blagajni in e-pošta sta v naslednjem razdelku „Odpoved za digitalno vsebino“."
"Art. 16(m) CRD exclusion — digital content where the customer has (1) given express prior consent to begin performance and (2) acknowledged that they lose the withdrawal right. Two switches control this feature end-to-end: the <em>Detection</em> subgroup under <em>Eligibility Rules</em> decides what counts as digital (master switch); this section renders the 2-checkbox waiver UX at checkout and dispatches the Art. 11a(4) confirmation email. Both must be ON for the feature to work end-to-end. Per-locale text overrides below. Use this only for <strong>one-time digital purchases</strong> (ebooks, software installers, music files, games). Do <strong>not</strong> enable it for ongoing digital <strong>subscriptions or services</strong> (SaaS, streaming, hosted software) — EU case law (CJEU Sky, C-641/19) requires a different consent flow for those.","Izjema po čl. 16(m) Direktive o pravicah potrošnikov — digitalna vsebina, kjer je stranka (1) izrecno predhodno soglašala z začetkom izvajanja in (2) priznala izgubo pravice do odstopa. Funkcijo nadzirata dva stikala: podskupina <em>Zaznavanje</em> v <em>Pravilih upravičenosti</em> odloča, kaj se šteje za digitalno (glavno stikalo); ta razdelek prikaže UI odpovedi z 2 potrditvenima poljema na blagajni in pošlje potrditveni e-mail po čl. 11a(4). Oba morata biti VKLJUČENA. Prevodi besedila po lokalu spodaj. Uporabite samo za <strong>enkratne digitalne nakupe</strong> (e-knjige, namestitveni programi, glasbene datoteke, igre). <strong>Ne</strong> vklopite za neprekinjene digitalne <strong>naročnine ali storitve</strong> (SaaS, pretakanje, gostovana programska oprema) — sodna praksa EU (CJEU Sky, C-641/19) zahteva drugačen postopek soglašanja."
"Defines <strong>when</strong> the 14-day withdrawal right starts running (the delivery trigger, Art. 9(2)(b)) and <strong>how long</strong> it lasts in days (Art. 9(2)). Together these control the period each order's withdrawal is open.","Določa, <strong>kdaj</strong> začne teči 14-dnevna pravica do odstopa (sprožilec dostave, čl. 9(2)(b)) in <strong>kako dolgo</strong> traja v dnevih (čl. 9(2)). Skupaj nadzirata obdobje, v katerem je odstop od posameznega naročila odprt."
"Default 14 days per Art. 9(2). Extension allowed (e.g. 30, 100). Reduction below 14 is illegal — the field validates 14-3650 only.","Privzeto 14 dni po čl. 9(2). Podaljšanje dovoljeno (npr. 30, 100). Skrajšanje pod 14 je nezakonito — polje preverja samo 14-3650."
"When on, carts that contain a detected digital item render the 2-checkbox waiver step at checkout. Has no effect unless <em>Eligibility Rules → Detection → Enable Digital Content Detection</em> is also on.","Ko je vklopljeno, košarice z zaznano digitalno enoto na blagajni prikažejo korak odpovedi z 2 potrditvenima poljema. Nima učinka, razen če je vklopljeno tudi <em>Pravila upravičenosti → Zaznavanje → Omogoči zaznavanje digitalne vsebine</em>."
"Optional. Comma-separated. Blind-copies the waiver-confirmation email to a merchant audit address. Leave blank to skip.","Neobvezno. Ločeno z vejicami. Pošlje slepo kopijo e-poštnega sporočila s potrditvijo odpovedi na trgovčev revizijski naslov. Pustite prazno za preskočitev."
"<strong>⚠ Legal warning.</strong> Art. 11a(2) CRD requires the literal text ""withdraw from contract here"" <em>or a corresponding unambiguous formulation</em>. The default value (""Withdraw from contract here"") is the Directive's verbatim phrase; Per-locale translations are counsel-signed. <strong>Do not override unless you have received written advice from qualified consumer-law counsel in the target jurisdiction.</strong> Every override is recorded in the audit log.","<strong>⚠ Pravno opozorilo.</strong> Čl. 11a(2) Direktive o pravicah potrošnikov zahteva dobeseden zapis „tukaj odstopite od pogodbe“ <em>ali ustrezno nedvoumno formulacijo</em>. Privzeta vrednost („Tukaj odstopite od pogodbe“) je dobeseden izraz Direktive; Prevodi po lokalu so podpisani s strani odvetnika. <strong>Ne prepisujte, razen če ste prejeli pisni nasvet kvalificiranega odvetnika za potrošniško pravo v ciljni pristojnosti.</strong> Vsaka sprememba je zabeležena v revizijskem dnevniku."
"<strong>⚠ Legal warning.</strong> This is the label on the final confirmation button. Default (""Confirm withdrawal"") is counsel-signed; Per-locale translations are counsel-signed. Override only with written legal advice; overrides are audit-logged.","<strong>⚠ Pravno opozorilo.</strong> To je oznaka končnega potrditvenega gumba. Privzeto („Potrdi odstop“) je podpisano s strani odvetnika; Prevodi po lokalu so podpisani s strani odvetnika. Prepisujte le s pisnim pravnim nasvetom; prepise se zabeleži v revizijskem dnevniku."
"Cancel the linked order? No payment has been captured, so there is nothing to refund — the order will be cancelled in Magento.","Prekliči povezano naročilo? Nobeno plačilo ni bilo zajeto, zato ni česar vrniti — naročilo bo preklicano v Magentu."
"Scope & Applicability","Obseg in uporaba"
"Controls in which markets the self-service withdrawal flow is offered. These are merchant business decisions, not legal exclusions — an EU consumer's statutory right of withdrawal does not depend on them, and declarations received by other means (email, letter) must still be honoured manually.","Določa, na katerih trgih je ponujen samopostrežni postopek odstopa. To so poslovne odločitve trgovca, ne pravne izključitve — zakonska pravica potrošnika iz EU do odstopa ni odvisna od njih, izjave o odstopu, prejete po drugih poteh (e-pošta, pismo), pa je treba še vedno ročno upoštevati."
"Restrict by Country","Omeji po državi"
"Offers the self-service withdrawal flow only for orders whose billing <strong>or</strong> shipping address is in the selected countries. <strong>Legal note:</strong> this restricts the storefront flow only — an EU consumer's statutory right of withdrawal does not depend on the address, and withdrawal declarations received by other means (email, letter) must still be honoured manually. Default: disabled.","Samopostrežni postopek odstopa ponudi samo za naročila, katerih naslov za račun <strong>ali</strong> dostavo je v izbranih državah. <strong>Pravna opomba:</strong> to omejuje le postopek v trgovini — zakonska pravica potrošnika iz EU do odstopa ni odvisna od naslova, izjave o odstopu, prejete po drugih poteh (e-pošta, pismo), pa je treba še vedno ročno upoštevati. Privzeto: onemogočeno."
"Offer Withdrawal For Countries","Ponudi odstop za države"
"Preselected: EU-27 plus EEA (Norway, Iceland, Liechtenstein). Add the United Kingdom manually if you target UK consumers (separate national regime with a comparable 14-day right). If you clear this list, the restriction has no effect and the flow stays available to every customer.","Vnaprej izbrano: EU-27 in EGP (Norveška, Islandija, Lihtenštajn). Združeno kraljestvo dodajte ročno, če ciljate na potrošnike iz Združenega kraljestva (ločen nacionalni režim s primerljivo 14-dnevno pravico). Če ta seznam izpraznite, omejitev nima učinka in postopek ostane na voljo vsem strankam."
"Custom-made to your specifications","Izdelano po vaših specifikacijah"
"Perishable goods","Pokvarljivo blago"
"Sealed hygiene item — seal broken","Zapečaten higienski izdelek — pečat je poškodovan"
"Sealed audio/video — seal broken","Zapečateni avdio/video — pečat je poškodovan"
"Newspapers, periodicals, magazines","Časopisi, periodika, revije"
"Accommodation / event on specific date","Nastanitev / dogodek na določen datum"
"Digital content — right waived at purchase","Digitalna vsebina — pravica opuščena ob nakupu"
"Withdrawal period has expired","Rok za odstop je potekel"
"Already withdrawn in a prior request","Že odstopljeno v prejšnji zahtevi"
"A draft withdrawal is holding this item. Confirm it via the email we sent, or cancel it in the 'Existing withdrawals' section above.","To postavko zadržuje osnutek odstopa. Potrdite ga prek e-pošte, ki smo jo poslali, ali ga prekličite v razdelku „Obstoječi odstopi“ zgoraj."
"EU withdrawal request %1 was approved.","Zahteva za odstop EU %1 je bila odobrena."
"EU withdrawal request %1 was approved. Refund: %2.","Zahteva za odstop EU %1 je bila odobrena. Vračilo: %2."
"EU withdrawal request %1 was denied.","Zahteva za odstop EU %1 je bila zavrnjena."
"EU withdrawal request %1 was denied. Reason: %2","Zahteva za odstop EU %1 je bila zavrnjena. Razlog: %2"
"EU withdrawal request %1 was cancelled by the customer.","Zahteva za odstop EU %1 je bila preklicana s strani stranke."
"EU withdrawal request %1 was cancelled by an administrator.","Zahteva za odstop EU %1 je bila preklicana s strani skrbnika."
