"View Credit Memo","Visa kreditnota"
"Issue Credit Memo","Utfärda kreditnota"
"Approve","Godkänn"
"Approve this withdrawal request?","Godkänn denna ångerbegäran?"
"Deny","Avslå"
"Legal reason for denial (min 10 chars):","Rättslig grund för avslag (min. 10 tecken):"
"Cancel Request","Avbryt begäran"
"Cancel this withdrawal? Add an optional note for the customer (visible in their cancellation email):","Avbryt detta ångerärende? Lägg eventuellt till en notering till kunden (visas i avbokningsmejlet):"
"Resend Receipt","Skicka kvitto igen"
"Send the receipt email again? The customer will receive another copy.","Skicka kvittensmejlet på nytt? Kunden kommer att få ytterligare en kopia."
"Withdrawal Request #%1","Ångerbegäran #%1"
"Request Details","Detaljer för begäran"
"Information","Information"
"Reason for Denial","Skäl för avslag"
"Customer Cancellation Note","Kundens avbokningsnotering"
"Cancellation Note","Avbokningsnotering"
"Status-Change Note","Notering vid statusändring"
"Code","Kod"
"Label","Etikett"
"Add Reason","Lägg till skäl"
"In progress","Pågår"
"Refund issued","Återbetalning utfärdad"
"Denied","Avslagen"
"Cancelled","Avbruten"
"Pending","Väntar"
"This is a transactional email about your order.","Detta är ett transaktionsmejl om din order."
"Reason for denial","Skäl för avslag"
"Your cancellation note","Din avbokningsnotering"
"Note from our team","Meddelande från oss"
"EU right of withdrawal","EU:s ångerrätt"
"Withdrawal right pending delivery","Ångerrätt väntar på leverans"
"Withdrawal window has ended","Ångerfrist har löpt ut"
"Not eligible for withdrawal","Berättigar inte till ångerrätt"
"Withdrawal already requested","Ångerbegäran redan inskickad"
"You can withdraw from this contract any time — the 14-day deadline begins counting once the order is delivered.","Du kan frånträda detta avtal när som helst — 14-dagarsfristen börjar löpa när ordern har levererats."
"Your 14-day withdrawal window will begin once this order is delivered.","Din 14-dagars ångerfrist börjar löpa när denna order har levererats."
"The 14-day window for withdrawing from this contract has ended.","14-dagarsfristen för att frånträda detta avtal har löpt ut."
"This order is not eligible for withdrawal under EU consumer law (Art. 16 Directive 2011/83/EU).","Denna order är inte berättigad till ångerrätt enligt EU:s konsumentlagstiftning (art. 16 direktiv 2011/83/EU)."
"A withdrawal request for this order has been submitted. See the request details below.","En ångerbegäran har skickats in för denna beställning. Se detaljer för begäran nedan."
"This order contains a perishable item that cannot be returned (food with short shelf life, fresh flowers, etc.).","Denna order innehåller en lättfördärvlig vara som inte kan returneras (livsmedel med kort hållbarhet, färska blommor m.m.)."
"This order contains a custom-made or personalised item that cannot be returned.","Denna order innehåller en specialtillverkad eller personlig vara som inte kan returneras."
"This order contains a sealed hygiene item. You keep the right of withdrawal only while the seal stays intact — once unsealed after delivery, the right is lost.","Denna order innehåller en förseglad hygienartikel. Du behåller ångerrätten endast så länge förseglingen är intakt — när förseglingen brutits efter leverans förloras rätten."
"This order contains a sealed audio / video / software item. You keep the right of withdrawal only while the seal stays intact — once unsealed after delivery, the right is lost.","Denna order innehåller en förseglad ljud-/video-/programvaruvara. Du behåller ångerrätten endast så länge förseglingen är intakt — när förseglingen brutits efter leverans förloras rätten."
"This order contains digital content. Once you start using or downloading the content, you lose the right of withdrawal (you consented to this at checkout).","Denna order innehåller digitalt innehåll. Så snart du börjar använda eller ladda ner innehållet förlorar du ångerrätten (du samtyckte till detta i kassan)."
"%1 item(s) · Refund %2","%1 artikel(ar) · Återbetalning %2"
"Awaiting confirmation","Väntar på bekräftelse"
"Cancel withdrawal %1? Your refund will not be processed.","Avbryt ångerärende %1? Din återbetalning kommer inte att behandlas."
"Submitted","Inskickad"
"Approved","Godkänd"
"Fully returned","Fullständigt returnerad"
"Return requested","Retur begärd"
"Not eligible","Inte berättigad"
"Partially requested","Delvis begärd"
"— Select a reason —","— Välj ett skäl —"
"Other","Annat"
"The refund will be issued using your original payment method within 5-7 business days after we receive your return.","Återbetalningen kommer att göras via din ursprungliga betalningsmetod inom 5-7 arbetsdagar efter att vi mottagit din retur."
"Withdrawal right lost (Art. 16(m) CRD) — digital performance started on %1.","Ångerrätt förlorad (art. 16(m) CRD) — digital leverans påbörjad %1."
"Request #%1 not found.","Begäran #%1 hittades inte."
"Receipt email re-queued for request #%1. Delivery will retry asynchronously.","Kvittensmejlet för begäran #%1 har lagts i kö igen. Leveransen försöks om asynkront."
"Failed to queue receipt resend: %1","Det gick inte att köa omsändning av kvitto: %1"
"Note text is empty.","Noteringstexten är tom."
"Note added to request #%1.","Notering tillagd på begäran #%1."
"Request #%1 approved.","Begäran #%1 godkänd."
"Request #%1 cancelled.","Begäran #%1 avbruten."
"Request #%1 denied.","Begäran #%1 avslagen."
"Invalid request id.","Ogiltigt begäran-ID."
"Unable to open temporary file for CSV export.","Det gick inte att öppna temporär fil för CSV-export."
"Withdrawal Requests","Ångerbegäranden"
"%1 requests queued for acceptance.","%1 begäranden köade för godkännande."
"%1 request(s) approved.","%1 begäran(/-anden) godkänd(a)."
"%1 request(s) failed. First errors: %2","%1 begäran(/-anden) misslyckades. Första felen: %2"
"Note added to %1 request(s).","Notering tillagd på %1 begäran(/-anden)."
"Underlying order #%1 not found.","Underliggande order #%1 hittades inte."
"Order #%1 has no invoice yet — Magento requires an invoice before a credit memo can be created. Open an invoice first (Sales → Orders → #%1 → Invoice button), then return here to refund.","Order #%1 har ännu ingen faktura — Magento kräver en faktura innan en kreditnota kan skapas. Skapa en faktura först (Sälj → Ordrar → #%1 → knappen Fakturera) och återvänd sedan hit för att återbetala."
"No items recorded on this withdrawal request — the credit memo will open with default invoice qtys; please adjust manually.","Inga artiklar är registrerade på denna ångerbegäran — kreditnotan öppnas med standardantal från fakturan; justera manuellt."
"Pre-filled credit memo for withdrawal #%1 — review the qtys + shipping refund below, then click Refund Online or Refund Offline.","Förifylld kreditnota för ångerärende #%1 — granska antal och fraktåterbetalning nedan och klicka sedan på Återbetala online eller Återbetala offline."
"Some items are no longer eligible. Please reload and try again.","Vissa artiklar är inte längre berättigade. Ladda om sidan och försök igen."
"We could not process your request. Please try again.","Vi kunde inte behandla din begäran. Försök igen."
"Item","Artikel"
"We could not find a matching order for that email.","Vi kunde inte hitta någon matchande order för den e-postadressen."
"Withdraw from a contract","Ångra avtalet"
"Withdrawal not found.","Ångerärende hittades inte."
"This withdrawal can no longer be cancelled online. Contact us if you need help.","Detta ångerärende kan inte längre avbrytas online. Kontakta oss om du behöver hjälp."
"Withdrawal #%1 cancelled.","Ångerärende #%1 avbrutet."
"Please fill in all required fields.","Fyll i alla obligatoriska fält."
"%1 item(s) were excluded from the withdrawal because the seal is broken (Art. 16(e)/(i) Directive 2011/83/EU).","%1 artikel(/-ar) uteslöts från ångerärendet eftersom förseglingen är bruten (art. 16(e)/(i) direktiv 2011/83/EU)."
"Please select at least one item to withdraw.","Välj minst en artikel för ångerrätt."
"One or more items are no longer available for withdrawal. Please refresh and try again.","En eller flera artiklar är inte längre tillgängliga för ångerrätt. Ladda om sidan och försök igen."
"None of the selected items are eligible for withdrawal.","Ingen av de valda artiklarna är berättigad till ångerrätt."
"Hash mismatch for quote item %1","Hash-matchning misslyckades för offertrad %1"
"Requested qty %1 exceeds remaining %2 for order item %3","Begärt antal %1 överstiger återstående %2 för orderrad %3"
"No delivery confirmation recorded for this order yet.","Ingen leveransbekräftelse är ännu registrerad för denna order."
"No eligible items selected for withdrawal","Inga berättigade artiklar har valts för ångerrätt"
"Physical goods","Fysiska varor"
"Digital content (non-tangible)","Digitalt innehåll (icke-fysiskt)"
"Digital service (SaaS / subscription)","Digital tjänst (SaaS/prenumeration)"
"Financial services (Enterprise tier)","Finansiella tjänster (Enterprise-nivå)"
"Downloadable products","Nedladdningsbara produkter"
"Virtual products","Virtuella produkter"
"Bundles containing digital children","Paket som innehåller digitala underartiklar"
"Custom attribute flag","Flagga för anpassat attribut"
"locale_inheritance.xml missing at %1","locale_inheritance.xml saknas vid %1"
"locale_inheritance.xml unreadable at %1","locale_inheritance.xml går inte att läsa vid %1"
"locale_inheritance.xml failed XSD validation: %1","locale_inheritance.xml klarade inte XSD-validering: %1"
"Original payment method","Ursprunglig betalningsmetod"
"This is your durable-medium receipt for the withdrawal (Art. 11a(4) Directive 2011/83/EU).","Detta är ditt kvitto i varaktig form för ångerärendet (art. 11a(4) direktiv 2011/83/EU)."
"This email is a notification about your withdrawal request.","Detta mejl är ett meddelande om ditt ångerärende."
"5–7 business days","5–7 arbetsdagar"
"This is a confirmation that your withdrawal request has been recorded.","Detta är en bekräftelse på att ditt ångerärende har registrerats."
"MageMe EU Withdrawal is installed but not enabled. Review the compliance checklist and configure the module before enabling: <a href=""%1"">Stores → Configuration → MageMe Extensions → EU Withdrawal</a>.","MageMe EU Withdrawal är installerad men inte aktiverad. Gå igenom efterlevnadschecklistan och konfigurera modulen innan du aktiverar den: <a href=""%1"">Butiker → Konfiguration → MageMe-tillägg → EU Withdrawal</a>."
"Delivery confirmation status is not configured. Set Stores → Configuration → MageMe Extensions → EU Withdrawal → Withdrawal Period → Delivery Confirmation Statuses.","Status för leveransbekräftelse är inte konfigurerad. Ställ in Butiker → Konfiguration → MageMe-tillägg → EU Withdrawal → Ångerfrist → Statusar för leveransbekräftelse."
"No Annex I source found for locale %1 along chain %2","Ingen källa för bilaga I hittades för språket %1 i kedjan %2"
"Annex I source for locale %1 is malformed","Källan för bilaga I för språket %1 är felaktigt formaterad"
"Missing merchant variables for Annex I rendering: %1","Saknade handlarvariabler för rendering av bilaga I: %1"
"Receipt hash mismatch for request %1","Hash-matchning av kvitto misslyckades för begäran %1"
"Request %1 not found.","Begäran %1 hittades inte."
"Denying a withdrawal request requires a legal basis of at least 10 characters.","Avslag av en ångerbegäran kräver en rättslig grund på minst 10 tecken."
"Withdrawal request cannot transition from ""%1"" to ""%2"".","Ångerbegäran kan inte gå från ""%1"" till ""%2""."
"Request %1 is not in pending_confirm state.","Begäran %1 är inte i tillståndet pending_confirm."
"Withdrawal request #%1 does not exist.","Ångerbegäran #%1 finns inte."
"No digital items on order %1","Inga digitala artiklar i ordern %1"
"This is your durable-medium copy of the waiver you signed at checkout (Art. 11a(4) Directive 2011/83/EU).","Detta är din kopia i varaktig form av det avstående du undertecknade i kassan (art. 11a(4) direktiv 2011/83/EU)."
"Waived","Avstått"
"Waiver email render failed: %1","Rendering av samtyckes-e-post misslyckades: %1"
"Digital content waiver text has changed — please reload checkout.","Texten för samtycket till digitalt innehåll har ändrats — ladda om kassan."
"Digital content waiver is incomplete for item %1.","Samtycket till digitalt innehåll är ofullständigt för rad %1."
"bad","dåligt"
"smtp down","smtp down"
"smtp","smtp"
"down","nere"
"No shipment found for order 42.","Ingen leverans hittades för order 42."
"View","Visa"
"Withdrawal & Customer Information","Ångerärende och kunduppgifter"
"Request # %1","Begäran nr %1"
"Request Status","Status för begäran"
"Submitted At","Inskickad"
"Confirmed At","Bekräftad"
"Related Order","Relaterad order"
"Jurisdiction","Jurisdiktion"
"Contract Type","Avtalstyp"
"Receipt Status","Kvittostatus"
"%1 attempt(s)","%1 försök"
"Receipt Error","Fel på kvitto"
"Customer Information","Kunduppgifter"
"Customer Name","Kundens namn"
"Email","E-post"
"Locale","Språk"
"Items Selected for Withdrawal","Artiklar valda för ångerrätt"
"Product","Produkt"
"Price","Pris"
"Qty","Antal"
"Subtotal","Delsumma"
"Refund","Återbetalning"
"Reason","Anledning"
"Eligibility","Berättigande"
"No items associated with this request.","Inga artiklar är kopplade till denna begäran."
"SKU","SKU"
"Ordered","Beställt"
"Withdrawing","Ångrar"
"Refund Total","Total återbetalning"
"Notes for this Request","Anteckningar för denna begäran"
"Internal notes — visible to admin staff only. Not sent to the customer.","Interna anteckningar — synliga endast för administratörer. Skickas inte till kunden."
"Comment","Kommentar"
"Add internal note (max 2000 chars)","Lägg till intern anteckning (max 2000 tecken)"
"Submit Comment","Skicka kommentar"
"No comments added yet.","Inga kommentarer har lagts till ännu."
" by %1"," av %1"
"Refund Totals","Totaler för återbetalning"
"Items Subtotal","Delsumma artiklar"
"Shipping Refund","Återbetalning av frakt"
"Total Refund","Total återbetalning"
"Changes have been made to this section that have not been saved.","Ändringar har gjorts i detta avsnitt som inte har sparats."
"This tab contains invalid data. Please resolve this before saving.","Denna flik innehåller ogiltiga uppgifter. Åtgärda detta innan du sparar."
"Contact us","Kontakta oss"
"Returns","Returer"
"FAQs","Vanliga frågor"
"All rights reserved.","Alla rättigheter förbehållna."
"Returned items","Returnerade artiklar"
"No image","Ingen bild"
"Item status","Artikelstatus"
"Withdrawal options for this order","Ångerrättsalternativ för denna order"
"You can return this order until %1.","Du kan returnera denna order fram till %1."
"(Art. 11a Directive 2011/83/EU)","(Art. 11a direktiv 2011/83/EU)"
"Submit a withdrawal request to start the refund process.","Skicka in en ångerbegäran för att starta återbetalningsprocessen."
"(Art. 9(2)(b) Directive 2011/83/EU)","(Art. 9(2)(b) direktiv 2011/83/EU)"
"Start withdrawal","Starta ångerrätt"
"Your withdrawal requests","Dina ångerärenden"
"Submitted %1","Inskickat %1"
"Show items","Visa artiklar"
"Cancel withdrawal","Avbryt ångerärende"
"Qty %1","Antal %1"
"Receipt details","Kvittodetaljer"
"Receipt number","Kvittonummer"
"Order number","Ordernummer"
"Confirmed","Bekräftad"
"Consumer","Konsument"
"Refund total","Total återbetalning"
"Merchant","Handlare"
"Legal basis","Rättslig grund"
"SKU %1","SKU %1"
"Shipping refund","Återbetalning av frakt"
"Tax refund","Återbetalning av skatt"
"Total refund","Total återbetalning"
"Digital content — Art. 16(m) notice","Digitalt innehåll — Meddelande enligt art. 16(m)"
"By placing the order you agreed to begin performance of the digital content before the end of the withdrawal period and acknowledged that, once performance has begun, the right of withdrawal no longer applies. This notice is shown for your records.","Genom att lägga ordern samtyckte du till att leveransen av det digitala innehållet påbörjas innan ångerfristen löper ut och bekräftade att ångerrätten inte längre gäller när leveransen har påbörjats. Detta meddelande visas för dina handlingar."
"Existing withdrawals for this order","Befintliga ångerärenden för denna order"
"You can cancel a withdrawal here until it is approved.","Du kan avbryta ett ångerärende här tills det godkänns."
"Request #%1","Begäran #%1"
"SKU: %1","SKU: %1"
"Estimated refund: %1 %2","Beräknad återbetalning: %1 %2"
"Cancel this withdrawal","Avbryt detta ångerärende"
"Are you sure? This cannot be undone.","Är du säker? Detta kan inte ångras."
"Yes, cancel","Ja, avbryt"
"Keep it","Behåll"
"That order does not belong to your account. Please select one of your own orders.","Den ordern tillhör inte ditt konto. Välj en av dina egna ordrar."
"Select items to return","Välj artiklar att returnera"
"Choose all items or only some of them. Set the return quantity for each item you want to withdraw.","Välj alla artiklar eller endast några. Ange returkvantitet för varje artikel du vill ångra."
"You have 14 days from the day you received your order to withdraw from the contract without giving a reason.","Du har 14 dagar från den dag du tog emot din order att frånträda avtalet utan att ange några skäl."
"Back to order search","Tillbaka till ordersökning"
"Cancel","Avbryt"
"Continue to review","Fortsätt till granskning"
"Review and confirm","Granska och bekräfta"
"Order #%1","Beställning #%1"
"Placed on %1","Lagd den %1"
"Awaiting delivery","Väntar på leverans"
"Delivered on %1","Levererad den %1"
"Total","Totalt"
"Return shipping","Returfrakt"
"View return policy","Se returpolicy"
"Refund method","Återbetalningsmetod"
"Refund will be issued to your original payment method.","Återbetalningen kommer att göras till din ursprungliga betalningsmetod."
"Return summary","Returöversikt"
"Shipping & Handling","Frakt och hantering"
"Tax","Skatt"
"Back to items","Tillbaka till artiklar"
"Submit return request","Skicka returbegäran"
"Your return request has been submitted!","Din returbegäran har skickats in!"
"We've emailed you a notification with your return details and a prepaid return label (if applicable). You have 14 days from the delivery date to send your items back.","Vi har mejlat dig ett meddelande med dina returdetaljer och en förbetald returetikett (om tillämpligt). Du har 14 dagar från leveransdatumet på dig att skicka tillbaka dina artiklar."
"Return request number","Returbegärans nummer"
"Copy request number","Kopiera begärannummer"
"Copied!","Kopierad!"
"Confirmation email sent","Bekräftelsemejl skickat"
"We've sent the details to","Vi har skickat detaljerna till"
"What happens next?","Vad händer nu?"
"Pack your items securely","Packa dina artiklar säkert"
"Send them back using the provided instructions","Skicka tillbaka dem enligt de angivna instruktionerna"
"We'll inspect your return","Vi inspekterar din retur"
"Your refund will be issued to your original payment method","Din återbetalning görs till din ursprungliga betalningsmetod"
"Need more help?","Behöver du mer hjälp?"
"View my returns","Visa mina returer"
"Contact support","Kontakta support"
"Purchased","Köpta"
"Returned","Returnerade"
"Decrease quantity","Minska antal"
"Increase quantity","Öka antal"
"Has the hygiene seal been broken after delivery?","Har hygienförseglingen brutits efter leverans?"
"Has the original software / media seal been broken after delivery?","Har den ursprungliga programvaru-/mediaförseglingen brutits efter leverans?"
"No, the seal is intact","Nej, förseglingen är intakt"
"Refund possible — return the unopened package.","Återbetalning möjlig — returnera det oöppnade paketet."
"Yes, the seal is broken","Ja, förseglingen är bruten"
"This item cannot be returned (Art. 16(e) Directive 2011/83/EU).","Denna artikel kan inte returneras (art. 16(e) direktiv 2011/83/EU)."
"This item cannot be returned (Art. 16(i) Directive 2011/83/EU).","Denna artikel kan inte returneras (art. 16(i) direktiv 2011/83/EU)."
"Once you confirm the seal is broken, this item is excluded from the withdrawal request and the quantity will be reset to zero.","När du bekräftar att förseglingen är bruten utesluts denna artikel från ångerbegäran och antalet återställs till noll."
"Reason for return (optional)","Returskäl (valfritt)"
"Tell us more (optional, max 500 chars)","Berätta mer (valfritt, max 500 tecken)"
"Already returned.","Redan returnerat."
"awaiting admin review","väntar på administratörsgranskning"
"awaiting confirmation","väntar på bekräftelse"
"Request %1 %2 (%3 item%4).","Begäran %1 %2 (%3 artikel%4)."
"Return request awaiting review.","Returbegäran väntar på granskning."
"Cancel request","Avbryt begäran"
"Under EU consumer law, you may withdraw from most contracts within 14 days without giving a reason.","Enligt EU:s konsumentlagstiftning får du frånträda de flesta avtal inom 14 dagar utan att ange något skäl."
"Read your full pre-contract rights (Art. 6)","Läs alla dina rättigheter före avtalsslut (art. 6)"
"Under Art. 6 of Directive 2011/83/EU (as amended by Directive (EU) 2023/2673), before you placed this order the seller informed you — or made available — the following information:","Enligt art. 6 i direktiv 2011/83/EU (i dess lydelse enligt direktiv (EU) 2023/2673) informerade säljaren dig om — eller gjorde tillgänglig — följande information innan du lade ordern:"
"The main characteristics of the goods or services.","Varornas eller tjänsternas huvudsakliga egenskaper."
"The identity and contact details of the trader.","Näringsidkarens identitet och kontaktuppgifter."
"The total price including all taxes and any delivery costs.","Det totala priset inklusive alla skatter och eventuella leveranskostnader."
"The arrangements for payment, delivery and performance, and complaint-handling.","Villkor för betalning, leverans och utförande samt klagomålshantering."
"Your right of withdrawal: under Art. 9 you have 14 days to withdraw from this distance contract without giving a reason. For physical goods, the 14-day period starts on the day you (or a third party nominated by you) take physical possession of the goods. For services and digital content, different starting dates apply (Art. 9(2)(a)/(c)).","Din ångerrätt: enligt art. 9 har du 14 dagar att frånträda detta distansavtal utan att ange något skäl. För fysiska varor börjar 14-dagarsfristen löpa den dag du (eller en tredje part som du har utsett) tar varorna i fysisk besittning. För tjänster och digitalt innehåll gäller andra startdatum (art. 9(2)(a)/(c))."
"Exceptions: the right does not apply to certain goods and services listed in Art. 16 (e.g., custom-made goods, sealed hygiene items once unsealed, digital content whose performance has begun with your prior express consent and acknowledgement that you lose the withdrawal right).","Undantag: rätten gäller inte för vissa varor och tjänster som anges i art. 16 (t.ex. specialtillverkade varor, förseglade hygienvaror när förseglingen brutits, digitalt innehåll vars leverans har påbörjats efter ditt på förhand uttryckliga samtycke och din bekräftelse av att du förlorar ångerrätten)."
"The legal guarantee of conformity for goods applies under Art. 5 of Directive 2019/771, in addition to the right of withdrawal.","Den lagstadgade garantin för avtalsenlighet för varor gäller enligt art. 5 i direktiv 2019/771, utöver ångerrätten."
"Delivery: %1","Leverans: %1"
"Total paid","Totalt betalt"
"Pick an order to withdraw from","Välj en order att frånträda"
"Select a recent order to start your withdrawal.","Välj en av dina senaste ordrar för att starta ditt ångerärende."
"Select","Välj"
"Withdrawal progress","Ångerrättens framsteg"
"title","rubrik"
"subtitle","underrubrik"
"Items to return","Artiklar att returnera"
"0 items","0 artiklar"
"Refund summary","Återbetalningsöversikt"
"No items in this order are currently eligible for withdrawal.","Inga artiklar i denna order är för närvarande berättigade till ångerrätt."
"Each line is either already being processed, pending confirmation, or has been fully withdrawn. Check the existing requests section above for status or to cancel.","Varje rad är antingen redan under behandling, väntar på bekräftelse eller har återkallats helt. Se avsnittet med befintliga begäranden ovan för status eller för att avbryta."
"No items selected yet. Use the + button next to an item to add it to your return.","Inga artiklar valda ännu. Använd + knappen bredvid en artikel för att lägga till den i din retur."
"Find your order","Hitta din order"
"Enter the details you used during checkout to start a return or withdrawal.","Ange uppgifterna du använde vid kassan för att starta en retur eller ångerrätt."
"We could not find an order matching that email. Double-check your order number and email address.","Vi kunde inte hitta någon order som matchar den e-postadressen. Kontrollera ordernummer och e-postadress."
"e.g. 12345","t.ex. 12345"
"You can find this in your order confirmation email.","Du hittar detta i ditt orderbekräftelsemejl."
"Email address","E-postadress"
"you@example.com","you@example.com"
"Must match the email used for the order.","Måste matcha e-postadressen som användes för ordern."
"Find my order","Hitta min order"
"You have the right to withdraw from your purchase within 14 days of receiving your order, without giving any reason.","Du har rätt att ångra ditt köp inom 14 dagar från mottagandet av din order, utan att ange några skäl."
"Need help finding your order?","Behöver du hjälp att hitta din order?"
"Select an order","Välj en order"
"Choose an order from your history to start a return or withdrawal.","Välj en order från din historik för att starta en retur eller ångerrätt."
"You don't have any orders eligible for withdrawal. The 14-day withdrawal window runs from the day you received your order.","Du har inga ordrar som är berättigade till ångerrätt. 14-dagars ångerfrist löper från den dag du tog emot din order."
"View all my orders","Visa alla mina ordrar"
"items","artiklar"
"Select order","Välj order"
"No recent withdrawal","Inget aktuellt ångerärende"
"We could not find a recent withdrawal in this session. If you have just submitted one, please check your inbox for the confirmation email.","Vi kunde inte hitta något aktuellt ångerärende i denna session. Om du nyss skickat in ett ärende, kontrollera din inkorg efter bekräftelsemejlet."
"Start a new withdrawal","Starta ett nytt ångerärende"
"Withdrawal #%1 submitted","Ångerärende #%1 inskickat"
"Related order:","Relaterad order:"
"Items","Artiklar"
"Items included in this withdrawal","Artiklar i detta ångerärende"
"Line Total","Radsumma"
"What happens next","Vad händer nu"
"You will receive a receipt email with the full withdrawal statement and integrity hash within a few minutes.","Du får ett kvittensmejl med fullständig ångerförklaring och integritetshash inom några minuter."
"The 14-day window under Art. 9 CRD is locked to the moment you confirmed the withdrawal — nothing further is required from you to preserve the right.","14-dagarsfristen enligt art. 9 CRD låses till den tidpunkt då du bekräftade ångerärendet — du behöver inte göra något mer för att bevara rätten."
"The final refund is determined after we receive the returned items (Art. 14(2)) and is issued to the original payment method. Expect the funds within 14 days of receipt.","Den slutliga återbetalningen fastställs efter att vi mottagit de returnerade artiklarna (art. 14(2)) och betalas ut till den ursprungliga betalningsmetoden. Räkna med pengarna inom 14 dagar efter mottagandet."
"Back to Withdrawals","Tillbaka till ångerärenden"
"Verzichtsbestätigung digitaler Inhalte — Bestellung %increment_id","Bekräftelse av avstående för digitalt innehåll — Beställning %increment_id"
"Sehr geehrte/r %name,","Hej %name,"
"Dies ist die Bestätigung auf einem dauerhaften Datenträger Ihrer ausdrücklichen Einwilligung zum Beginn der Ausführung folgender digitaler Inhalte sowie Ihrer Bestätigung, dass Sie dadurch Ihr Widerrufsrecht verlieren (Art. 16(m) VRL).","Detta är bekräftelsen på ett varaktigt medium av ditt uttryckliga samtycke till att leveransen av följande digitala innehåll påbörjas samt din bekräftelse av att du därigenom förlorar din ångerrätt (art. 16(m) konsumenträttighetsdirektivet)."
"Durch den Verzicht abgedeckte digitale Inhalte","Digitalt innehåll som omfattas av avståendet"
"Ihre ausdrückliche Einwilligung","Ditt uttryckliga samtycke"
"Eingewilligt am:","Samtyckt den:"
"Ihre Bestätigung zum Verlust des Widerrufsrechts","Din bekräftelse av förlorad ångerrätt"
"Bestätigt am:","Bekräftat den:"
"Verzichtsreferenz:","Referens för avstående:"
"Rechtsgrundlage: Art. 16(m) Verbraucherrechterichtlinie 2011/83/EU.","Rättslig grund: art. 16(m) konsumenträttighetsdirektivet 2011/83/EU."
"Digital content waiver confirmation — Order %1","Bekräftelse av avstående för digitalt innehåll — Order %1"
"Dear %name,","Hej %name,"
"This is the durable-medium confirmation of your express consent to begin performance of the following digital items, and your acknowledgment that by doing so you lose your right of withdrawal (Art. 16(m) CRD).","Detta är bekräftelsen i varaktig form av ditt uttryckliga samtycke till att leveransen av följande digitala artiklar påbörjas samt din bekräftelse av att du därigenom förlorar din ångerrätt (art. 16(m) CRD)."
"Digital items covered by this waiver","Digitala artiklar som omfattas av avståendet"
"Your express consent","Ditt uttryckliga samtycke"
"Consented at:","Samtyckt den:"
"Your acknowledgment of loss of withdrawal right","Din bekräftelse av förlorad ångerrätt"
"Acknowledged at:","Bekräftat den:"
"Waiver reference:","Referens för avstående:"
"Legal basis: Art. 16(m) Consumer Rights Directive 2011/83/EU.","Rättslig grund: Art. 16(m) konsumenträttighetsdirektivet 2011/83/EU."
"Digitaalisen sisällön luopumisvahvistus — Tilaus %increment_id","Bekräftelse av avstående för digitalt innehåll — Beställning %increment_id"
"Hyvä %name,","Hej %name,"
"Tämä on pysyvällä tietovälineellä annettu vahvistus nimenomaisesta suostumuksestasi aloittaa seuraavien digitaalisten sisältöjen toimitus sekä vahvistuksestasi, että menetät peruuttamisoikeutesi (KSL 6:16).","Detta är en bekräftelse på ett varaktigt medium av ditt uttryckliga samtycke till att leveransen av följande digitala innehåll påbörjas samt din bekräftelse av att du förlorar din ångerrätt (KSL 6:16)."
"Luopumisen kattamat digitaaliset sisällöt","Digitalt innehåll som omfattas av avståendet"
"Nimenomainen suostumuksesi","Ditt uttryckliga samtycke"
"Suostuttu:","Samtyckt:"
"Vahvistuksesi peruuttamisoikeuden menettämisestä","Din bekräftelse av förlorad ångerrätt"
"Vahvistettu:","Bekräftat:"
"Luopumisen viite:","Referens för avstående:"
"Oikeusperusta: KSL 6:16 / Art. 16(m) kuluttajanoikeusdirektiivi 2011/83/EU.","Rättslig grund: KSL 6:16 / art. 16(m) konsumenträttighetsdirektivet 2011/83/EU."
"Confirmation de renonciation au contenu numérique — Commande %increment_id","Bekräftelse av avstående för digitalt innehåll — Beställning %increment_id"
"Cher/Chère %name,","Hej %name,"
"Ceci est la confirmation sur un support durable de votre consentement exprès à commencer l'exécution des contenus numériques suivants, et de votre reconnaissance que vous perdez ainsi votre droit de rétractation (Art. L. 221-28 Code consommation).","Detta är bekräftelsen på ett varaktigt medium av ditt uttryckliga samtycke till att leveransen av följande digitala innehåll påbörjas samt din bekräftelse av att du därigenom förlorar din ångerrätt (art. L. 221-28 i den franska konsumentlagen)."
"Contenus numériques couverts par la présente renonciation","Digitalt innehåll som omfattas av detta avstående"
"Votre consentement exprès","Ditt uttryckliga samtycke"
"Consenti le :","Samtyckt den:"
"Votre reconnaissance de la perte du droit de rétractation","Din bekräftelse av förlorad ångerrätt"
"Reconnu le :","Bekräftat den:"
"Référence de renonciation :","Referens för avstående:"
"Base légale : Art. L. 221-28 Code consommation / Art. 16(m) Directive 2011/83/UE.","Rättslig grund: art. L. 221-28 i den franska konsumentlagen / art. 16(m) direktiv 2011/83/EU."
"Bevestiging afstand digitale inhoud — Bestelling %increment_id","Bekräftelse av avstående för digitalt innehåll — Beställning %increment_id"
"Beste %name,","Hej %name,"
"Dit is de bevestiging op een duurzame gegevensdrager van uw uitdrukkelijke toestemming om te beginnen met de levering van de volgende digitale inhoud, en uw erkenning dat u daardoor uw herroepingsrecht verliest (Art. 6:230s BW).","Detta är bekräftelsen på ett varaktigt medium av ditt uttryckliga samtycke till att leveransen av följande digitala innehåll påbörjas samt din bekräftelse av att du därigenom förlorar din ångerrätt (art. 6:230s i den nederländska civillagen)."
"Onder deze afstand vallende digitale items","Digitala artiklar som omfattas av detta avstående"
"Uw uitdrukkelijke toestemming","Ditt uttryckliga samtycke"
"Toestemming verleend op:","Samtycke lämnat den:"
"Uw erkenning van verlies van herroepingsrecht","Din bekräftelse av förlorad ångerrätt"
"Erkend op:","Bekräftat den:"
"Afstandreferentie:","Referens för avstående:"
"Rechtsgrondslag: Art. 6:230s BW / Art. 16(m) Richtlijn 2011/83/EU.","Rättslig grund: art. 6:230s i den nederländska civillagen / art. 16(m) direktiv 2011/83/EU."
"[EU Withdrawal] Receipt send failed — request #%request_id","[EU Withdrawal] Sändning av kvitto misslyckades — begäran #%request_id"
"The receipt email for withdrawal request #%request_id has failed to send permanently.","Kvittensmejlet för ångerbegäran #%request_id har misslyckats att skickas permanent."
"Inspect the <code>mm_eu_withdrawal_request.receipt_last_error</code> column for the last error message, and the <code>mm_eu_withdrawal_request.receipt_send_attempts</code> column for the retry count.","Granska kolumnen <code>mm_eu_withdrawal_request.receipt_last_error</code> för senaste felmeddelande och kolumnen <code>mm_eu_withdrawal_request.receipt_send_attempts</code> för antal försök."
"You can requeue the send from the admin grid after resolving the underlying issue.","Du kan köa om sändningen från adminlistan när du har åtgärdat det underliggande problemet."
"Your refund is on its way — Withdrawal #%1","Din återbetalning är på väg — Ångerärende #%1"
"Your refund is on its way","Din återbetalning är på väg"
"Hi %name, we've approved your withdrawal request and started the refund process.","Hej %name, vi har godkänt ditt ångerärende och påbörjat återbetalningen."
"View refund details","Visa återbetalningsdetaljer"
"Withdrawal number","Ångernummer"
"Approved on","Godkänd den"
"Estimated arrival","Beräknad ankomst"
"Status","Status"
"Your refund will be issued to your original payment method within 5–7 business days. You'll see it on your card or bank statement once it lands.","Din återbetalning görs till din ursprungliga betalningsmetod inom 5–7 bankdagar. Du ser den på ditt kort- eller kontoutdrag så snart den kommit fram."
"Need help?","Behöver du hjälp?"
"Reply to this email or contact us at","Svara på detta mejl eller kontakta oss på"
"Your withdrawal was cancelled — Withdrawal #%1","Ditt ångerärende avbröts — Ångerärende #%1"
"Your withdrawal was cancelled","Ditt ångerärende avbröts"
"Hi %name, we've cancelled your withdrawal request.","Hej %name, vi har avbrutit ditt ångerärende."
"Submit a new request","Skicka in en ny begäran"
"Cancelled request","Avbruten begäran"
"Cancelled on","Avbruten den"
"Refund requested","Återbetalning begärd"
"If this was unexpected, you can submit a new withdrawal request as long as your 14-day window is still open. Reach out if you need help — we're happy to clarify.","Om det här var oväntat kan du skicka in ett nytt ångerärende så länge din 14-dagarsfrist fortfarande gäller. Hör av dig om du behöver hjälp — vi förklarar gärna."
"Cancellation confirmed — Withdrawal #%1","Avbokning bekräftad — Ångerärende #%1"
"Cancellation confirmed","Avbrytande bekräftat"
"Hi %name, your withdrawal request has been cancelled as you asked.","Hej %name, ditt ångerärende har avbrutits som du önskade."
"Back to my orders","Tillbaka till mina ordrar"
"Cancelled by","Avbruten av"
"You","Du"
"Your order remains active and there's no further action needed. If you change your mind, you can start a new withdrawal request any time within your 14-day window.","Din order är fortfarande aktiv och du behöver inte göra något mer. Om du ändrar dig kan du när som helst skicka in ett nytt ångerärende inom din 14-dagarsfrist."
"Update on your withdrawal request — Withdrawal #%1","Uppdatering av ditt ångerärende — Ångerärende #%1"
"We can't process this withdrawal","Vi kan inte godkänna ångerärendet"
"Hi %name, after reviewing your withdrawal request we're unable to approve it.","Hej %name, efter att ha granskat ditt ångerärende kan vi tyvärr inte godkänna det."
"Request details","Detaljer för begäran"
"Reviewed on","Granskad den"
"Decision","Beslut"
"Reason from our team","Skäl från vårt team"
"If you'd like to discuss this decision, our team is here to help. Reply to this email or use the button above.","Vill du diskutera beslutet finns vårt team här för dig. Svara på det här mejlet eller använd knappen ovan."
"Your withdrawal request has been submitted — Order #%1","Ditt ångerärende har skickats in — Order #%1"
"Your return request has been submitted","Din returbegäran har skickats in"
"Hi %name, we've received your return request and are currently reviewing it. You'll hear back when we've inspected your return and processed your refund.","Hej %name, vi har tagit emot din returbegäran och granskar den just nu. Du hör från oss när vi har inspekterat returen och behandlat återbetalningen."
"Return number","Returnummer"
"Requested on","Begärd den"
"We'll inspect your return and notify you once approved. Refunds are issued to your original payment method within 5–7 business days after approval.","Vi inspekterar din retur och meddelar dig när den är godkänd. Återbetalningar görs till din ursprungliga betalningsmetod inom 5–7 bankdagar efter godkännande."
"If you have any questions, our customer service team is here to help.","Om du har några frågor finns vår kundtjänst här för dig."
"Visit our help center","Besök vårt hjälpcenter"
"If you did not initiate this request, contact us immediately at","Om det inte var du som skickade in begäran, kontakta oss omedelbart på"
"Withdrawal receipt — Order #%1","Ångerintyg — Order #%1"
"Withdrawal receipt","Ångerkvitto"
"Hi %name, this email is your durable-medium proof of withdrawal under Art. 11a Directive 2011/83/EU. Keep it for your records.","Hej %name, det här mejlet är ditt ångerbevis i varaktig form enligt Art. 11a direktiv 2011/83/EU. Spara det för din dokumentation."
"Submitted on","Inskickat den"
"Your %store_name order confirmation","Din orderbekräftelse från %store_name"
"%customer_name,","%customer_name,"
"Thank you for your order from %store_name.","Tack för din beställning från %store_name."
"Once your package ships we will send you a tracking number.","När ditt paket skickas mejlar vi dig ett spårningsnummer."
"You can check the status of your order by <a href=""%account_url"">logging into your account</a>.","Du kan kontrollera status för din order genom att <a href=""%account_url"">logga in på ditt konto</a>."
"If you have questions about your order, you can email us at <a href=""mailto:%store_email"">%store_email</a>","Om du har frågor om din order kan du mejla oss på <a href=""mailto:%store_email"">%store_email</a>"
"or call us at <a href=""tel:%store_phone"">%store_phone</a>","eller ringa oss på <a href=""tel:%store_phone"">%store_phone</a>"
"Our hours are <span class=""no-link"">%store_hours</span>.","Våra öppettider är <span class=""no-link"">%store_hours</span>."
"Your Order <span class=""no-link"">#%increment_id</span>","Din order <span class=""no-link"">#%increment_id</span>"
"Placed on <span class=""no-link"">%created_at</span>","Lagd den <span class=""no-link"">%created_at</span>"
"Billing Info","Faktureringsuppgifter"
"Shipping Info","Leveransuppgifter"
"Payment Method","Betalningsmetod"
"Shipping Method","Leveransmetod"
"%name,","%name,"
"Once your package ships we will send an email with a link to track your order.","När ditt paket skickas mejlar vi dig en länk för att spåra din order."
"Your %store_name order has shipped","Din order från %store_name har skickats"
"Your shipping confirmation is below. Thank you again for your business.","Din leveransbekräftelse finns nedan. Tack än en gång för din beställning."
"Your Shipment #%shipment_id for Order #%order_id","Din leverans #%shipment_id för order #%order_id"
"Your digital content waiver is on file","Ditt avstående för digitalt innehåll är registrerat"
"Hi %name, you've consented to immediate digital delivery of the items below — this is your durable-medium copy of that consent (Art. 11a(4) CRD).","Hej %name, du har samtyckt till omedelbar digital leverans av artiklarna nedan — det här är din kopia av samtycket i varaktig form (Art. 11a(4) CRD)."
"View order","Visa order"
"Consented at","Samtyckt den"
"Acknowledged at","Bekräftad den"
"Keep this email as your durable-medium record. The merchant has stored the SHA-256 hash of the legal text you accepted:","Spara det här mejlet som din dokumentation i varaktig form. Säljaren har sparat SHA-256-hashen av den juridiska texten som du godkände:"
"Digital content waiver","Avstående för digitalt innehåll"
"We need your explicit consent before you can buy this digital item — please read both points carefully.","Vi behöver ditt uttryckliga samtycke innan du kan köpa denna digitala vara — läs båda punkterna noggrant."
"We log this consent with your IP and timestamp for our audit record.","Vi loggar detta samtycke med din IP-adress och tidsstämpel för vår granskningslogg."
"Continue","Fortsätt"
"Waiver could not be saved. Please retry.","Samtycket kunde inte sparas. Försök igen."
"Enable for EU Withdrawal Lookup Form","Aktivera för sökformuläret EU-ångerrätt"
"MageMe Extensions","MageMe-tillägg"
"EU Withdrawal","EU-ångerrätt"
"General","Allmänt"
"Enable Module","Aktivera modul"
"Activates frontend and cron jobs. Default: disabled. Complete the manual setup checklist before enabling.","Aktiverar butikssidan och cron-jobb. Standard: inaktiverad. Slutför den manuella konfigurationschecklistan innan du aktiverar."
"Request Number Prefix","Prefix för begärannummer"
"Optional prefix prepended to the withdrawal request increment ID in customer-facing UI (e.g. ""RR-"" renders as ""RR-000000022""). Leave blank to show the plain padded number.","Frivilligt prefix som läggs framför ångerbegärans löpnummer i kundgränssnittet (t.ex. ""RR-"" renderas som ""RR-000000022""). Lämna tomt för att visa enbart det utfyllda numret."
"Default Contract Type","Standardavtalstyp"
"Frontend Route","Butikssidans rutt"
"URL prefix used by the customer-facing withdrawal flow (e.g. <code>withdraw-contract</code> renders as <code>/withdraw-contract/...</code>). Lowercase letters, digits, dashes and underscores only.","URL-prefix som används av det kundvända ångerflödet (t.ex. <code>withdraw-contract</code> renderas som <code>/withdraw-contract/...</code>)."
"Withdrawal Period","Ångerfrist"
"Delivery Confirmation Statuses","Statusar för leveransbekräftelse"
"Pick one or more order statuses whose <em>transition</em> means the customer received the goods in your fulfillment workflow. The 14-day withdrawal window starts on the timestamp of the order's <em>earliest</em> transition into <em>any</em> of the selected statuses (Art. 9(2)(b) Directive 2011/83/EU). Multi-select supports merchants who use several ""delivered""-type statuses (e.g. <code>delivered</code> + <code>complete</code> + <code>delivered_partial</code>). Until the order reaches any of them, the right of withdrawal is open with no fixed deadline.","Välj en eller flera orderstatusar vars <em>övergång</em> innebär att kunden tagit emot varorna i ditt orderflöde. 14-dagars ångerfrist börjar löpa från tidsstämpeln för orderns <em>första</em> övergång till <em>någon</em> av de valda statusarna (art. 9(2)(b) direktiv 2011/83/EU). Flerval stöder handlare som använder flera ""levererad""-statusar (t.ex. <code>delivered</code> + <code>complete</code> + <code>delivered_partial</code>). Tills ordern når någon av dem är ångerrätten öppen utan fast frist."
"Eligibility Rules (Art. 16 CRD Presets)","Behörighetsregler (förinställningar enligt art. 16 CRD)"
"Art. 16(c) Custom-Made Goods","Art. 16(c) Specialtillverkade varor"
"Excludes products made to customer specifications or clearly personalised (e.g. engraved jewellery, made-to-measure clothing). <strong>Requires</strong> product attribute <code>is_custom_made = true</code>. If enabled, orders containing such items cannot be withdrawn — customers will see this when attempting to start withdrawal.","Utesluter produkter som tillverkats efter kundens specifikationer eller är klart personliga (t.ex. graverade smycken, måttsydda kläder). <strong>Kräver</strong> produktattributet <code>is_custom_made = true</code>. När aktiverat kan ordrar med sådana artiklar inte återkallas — kunder ser detta när de försöker starta ett ångerärende."
"Art. 16(d) Perishable Goods","Art. 16(d) Lättfördärvliga varor"
"Excludes goods that can deteriorate or expire rapidly (fresh food, cut flowers, short-shelf-life pharmaceuticals). <strong>Requires</strong> product attribute <code>is_perishable = true</code>. Do not enable for all categories — apply it only to truly perishable SKUs, otherwise you will unlawfully deny valid withdrawals.","Utesluter varor som snabbt kan försämras eller bli förbrukade (färska livsmedel, snittblommor, läkemedel med kort hållbarhet). <strong>Kräver</strong> produktattributet <code>is_perishable = true</code>. Aktivera inte för alla kategorier — använd endast för verkligt lättfördärvliga SKU:er, annars avslår du olagligt giltiga ångerärenden."
"Art. 16(e) Sealed Hygiene / Health","Art. 16(e) Förseglade hygien-/hälsovaror"
"Excludes sealed hygiene or health items <strong>only if the seal has been broken after delivery</strong> (cosmetics, intimate apparel, sealed medical supplies). <strong>Requires</strong> product attribute <code>is_sealed_hygiene = true</code>. The exclusion depends on a seal-check at the time of withdrawal (workflow in phase-04) — a sealed, unopened return remains eligible.","Utesluter förseglade hygien- eller hälsoartiklar <strong>endast om förseglingen har brutits efter leverans</strong> (kosmetika, intimkläder, förseglade medicinska tillbehör). <strong>Kräver</strong> produktattributet <code>is_sealed_hygiene = true</code>. Uteslutningen baseras på en förseglingskontroll vid ångerärendet (flöde i fas 04) — en förseglad, oöppnad retur är fortsatt berättigad."
"Art. 16(i) Sealed Audio / Video / Software","Art. 16(i) Förseglat ljud/video/programvara"
"Excludes sealed audio recordings, video recordings, or sealed computer software <strong>only if the seal has been broken after delivery</strong>. <strong>Requires</strong> product attribute <code>is_sealed_av = true</code>. Same seal-check logic as Art. 16(e). Does not apply to streaming / digital-download content — use Art. 16(m) for those.","Utesluter förseglade ljudinspelningar, videoinspelningar eller förseglad datorprogramvara <strong>endast om förseglingen har brutits efter leverans</strong>. <strong>Kräver</strong> produktattributet <code>is_sealed_av = true</code>. Samma förseglingslogik som art. 16(e). Gäller inte strömmande innehåll eller digitala nedladdningar — använd art. 16(m) för dem."
"Digital Content (Art. 16(m))","Digitalt innehåll (art. 16(m))"
"Detection","Identifiering"
"Enable Digital Content Detection","Aktivera identifiering av digitalt innehåll"
"Master switch for Art. 16(m) digital-content detection. When off, no product is recognised as digital, the checkout waiver step is not required, and the preset always allows withdrawal.","Huvudbrytare för identifiering av digitalt innehåll enligt art. 16(m). När den är av identifieras ingen produkt som digital, avståendesteget i kassan krävs inte och förinställningen tillåter alltid ångerrätt."
"Detection Strategies","Identifieringsstrategier"
"Which product-type heuristics trigger the digital-content waiver gate. Downloadable + virtual are safe defaults; bundle_contains_digital inspects bundle children; custom_attribute reads the EAV flag configured below.","Vilka produkttypsheuristiker som utlöser avståendegrinden för digitalt innehåll. Nedladdningsbar + virtuell är säkra standardval; bundle_contains_digital inspekterar paketets underartiklar; custom_attribute läser EAV-flaggan som konfigureras nedan."
"Custom Attribute Code","Kod för anpassat attribut"
"EAV attribute code used <strong>only</strong> when <em>Custom attribute flag</em> is picked in <em>Detection strategies</em> above. Default: <code>is_digital_content</code> (boolean attribute, 1 = digital). Ignored otherwise.","EAV-attributkod som används <strong>endast</strong> när <em>Flagga för anpassat attribut</em> är vald i <em>Identifieringsstrategier</em> ovan. Standard: <code>is_digital_content</code> (booleskt attribut, 1 = digital). Ignoreras annars."
"Checkout Step + Email","Kassasteg + mejl"
"Enable Checkout Waiver Step","Aktivera avståendesteg i kassan"
"When on, carts that contain a detected digital item render the 2-checkbox waiver step at checkout. Has no effect unless <em>Detection → Enable digital content detection</em> is also on.","När aktiverat renderas avståendesteget med två kryssrutor i kassan för varukorgar som innehåller en identifierad digital artikel. Har ingen effekt om inte <em>Identifiering → Aktivera identifiering av digitalt innehåll</em> också är på."
"Merchant BCC Address for Confirmation Emails","Handlarens hemliga kopia-adress för bekräftelsemejl"
"Optional. Blind-copies the waiver-confirmation email to a merchant audit address. Leave blank to skip.","Frivilligt. Skickar en hemlig kopia av bekräftelsemejlet för avståendet till en gransknings-e-postadress hos handlaren. Lämna tomt för att hoppa över."
"Mark Virtual-Only Items as Performance-Started on Confirmation","Markera enbart virtuella artiklar som prestationsstartade vid bekräftelse"
"Virtual products have no download trigger. When on, the waiver confirmation email's dispatch counts as performance-start for virtual-only items.","Virtuella produkter har ingen nedladdningstrigger. När aktiverat räknas utskicket av bekräftelsemejlet för avståendet som prestationsstart för enbart virtuella artiklar (I-6-gränsen)."
"Confirmation Email Identity","Avsändaridentitet för bekräftelsemejl"
"Per-Locale Waiver Text Overrides","Åsidosättningar av avståendetext per språk"
"English (en_US)","Engelska (en_US)"
"Consent Text","Samtyckestext"
"Right-Loss Acknowledgment Text","Bekräftelsetext för förlorad rätt"
"German (de_DE)","Tyska (de_DE)"
"Finnish (fi_FI)","Finska (fi_FI)"
"Dutch (nl_NL)","Nederländska (nl_NL)"
"French (fr_FR)","Franska (fr_FR)"
"Italian (it_IT)","Italienska (it_IT)"
"Spanish (es_ES)","Spanska (es_ES)"
"Polish (pl_PL)","Polska (pl_PL)"
"Portuguese (pt_PT)","Portugisiska (pt_PT)"
"Danish (da_DK)","Danska (da_DK)"
"Swedish (sv_SE)","Svenska (sv_SE)"
"German — Austria (de_AT)","Tyska — Österrike (de_AT)"
"Swedish — Finland (sv_FI)","Svenska — Finland (sv_FI)"
"Dutch — Belgium (nl_BE)","Nederländska — Belgien (nl_BE)"
"French — Belgium (fr_BE)","Franska — Belgien (fr_BE)"
"German — Belgium (de_BE)","Tyska — Belgien (de_BE)"
"French — Luxembourg (fr_LU)","Franska — Luxemburg (fr_LU)"
"Pre-Contract Information (Art. 6(1)(h))","Information före avtalsslut (art. 6(1)(h))"
"Enable Pre-Contract Disclosure","Aktivera information före avtalsslut"
"Master kill-switch. Disabled = block does not render and no display events are recorded. Disabling exposes the merchant to Art. 10 (12 month + 14 day extended withdrawal period). Default: enabled.","Huvudbrytare. Inaktiverad = blocket renderas inte och inga visningshändelser registreras. Att inaktivera utsätter handlaren för art. 10 (förlängd ångerfrist på 12 månader + 14 dagar). Standard: aktiverad."
"Withdrawal Period (Days)","Ångerfrist (dagar)"
"Default 14 days per Art. 9(2). Extension allowed (e.g. 30, 100). Reduction below 14 is illegal — the field validates >=14 only when the module is enabled.","Standard 14 dagar enligt art. 9(2). Förlängning är tillåten (t.ex. 30, 100). Förkortning under 14 är olaglig — fältet validerar >=14 endast när modulen är aktiverad."
"Return Address","Returadress"
"Where consumers send goods back. Leave empty to fall back to the store address from Stores → Configuration → General → General → Store Information.","Dit konsumenter skickar tillbaka varor. Lämna tomt för att återgå till adressen i Butiker → Konfiguration → Allmänt → Allmänt → Butiksinformation."
"Display In Checkout","Visa i kassan"
"Annex I Overrides Per Locale","Åsidosättningar av bilaga I per språk"
"Bulgarian (bg_BG)","Bulgariska (bg_BG)"
"Czech (cs_CZ)","Tjeckiska (cs_CZ)"
"Greek (el_GR)","Grekiska (el_GR)"
"Estonian (et_EE)","Estniska (et_EE)"
"Croatian (hr_HR)","Kroatiska (hr_HR)"
"Hungarian (hu_HU)","Ungerska (hu_HU)"
"Lithuanian (lt_LT)","Litauiska (lt_LT)"
"Latvian (lv_LV)","Lettiska (lv_LV)"
"Romanian (ro_RO)","Rumänska (ro_RO)"
"Slovak (sk_SK)","Slovakiska (sk_SK)"
"Slovenian (sl_SI)","Slovenska (sl_SI)"
"Frontend","Butikssida"
"Buttons","Knappar"
"Step 1 Button Label","Knappetikett för steg 1"
"<strong>⚠ Legal warning.</strong> Art. 11a(2) CRD requires the literal text ""withdraw from contract here"" <em>or a corresponding unambiguous formulation</em>. The default value (""Withdraw from contract here"") is the Directive's verbatim phrase. Per-locale translations are counsel-signed. <strong>Do not override unless you have received written advice from qualified consumer-law counsel in the target jurisdiction.</strong> Every override is recorded in the audit log.","<strong>⚠ Juridisk varning.</strong> Art. 11a(2) CRD kräver den ordagranna texten ""withdraw from contract here"" <em>eller en motsvarande otvetydig formulering</em>. Standardvärdet (""Withdraw from contract here"") är direktivets ordagranna fras. Per-locale translations are counsel-signed. <strong>Åsidosätt inte utan skriftlig rådgivning från kvalificerad konsumenträttsjurist i målmarknaden.</strong> Varje åsidosättande loggas i granskningsloggen."
"Step 2 Button Label (Confirmation)","Knappetikett för steg 2 (bekräftelse)"
"<strong>⚠ Legal warning.</strong> This is the label on the final confirmation button. Default (""Confirm withdrawal"") is counsel-signed. Per-locale translations are counsel-signed. Override only with written legal advice; overrides are audit-logged.","<strong>⚠ Juridisk varning.</strong> Detta är etiketten på den slutliga bekräftelseknappen. Standard (""Confirm withdrawal"") är juristgodkänd. Per-locale translations are counsel-signed. Åsidosätt endast med skriftlig juridisk rådgivning; åsidosättanden granskningsloggas."
"Placements","Placeringar"
"Show Footer Link","Visa länk i sidfoten"
"Show in My Account","Visa i Mitt konto"
"Return Reasons","Returorsaker"
"Reasons","Skäl"
"List of reasons offered to the customer in the per-item dropdown. <strong>Code</strong> is the machine value (lowercase, snake_case, max 32 chars); <strong>Label</strong> is the visible text. Empty grid hides the dropdown entirely.","Lista över skäl som erbjuds kunden i rullgardinsmenyn per artikel. <strong>Kod</strong> är maskinvärdet som sparas i databasen (gemener, snake_case, max 32 tecken); <strong>Etikett</strong> är den synliga texten. Tom lista döljer rullgardinen helt."
"Enable ""Other"" with Free Text","Aktivera ""Annat"" med fritextfält"
"When enabled, an ""Other"" option appears in the dropdown that reveals a free-text field (max 500 chars).","När aktiverat visas alternativet ""Annat"" i rullgardinen som öppnar ett fritextfält (max 500 tecken)."
"Review Step","Granskningssteg"
"Return Shipping Notice","Information om returfrakt"
"Text shown on the Review & Confirm step (step 3). Example: ""You'll receive a prepaid shipping label in the confirmation email."" or ""Return shipping costs are paid by the customer."" Leave blank to hide the row.","Text som visas på Granska & bekräfta-steget (steg 3). Exempel: ""Du får en förbetald fraktetikett i bekräftelsemejlet."" eller ""Returfraktkostnader betalas av kunden."" Lämna tomt för att dölja raden."
"Return Policy URL","URL för returvillkor"
"Optional link rendered next to the shipping notice (""View return policy""). Accepts absolute URLs or relative paths like ""return-policy"".","Frivillig länk som visas bredvid fraktinformationen (""Se returvillkor""). Godtar absoluta URL:er eller relativa sökvägar som ""return-policy""."
"Customer Notifications","Kundmeddelanden"
"All customer-facing emails sent by the module. Each email can be enabled/disabled, assigned a custom template (Marketing → Email Templates), and BCC'd to a merchant address. The shared <em>Branding</em> subgroup at the bottom controls the layout (USP strip, social links) used by every email below.","Alla kundmejl som skickas av modulen. Varje mejl kan aktiveras/inaktiveras, tilldelas en anpassad mall (Marknadsföring → E-postmallar) och få en hemlig kopia till en handlaradress. Den delade undergruppen <em>Varumärkesprofil</em> längst ned styr layouten (USP-list, sociala länkar) som används av varje mejl nedan."
"1. Submission Confirmation Email","1. Bekräftelsemejl vid inskickad begäran"
"Enabled","Aktiverad"
"Email Template","Mejlmall"
"BCC Merchant","Hemlig kopia till handlaren"
"Comma-separated. Leave blank to disable.","Kommaseparerad. Lämna tomt för att inaktivera."
"2. Approval Email","2. Godkännandemejl"
"3. Denial Email","3. Avslagsmejl"
"4. Cancellation Email (Admin-Initiated)","4. Annulleringsmejl (initierat av administratör)"
"5. Cancellation Email (Customer Self-Cancel)","5. Annulleringsmejl (kundens egen annullering)"
"6. Receipt Email (Durable Medium — Art. 11a(4))","6. Kvittensmejl (varaktigt medium — art. 11a(4))"
"Legally required durable-medium confirmation. Cannot be fully disabled (Art. 11a(4) Directive 2011/83/EU). Disabling here only stops the sender — the receipt is still generated and stored.","Lagstadgat krav på bekräftelse i varaktig form. Kan inte inaktiveras helt (art. 11a(4) direktiv 2011/83/EU). Att inaktivera här stoppar endast utskicket — kvittot genereras och lagras ändå."
"Send Email","Skicka mejl"
"Comma-separated.","Kommaseparerad."
"Delivery Retry Attempts","Antal återförsök för leverans"
"Number of delivery attempts before a receipt is flagged as undelivered.","Number of delivery attempts before a receipt is flagged as undelivered."
"DLQ Alert Recipient","Mottagare av DLQ-larm"
"Notified when a receipt fails permanently. Falls back to Store Email Addresses → General Contact.","Aviseras när ett kvitto misslyckas permanent. Faller tillbaka till Butikens e-postadresser → Allmän kontakt."
"7. Digital Waiver Confirmation Email (Art. 11a(4))","7. Bekräftelsemejl för digitalt avstående (art. 11a(4))"
"Durable-medium copy of the customer's Art. 16(m) waiver, sent immediately after checkout when a digital item is in cart. Required by Art. 11a(4) Directive 2011/83/EU — keeps a tamper-evident record of the legal text the customer accepted.","Kopia i varaktig form av kundens avstående enligt art. 16(m), skickas direkt efter kassan när en digital artikel finns i varukorgen. Krävs enligt art. 11a(4) direktiv 2011/83/EU — bevarar ett manipulationssäkrat underlag av den juridiska texten som kunden godkände, samt SHA-256-hashen för verifiering via hashkedja."
"Comma-separated. Receives a copy of every confirmation for audit purposes.","Kommaseparerad. Får en kopia av varje bekräftelse för granskning."
"Branding (Shared by All Emails Above)","Varumärkesprofil (delas av alla mejl ovan)"
"Optional decoration of the customer-facing emails. Empty fields hide their respective rows. Brand wordmark, logo, support email, and store address are read from the standard Magento configuration tree (Stores → Configuration → General + Design → Transactional Emails).","Frivillig dekoration av kundmejlen. Tomma fält döljer sina respektive rader. Varumärkesnamn, logotyp, supportmejl och butiksadress läses från Magentos standardkonfiguration (Butiker → Konfiguration → Allmänt + Design → Transaktionsmejl)."
"USP Strip — Item 1","USP-list — punkt 1"
"Icon","Ikon"
"Title","Rubrik"
"Subtitle","Underrubrik"
"USP Strip — Item 2","USP-list — punkt 2"
"USP Strip — Item 3","USP-list — punkt 3"
"Social Links","Sociala länkar"
"Instagram URL","Instagram-URL"
"X / Twitter URL","X-/Twitter-URL"
"Facebook URL","Facebook-URL"
"YouTube URL","YouTube-URL"
"Privacy & Retention","Integritet och lagring"
"Two-stage GDPR data lifecycle for the <code>mm_eu_withdrawal_request</code> table. Withdrawal requests carry both <em>personally identifiable</em> data (customer name, email, IP, user agent, admin notes, denial reasons) and a content hash that is the Art. 11a(4) <em>durable-medium</em> legal proof. The two have different mandatory retention periods, so we store them on the same row and age them out separately.","Tvåstegs GDPR-livscykel för tabellen <code>mm_eu_withdrawal_request</code>. Ångerärenden bär både <em>personligt identifierbara</em> uppgifter (kundnamn, e-post, IP, user agent, administratörsanteckningar, avslagsskäl) och en innehållshash som är det juridiska beviset i <em>varaktig form</em> enligt art. 11a(4). De två har olika obligatoriska lagringstider, så vi lagrar dem på samma rad och åldrar ut dem separat."
"PII Retention (days)","Lagringstid för PII (dagar)"
"How long the <strong>personally identifiable columns</strong> stay on a row before the daily cron <strong>nullifies</strong> them: <code>customer_name</code>, <code>customer_email</code>, <code>customer_ip</code>, <code>user_agent</code>, <code>denial_reason</code>, <code>admin_note</code>. The row itself stays — only PII is wiped. Counted from the row's <code>created_at</code>.<br/><br/>
                        <strong>Default: 730 days (2 years).</strong> This is the floor — GDPR Art. 5(1)(e) (""storage limitation"") balanced against the statute of limitations for consumer-rights claims in most EU member states (1–2 years). Range: 730–3650 days.","Hur länge de <strong>personligt identifierbara kolumnerna</strong> finns kvar på en rad innan det dagliga cron-jobbet <strong>nollställer</strong> dem: <code>customer_name</code>, <code>customer_email</code>, <code>customer_ip</code>, <code>user_agent</code>, <code>denial_reason</code>, <code>admin_note</code>. Själva raden behålls — endast PII raderas. Räknat från radens <code>created_at</code>.<br/><br/>
                        <strong>Standard: 730 dagar (2 år).</strong> Detta är minimum — GDPR art. 5(1)(e) (""lagringsminimering"") avvägd mot preskriptionstiden för konsumenträttsliga krav i de flesta EU-medlemsstater (1–2 år). Intervall: 730–3650 dagar."
"Hash Retention (days)","Lagringstid för hashar (dagar)"
"How long the <strong>content hash</strong> (Art. 11a(4) durable-medium proof) stays. After PII has been wiped above, the row keeps only the SHA-256 hash + receipt timestamps until this period expires; then the cron <strong>deletes the whole row</strong>.<br/><br/>
                        <strong>Default: 2190 days (6 years).</strong> Matches the longest commercial-records retention obligation in EU member states (typically 6 years for accounting / VAT). Must be ≥ PII Retention. Range: 2190–3650 days.","Hur länge <strong>innehållshashen</strong> (bevis i varaktig form enligt art. 11a(4)) finns kvar. När PII har raderats enligt ovan behåller raden endast SHA-256-hashen + kvittotidsstämplar tills denna period går ut; därefter <strong>raderar cron hela raden</strong>.<br/><br/>
                        <strong>Standard: 2190 dagar (6 år).</strong> Matchar den längsta lagringsplikten för affärshandlingar i EU-medlemsstaterna (vanligtvis 6 år för bokföring/moms). Måste vara ≥ Lagringstid för PII. Intervall: 2190–3650 dagar."
"Append-only audit log of all withdrawal lifecycle events (GDPR Art. 5(2) accountability).
                    Personal data (IP, user agent, customer actor ID) is automatically nullified after the retention period.
                    The audit rows themselves are never deleted — only anonymised.","Append-only granskningslogg över alla händelser i ångerärendets livscykel (GDPR art. 5(2) ansvarsskyldighet).
                    Personuppgifter (IP, user agent, kundens aktörs-ID) nollställs automatiskt efter lagringsperioden.
                    Själva granskningsraderna raderas aldrig — endast anonymiseras."
"Order #","Order nr"
"Contract","Avtal"
"Submitter","Inskickare"
"Withdrawal submitted","Ångerärende inskickat"
"Right of Withdrawal — Required Information","Ångerrätt — Obligatorisk information"
"Before placing your order, please review the conditions, time limit, and procedures for exercising your 14-day right of withdrawal. This information forms part of your contract.","Innan du lägger din beställning, vänligen läs villkoren, fristen och förfarandena för att utöva din 14-dagars ångerrätt. Denna information utgör en del av ditt avtal."
"Conditions, Time Limit and Procedures for Withdrawal","Villkor, frist och förfaranden för ångerrätt"
"Start Online Return","Starta online-retur"
"Download Model Withdrawal Form (Annex I(B))","Ladda ner standardformulär för ångerrätt (Bilaga I(B))"
"Withdrawal Information v%1 — Issued %2","Ångerinformation v%1 — utfärdad %2"
"You'll receive a prepaid shipping label in the confirmation email.","Du får en förbetald fraktetikett i bekräftelsemejlet."
"← Back to order search","← Tillbaka till ordersökning"
"← Back to items","← Tillbaka till artiklar"
"Find order","Hitta order"
"Enter your order number and email","Ange ordernummer och e-postadress"
"Select items","Välj artiklar"
"Choose items to return (partial withdrawal)","Välj artiklar att returnera (partiell ångerrätt)"
"Review & confirm","Granska & bekräfta"
"Review your return details and confirm","Granska dina returdetaljer och bekräfta"
"Request submitted","Begäran skickad"
"We'll confirm your request by email","Vi bekräftar din begäran via e-post"
"I expressly consent to begin performance of the digital content before the withdrawal period expires.","Jag samtycker uttryckligen till att påbörja leveransen av det digitala innehållet innan ångerfristen löper ut."
"I acknowledge that by giving this consent I lose my right of withdrawal once performance has begun (Art. 16(m) CRD).","Jag är medveten om att jag genom detta samtycke förlorar min ångerrätt så snart leveransen har påbörjats (art. 16 m i konsumenträttighetsdirektivet)."
"Withdrawals","Ångerärenden"
"Minimum %1 characters required.","Minst %1 tecken krävs."
"Failed to add note.","Det gick inte att lägga till anteckning."
"Network error while adding note.","Nätverksfel vid tillägg av anteckning."
"Exported Evidence","Underlag exporterat"
"Pending Confirm","Väntar på bekräftelse"
"Sent","Skickad"
"Failed Permanent","Permanent misslyckad"
"Failed Retry","Misslyckad, försöker igen"
"Eligible","Berättigad"
"Excluded","Utesluten"
"Action","Åtgärd"
"From","Från"
"To","Till"
"Admin Id","Admin-ID"
"Order Id","Order-ID"
"Request Id","Begäran-ID"
"Item Count","Antal artiklar"
"Rules Fired","Tillämpade regler"
"Topic","Ämne"
"Message Id","Meddelande-ID"
"Email To Hash","E-posthash"
"Attempts","Försök"
"Viewed At","Visad"
"Referrer Host","Hänvisande värd"
"Enable \Other\"" with Free Text""","Aktivera \Annat\"" med fritextfält"""
"Optional legal template — not required to use; you can also exercise the right of withdrawal by any unequivocal statement.","Frivillig rättslig mall — ingen skyldighet att använda den; ångerrätten kan även utövas genom en otvetydig förklaring."
"Right of withdrawal","Ångerrätt"
"You have 14 days from the day you receive your order to withdraw without giving any reason — full refund to your original payment method.","Du har 14 dagar från den dag du tar emot din order att ångra köpet utan att ange något skäl — full återbetalning till din ursprungliga betalningsmetod."
"Some items may be excluded by law (perishable goods, custom-made items, sealed hygiene or audio/video products). We'll show you exactly what's eligible on the next page.","Vissa artiklar kan vara uteslutna i lag (lättfördärvliga varor, specialtillverkade artiklar, förseglade hygien- eller ljud-/videoprodukter). Vi visar exakt vad som är berättigat på nästa sida."
"Direct link — no login or account password required.","Direktlänk — ingen inloggning eller kontolösen krävs."
"Art. 16(m) CRD exclusion — digital content where the customer has (1) given express prior consent to begin performance and (2) acknowledged that they lose the withdrawal right. Two switches: the <em>Detection</em> subgroup decides what counts as digital (master switch), the <em>Checkout step + Email</em> subgroup renders the 2-checkbox waiver UX and dispatches the confirmation email. Both must be ON for the feature to work end-to-end. Use this only for <strong>one-time digital purchases</strong> (ebooks, software installers, music files, games). Do <strong>not</strong> enable it for ongoing digital <strong>subscriptions or services</strong> (SaaS, streaming, hosted software) — EU case law (CJEU Sky, C-641/19) requires a different consent flow for those.","Art. 16(m) CRD exclusion — digital content where the customer has (1) given express prior consent to begin performance and (2) acknowledged that they lose the withdrawal right. Two switches: the <em>Detection</em> subgroup decides what counts as digital (master switch), the <em>Checkout step + Email</em> subgroup renders the 2-checkbox waiver UX and dispatches the confirmation email. Both must be ON for the feature to work end-to-end. Use this only for <strong>one-time digital purchases</strong> (ebooks, software installers, music files, games). Do <strong>not</strong> enable it for ongoing digital <strong>subscriptions or services</strong> (SaaS, streaming, hosted software) — EU case law (CJEU Sky, C-641/19) requires a different consent flow for those."
"Customer-facing UX for the withdrawal flow. Subgroups: <em>Buttons</em> (legal-critical labels), <em>Placements</em> (where to surface the link), <em>Return Reasons</em> (per-item dropdown), <em>Review Step</em> (content on step 3 of the flow).","Kundvänd UX för ångerflödet. Undergrupper: <em>Knappar</em> (juridiskt avgörande etiketter), <em>Placeringar</em> (var länken ska visas), <em>Returorsaker</em> (rullgardinslista per artikel), <em>Granskningssteg</em> (innehåll i flödets steg 3)."
"Disable only if you deliver the durable-medium confirmation through a different channel.","Inaktivera endast om du levererar bekräftelsen i varaktig form via en annan kanal."
"Disable only if you deliver the receipt through a different durable medium (postal mail, customer account download, etc.).","Inaktivera endast om du levererar kvittot via ett annat varaktigt medium (post, nedladdning i kundkontot m.m.)."
"Empty fields fall through to the locale baseline. Any override value becomes part of the SHA-256 hash stored per consent event — changing a field after customers have consented does <strong>not</strong> retroactively invalidate prior consents.","Tomma fält faller tillbaka på baslinjen i the locale baseline för respektive språk/jurisdiktion. Varje överskrivningsvärde blir en del av SHA-256-hashen som sparas per samtyckeshändelse — att ändra ett fält efter att kunder har samtyckt ogiltigförklarar <strong>inte</strong> tidigare samtycken retroaktivt."
"Mandatory pre-contractual disclosure of the right of withdrawal. Displayed on the checkout payment step. Each display is logged forensically (Art. 10 defence). Snapshot of the rendered text is stored immutably (Art. 6(5)). <strong>Counsel review recommended before customising any Annex I text.</strong>","Obligatorisk förkontraktuell information om ångerrätten. Visas i kassans betalningssteg. Varje visning loggas på ett bevismässigt sätt (försvar enligt art. 10). En ögonblicksbild av den renderade texten lagras oföränderligt (art. 6.5). <strong>Juridisk granskning rekommenderas innan någon text i bilaga I anpassas.</strong>"
"Off = block hidden but display events still recorded server-side via predispatch fallback. Use only for sandbox testing. Default: on.","Av = blocket är dolt men visningshändelser registreras fortfarande på serversidan via predispatch-reservlösningen. Använd endast för sandbox-tester. Standard: på."
"Optional URLs rendered as round monogram badges in the email footer. Leave blank to hide.","Valfria URL:er som visas som runda monogrammärken i e-postsidfoten. Lämna tomt för att dölja."
"Sent when a customer cancels their own pending withdrawal.","Skickas när en kund avbryter sitt eget väntande ångerärende."
"Sent when a customer completes the withdrawal form.","Skickas när en kund fyller i ångerformuläret."
"Sent when an admin approves a withdrawal request.","Skickas när en administratör godkänner en ångerbegäran."
"Sent when an admin cancels a withdrawal request on the customer's behalf.","Skickas när en administratör avbryter en ångerbegäran för kundens räkning."
"Sent when an admin denies a withdrawal request.","Skickas när en administratör avslår en ångerbegäran."
"These presets exclude specific product categories from the 14-day withdrawal right, per Art. 16 CRD. Each rule is OFF by default — enable only after confirming the corresponding product attribute is set correctly on your catalog.","Dessa förinställningar undantar specifika produktkategorier från den 14 dagar långa ångerrätten enligt art. 16 CRD. Varje regel är AV som standard — aktivera först efter att du bekräftat att motsvarande produktattribut är korrekt inställt i din katalog."
"e.g. ""EU orders above €50""","t.ex. ""EU-ordrar över 50 €"""
"e.g. ""Free delivery""","t.ex. ""Fri leverans"""
"Qty: ","Antal: "
"Submission failed. Please try again.","Inlämning misslyckades. Försök igen."
"Network error. Please try again.","Nätverksfel. Försök igen."
"Invalid server response.","Ogiltigt serversvar."
"Admin Notifications","Administratörsmeddelanden"
"Internal alerts to your team. Independent of the per-email <em>BCC Merchant</em> checkboxes under <em>Customer Notifications</em> below — if you enable both, you will receive two emails per request.","Interna varningar till ditt team. Oberoende av kryssrutorna <em>BCC till handlare</em> under <em>Kundmeddelanden</em> nedan — om du aktiverar båda får du två e-postmeddelanden per begäran."
"1. New Request Alert","1. Avisering om ny begäran"
"Sent the moment a customer completes the two-step withdrawal flow.","Skickas i det ögonblick en kund slutför tvåstegsprocessen för ångerrätt."
"Recipient Email(s)","Mottagarens e-post"
"BCC","Hemlig kopia"
"New Withdrawal Request","Ny begäran om ångerrätt"
"A new withdrawal request was just submitted.","En ny begäran om ångerrätt har just skickats."
"Request:","Begäran:"
"Order:","Order:"
"Customer:","Kund:"
"Refund Total:","Totalt återbetalningsbelopp:"
"[Withdrawal] New request %request_increment_id · Order #%order_increment_id · %refund_total","[Ångerrätt] Ny begäran %request_increment_id · Order #%order_increment_id · %refund_total"
"Anonymised","Anonymiserad"
"Audit","Revision"
"Cancel Order","Avbryt order"
"Confirmation Email (Art. 11a(4))","Bekräftelse-e-post (art. 11a(4))"
"Detection (Art. 16(m))","Identifiering (art. 16(m))"
"Digital Waiver (Art. 16(m))","Avstående för digitalt innehåll (art. 16(m))"
"Email Identity","Avsändaridentitet"
"ID","ID"
"Integrity hash","Integritetshash"
"Pre-Contract Proof","Föravtalsbevis"
"Verify this receipt","Verifiera detta kvitto"
"Withdrawal Window","Ångerfrist"
"This SHA-256 hash uniquely identifies your withdrawal record. Verify it at any time using the button above.","Detta SHA-256-hashvärde identifierar entydigt din ångerregistrering. Du kan när som helst verifiera det med knappen ovan."
"Digital content waiver confirmation — Order %increment_id","Bekräftelse av avstående för digitalt innehåll — Order %increment_id"
"Comma-separated. Each recipient receives a separate email rendered in their own admin locale (looked up via the admin user's interface_locale; fallback to general/locale/code). Invalid addresses dropped silently.","Kommaseparerade. Varje mottagare får ett separat e-postmeddelande renderat i sin egen admin-lokal (slås upp via admin-användarens interface_locale; reserv — general/locale/code). Ogiltiga adresser släpps utan meddelande."
"Art. 16(m) CRD digital-content detection. Determines what counts as digital content for eligibility purposes. The actual checkout-step waiver UI and email lives in the next section ""Digital Waiver"".","Detektering av digitalt innehåll enligt art. 16(m) konsumenträttighetsdirektivet. Avgör vad som räknas som digitalt innehåll för ångerrättens syfte. Själva avståendegränssnittet i kassan och e-posten finns i nästa avsnitt „Avstående för digitalt innehåll“."
"Art. 16(m) CRD exclusion — digital content where the customer has (1) given express prior consent to begin performance and (2) acknowledged that they lose the withdrawal right. Two switches control this feature end-to-end: the <em>Detection</em> subgroup under <em>Eligibility Rules</em> decides what counts as digital (master switch); this section renders the 2-checkbox waiver UX at checkout and dispatches the Art. 11a(4) confirmation email. Both must be ON for the feature to work end-to-end. Per-locale text overrides below. Use this only for <strong>one-time digital purchases</strong> (ebooks, software installers, music files, games). Do <strong>not</strong> enable it for ongoing digital <strong>subscriptions or services</strong> (SaaS, streaming, hosted software) — EU case law (CJEU Sky, C-641/19) requires a different consent flow for those.","Undantag art. 16(m) konsumenträttighetsdirektivet — digitalt innehåll där kunden (1) uttryckligen i förväg samtyckt till att utförandet inleds och (2) bekräftat förlust av ångerrätten. Två brytare styr funktionen: undergruppen <em>Identifiering</em> under <em>Behörighetsregler</em> avgör vad som räknas som digitalt (huvudbrytare); detta avsnitt renderar avstående-UI med 2 kryssrutor i kassan och skickar bekräftelse-e-post enligt art. 11a(4). Båda måste vara PÅ. Textöverstyrningar per språk nedan. Använd endast för <strong>digitala engångsköp</strong> (e-böcker, installationsprogram, musikfiler, spel). Aktivera <strong>inte</strong> för pågående digitala <strong>prenumerationer eller tjänster</strong> (SaaS, streaming, värdtjänster) — EU-rättspraxis (CJEU Sky, C-641/19) kräver ett annat samtyckesflöde."
"Defines <strong>when</strong> the 14-day withdrawal right starts running (the delivery trigger, Art. 9(2)(b)) and <strong>how long</strong> it lasts in days (Art. 9(2)). Together these control the period each order's withdrawal is open.","Definierar <strong>när</strong> den 14-dagars ångerrätten börjar löpa (leveransutlösare, art. 9(2)(b)) och <strong>hur länge</strong> den varar i dagar (art. 9(2)). Tillsammans styr de perioden då varje orders ångerrätt är öppen."
"Default 14 days per Art. 9(2). Extension allowed (e.g. 30, 100). Reduction below 14 is illegal — the field validates 14-3650 only.","Standard 14 dagar enligt art. 9(2). Förlängning tillåten (t.ex. 30, 100). Minskning under 14 är olaglig — fältet validerar endast 14-3650."
"When on, carts that contain a detected digital item render the 2-checkbox waiver step at checkout. Has no effect unless <em>Eligibility Rules → Detection → Enable Digital Content Detection</em> is also on.","När aktiverat visar varukorgar med ett upptäckt digitalt objekt avstående-steget med 2 kryssrutor i kassan. Har ingen effekt om inte <em>Behörighetsregler → Identifiering → Aktivera identifiering av digitalt innehåll</em> också är aktiverat."
"Optional. Comma-separated. Blind-copies the waiver-confirmation email to a merchant audit address. Leave blank to skip.","Valfritt. Kommaseparerade. Skickar en hemlig kopia av avstående-bekräftelsemailen till en handlares revisionsadress. Lämna tomt för att hoppa över."
"<strong>⚠ Legal warning.</strong> Art. 11a(2) CRD requires the literal text ""withdraw from contract here"" <em>or a corresponding unambiguous formulation</em>. The default value (""Withdraw from contract here"") is the Directive's verbatim phrase; Per-locale translations are counsel-signed. <strong>Do not override unless you have received written advice from qualified consumer-law counsel in the target jurisdiction.</strong> Every override is recorded in the audit log.","<strong>⚠ Juridisk varning.</strong> Art. 11a(2) konsumenträttighetsdirektivet kräver den ordagranna texten „återkalla från avtalet här“ <em>eller en motsvarande otvetydig formulering</em>. Standardvärdet („Återkalla från avtalet här“) är Direktivets ordagranna fras; Översättningar per språk är juridiskt godkända. <strong>Skriv inte över utan att ha fått skriftliga råd från en kvalificerad konsumenträttsadvokat i målgruppens jurisdiktion.</strong> Varje överskrivning registreras i revisionsloggen."
"<strong>⚠ Legal warning.</strong> This is the label on the final confirmation button. Default (""Confirm withdrawal"") is counsel-signed; Per-locale translations are counsel-signed. Override only with written legal advice; overrides are audit-logged.","<strong>⚠ Juridisk varning.</strong> Detta är etiketten på den slutliga bekräftelseknappen. Standard („Bekräfta ångerrätt“) är juridiskt godkänd; Översättningar per språk är juridiskt godkända. Skriv över endast med skriftliga juridiska råd; överskrivningar registreras i revisionsloggen."
"Cancel the linked order? No payment has been captured, so there is nothing to refund — the order will be cancelled in Magento.","Avbryt den länkade ordern? Ingen betalning har debiterats, så det finns inget att återbetala — ordern avbryts i Magento."
"Two-stage GDPR data lifecycle. Withdrawal requests carry both <em>personally identifiable</em> data (customer name, email, IP, user agent, admin notes, denial reasons) and a content hash that is the Art. 11a(4) <em>durable-medium</em> legal proof. The two have different mandatory retention periods and are aged out separately.","Tvåfas GDPR-datalivscykel. Ångerförfrågningar innehåller både <em>personidentifierbara</em> data (kundnamn, e-post, IP, user agent, admin-anteckningar, avslagsskäl) och en innehållshash som är art. 11a(4) <em>varaktig medium</em> juridiskt bevis. De två har olika obligatoriska lagringsperioder och avvecklas separat."
"How long the <strong>personally identifiable fields</strong> (customer name, email, IP, user agent, denial reason, admin note) are kept before they are nullified by the daily privacy cron. The withdrawal record itself stays — only PII is wiped. Counted from the record's creation date.<br/><br/>
                        <strong>Default: 730 days (2 years).</strong> This is the floor — GDPR Art. 5(1)(e) (""storage limitation"") balanced against the statute of limitations for consumer-rights claims in most EU member states (1–2 years). Range: 730–3650 days.","Hur länge <strong>personidentifierbara fält</strong> (kundnamn, e-post, IP, user agent, avslagsskäl, admin-notering) bevaras innan de nollställs av det dagliga integritets-cronet. Själva ångerregistreringen kvarstår — endast PII raderas. Räknat från postens skapandedatum.<br/><br/>
                        <strong>Standard: 730 dagar (2 år).</strong> Detta är minimigränsen — GDPR art. 5(1)(e) („lagringsbegränsning“) avvägd mot preskriptionstider för konsumenträttsanspråk i de flesta EU-medlemsstater (1–2 år). Intervall: 730–3650 dagar."
"How long the <strong>content hash</strong> (Art. 11a(4) durable-medium proof) is retained. After PII has been wiped, the record keeps only the hash and receipt timestamps until this period expires; then the record is deleted entirely.<br/><br/>
                        <strong>Default: 2190 days (6 years).</strong> Matches the longest commercial-records retention obligation in EU member states (typically 6 years for accounting / VAT). Must be ≥ PII Retention. Range: 2190–3650 days.","Hur länge <strong>innehållshashen</strong> (art. 11a(4) bevis på varaktigt medium) bevaras. När PII har raderats behåller posten endast hashen och kvittots tidsstämplar tills denna period löper ut; därefter raderas posten helt.<br/><br/>
                        <strong>Standard: 2190 dagar (6 år).</strong> Motsvarar den längsta lagringsplikten för affärsregister i EU:s medlemsstater (vanligtvis 6 år för bokföring / moms). Måste vara ≥ PII-bevarande. Intervall: 2190–3650 dagar."
"Append-only audit log of all withdrawal lifecycle events (GDPR Art. 5(2) accountability). Personal data (IP, user agent, customer actor ID) is automatically nullified after the retention period. The audit log itself stays — only PII is wiped.","Append-only-revisionslogg över alla ångerrättens livscykelhändelser (GDPR art. 5(2) ansvarsskyldighet). Personuppgifter (IP, user agent, kund-aktör-ID) nollställs automatiskt efter lagringsperioden. Själva revisionsloggen kvarstår — endast PII raderas."
